<?xml version="1.0" encoding="UTF-8" ?>
<gpx
  version="1.1"
  creator="Tranggle Track 1.1.0 - http://www.beaglemap.com"
  xmlns:xsi="http://www.w3.org/2001/XMLSchema-instance"
  xmlns="http://www.topografix.com/GPX/1/1"
  xsi:schemaLocation="http://www.topografix.com/GPX/1/1 http://www.topografix.com/GPX/1/1/gpx.xsd">
  <metadata>
    <link href="http://www.beaglemap.com">
      <text>Tranggle 3.11.1</text>
    </link>
    <time>2019-06-05T14:33:11Z</time>
    <bounds minlat="33.360834" minlon="126.529618" maxlat="33.422480" maxlon="126.620415"/>
    <desc><![CDATA[CREATOR: F291188211BF24A4, MODEL: LM-V350N, FIRMWARE: 8.0.0, PRODUCT: GOOGLE, CONSTANT: M20, CATEGORY: Hiking, NETWORK: SKTelecom(LTE)]]></desc>
  </metadata>
  <wpt lat="33.379961" lon="126.590880">
    <ele>1043.847412</ele>
    <name><![CDATA[한라산 1000]]></name>
    <time>2019-06-05T08:18:09Z</time>
    <sym><![CDATA[20190605081835Waypoint]]></sym>
    <extensions>
      <tick>1559690318548</tick>
    </extensions>
  </wpt>
  <wpt lat="33.380705" lon="126.578460">
    <ele>1139.292358</ele>
    <name><![CDATA[한라산 1100]]></name>
    <time>2019-06-05T08:38:15Z</time>
    <sym><![CDATA[20190605083848Waypoint]]></sym>
    <extensions>
      <tick>1559691543297</tick>
    </extensions>
  </wpt>
  <wpt lat="33.370070" lon="126.571698">
    <ele>1337.447266</ele>
    <name><![CDATA[사라오름]]></name>
    <time>2019-06-05T09:10:09Z</time>
    <sym><![CDATA[20190605091149Waypoint]]></sym>
    <extensions>
      <tick>1559693511210</tick>
    </extensions>
  </wpt>
  <wpt lat="33.371269" lon="126.569906">
    <ele>1326.683838</ele>
    <name><![CDATA[사라오름 산정호수]]></name>
    <time>2019-06-05T09:27:00Z</time>
    <sym><![CDATA[20190605092705Waypoint]]></sym>
    <extensions>
      <tick>1559694429224</tick>
    </extensions>
  </wpt>
  <wpt lat="33.373305" lon="126.568664">
    <ele>1280.725098</ele>
    <name><![CDATA[사라오름 입구]]></name>
    <time>2019-06-05T09:31:57Z</time>
    <sym><![CDATA[20190605093249Waypoint]]></sym>
    <extensions>
      <tick>1559694772196</tick>
    </extensions>
  </wpt>
  <wpt lat="33.372186" lon="126.566124">
    <ele>1309.542603</ele>
    <name><![CDATA[한라산 1300]]></name>
    <time>2019-06-05T09:38:57Z</time>
    <sym><![CDATA[20190605093928Waypoint]]></sym>
    <extensions>
      <tick>1559695199318</tick>
    </extensions>
  </wpt>
  <wpt lat="33.371067" lon="126.561228">
    <ele>1424.534058</ele>
    <name><![CDATA[한라산 1400]]></name>
    <time>2019-06-05T09:53:00Z</time>
    <sym><![CDATA[20190605095331Waypoint]]></sym>
    <extensions>
      <tick>1559696031303</tick>
    </extensions>
  </wpt>
  <wpt lat="33.369703" lon="126.555794">
    <ele>1516.968140</ele>
    <name><![CDATA[진달래 대피소]]></name>
    <time>2019-06-05T10:06:27Z</time>
    <sym><![CDATA[20190605100730Waypoint]]></sym>
    <extensions>
      <tick>1559696852368</tick>
    </extensions>
  </wpt>
  <wpt lat="33.369177" lon="126.554501">
    <ele>1531.184570</ele>
    <name><![CDATA[한라산 1500]]></name>
    <time>2019-06-05T10:19:32Z</time>
    <sym><![CDATA[20190605102001Waypoint]]></sym>
    <extensions>
      <tick>1559697615986</tick>
    </extensions>
  </wpt>
  <wpt lat="33.366097" lon="126.549663">
    <ele>1634.565430</ele>
    <name><![CDATA[한라산 1600]]></name>
    <time>2019-06-05T10:33:45Z</time>
    <sym><![CDATA[20190605103408Waypoint]]></sym>
    <extensions>
      <tick>1559698464739</tick>
    </extensions>
  </wpt>
  <wpt lat="33.364487" lon="126.545585">
    <ele>1723.363281</ele>
    <name><![CDATA[한라산 1700]]></name>
    <time>2019-06-05T10:45:24Z</time>
    <sym><![CDATA[20190605104551Waypoint]]></sym>
    <extensions>
      <tick>1559699167644</tick>
    </extensions>
  </wpt>
  <wpt lat="33.362364" lon="126.539895">
    <ele>1825.400635</ele>
    <name><![CDATA[한라산 1800]]></name>
    <time>2019-06-05T11:01:05Z</time>
    <sym><![CDATA[20190605110137Waypoint]]></sym>
    <extensions>
      <tick>1559700101301</tick>
    </extensions>
  </wpt>
  <wpt lat="33.360865" lon="126.536966">
    <ele>1910.412354</ele>
    <name><![CDATA[한라산 1900]]></name>
    <time>2019-06-05T11:13:53Z</time>
    <sym><![CDATA[20190605111418Waypoint]]></sym>
    <extensions>
      <tick>1559700871964</tick>
    </extensions>
  </wpt>
  <wpt lat="33.360921" lon="126.535645">
    <ele>1948.946289</ele>
    <name><![CDATA[한라산 정상]]></name>
    <time>2019-06-05T11:17:51Z</time>
    <sym><![CDATA[20190605111834Waypoint]]></sym>
    <extensions>
      <tick>1559701144937</tick>
    </extensions>
  </wpt>
  <wpt lat="33.368931" lon="126.533960">
    <ele>1714.720947</ele>
    <name><![CDATA[한라산 1700]]></name>
    <time>2019-06-05T11:46:29Z</time>
    <sym><![CDATA[20190605114814Waypoint]]></sym>
    <extensions>
      <tick>1559702910161</tick>
    </extensions>
  </wpt>
  <wpt lat="33.376576" lon="126.530708">
    <ele>1526.935913</ele>
    <name><![CDATA[삼각봉 대피소]]></name>
    <time>2019-06-05T12:17:10Z</time>
    <sym><![CDATA[20190605121730Waypoint]]></sym>
    <extensions>
      <tick>1559704675628</tick>
    </extensions>
  </wpt>
  <wpt lat="33.395635" lon="126.538505">
    <ele>1039.050659</ele>
    <name><![CDATA[한라산 1000]]></name>
    <time>2019-06-05T13:31:21Z</time>
    <sym><![CDATA[20190605133221Waypoint]]></sym>
    <extensions>
      <tick>1559709143336</tick>
    </extensions>
  </wpt>
  <wpt lat="33.421544" lon="126.550396">
    <ele>605.769165</ele>
    <name><![CDATA[관음사 입구]]></name>
    <time>2019-06-05T14:30:32Z</time>
    <sym><![CDATA[20190605143024Waypoint]]></sym>
    <extensions>
      <tick>1559712646806</tick>
    </extensions>
  </wpt>
  <trk>
    <trkseg>
    <trkpt lat="33.385311" lon="126.620347">
      <ele>777.628540</ele>
      <time>2019-06-05T07:27:30Z</time>
      <extensions>
        <dbm>-82</dbm>
        <cellinfo>mcc=450 mnc=5 ci=32208923 pci=131 tac=9555 rssi=-55 rsrp=-82 rsrq=-6 rssnr=NA cqi=NA</cellinfo>
      </extensions>
    </trkpt>
    <trkpt lat="33.385222" lon="126.620373">
      <ele>775.641113</ele>
      <time>2019-06-05T07:28:07Z</time>
      <extensions>
        <dbm>-82</dbm>
        <cellinfo>mcc=450 mnc=5 ci=32208923 pci=131 tac=9555 rssi=-54 rsrp=-82 rsrq=-6 rssnr=300 cqi=NA</cellinfo>
      </extensions>
    </trkpt>
    <trkpt lat="33.385134" lon="126.620395">
      <ele>776.634827</ele>
      <time>2019-06-05T07:28:14Z</time>
      <extensions>
        <dbm>-80</dbm>
        <cellinfo>mcc=450 mnc=5 ci=32208923 pci=131 tac=9555 rssi=-53 rsrp=-80 rsrq=-5 rssnr=300 cqi=NA</cellinfo>
      </extensions>
    </trkpt>
    <trkpt lat="33.385065" lon="126.620375">
      <ele>776.971802</ele>
      <time>2019-06-05T07:28:23Z</time>
      <extensions>
        <dbm>-74</dbm>
        <cellinfo>mcc=450 mnc=5 ci=32208923 pci=131 tac=9555 rssi=-51 rsrp=-74 rsrq=-6 rssnr=300 cqi=NA</cellinfo>
      </extensions>
    </trkpt>
    <trkpt lat="33.385027" lon="126.620309">
      <ele>776.787262</ele>
      <time>2019-06-05T07:28:30Z</time>
      <extensions>
        <dbm>-76</dbm>
        <cellinfo>mcc=450 mnc=5 ci=32208923 pci=131 tac=9555 rssi=-53 rsrp=-76 rsrq=-6 rssnr=300 cqi=NA</cellinfo>
      </extensions>
    </trkpt>
    <trkpt lat="33.385016" lon="126.620201">
      <ele>776.528687</ele>
      <time>2019-06-05T07:28:37Z</time>
      <extensions>
        <dbm>-72</dbm>
        <cellinfo>mcc=450 mnc=5 ci=32208923 pci=131 tac=9555 rssi=-51 rsrp=-72 rsrq=-5 rssnr=300 cqi=NA</cellinfo>
      </extensions>
    </trkpt>
    <trkpt lat="33.385004" lon="126.620086">
      <ele>776.249420</ele>
      <time>2019-06-05T07:28:45Z</time>
      <extensions>
        <dbm>-73</dbm>
        <cellinfo>mcc=450 mnc=5 ci=32208923 pci=131 tac=9555 rssi=-52 rsrp=-73 rsrq=-5 rssnr=300 cqi=NA</cellinfo>
      </extensions>
    </trkpt>
    <trkpt lat="33.384983" lon="126.619970">
      <ele>776.061450</ele>
      <time>2019-06-05T07:28:53Z</time>
      <extensions>
        <dbm>-65</dbm>
        <cellinfo>mcc=450 mnc=5 ci=32208923 pci=131 tac=9555 rssi=-48 rsrp=-65 rsrq=-4 rssnr=300 cqi=NA</cellinfo>
      </extensions>
    </trkpt>
    <trkpt lat="33.384959" lon="126.619857">
      <ele>775.872477</ele>
      <time>2019-06-05T07:29:10Z</time>
      <extensions>
        <dbm>-72</dbm>
        <cellinfo>mcc=450 mnc=5 ci=32208923 pci=131 tac=9555 rssi=-51 rsrp=-72 rsrq=-4 rssnr=300 cqi=NA</cellinfo>
      </extensions>
    </trkpt>
    <trkpt lat="33.384932" lon="126.619743">
      <ele>775.621512</ele>
      <time>2019-06-05T07:29:17Z</time>
      <extensions>
        <dbm>-72</dbm>
        <cellinfo>mcc=450 mnc=5 ci=32208923 pci=131 tac=9555 rssi=-51 rsrp=-72 rsrq=-6 rssnr=300 cqi=NA</cellinfo>
      </extensions>
    </trkpt>
    <trkpt lat="33.384894" lon="126.619635">
      <ele>775.287008</ele>
      <time>2019-06-05T07:29:26Z</time>
      <extensions>
        <dbm>-81</dbm>
        <cellinfo>mcc=450 mnc=5 ci=32208923 pci=131 tac=9555 rssi=-55 rsrp=-81 rsrq=-5 rssnr=300 cqi=NA</cellinfo>
      </extensions>
    </trkpt>
    <trkpt lat="33.384829" lon="126.619585">
      <ele>775.437605</ele>
      <time>2019-06-05T07:29:34Z</time>
      <extensions>
        <dbm>-85</dbm>
        <cellinfo>mcc=450 mnc=5 ci=32208923 pci=131 tac=9555 rssi=-57 rsrp=-85 rsrq=-7 rssnr=300 cqi=NA</cellinfo>
      </extensions>
    </trkpt>
    <trkpt lat="33.384791" lon="126.619553">
      <ele>775.182434</ele>
      <time>2019-06-05T07:30:34Z</time>
      <extensions>
        <dbm>-85</dbm>
        <cellinfo>mcc=450 mnc=5 ci=32208923 pci=131 tac=9555 rssi=-56 rsrp=-85 rsrq=-6 rssnr=300 cqi=NA</cellinfo>
      </extensions>
    </trkpt>
    <trkpt lat="33.384790" lon="126.619513">
      <ele>774.981554</ele>
      <time>2019-06-05T07:30:53Z</time>
      <extensions>
        <dbm>-77</dbm>
        <cellinfo>mcc=450 mnc=5 ci=32208923 pci=131 tac=9555 rssi=-54 rsrp=-77 rsrq=-6 rssnr=300 cqi=NA</cellinfo>
      </extensions>
    </trkpt>
    <trkpt lat="33.384812" lon="126.619418">
      <ele>774.811600</ele>
      <time>2019-06-05T07:31:02Z</time>
      <extensions>
        <dbm>-76</dbm>
        <cellinfo>mcc=450 mnc=5 ci=32208923 pci=131 tac=9555 rssi=-53 rsrp=-76 rsrq=-5 rssnr=300 cqi=NA</cellinfo>
      </extensions>
    </trkpt>
    <trkpt lat="33.384835" lon="126.619322">
      <ele>774.963799</ele>
      <time>2019-06-05T07:31:09Z</time>
      <extensions>
        <dbm>-77</dbm>
        <cellinfo>mcc=450 mnc=5 ci=32208923 pci=131 tac=9555 rssi=-54 rsrp=-77 rsrq=-5 rssnr=300 cqi=NA</cellinfo>
      </extensions>
    </trkpt>
    <trkpt lat="33.384853" lon="126.619229">
      <ele>774.943823</ele>
      <time>2019-06-05T07:31:23Z</time>
      <extensions>
        <dbm>-76</dbm>
        <cellinfo>mcc=450 mnc=5 ci=32208923 pci=131 tac=9555 rssi=-53 rsrp=-76 rsrq=-6 rssnr=300 cqi=NA</cellinfo>
      </extensions>
    </trkpt>
    <trkpt lat="33.384904" lon="126.619148">
      <ele>774.942449</ele>
      <time>2019-06-05T07:31:35Z</time>
      <extensions>
        <dbm>-68</dbm>
        <cellinfo>mcc=450 mnc=5 ci=32208923 pci=131 tac=9555 rssi=-49 rsrp=-68 rsrq=-4 rssnr=300 cqi=NA</cellinfo>
      </extensions>
    </trkpt>
    <trkpt lat="33.384972" lon="126.619102">
      <ele>774.986182</ele>
      <time>2019-06-05T07:31:45Z</time>
      <extensions>
        <dbm>-72</dbm>
        <cellinfo>mcc=450 mnc=5 ci=32208923 pci=131 tac=9555 rssi=-51 rsrp=-72 rsrq=-3 rssnr=300 cqi=NA</cellinfo>
      </extensions>
    </trkpt>
    <trkpt lat="33.384981" lon="126.619034">
      <ele>775.099587</ele>
      <time>2019-06-05T07:31:53Z</time>
      <extensions>
        <dbm>-80</dbm>
        <cellinfo>mcc=450 mnc=5 ci=32208923 pci=131 tac=9555 rssi=-55 rsrp=-80 rsrq=-6 rssnr=300 cqi=NA</cellinfo>
      </extensions>
    </trkpt>
    <trkpt lat="33.384940" lon="126.619005">
      <ele>775.203054</ele>
      <time>2019-06-05T07:31:57Z</time>
      <extensions>
        <dbm>-79</dbm>
        <cellinfo>mcc=450 mnc=5 ci=32208923 pci=131 tac=9555 rssi=-53 rsrp=-79 rsrq=-5 rssnr=300 cqi=NA</cellinfo>
      </extensions>
    </trkpt>
    <trkpt lat="33.384860" lon="126.618925">
      <ele>775.358164</ele>
      <time>2019-06-05T07:32:07Z</time>
      <extensions>
        <dbm>-84</dbm>
        <cellinfo>mcc=450 mnc=5 ci=32208923 pci=131 tac=9555 rssi=-55 rsrp=-84 rsrq=-5 rssnr=300 cqi=NA</cellinfo>
      </extensions>
    </trkpt>
    <trkpt lat="33.384820" lon="126.618862">
      <ele>775.521657</ele>
      <time>2019-06-05T07:33:45Z</time>
      <extensions>
        <dbm>-82</dbm>
        <cellinfo>mcc=450 mnc=5 ci=32208923 pci=131 tac=9555 rssi=-54 rsrp=-82 rsrq=-4 rssnr=300 cqi=NA</cellinfo>
      </extensions>
    </trkpt>
    <trkpt lat="33.384813" lon="126.618749">
      <ele>775.512367</ele>
      <time>2019-06-05T07:34:13Z</time>
      <extensions>
        <dbm>-87</dbm>
        <cellinfo>mcc=450 mnc=5 ci=32208923 pci=131 tac=9555 rssi=-57 rsrp=-87 rsrq=-5 rssnr=300 cqi=NA</cellinfo>
      </extensions>
    </trkpt>
    <trkpt lat="33.384815" lon="126.618632">
      <ele>775.696561</ele>
      <time>2019-06-05T07:34:24Z</time>
      <extensions>
        <dbm>-85</dbm>
        <cellinfo>mcc=450 mnc=5 ci=51056660 pci=NA tac=8578 rssi=-85 rsrp=NA rsrq=NA rssnr=NA cqi=NA</cellinfo>
      </extensions>
    </trkpt>
    <trkpt lat="33.384801" lon="126.618523">
      <ele>776.109816</ele>
      <time>2019-06-05T07:34:34Z</time>
      <extensions>
        <dbm>-85</dbm>
        <cellinfo>mcc=450 mnc=5 ci=51056660 pci=NA tac=8578 rssi=-85 rsrp=NA rsrq=NA rssnr=NA cqi=NA</cellinfo>
      </extensions>
    </trkpt>
    <trkpt lat="33.384746" lon="126.618432">
      <ele>776.676035</ele>
      <time>2019-06-05T07:34:45Z</time>
      <extensions>
        <dbm>-67</dbm>
        <cellinfo>mcc=450 mnc=5 ci=32208927 pci=131 tac=9555 rssi=-49 rsrp=-67 rsrq=-6 rssnr=NA cqi=NA</cellinfo>
      </extensions>
    </trkpt>
    <trkpt lat="33.384663" lon="126.618369">
      <ele>777.561270</ele>
      <time>2019-06-05T07:34:56Z</time>
      <extensions>
        <dbm>-77</dbm>
        <cellinfo>mcc=450 mnc=5 ci=51056660 pci=NA tac=8578 rssi=-77 rsrp=NA rsrq=NA rssnr=NA cqi=NA</cellinfo>
      </extensions>
    </trkpt>
    <trkpt lat="33.384579" lon="126.618319">
      <ele>778.563852</ele>
      <time>2019-06-05T07:35:07Z</time>
      <extensions>
        <dbm>-77</dbm>
        <cellinfo>mcc=450 mnc=5 ci=51056660 pci=NA tac=8578 rssi=-77 rsrp=NA rsrq=NA rssnr=NA cqi=NA</cellinfo>
      </extensions>
    </trkpt>
    <trkpt lat="33.384499" lon="126.618256">
      <ele>779.682852</ele>
      <time>2019-06-05T07:35:17Z</time>
      <extensions>
        <dbm>-85</dbm>
        <cellinfo>mcc=450 mnc=5 ci=51056660 pci=NA tac=8578 rssi=-85 rsrp=NA rsrq=NA rssnr=NA cqi=NA</cellinfo>
      </extensions>
    </trkpt>
    <trkpt lat="33.384433" lon="126.618174">
      <ele>780.900287</ele>
      <time>2019-06-05T07:35:28Z</time>
      <extensions>
        <dbm>-79</dbm>
        <cellinfo>mcc=450 mnc=5 ci=51056660 pci=NA tac=8578 rssi=-79 rsrp=NA rsrq=NA rssnr=NA cqi=NA</cellinfo>
      </extensions>
    </trkpt>
    <trkpt lat="33.384375" lon="126.618077">
      <ele>782.196806</ele>
      <time>2019-06-05T07:35:36Z</time>
      <extensions>
        <dbm>-89</dbm>
        <cellinfo>mcc=450 mnc=5 ci=51056660 pci=NA tac=8578 rssi=-89 rsrp=NA rsrq=NA rssnr=NA cqi=NA</cellinfo>
      </extensions>
    </trkpt>
    <trkpt lat="33.384321" lon="126.617986">
      <ele>784.155599</ele>
      <time>2019-06-05T07:35:43Z</time>
      <extensions>
        <dbm>-84</dbm>
        <cellinfo>mcc=450 mnc=5 ci=32208927 pci=131 tac=9555 rssi=-55 rsrp=-84 rsrq=-4 rssnr=136 cqi=NA</cellinfo>
      </extensions>
    </trkpt>
    <trkpt lat="33.384252" lon="126.617912">
      <ele>785.412384</ele>
      <time>2019-06-05T07:35:52Z</time>
      <extensions>
        <dbm>-90</dbm>
        <cellinfo>mcc=450 mnc=5 ci=32208923 pci=131 tac=9555 rssi=-58 rsrp=-90 rsrq=-7 rssnr=282 cqi=NA</cellinfo>
      </extensions>
    </trkpt>
    <trkpt lat="33.384188" lon="126.617833">
      <ele>786.781972</ele>
      <time>2019-06-05T07:36:01Z</time>
      <extensions>
        <dbm>-91</dbm>
        <cellinfo>mcc=450 mnc=5 ci=32208927 pci=131 tac=9555 rssi=-57 rsrp=-91 rsrq=-8 rssnr=282 cqi=NA</cellinfo>
      </extensions>
    </trkpt>
    <trkpt lat="33.384138" lon="126.617743">
      <ele>789.125433</ele>
      <time>2019-06-05T07:36:13Z</time>
      <extensions>
        <dbm>-87</dbm>
        <cellinfo>mcc=450 mnc=5 ci=32209679 pci=261 tac=9555 rssi=-56 rsrp=-87 rsrq=-7 rssnr=106 cqi=NA</cellinfo>
      </extensions>
    </trkpt>
    <trkpt lat="33.384109" lon="126.617632">
      <ele>790.111295</ele>
      <time>2019-06-05T07:36:23Z</time>
      <extensions>
        <dbm>-94</dbm>
        <cellinfo>mcc=450 mnc=5 ci=32208923 pci=131 tac=9555 rssi=-58 rsrp=-94 rsrq=-5 rssnr=270 cqi=NA</cellinfo>
      </extensions>
    </trkpt>
    <trkpt lat="33.384096" lon="126.617520">
      <ele>790.919711</ele>
      <time>2019-06-05T07:36:34Z</time>
      <extensions>
        <dbm>-93</dbm>
        <cellinfo>mcc=450 mnc=5 ci=32208923 pci=131 tac=9555 rssi=-58 rsrp=-93 rsrq=-5 rssnr=270 cqi=NA</cellinfo>
      </extensions>
    </trkpt>
    <trkpt lat="33.384097" lon="126.617412">
      <ele>791.545443</ele>
      <time>2019-06-05T07:36:43Z</time>
      <extensions>
        <dbm>-91</dbm>
        <cellinfo>mcc=450 mnc=5 ci=32208923 pci=131 tac=9555 rssi=-57 rsrp=-91 rsrq=-6 rssnr=270 cqi=NA</cellinfo>
      </extensions>
    </trkpt>
    <trkpt lat="33.384113" lon="126.617301">
      <ele>792.100442</ele>
      <time>2019-06-05T07:36:51Z</time>
      <extensions>
        <dbm>-98</dbm>
        <cellinfo>mcc=450 mnc=5 ci=32208923 pci=131 tac=9555 rssi=-59 rsrp=-98 rsrq=-6 rssnr=270 cqi=NA</cellinfo>
      </extensions>
    </trkpt>
    <trkpt lat="33.384135" lon="126.617197">
      <ele>792.858984</ele>
      <time>2019-06-05T07:37:02Z</time>
      <extensions>
        <dbm>-87</dbm>
        <cellinfo>mcc=450 mnc=5 ci=32209679 pci=261 tac=9555 rssi=-56 rsrp=-87 rsrq=-7 rssnr=270 cqi=NA</cellinfo>
      </extensions>
    </trkpt>
    <trkpt lat="33.384165" lon="126.617095">
      <ele>793.440967</ele>
      <time>2019-06-05T07:37:14Z</time>
      <extensions>
        <dbm>-96</dbm>
        <cellinfo>mcc=450 mnc=5 ci=32208923 pci=131 tac=9555 rssi=-59 rsrp=-96 rsrq=-6 rssnr=270 cqi=NA</cellinfo>
      </extensions>
    </trkpt>
    <trkpt lat="33.384175" lon="126.616992">
      <ele>794.106531</ele>
      <time>2019-06-05T07:37:26Z</time>
      <extensions>
        <dbm>-87</dbm>
        <cellinfo>mcc=450 mnc=5 ci=32209679 pci=261 tac=9555 rssi=-55 rsrp=-87 rsrq=-6 rssnr=270 cqi=NA</cellinfo>
      </extensions>
    </trkpt>
    <trkpt lat="33.384174" lon="126.616887">
      <ele>794.849963</ele>
      <time>2019-06-05T07:37:37Z</time>
      <extensions>
        <dbm>-83</dbm>
        <cellinfo>mcc=450 mnc=5 ci=32209679 pci=261 tac=9555 rssi=-54 rsrp=-83 rsrq=-3 rssnr=270 cqi=NA</cellinfo>
      </extensions>
    </trkpt>
    <trkpt lat="33.384152" lon="126.616778">
      <ele>795.294578</ele>
      <time>2019-06-05T07:37:46Z</time>
      <extensions>
        <dbm>-89</dbm>
        <cellinfo>mcc=450 mnc=5 ci=32209679 pci=261 tac=9555 rssi=-57 rsrp=-89 rsrq=-7 rssnr=270 cqi=NA</cellinfo>
      </extensions>
    </trkpt>
    <trkpt lat="33.384146" lon="126.616674">
      <ele>795.996060</ele>
      <time>2019-06-05T07:37:56Z</time>
      <extensions>
        <dbm>-91</dbm>
        <cellinfo>mcc=450 mnc=5 ci=32209679 pci=261 tac=9555 rssi=-57 rsrp=-91 rsrq=-7 rssnr=270 cqi=NA</cellinfo>
      </extensions>
    </trkpt>
    <trkpt lat="33.384142" lon="126.616569">
      <ele>796.765780</ele>
      <time>2019-06-05T07:38:08Z</time>
      <extensions>
        <dbm>-98</dbm>
        <cellinfo>mcc=450 mnc=5 ci=32208923 pci=131 tac=9555 rssi=-60 rsrp=-98 rsrq=-8 rssnr=270 cqi=NA</cellinfo>
      </extensions>
    </trkpt>
    <trkpt lat="33.384156" lon="126.616461">
      <ele>797.482777</ele>
      <time>2019-06-05T07:38:17Z</time>
      <extensions>
        <dbm>-99</dbm>
        <cellinfo>mcc=450 mnc=5 ci=32208923 pci=131 tac=9555 rssi=-59 rsrp=-99 rsrq=-6 rssnr=270 cqi=NA</cellinfo>
      </extensions>
    </trkpt>
    <trkpt lat="33.384160" lon="126.616354">
      <ele>798.314653</ele>
      <time>2019-06-05T07:38:27Z</time>
      <extensions>
        <dbm>-98</dbm>
        <cellinfo>mcc=450 mnc=5 ci=32208923 pci=131 tac=9555 rssi=-59 rsrp=-98 rsrq=-6 rssnr=270 cqi=NA</cellinfo>
      </extensions>
    </trkpt>
    <trkpt lat="33.384147" lon="126.616252">
      <ele>799.131070</ele>
      <time>2019-06-05T07:38:34Z</time>
      <extensions>
        <dbm>-108</dbm>
        <cellinfo>mcc=450 mnc=5 ci=32208923 pci=131 tac=9555 rssi=-62 rsrp=-108 rsrq=-8 rssnr=270 cqi=NA</cellinfo>
      </extensions>
    </trkpt>
    <trkpt lat="33.384144" lon="126.616155">
      <ele>799.990490</ele>
      <time>2019-06-05T07:38:46Z</time>
      <extensions>
        <dbm>-100</dbm>
        <cellinfo>mcc=450 mnc=5 ci=32208923 pci=131 tac=9555 rssi=-60 rsrp=-100 rsrq=-6 rssnr=270 cqi=NA</cellinfo>
      </extensions>
    </trkpt>
    <trkpt lat="33.384158" lon="126.616060">
      <ele>800.751387</ele>
      <time>2019-06-05T07:38:54Z</time>
      <extensions>
        <dbm>-102</dbm>
        <cellinfo>mcc=450 mnc=5 ci=32208923 pci=131 tac=9555 rssi=-60 rsrp=-102 rsrq=-6 rssnr=270 cqi=NA</cellinfo>
      </extensions>
    </trkpt>
    <trkpt lat="33.384209" lon="126.615961">
      <ele>801.640370</ele>
      <time>2019-06-05T07:39:05Z</time>
      <extensions>
        <dbm>-109</dbm>
        <cellinfo>mcc=450 mnc=5 ci=32208923 pci=131 tac=9555 rssi=-62 rsrp=-109 rsrq=-7 rssnr=270 cqi=NA</cellinfo>
      </extensions>
    </trkpt>
    <trkpt lat="33.384239" lon="126.615857">
      <ele>802.372758</ele>
      <time>2019-06-05T07:39:18Z</time>
      <extensions>
        <dbm>-87</dbm>
        <cellinfo>mcc=450 mnc=5 ci=32209679 pci=261 tac=9555 rssi=-56 rsrp=-87 rsrq=-7 rssnr=270 cqi=NA</cellinfo>
      </extensions>
    </trkpt>
    <trkpt lat="33.384270" lon="126.615752">
      <ele>803.334095</ele>
      <time>2019-06-05T07:39:27Z</time>
      <extensions>
        <dbm>-81</dbm>
        <cellinfo>mcc=450 mnc=5 ci=32209679 pci=261 tac=9555 rssi=-55 rsrp=-81 rsrq=-6 rssnr=270 cqi=NA</cellinfo>
      </extensions>
    </trkpt>
    <trkpt lat="33.384277" lon="126.615643">
      <ele>804.576838</ele>
      <time>2019-06-05T07:40:13Z</time>
      <extensions>
        <dbm>-85</dbm>
        <cellinfo>mcc=450 mnc=5 ci=32209679 pci=261 tac=9555 rssi=-55 rsrp=-85 rsrq=-6 rssnr=270 cqi=NA</cellinfo>
      </extensions>
    </trkpt>
    <trkpt lat="33.384282" lon="126.615536">
      <ele>805.958918</ele>
      <time>2019-06-05T07:40:20Z</time>
      <extensions>
        <dbm>-85</dbm>
        <cellinfo>mcc=450 mnc=5 ci=32209679 pci=261 tac=9555 rssi=-55 rsrp=-85 rsrq=-6 rssnr=270 cqi=NA</cellinfo>
      </extensions>
    </trkpt>
    <trkpt lat="33.384266" lon="126.615425">
      <ele>807.126143</ele>
      <time>2019-06-05T07:40:29Z</time>
      <extensions>
        <dbm>-84</dbm>
        <cellinfo>mcc=450 mnc=5 ci=32209679 pci=261 tac=9555 rssi=-56 rsrp=-84 rsrq=-9 rssnr=270 cqi=NA</cellinfo>
      </extensions>
    </trkpt>
    <trkpt lat="33.384229" lon="126.615318">
      <ele>808.228937</ele>
      <time>2019-06-05T07:40:38Z</time>
      <extensions>
        <dbm>-87</dbm>
        <cellinfo>mcc=450 mnc=5 ci=32209679 pci=261 tac=9555 rssi=-56 rsrp=-87 rsrq=-6 rssnr=270 cqi=NA</cellinfo>
      </extensions>
    </trkpt>
    <trkpt lat="33.384168" lon="126.615218">
      <ele>809.219371</ele>
      <time>2019-06-05T07:40:48Z</time>
      <extensions>
        <dbm>-88</dbm>
        <cellinfo>mcc=450 mnc=5 ci=32209679 pci=261 tac=9555 rssi=-56 rsrp=-88 rsrq=-5 rssnr=270 cqi=NA</cellinfo>
      </extensions>
    </trkpt>
    <trkpt lat="33.384097" lon="126.615122">
      <ele>810.055342</ele>
      <time>2019-06-05T07:40:58Z</time>
      <extensions>
        <dbm>-85</dbm>
        <cellinfo>mcc=450 mnc=5 ci=32209679 pci=261 tac=9555 rssi=-55 rsrp=-85 rsrq=-4 rssnr=270 cqi=NA</cellinfo>
      </extensions>
    </trkpt>
    <trkpt lat="33.384032" lon="126.615024">
      <ele>810.785933</ele>
      <time>2019-06-05T07:41:08Z</time>
      <extensions>
        <dbm>-84</dbm>
        <cellinfo>mcc=450 mnc=5 ci=32209679 pci=261 tac=9555 rssi=-56 rsrp=-84 rsrq=-11 rssnr=270 cqi=NA</cellinfo>
      </extensions>
    </trkpt>
    <trkpt lat="33.383988" lon="126.614923">
      <ele>811.835727</ele>
      <time>2019-06-05T07:41:17Z</time>
      <extensions>
        <dbm>-88</dbm>
        <cellinfo>mcc=450 mnc=5 ci=32209679 pci=261 tac=9555 rssi=-55 rsrp=-88 rsrq=-5 rssnr=270 cqi=NA</cellinfo>
      </extensions>
    </trkpt>
    <trkpt lat="33.383977" lon="126.614819">
      <ele>812.901822</ele>
      <time>2019-06-05T07:41:25Z</time>
      <extensions>
        <dbm>-90</dbm>
        <cellinfo>mcc=450 mnc=5 ci=32209679 pci=261 tac=9555 rssi=-57 rsrp=-90 rsrq=-5 rssnr=270 cqi=NA</cellinfo>
      </extensions>
    </trkpt>
    <trkpt lat="33.384005" lon="126.614708">
      <ele>814.403406</ele>
      <time>2019-06-05T07:41:34Z</time>
      <extensions>
        <dbm>-86</dbm>
        <cellinfo>mcc=450 mnc=5 ci=32209679 pci=261 tac=9555 rssi=-56 rsrp=-86 rsrq=-7 rssnr=270 cqi=NA</cellinfo>
      </extensions>
    </trkpt>
    <trkpt lat="33.384042" lon="126.614590">
      <ele>814.908313</ele>
      <time>2019-06-05T07:41:43Z</time>
      <extensions>
        <dbm>-91</dbm>
        <cellinfo>mcc=450 mnc=5 ci=32209679 pci=261 tac=9555 rssi=-57 rsrp=-91 rsrq=-6 rssnr=270 cqi=NA</cellinfo>
      </extensions>
    </trkpt>
    <trkpt lat="33.384054" lon="126.614467">
      <ele>815.425183</ele>
      <time>2019-06-05T07:41:52Z</time>
      <extensions>
        <dbm>-91</dbm>
        <cellinfo>mcc=450 mnc=5 ci=32209679 pci=261 tac=9555 rssi=-57 rsrp=-91 rsrq=-6 rssnr=270 cqi=NA</cellinfo>
      </extensions>
    </trkpt>
    <trkpt lat="33.384027" lon="126.614354">
      <ele>816.010217</ele>
      <time>2019-06-05T07:42:02Z</time>
      <extensions>
        <dbm>-89</dbm>
        <cellinfo>mcc=450 mnc=5 ci=32209679 pci=261 tac=9555 rssi=-56 rsrp=-89 rsrq=-6 rssnr=270 cqi=NA</cellinfo>
      </extensions>
    </trkpt>
    <trkpt lat="33.383980" lon="126.614250">
      <ele>816.540552</ele>
      <time>2019-06-05T07:42:10Z</time>
      <extensions>
        <dbm>-91</dbm>
        <cellinfo>mcc=450 mnc=5 ci=32209679 pci=261 tac=9555 rssi=-57 rsrp=-91 rsrq=-6 rssnr=270 cqi=NA</cellinfo>
      </extensions>
    </trkpt>
    <trkpt lat="33.383939" lon="126.614146">
      <ele>817.059241</ele>
      <time>2019-06-05T07:42:18Z</time>
      <extensions>
        <dbm>-92</dbm>
        <cellinfo>mcc=450 mnc=5 ci=32209679 pci=261 tac=9555 rssi=-57 rsrp=-92 rsrq=-7 rssnr=270 cqi=NA</cellinfo>
      </extensions>
    </trkpt>
    <trkpt lat="33.383912" lon="126.614038">
      <ele>817.575854</ele>
      <time>2019-06-05T07:42:27Z</time>
      <extensions>
        <dbm>-88</dbm>
        <cellinfo>mcc=450 mnc=5 ci=32209679 pci=261 tac=9555 rssi=-56 rsrp=-88 rsrq=-6 rssnr=270 cqi=NA</cellinfo>
      </extensions>
    </trkpt>
    <trkpt lat="33.383882" lon="126.613931">
      <ele>818.002197</ele>
      <time>2019-06-05T07:42:34Z</time>
      <extensions>
        <dbm>-89</dbm>
        <cellinfo>mcc=450 mnc=5 ci=32209679 pci=261 tac=9555 rssi=-56 rsrp=-89 rsrq=-5 rssnr=270 cqi=NA</cellinfo>
      </extensions>
    </trkpt>
    <trkpt lat="33.383853" lon="126.613831">
      <ele>818.189490</ele>
      <time>2019-06-05T07:42:42Z</time>
      <extensions>
        <dbm>-90</dbm>
        <cellinfo>mcc=450 mnc=5 ci=32209679 pci=261 tac=9555 rssi=-58 rsrp=-90 rsrq=-11 rssnr=270 cqi=NA</cellinfo>
      </extensions>
    </trkpt>
    <trkpt lat="33.383817" lon="126.613732">
      <ele>818.189490</ele>
      <time>2019-06-05T07:42:52Z</time>
      <extensions>
        <dbm>-88</dbm>
        <cellinfo>mcc=450 mnc=5 ci=32209679 pci=261 tac=9555 rssi=-54 rsrp=-88 rsrq=-7 rssnr=270 cqi=NA</cellinfo>
      </extensions>
    </trkpt>
    <trkpt lat="33.383783" lon="126.613624">
      <ele>818.189490</ele>
      <time>2019-06-05T07:43:02Z</time>
      <extensions>
        <dbm>-91</dbm>
        <cellinfo>mcc=450 mnc=5 ci=32209679 pci=261 tac=9555 rssi=-57 rsrp=-91 rsrq=-7 rssnr=270 cqi=NA</cellinfo>
      </extensions>
    </trkpt>
    <trkpt lat="33.383736" lon="126.613514">
      <ele>818.212769</ele>
      <time>2019-06-05T07:43:11Z</time>
      <extensions>
        <dbm>-90</dbm>
        <cellinfo>mcc=450 mnc=5 ci=32209679 pci=261 tac=9555 rssi=-56 rsrp=-90 rsrq=-6 rssnr=270 cqi=NA</cellinfo>
      </extensions>
    </trkpt>
    <trkpt lat="33.383696" lon="126.613398">
      <ele>818.761621</ele>
      <time>2019-06-05T07:43:19Z</time>
      <extensions>
        <dbm>-88</dbm>
        <cellinfo>mcc=450 mnc=5 ci=32209679 pci=261 tac=9555 rssi=-56 rsrp=-88 rsrq=-6 rssnr=270 cqi=NA</cellinfo>
      </extensions>
    </trkpt>
    <trkpt lat="33.383664" lon="126.613284">
      <ele>819.221338</ele>
      <time>2019-06-05T07:43:27Z</time>
      <extensions>
        <dbm>-87</dbm>
        <cellinfo>mcc=450 mnc=5 ci=32209679 pci=261 tac=9555 rssi=-55 rsrp=-87 rsrq=-5 rssnr=270 cqi=NA</cellinfo>
      </extensions>
    </trkpt>
    <trkpt lat="33.383647" lon="126.613166">
      <ele>819.572559</ele>
      <time>2019-06-05T07:43:36Z</time>
      <extensions>
        <dbm>-90</dbm>
        <cellinfo>mcc=450 mnc=5 ci=32209679 pci=261 tac=9555 rssi=-57 rsrp=-90 rsrq=-7 rssnr=270 cqi=NA</cellinfo>
      </extensions>
    </trkpt>
    <trkpt lat="33.383624" lon="126.613054">
      <ele>819.932263</ele>
      <time>2019-06-05T07:43:46Z</time>
      <extensions>
        <dbm>-86</dbm>
        <cellinfo>mcc=450 mnc=5 ci=32209679 pci=261 tac=9555 rssi=-56 rsrp=-86 rsrq=-7 rssnr=270 cqi=NA</cellinfo>
      </extensions>
    </trkpt>
    <trkpt lat="33.383591" lon="126.612947">
      <ele>820.364880</ele>
      <time>2019-06-05T07:43:54Z</time>
      <extensions>
        <dbm>-92</dbm>
        <cellinfo>mcc=450 mnc=5 ci=32209679 pci=261 tac=9555 rssi=-57 rsrp=-92 rsrq=-5 rssnr=270 cqi=NA</cellinfo>
      </extensions>
    </trkpt>
    <trkpt lat="33.383551" lon="126.612843">
      <ele>820.798669</ele>
      <time>2019-06-05T07:44:02Z</time>
      <extensions>
        <dbm>-89</dbm>
        <cellinfo>mcc=450 mnc=5 ci=32209679 pci=261 tac=9555 rssi=-56 rsrp=-89 rsrq=-6 rssnr=270 cqi=NA</cellinfo>
      </extensions>
    </trkpt>
    <trkpt lat="33.383511" lon="126.612738">
      <ele>821.251709</ele>
      <time>2019-06-05T07:44:11Z</time>
      <extensions>
        <dbm>-87</dbm>
        <cellinfo>mcc=450 mnc=5 ci=32209679 pci=261 tac=9555 rssi=-56 rsrp=-87 rsrq=-6 rssnr=270 cqi=NA</cellinfo>
      </extensions>
    </trkpt>
    <trkpt lat="33.383468" lon="126.612628">
      <ele>821.788696</ele>
      <time>2019-06-05T07:44:18Z</time>
      <extensions>
        <dbm>-88</dbm>
        <cellinfo>mcc=450 mnc=5 ci=32209679 pci=261 tac=9555 rssi=-57 rsrp=-88 rsrq=-8 rssnr=270 cqi=NA</cellinfo>
      </extensions>
    </trkpt>
    <trkpt lat="33.383422" lon="126.612519">
      <ele>822.303247</ele>
      <time>2019-06-05T07:44:26Z</time>
      <extensions>
        <dbm>-87</dbm>
        <cellinfo>mcc=450 mnc=5 ci=32209679 pci=261 tac=9555 rssi=-56 rsrp=-87 rsrq=-6 rssnr=270 cqi=NA</cellinfo>
      </extensions>
    </trkpt>
    <trkpt lat="33.383375" lon="126.612415">
      <ele>822.812695</ele>
      <time>2019-06-05T07:44:34Z</time>
      <extensions>
        <dbm>-90</dbm>
        <cellinfo>mcc=450 mnc=5 ci=32209679 pci=261 tac=9555 rssi=-57 rsrp=-90 rsrq=-7 rssnr=270 cqi=NA</cellinfo>
      </extensions>
    </trkpt>
    <trkpt lat="33.383326" lon="126.612316">
      <ele>823.360754</ele>
      <time>2019-06-05T07:44:42Z</time>
      <extensions>
        <dbm>-87</dbm>
        <cellinfo>mcc=450 mnc=5 ci=32209679 pci=261 tac=9555 rssi=-56 rsrp=-87 rsrq=-7 rssnr=270 cqi=NA</cellinfo>
      </extensions>
    </trkpt>
    <trkpt lat="33.383274" lon="126.612220">
      <ele>823.906702</ele>
      <time>2019-06-05T07:44:50Z</time>
      <extensions>
        <dbm>-90</dbm>
        <cellinfo>mcc=450 mnc=5 ci=32209679 pci=261 tac=9555 rssi=-56 rsrp=-90 rsrq=-6 rssnr=270 cqi=NA</cellinfo>
      </extensions>
    </trkpt>
    <trkpt lat="33.383218" lon="126.612119">
      <ele>824.454089</ele>
      <time>2019-06-05T07:44:57Z</time>
      <extensions>
        <dbm>-89</dbm>
        <cellinfo>mcc=450 mnc=5 ci=32209679 pci=261 tac=9555 rssi=-56 rsrp=-89 rsrq=-4 rssnr=270 cqi=NA</cellinfo>
      </extensions>
    </trkpt>
    <trkpt lat="33.383166" lon="126.612019">
      <ele>824.976563</ele>
      <time>2019-06-05T07:45:04Z</time>
      <extensions>
        <dbm>-90</dbm>
        <cellinfo>mcc=450 mnc=5 ci=32209679 pci=261 tac=9555 rssi=-57 rsrp=-90 rsrq=-6 rssnr=270 cqi=NA</cellinfo>
      </extensions>
    </trkpt>
    <trkpt lat="33.383113" lon="126.611923">
      <ele>825.412549</ele>
      <time>2019-06-05T07:45:11Z</time>
      <extensions>
        <dbm>-88</dbm>
        <cellinfo>mcc=450 mnc=5 ci=32209679 pci=261 tac=9555 rssi=-55 rsrp=-88 rsrq=-6 rssnr=270 cqi=NA</cellinfo>
      </extensions>
    </trkpt>
    <trkpt lat="33.383068" lon="126.611828">
      <ele>825.779602</ele>
      <time>2019-06-05T07:45:19Z</time>
      <extensions>
        <dbm>-87</dbm>
        <cellinfo>mcc=450 mnc=5 ci=32209679 pci=261 tac=9555 rssi=-56 rsrp=-87 rsrq=-6 rssnr=270 cqi=NA</cellinfo>
      </extensions>
    </trkpt>
    <trkpt lat="33.383031" lon="126.611726">
      <ele>826.148511</ele>
      <time>2019-06-05T07:45:31Z</time>
      <extensions>
        <dbm>-85</dbm>
        <cellinfo>mcc=450 mnc=5 ci=32209679 pci=261 tac=9555 rssi=-55 rsrp=-85 rsrq=-5 rssnr=270 cqi=NA</cellinfo>
      </extensions>
    </trkpt>
    <trkpt lat="33.383003" lon="126.611617">
      <ele>826.491040</ele>
      <time>2019-06-05T07:45:42Z</time>
      <extensions>
        <dbm>-90</dbm>
        <cellinfo>mcc=450 mnc=5 ci=32209679 pci=261 tac=9555 rssi=-56 rsrp=-90 rsrq=-6 rssnr=270 cqi=NA</cellinfo>
      </extensions>
    </trkpt>
    <trkpt lat="33.382976" lon="126.611508">
      <ele>826.845557</ele>
      <time>2019-06-05T07:45:50Z</time>
      <extensions>
        <dbm>-92</dbm>
        <cellinfo>mcc=450 mnc=5 ci=32209679 pci=261 tac=9555 rssi=-57 rsrp=-92 rsrq=-6 rssnr=270 cqi=NA</cellinfo>
      </extensions>
    </trkpt>
    <trkpt lat="33.382944" lon="126.611403">
      <ele>827.369885</ele>
      <time>2019-06-05T07:45:57Z</time>
      <extensions>
        <dbm>-93</dbm>
        <cellinfo>mcc=450 mnc=5 ci=32209679 pci=261 tac=9555 rssi=-57 rsrp=-93 rsrq=-6 rssnr=270 cqi=NA</cellinfo>
      </extensions>
    </trkpt>
    <trkpt lat="33.382913" lon="126.611297">
      <ele>828.022424</ele>
      <time>2019-06-05T07:46:05Z</time>
      <extensions>
        <dbm>-95</dbm>
        <cellinfo>mcc=450 mnc=5 ci=32209679 pci=261 tac=9555 rssi=-58 rsrp=-95 rsrq=-7 rssnr=270 cqi=NA</cellinfo>
      </extensions>
    </trkpt>
    <trkpt lat="33.382878" lon="126.611194">
      <ele>828.679944</ele>
      <time>2019-06-05T07:46:13Z</time>
      <extensions>
        <dbm>-96</dbm>
        <cellinfo>mcc=450 mnc=5 ci=32209679 pci=261 tac=9555 rssi=-57 rsrp=-96 rsrq=-6 rssnr=270 cqi=NA</cellinfo>
      </extensions>
    </trkpt>
    <trkpt lat="33.382844" lon="126.611092">
      <ele>829.362659</ele>
      <time>2019-06-05T07:46:20Z</time>
      <extensions>
        <dbm>-93</dbm>
        <cellinfo>mcc=450 mnc=5 ci=32209679 pci=261 tac=9555 rssi=-58 rsrp=-93 rsrq=-6 rssnr=270 cqi=NA</cellinfo>
      </extensions>
    </trkpt>
    <trkpt lat="33.382805" lon="126.610993">
      <ele>830.217529</ele>
      <time>2019-06-05T07:46:27Z</time>
      <extensions>
        <dbm>-93</dbm>
        <cellinfo>mcc=450 mnc=5 ci=32209679 pci=261 tac=9555 rssi=-57 rsrp=-93 rsrq=-6 rssnr=270 cqi=NA</cellinfo>
      </extensions>
    </trkpt>
    <trkpt lat="33.382762" lon="126.610889">
      <ele>831.107898</ele>
      <time>2019-06-05T07:46:35Z</time>
      <extensions>
        <dbm>-95</dbm>
        <cellinfo>mcc=450 mnc=5 ci=32209679 pci=261 tac=9555 rssi=-58 rsrp=-95 rsrq=-6 rssnr=270 cqi=NA</cellinfo>
      </extensions>
    </trkpt>
    <trkpt lat="33.382714" lon="126.610786">
      <ele>831.991797</ele>
      <time>2019-06-05T07:46:43Z</time>
      <extensions>
        <dbm>-92</dbm>
        <cellinfo>mcc=450 mnc=5 ci=32209679 pci=261 tac=9555 rssi=-57 rsrp=-92 rsrq=-5 rssnr=270 cqi=NA</cellinfo>
      </extensions>
    </trkpt>
    <trkpt lat="33.382659" lon="126.610681">
      <ele>833.010242</ele>
      <time>2019-06-05T07:46:50Z</time>
      <extensions>
        <dbm>-100</dbm>
        <cellinfo>mcc=450 mnc=5 ci=32209679 pci=261 tac=9555 rssi=-59 rsrp=-100 rsrq=-6 rssnr=270 cqi=NA</cellinfo>
      </extensions>
    </trkpt>
    <trkpt lat="33.382599" lon="126.610583">
      <ele>833.880542</ele>
      <time>2019-06-05T07:46:58Z</time>
      <extensions>
        <dbm>-96</dbm>
        <cellinfo>mcc=450 mnc=5 ci=32209679 pci=261 tac=9555 rssi=-58 rsrp=-96 rsrq=-5 rssnr=270 cqi=NA</cellinfo>
      </extensions>
    </trkpt>
    <trkpt lat="33.382527" lon="126.610493">
      <ele>834.783130</ele>
      <time>2019-06-05T07:47:05Z</time>
      <extensions>
        <dbm>-99</dbm>
        <cellinfo>mcc=450 mnc=5 ci=32209679 pci=261 tac=9555 rssi=-59 rsrp=-99 rsrq=-6 rssnr=270 cqi=NA</cellinfo>
      </extensions>
    </trkpt>
    <trkpt lat="33.382454" lon="126.610414">
      <ele>835.540369</ele>
      <time>2019-06-05T07:47:14Z</time>
      <extensions>
        <dbm>-91</dbm>
        <cellinfo>mcc=450 mnc=5 ci=32209679 pci=261 tac=9555 rssi=-58 rsrp=-91 rsrq=-11 rssnr=270 cqi=NA</cellinfo>
      </extensions>
    </trkpt>
    <trkpt lat="33.382384" lon="126.610330">
      <ele>836.247961</ele>
      <time>2019-06-05T07:47:22Z</time>
      <extensions>
        <dbm>-94</dbm>
        <cellinfo>mcc=450 mnc=5 ci=32209679 pci=261 tac=9555 rssi=-57 rsrp=-94 rsrq=-6 rssnr=270 cqi=NA</cellinfo>
      </extensions>
    </trkpt>
    <trkpt lat="33.382338" lon="126.610231">
      <ele>836.958630</ele>
      <time>2019-06-05T07:47:30Z</time>
      <extensions>
        <dbm>-96</dbm>
        <cellinfo>mcc=450 mnc=5 ci=32209679 pci=261 tac=9555 rssi=-58 rsrp=-96 rsrq=-7 rssnr=270 cqi=NA</cellinfo>
      </extensions>
    </trkpt>
    <trkpt lat="33.382321" lon="126.610113">
      <ele>837.735095</ele>
      <time>2019-06-05T07:47:39Z</time>
      <extensions>
        <dbm>-90</dbm>
        <cellinfo>mcc=450 mnc=5 ci=32209679 pci=261 tac=9555 rssi=-56 rsrp=-90 rsrq=-5 rssnr=270 cqi=NA</cellinfo>
      </extensions>
    </trkpt>
    <trkpt lat="33.382334" lon="126.609992">
      <ele>838.324988</ele>
      <time>2019-06-05T07:47:49Z</time>
      <extensions>
        <dbm>-95</dbm>
        <cellinfo>mcc=450 mnc=5 ci=32209679 pci=261 tac=9555 rssi=-58 rsrp=-95 rsrq=-7 rssnr=270 cqi=NA</cellinfo>
      </extensions>
    </trkpt>
    <trkpt lat="33.382358" lon="126.609878">
      <ele>838.727710</ele>
      <time>2019-06-05T07:47:58Z</time>
      <extensions>
        <dbm>-95</dbm>
        <cellinfo>mcc=450 mnc=5 ci=32209679 pci=261 tac=9555 rssi=-58 rsrp=-95 rsrq=-8 rssnr=270 cqi=NA</cellinfo>
      </extensions>
    </trkpt>
    <trkpt lat="33.382388" lon="126.609773">
      <ele>839.247266</ele>
      <time>2019-06-05T07:48:06Z</time>
      <extensions>
        <dbm>-93</dbm>
        <cellinfo>mcc=450 mnc=5 ci=32209679 pci=261 tac=9555 rssi=-58 rsrp=-93 rsrq=-9 rssnr=270 cqi=NA</cellinfo>
      </extensions>
    </trkpt>
    <trkpt lat="33.382417" lon="126.609668">
      <ele>839.698474</ele>
      <time>2019-06-05T07:48:16Z</time>
      <extensions>
        <dbm>-96</dbm>
        <cellinfo>mcc=450 mnc=5 ci=32209679 pci=261 tac=9555 rssi=-59 rsrp=-96 rsrq=-9 rssnr=270 cqi=NA</cellinfo>
      </extensions>
    </trkpt>
    <trkpt lat="33.382456" lon="126.609558">
      <ele>839.954944</ele>
      <time>2019-06-05T07:48:25Z</time>
      <extensions>
        <dbm>-95</dbm>
        <cellinfo>mcc=450 mnc=5 ci=32209679 pci=261 tac=9555 rssi=-58 rsrp=-95 rsrq=-5 rssnr=270 cqi=NA</cellinfo>
      </extensions>
    </trkpt>
    <trkpt lat="33.382488" lon="126.609442">
      <ele>840.230554</ele>
      <time>2019-06-05T07:48:33Z</time>
      <extensions>
        <dbm>-93</dbm>
        <cellinfo>mcc=450 mnc=5 ci=32209679 pci=261 tac=9555 rssi=-57 rsrp=-93 rsrq=-5 rssnr=270 cqi=NA</cellinfo>
      </extensions>
    </trkpt>
    <trkpt lat="33.382508" lon="126.609324">
      <ele>840.461169</ele>
      <time>2019-06-05T07:48:40Z</time>
      <extensions>
        <dbm>-97</dbm>
        <cellinfo>mcc=450 mnc=5 ci=32209679 pci=261 tac=9555 rssi=-58 rsrp=-97 rsrq=-6 rssnr=270 cqi=NA</cellinfo>
      </extensions>
    </trkpt>
    <trkpt lat="33.382505" lon="126.609215">
      <ele>840.655042</ele>
      <time>2019-06-05T07:48:47Z</time>
      <extensions>
        <dbm>-96</dbm>
        <cellinfo>mcc=450 mnc=5 ci=32209679 pci=261 tac=9555 rssi=-58 rsrp=-96 rsrq=-5 rssnr=270 cqi=NA</cellinfo>
      </extensions>
    </trkpt>
    <trkpt lat="33.382494" lon="126.609104">
      <ele>840.786267</ele>
      <time>2019-06-05T07:48:54Z</time>
      <extensions>
        <dbm>-101</dbm>
        <cellinfo>mcc=450 mnc=5 ci=32209679 pci=261 tac=9555 rssi=-59 rsrp=-101 rsrq=-7 rssnr=270 cqi=NA</cellinfo>
      </extensions>
    </trkpt>
    <trkpt lat="33.382482" lon="126.608993">
      <ele>840.872742</ele>
      <time>2019-06-05T07:49:02Z</time>
      <extensions>
        <dbm>-99</dbm>
        <cellinfo>mcc=450 mnc=5 ci=32209679 pci=261 tac=9555 rssi=-59 rsrp=-99 rsrq=-7 rssnr=270 cqi=NA</cellinfo>
      </extensions>
    </trkpt>
    <trkpt lat="33.382480" lon="126.608875">
      <ele>840.888904</ele>
      <time>2019-06-05T07:49:10Z</time>
      <extensions>
        <dbm>-94</dbm>
        <cellinfo>mcc=450 mnc=5 ci=32209679 pci=261 tac=9555 rssi=-58 rsrp=-94 rsrq=-6 rssnr=270 cqi=NA</cellinfo>
      </extensions>
    </trkpt>
    <trkpt lat="33.382490" lon="126.608757">
      <ele>840.939417</ele>
      <time>2019-06-05T07:49:18Z</time>
      <extensions>
        <dbm>-97</dbm>
        <cellinfo>mcc=450 mnc=5 ci=32209679 pci=261 tac=9555 rssi=-58 rsrp=-97 rsrq=-5 rssnr=270 cqi=NA</cellinfo>
      </extensions>
    </trkpt>
    <trkpt lat="33.382520" lon="126.608633">
      <ele>841.154895</ele>
      <time>2019-06-05T07:49:25Z</time>
      <extensions>
        <dbm>-98</dbm>
        <cellinfo>mcc=450 mnc=5 ci=32209679 pci=261 tac=9555 rssi=-59 rsrp=-98 rsrq=-6 rssnr=270 cqi=NA</cellinfo>
      </extensions>
    </trkpt>
    <trkpt lat="33.382558" lon="126.608515">
      <ele>841.363684</ele>
      <time>2019-06-05T07:49:33Z</time>
      <extensions>
        <dbm>-98</dbm>
        <cellinfo>mcc=450 mnc=5 ci=32209679 pci=261 tac=9555 rssi=-59 rsrp=-98 rsrq=-6 rssnr=270 cqi=NA</cellinfo>
      </extensions>
    </trkpt>
    <trkpt lat="33.382582" lon="126.608396">
      <ele>841.558704</ele>
      <time>2019-06-05T07:49:39Z</time>
      <extensions>
        <dbm>-96</dbm>
        <cellinfo>mcc=450 mnc=5 ci=32209679 pci=261 tac=9555 rssi=-58 rsrp=-96 rsrq=-7 rssnr=270 cqi=NA</cellinfo>
      </extensions>
    </trkpt>
    <trkpt lat="33.382583" lon="126.608284">
      <ele>841.773669</ele>
      <time>2019-06-05T07:49:46Z</time>
      <extensions>
        <dbm>-99</dbm>
        <cellinfo>mcc=450 mnc=5 ci=32209679 pci=261 tac=9555 rssi=-59 rsrp=-99 rsrq=-5 rssnr=270 cqi=NA</cellinfo>
      </extensions>
    </trkpt>
    <trkpt lat="33.382557" lon="126.608168">
      <ele>842.225886</ele>
      <time>2019-06-05T07:49:53Z</time>
      <extensions>
        <dbm>-87</dbm>
        <cellinfo>mcc=450 mnc=5 ci=32209679 pci=261 tac=9555 rssi=-55 rsrp=-87 rsrq=-3 rssnr=270 cqi=NA</cellinfo>
      </extensions>
    </trkpt>
    <trkpt lat="33.382509" lon="126.608064">
      <ele>842.783947</ele>
      <time>2019-06-05T07:50:03Z</time>
      <extensions>
        <dbm>-96</dbm>
        <cellinfo>mcc=450 mnc=5 ci=32209679 pci=261 tac=9555 rssi=-59 rsrp=-96 rsrq=-8 rssnr=270 cqi=NA</cellinfo>
      </extensions>
    </trkpt>
    <trkpt lat="33.382444" lon="126.607963">
      <ele>843.375910</ele>
      <time>2019-06-05T07:50:12Z</time>
      <extensions>
        <dbm>-97</dbm>
        <cellinfo>mcc=450 mnc=5 ci=32209679 pci=261 tac=9555 rssi=-59 rsrp=-97 rsrq=-8 rssnr=270 cqi=NA</cellinfo>
      </extensions>
    </trkpt>
    <trkpt lat="33.382379" lon="126.607862">
      <ele>844.219871</ele>
      <time>2019-06-05T07:50:21Z</time>
      <extensions>
        <dbm>-94</dbm>
        <cellinfo>mcc=450 mnc=5 ci=32209679 pci=261 tac=9555 rssi=-57 rsrp=-94 rsrq=-7 rssnr=270 cqi=NA</cellinfo>
      </extensions>
    </trkpt>
    <trkpt lat="33.382329" lon="126.607753">
      <ele>845.117709</ele>
      <time>2019-06-05T07:50:30Z</time>
      <extensions>
        <dbm>-92</dbm>
        <cellinfo>mcc=450 mnc=5 ci=32209679 pci=261 tac=9555 rssi=-57 rsrp=-92 rsrq=-8 rssnr=270 cqi=NA</cellinfo>
      </extensions>
    </trkpt>
    <trkpt lat="33.382295" lon="126.607639">
      <ele>846.188421</ele>
      <time>2019-06-05T07:50:38Z</time>
      <extensions>
        <dbm>-93</dbm>
        <cellinfo>mcc=450 mnc=5 ci=32209679 pci=261 tac=9555 rssi=-58 rsrp=-93 rsrq=-8 rssnr=270 cqi=NA</cellinfo>
      </extensions>
    </trkpt>
    <trkpt lat="33.382270" lon="126.607524">
      <ele>847.218517</ele>
      <time>2019-06-05T07:50:47Z</time>
      <extensions>
        <dbm>-94</dbm>
        <cellinfo>mcc=450 mnc=5 ci=32209679 pci=261 tac=9555 rssi=-58 rsrp=-94 rsrq=-6 rssnr=270 cqi=NA</cellinfo>
      </extensions>
    </trkpt>
    <trkpt lat="33.382248" lon="126.607407">
      <ele>848.181918</ele>
      <time>2019-06-05T07:50:57Z</time>
      <extensions>
        <dbm>-93</dbm>
        <cellinfo>mcc=450 mnc=5 ci=32209679 pci=261 tac=9555 rssi=-58 rsrp=-93 rsrq=-7 rssnr=270 cqi=NA</cellinfo>
      </extensions>
    </trkpt>
    <trkpt lat="33.382232" lon="126.607285">
      <ele>849.069858</ele>
      <time>2019-06-05T07:51:05Z</time>
      <extensions>
        <dbm>-96</dbm>
        <cellinfo>mcc=450 mnc=5 ci=32209679 pci=261 tac=9555 rssi=-58 rsrp=-96 rsrq=-6 rssnr=270 cqi=NA</cellinfo>
      </extensions>
    </trkpt>
    <trkpt lat="33.382226" lon="126.607167">
      <ele>849.702781</ele>
      <time>2019-06-05T07:51:14Z</time>
      <extensions>
        <dbm>-94</dbm>
        <cellinfo>mcc=450 mnc=5 ci=32209679 pci=261 tac=9555 rssi=-58 rsrp=-94 rsrq=-6 rssnr=270 cqi=NA</cellinfo>
      </extensions>
    </trkpt>
    <trkpt lat="33.382250" lon="126.607055">
      <ele>850.212902</ele>
      <time>2019-06-05T07:51:21Z</time>
      <extensions>
        <dbm>-96</dbm>
        <cellinfo>mcc=450 mnc=5 ci=32209679 pci=261 tac=9555 rssi=-58 rsrp=-96 rsrq=-7 rssnr=270 cqi=NA</cellinfo>
      </extensions>
    </trkpt>
    <trkpt lat="33.382294" lon="126.606953">
      <ele>850.640015</ele>
      <time>2019-06-05T07:51:28Z</time>
      <extensions>
        <dbm>-90</dbm>
        <cellinfo>mcc=450 mnc=5 ci=32209679 pci=261 tac=9555 rssi=-57 rsrp=-90 rsrq=-8 rssnr=270 cqi=NA</cellinfo>
      </extensions>
    </trkpt>
    <trkpt lat="33.382350" lon="126.606849">
      <ele>850.971724</ele>
      <time>2019-06-05T07:51:35Z</time>
      <extensions>
        <dbm>-100</dbm>
        <cellinfo>mcc=450 mnc=5 ci=32209679 pci=261 tac=9555 rssi=-59 rsrp=-100 rsrq=-7 rssnr=270 cqi=NA</cellinfo>
      </extensions>
    </trkpt>
    <trkpt lat="33.382403" lon="126.606745">
      <ele>851.251309</ele>
      <time>2019-06-05T07:51:43Z</time>
      <extensions>
        <dbm>-99</dbm>
        <cellinfo>mcc=450 mnc=5 ci=32209679 pci=261 tac=9555 rssi=-59 rsrp=-99 rsrq=-6 rssnr=270 cqi=NA</cellinfo>
      </extensions>
    </trkpt>
    <trkpt lat="33.382457" lon="126.606643">
      <ele>851.661821</ele>
      <time>2019-06-05T07:51:50Z</time>
      <extensions>
        <dbm>-98</dbm>
        <cellinfo>mcc=450 mnc=5 ci=32209679 pci=261 tac=9555 rssi=-59 rsrp=-98 rsrq=-6 rssnr=270 cqi=NA</cellinfo>
      </extensions>
    </trkpt>
    <trkpt lat="33.382517" lon="126.606548">
      <ele>852.069913</ele>
      <time>2019-06-05T07:51:57Z</time>
      <extensions>
        <dbm>-101</dbm>
        <cellinfo>mcc=450 mnc=5 ci=32209679 pci=261 tac=9555 rssi=-59 rsrp=-101 rsrq=-6 rssnr=270 cqi=NA</cellinfo>
      </extensions>
    </trkpt>
    <trkpt lat="33.382581" lon="126.606454">
      <ele>852.459273</ele>
      <time>2019-06-05T07:52:05Z</time>
      <extensions>
        <dbm>-97</dbm>
        <cellinfo>mcc=450 mnc=5 ci=32209679 pci=261 tac=9555 rssi=-58 rsrp=-97 rsrq=-6 rssnr=270 cqi=NA</cellinfo>
      </extensions>
    </trkpt>
    <trkpt lat="33.382636" lon="126.606351">
      <ele>852.807639</ele>
      <time>2019-06-05T07:52:12Z</time>
      <extensions>
        <dbm>-100</dbm>
        <cellinfo>mcc=450 mnc=5 ci=32209679 pci=261 tac=9555 rssi=-59 rsrp=-100 rsrq=-7 rssnr=270 cqi=NA</cellinfo>
      </extensions>
    </trkpt>
    <trkpt lat="33.382677" lon="126.606246">
      <ele>853.039129</ele>
      <time>2019-06-05T07:52:19Z</time>
      <extensions>
        <dbm>-100</dbm>
        <cellinfo>mcc=450 mnc=5 ci=32209679 pci=261 tac=9555 rssi=-59 rsrp=-100 rsrq=-6 rssnr=270 cqi=NA</cellinfo>
      </extensions>
    </trkpt>
    <trkpt lat="33.382707" lon="126.606133">
      <ele>853.430997</ele>
      <time>2019-06-05T07:52:25Z</time>
      <extensions>
        <dbm>-104</dbm>
        <cellinfo>mcc=450 mnc=5 ci=32209679 pci=261 tac=9555 rssi=-60 rsrp=-104 rsrq=-7 rssnr=270 cqi=NA</cellinfo>
      </extensions>
    </trkpt>
    <trkpt lat="33.382743" lon="126.606020">
      <ele>853.560969</ele>
      <time>2019-06-05T07:52:32Z</time>
      <extensions>
        <dbm>-101</dbm>
        <cellinfo>mcc=450 mnc=5 ci=32209679 pci=261 tac=9555 rssi=-60 rsrp=-101 rsrq=-8 rssnr=270 cqi=NA</cellinfo>
      </extensions>
    </trkpt>
    <trkpt lat="33.382782" lon="126.605907">
      <ele>853.877364</ele>
      <time>2019-06-05T07:52:41Z</time>
      <extensions>
        <dbm>-95</dbm>
        <cellinfo>mcc=450 mnc=5 ci=32209679 pci=261 tac=9555 rssi=-57 rsrp=-95 rsrq=-5 rssnr=270 cqi=NA</cellinfo>
      </extensions>
    </trkpt>
    <trkpt lat="33.382827" lon="126.605800">
      <ele>854.243686</ele>
      <time>2019-06-05T07:52:49Z</time>
      <extensions>
        <dbm>-97</dbm>
        <cellinfo>mcc=450 mnc=5 ci=32209679 pci=261 tac=9555 rssi=-58 rsrp=-97 rsrq=-5 rssnr=270 cqi=NA</cellinfo>
      </extensions>
    </trkpt>
    <trkpt lat="33.382860" lon="126.605692">
      <ele>854.378584</ele>
      <time>2019-06-05T07:52:55Z</time>
      <extensions>
        <dbm>-100</dbm>
        <cellinfo>mcc=450 mnc=5 ci=32209679 pci=261 tac=9555 rssi=-59 rsrp=-100 rsrq=-8 rssnr=270 cqi=NA</cellinfo>
      </extensions>
    </trkpt>
    <trkpt lat="33.382877" lon="126.605583">
      <ele>854.378584</ele>
      <time>2019-06-05T07:53:02Z</time>
      <extensions>
        <dbm>-102</dbm>
        <cellinfo>mcc=450 mnc=5 ci=32209679 pci=261 tac=9555 rssi=-60 rsrp=-102 rsrq=-7 rssnr=270 cqi=NA</cellinfo>
      </extensions>
    </trkpt>
    <trkpt lat="33.382877" lon="126.605463">
      <ele>854.378584</ele>
      <time>2019-06-05T07:53:10Z</time>
      <extensions>
        <dbm>-99</dbm>
        <cellinfo>mcc=450 mnc=5 ci=32209679 pci=261 tac=9555 rssi=-59 rsrp=-99 rsrq=-6 rssnr=270 cqi=NA</cellinfo>
      </extensions>
    </trkpt>
    <trkpt lat="33.382860" lon="126.605344">
      <ele>854.905617</ele>
      <time>2019-06-05T07:53:20Z</time>
      <extensions>
        <dbm>-98</dbm>
        <cellinfo>mcc=450 mnc=5 ci=32209679 pci=261 tac=9555 rssi=-58 rsrp=-98 rsrq=-6 rssnr=270 cqi=NA</cellinfo>
      </extensions>
    </trkpt>
    <trkpt lat="33.382826" lon="126.605227">
      <ele>855.505493</ele>
      <time>2019-06-05T07:53:28Z</time>
      <extensions>
        <dbm>-100</dbm>
        <cellinfo>mcc=450 mnc=5 ci=32209679 pci=261 tac=9555 rssi=-59 rsrp=-100 rsrq=-5 rssnr=270 cqi=NA</cellinfo>
      </extensions>
    </trkpt>
    <trkpt lat="33.382777" lon="126.605120">
      <ele>856.151056</ele>
      <time>2019-06-05T07:53:37Z</time>
      <extensions>
        <dbm>-102</dbm>
        <cellinfo>mcc=450 mnc=5 ci=32209679 pci=261 tac=9555 rssi=-60 rsrp=-102 rsrq=-6 rssnr=270 cqi=NA</cellinfo>
      </extensions>
    </trkpt>
    <trkpt lat="33.382718" lon="126.605022">
      <ele>856.666127</ele>
      <time>2019-06-05T07:53:46Z</time>
      <extensions>
        <dbm>-101</dbm>
        <cellinfo>mcc=450 mnc=5 ci=32209679 pci=261 tac=9555 rssi=-59 rsrp=-101 rsrq=-7 rssnr=270 cqi=NA</cellinfo>
      </extensions>
    </trkpt>
    <trkpt lat="33.382677" lon="126.604917">
      <ele>857.242809</ele>
      <time>2019-06-05T07:53:55Z</time>
      <extensions>
        <dbm>-96</dbm>
        <cellinfo>mcc=450 mnc=5 ci=32209679 pci=261 tac=9555 rssi=-58 rsrp=-96 rsrq=-6 rssnr=270 cqi=NA</cellinfo>
      </extensions>
    </trkpt>
    <trkpt lat="33.382654" lon="126.604801">
      <ele>857.789085</ele>
      <time>2019-06-05T07:54:04Z</time>
      <extensions>
        <dbm>-93</dbm>
        <cellinfo>mcc=450 mnc=5 ci=32209679 pci=261 tac=9555 rssi=-57 rsrp=-93 rsrq=-6 rssnr=270 cqi=NA</cellinfo>
      </extensions>
    </trkpt>
    <trkpt lat="33.382651" lon="126.604677">
      <ele>858.335194</ele>
      <time>2019-06-05T07:54:15Z</time>
      <extensions>
        <dbm>-85</dbm>
        <cellinfo>mcc=450 mnc=5 ci=32209679 pci=261 tac=9555 rssi=-55 rsrp=-85 rsrq=-6 rssnr=270 cqi=NA</cellinfo>
      </extensions>
    </trkpt>
    <trkpt lat="33.382652" lon="126.604559">
      <ele>858.884910</ele>
      <time>2019-06-05T07:54:27Z</time>
      <extensions>
        <dbm>-93</dbm>
        <cellinfo>mcc=450 mnc=5 ci=32209679 pci=261 tac=9555 rssi=-57 rsrp=-93 rsrq=-6 rssnr=270 cqi=NA</cellinfo>
      </extensions>
    </trkpt>
    <trkpt lat="33.382642" lon="126.604439">
      <ele>859.397661</ele>
      <time>2019-06-05T07:54:35Z</time>
      <extensions>
        <dbm>-92</dbm>
        <cellinfo>mcc=450 mnc=5 ci=32209679 pci=261 tac=9555 rssi=-57 rsrp=-92 rsrq=-5 rssnr=270 cqi=NA</cellinfo>
      </extensions>
    </trkpt>
    <trkpt lat="33.382626" lon="126.604320">
      <ele>859.903276</ele>
      <time>2019-06-05T07:54:45Z</time>
      <extensions>
        <dbm>-94</dbm>
        <cellinfo>mcc=450 mnc=5 ci=32209679 pci=261 tac=9555 rssi=-58 rsrp=-94 rsrq=-6 rssnr=270 cqi=NA</cellinfo>
      </extensions>
    </trkpt>
    <trkpt lat="33.382606" lon="126.604201">
      <ele>860.466475</ele>
      <time>2019-06-05T07:54:55Z</time>
      <extensions>
        <dbm>-92</dbm>
        <cellinfo>mcc=450 mnc=5 ci=32209679 pci=261 tac=9555 rssi=-57 rsrp=-92 rsrq=-7 rssnr=270 cqi=NA</cellinfo>
      </extensions>
    </trkpt>
    <trkpt lat="33.382586" lon="126.604090">
      <ele>860.644678</ele>
      <time>2019-06-05T07:55:04Z</time>
      <extensions>
        <dbm>-94</dbm>
        <cellinfo>mcc=450 mnc=5 ci=32209679 pci=261 tac=9555 rssi=-57 rsrp=-94 rsrq=-6 rssnr=270 cqi=NA</cellinfo>
      </extensions>
    </trkpt>
    <trkpt lat="33.382573" lon="126.603977">
      <ele>861.404430</ele>
      <time>2019-06-05T07:55:12Z</time>
      <extensions>
        <dbm>-93</dbm>
        <cellinfo>mcc=450 mnc=5 ci=32209679 pci=261 tac=9555 rssi=-57 rsrp=-93 rsrq=-5 rssnr=270 cqi=NA</cellinfo>
      </extensions>
    </trkpt>
    <trkpt lat="33.382561" lon="126.603861">
      <ele>861.875688</ele>
      <time>2019-06-05T07:55:22Z</time>
      <extensions>
        <dbm>-93</dbm>
        <cellinfo>mcc=450 mnc=5 ci=32209679 pci=261 tac=9555 rssi=-58 rsrp=-93 rsrq=-8 rssnr=270 cqi=NA</cellinfo>
      </extensions>
    </trkpt>
    <trkpt lat="33.382538" lon="126.603755">
      <ele>862.150220</ele>
      <time>2019-06-05T07:55:33Z</time>
      <extensions>
        <dbm>-92</dbm>
        <cellinfo>mcc=450 mnc=5 ci=32209679 pci=261 tac=9555 rssi=-57 rsrp=-92 rsrq=-6 rssnr=270 cqi=NA</cellinfo>
      </extensions>
    </trkpt>
    <trkpt lat="33.382527" lon="126.603655">
      <ele>862.576807</ele>
      <time>2019-06-05T07:55:41Z</time>
      <extensions>
        <dbm>-96</dbm>
        <cellinfo>mcc=450 mnc=5 ci=32209679 pci=261 tac=9555 rssi=-58 rsrp=-96 rsrq=-7 rssnr=270 cqi=NA</cellinfo>
      </extensions>
    </trkpt>
    <trkpt lat="33.382541" lon="126.603566">
      <ele>863.104443</ele>
      <time>2019-06-05T07:55:50Z</time>
      <extensions>
        <dbm>-94</dbm>
        <cellinfo>mcc=450 mnc=5 ci=32209679 pci=261 tac=9555 rssi=-59 rsrp=-94 rsrq=-7 rssnr=270 cqi=NA</cellinfo>
      </extensions>
    </trkpt>
    <trkpt lat="33.382595" lon="126.603473">
      <ele>863.719177</ele>
      <time>2019-06-05T07:55:58Z</time>
      <extensions>
        <dbm>-95</dbm>
        <cellinfo>mcc=450 mnc=5 ci=32209679 pci=261 tac=9555 rssi=-57 rsrp=-95 rsrq=-7 rssnr=270 cqi=NA</cellinfo>
      </extensions>
    </trkpt>
    <trkpt lat="33.382638" lon="126.603380">
      <ele>864.218066</ele>
      <time>2019-06-05T07:56:09Z</time>
      <extensions>
        <dbm>-92</dbm>
        <cellinfo>mcc=450 mnc=5 ci=32209679 pci=261 tac=9555 rssi=-57 rsrp=-92 rsrq=-6 rssnr=270 cqi=NA</cellinfo>
      </extensions>
    </trkpt>
    <trkpt lat="33.382657" lon="126.603281">
      <ele>865.012329</ele>
      <time>2019-06-05T07:56:18Z</time>
      <extensions>
        <dbm>-92</dbm>
        <cellinfo>mcc=450 mnc=5 ci=32209679 pci=261 tac=9555 rssi=-57 rsrp=-92 rsrq=-7 rssnr=270 cqi=NA</cellinfo>
      </extensions>
    </trkpt>
    <trkpt lat="33.382652" lon="126.603174">
      <ele>865.868054</ele>
      <time>2019-06-05T07:56:26Z</time>
      <extensions>
        <dbm>-91</dbm>
        <cellinfo>mcc=450 mnc=5 ci=32209679 pci=261 tac=9555 rssi=-57 rsrp=-91 rsrq=-6 rssnr=270 cqi=NA</cellinfo>
      </extensions>
    </trkpt>
    <trkpt lat="33.382634" lon="126.603065">
      <ele>866.652563</ele>
      <time>2019-06-05T07:56:35Z</time>
      <extensions>
        <dbm>-91</dbm>
        <cellinfo>mcc=450 mnc=5 ci=32209679 pci=261 tac=9555 rssi=-58 rsrp=-91 rsrq=-9 rssnr=270 cqi=NA</cellinfo>
      </extensions>
    </trkpt>
    <trkpt lat="33.382607" lon="126.602955">
      <ele>867.574036</ele>
      <time>2019-06-05T07:56:43Z</time>
      <extensions>
        <dbm>-91</dbm>
        <cellinfo>mcc=450 mnc=5 ci=32209679 pci=261 tac=9555 rssi=-56 rsrp=-91 rsrq=-5 rssnr=270 cqi=NA</cellinfo>
      </extensions>
    </trkpt>
    <trkpt lat="33.382568" lon="126.602850">
      <ele>868.521155</ele>
      <time>2019-06-05T07:56:52Z</time>
      <extensions>
        <dbm>-91</dbm>
        <cellinfo>mcc=450 mnc=5 ci=32209679 pci=261 tac=9555 rssi=-57 rsrp=-91 rsrq=-7 rssnr=270 cqi=NA</cellinfo>
      </extensions>
    </trkpt>
    <trkpt lat="33.382533" lon="126.602749">
      <ele>869.489783</ele>
      <time>2019-06-05T07:57:04Z</time>
      <extensions>
        <dbm>-90</dbm>
        <cellinfo>mcc=450 mnc=5 ci=32209679 pci=261 tac=9555 rssi=-56 rsrp=-90 rsrq=-6 rssnr=270 cqi=NA</cellinfo>
      </extensions>
    </trkpt>
    <trkpt lat="33.382525" lon="126.602649">
      <ele>870.663953</ele>
      <time>2019-06-05T07:57:15Z</time>
      <extensions>
        <dbm>-90</dbm>
        <cellinfo>mcc=450 mnc=5 ci=32209679 pci=261 tac=9555 rssi=-57 rsrp=-90 rsrq=-7 rssnr=270 cqi=NA</cellinfo>
      </extensions>
    </trkpt>
    <trkpt lat="33.382557" lon="126.602560">
      <ele>871.383267</ele>
      <time>2019-06-05T07:57:29Z</time>
      <extensions>
        <dbm>-90</dbm>
        <cellinfo>mcc=450 mnc=5 ci=32209679 pci=261 tac=9555 rssi=-56 rsrp=-90 rsrq=-6 rssnr=270 cqi=NA</cellinfo>
      </extensions>
    </trkpt>
    <trkpt lat="33.382610" lon="126.602469">
      <ele>873.261330</ele>
      <time>2019-06-05T07:57:43Z</time>
      <extensions>
        <dbm>-92</dbm>
        <cellinfo>mcc=450 mnc=5 ci=32209679 pci=261 tac=9555 rssi=-58 rsrp=-92 rsrq=-8 rssnr=270 cqi=NA</cellinfo>
      </extensions>
    </trkpt>
    <trkpt lat="33.382656" lon="126.602378">
      <ele>875.316040</ele>
      <time>2019-06-05T07:57:54Z</time>
      <extensions>
        <dbm>-94</dbm>
        <cellinfo>mcc=450 mnc=5 ci=32209679 pci=261 tac=9555 rssi=-58 rsrp=-94 rsrq=-7 rssnr=270 cqi=NA</cellinfo>
      </extensions>
    </trkpt>
    <trkpt lat="33.382673" lon="126.602268">
      <ele>877.490390</ele>
      <time>2019-06-05T07:58:04Z</time>
      <extensions>
        <dbm>-92</dbm>
        <cellinfo>mcc=450 mnc=5 ci=32209679 pci=261 tac=9555 rssi=-56 rsrp=-92 rsrq=-6 rssnr=270 cqi=NA</cellinfo>
      </extensions>
    </trkpt>
    <trkpt lat="33.382679" lon="126.602154">
      <ele>879.352017</ele>
      <time>2019-06-05T07:58:14Z</time>
      <extensions>
        <dbm>-92</dbm>
        <cellinfo>mcc=450 mnc=5 ci=32209679 pci=261 tac=9555 rssi=-58 rsrp=-92 rsrq=-6 rssnr=270 cqi=NA</cellinfo>
      </extensions>
    </trkpt>
    <trkpt lat="33.382675" lon="126.602035">
      <ele>881.415261</ele>
      <time>2019-06-05T07:58:24Z</time>
      <extensions>
        <dbm>-96</dbm>
        <cellinfo>mcc=450 mnc=5 ci=32209679 pci=261 tac=9555 rssi=-59 rsrp=-96 rsrq=-9 rssnr=270 cqi=NA</cellinfo>
      </extensions>
    </trkpt>
    <trkpt lat="33.382682" lon="126.601916">
      <ele>883.468051</ele>
      <time>2019-06-05T07:58:35Z</time>
      <extensions>
        <dbm>-96</dbm>
        <cellinfo>mcc=450 mnc=5 ci=32209679 pci=261 tac=9555 rssi=-59 rsrp=-96 rsrq=-6 rssnr=270 cqi=NA</cellinfo>
      </extensions>
    </trkpt>
    <trkpt lat="33.382705" lon="126.601798">
      <ele>886.717395</ele>
      <time>2019-06-05T07:58:46Z</time>
      <extensions>
        <dbm>-95</dbm>
        <cellinfo>mcc=450 mnc=5 ci=32209679 pci=261 tac=9555 rssi=-58 rsrp=-95 rsrq=-7 rssnr=270 cqi=NA</cellinfo>
      </extensions>
    </trkpt>
    <trkpt lat="33.382734" lon="126.601682">
      <ele>888.919019</ele>
      <time>2019-06-05T07:58:56Z</time>
      <extensions>
        <dbm>-93</dbm>
        <cellinfo>mcc=450 mnc=5 ci=32209679 pci=261 tac=9555 rssi=-57 rsrp=-93 rsrq=-7 rssnr=270 cqi=NA</cellinfo>
      </extensions>
    </trkpt>
    <trkpt lat="33.382754" lon="126.601570">
      <ele>890.901270</ele>
      <time>2019-06-05T07:59:05Z</time>
      <extensions>
        <dbm>-91</dbm>
        <cellinfo>mcc=450 mnc=5 ci=32209679 pci=261 tac=9555 rssi=-57 rsrp=-91 rsrq=-7 rssnr=270 cqi=NA</cellinfo>
      </extensions>
    </trkpt>
    <trkpt lat="33.382761" lon="126.601458">
      <ele>892.784131</ele>
      <time>2019-06-05T07:59:16Z</time>
      <extensions>
        <dbm>-96</dbm>
        <cellinfo>mcc=450 mnc=5 ci=32209679 pci=261 tac=9555 rssi=-57 rsrp=-96 rsrq=-6 rssnr=270 cqi=NA</cellinfo>
      </extensions>
    </trkpt>
    <trkpt lat="33.382762" lon="126.601348">
      <ele>893.999231</ele>
      <time>2019-06-05T07:59:26Z</time>
      <extensions>
        <dbm>-96</dbm>
        <cellinfo>mcc=450 mnc=5 ci=32209679 pci=261 tac=9555 rssi=-59 rsrp=-96 rsrq=-6 rssnr=270 cqi=NA</cellinfo>
      </extensions>
    </trkpt>
    <trkpt lat="33.382752" lon="126.601240">
      <ele>895.038330</ele>
      <time>2019-06-05T07:59:34Z</time>
      <extensions>
        <dbm>-94</dbm>
        <cellinfo>mcc=450 mnc=5 ci=32209679 pci=261 tac=9555 rssi=-58 rsrp=-94 rsrq=-6 rssnr=270 cqi=NA</cellinfo>
      </extensions>
    </trkpt>
    <trkpt lat="33.382743" lon="126.601132">
      <ele>896.022253</ele>
      <time>2019-06-05T07:59:44Z</time>
      <extensions>
        <dbm>-91</dbm>
        <cellinfo>mcc=450 mnc=5 ci=32209679 pci=261 tac=9555 rssi=-56 rsrp=-91 rsrq=-6 rssnr=270 cqi=NA</cellinfo>
      </extensions>
    </trkpt>
    <trkpt lat="33.382745" lon="126.601027">
      <ele>897.088330</ele>
      <time>2019-06-05T07:59:57Z</time>
      <extensions>
        <dbm>-96</dbm>
        <cellinfo>mcc=450 mnc=5 ci=32209679 pci=261 tac=9555 rssi=-58 rsrp=-96 rsrq=-7 rssnr=270 cqi=NA</cellinfo>
      </extensions>
    </trkpt>
    <trkpt lat="33.382764" lon="126.600921">
      <ele>897.950464</ele>
      <time>2019-06-05T08:00:09Z</time>
      <extensions>
        <dbm>-91</dbm>
        <cellinfo>mcc=450 mnc=5 ci=32209679 pci=261 tac=9555 rssi=-58 rsrp=-91 rsrq=-7 rssnr=270 cqi=NA</cellinfo>
      </extensions>
    </trkpt>
    <trkpt lat="33.382802" lon="126.600824">
      <ele>898.827271</ele>
      <time>2019-06-05T08:00:21Z</time>
      <extensions>
        <dbm>-91</dbm>
        <cellinfo>mcc=450 mnc=5 ci=32209679 pci=261 tac=9555 rssi=-57 rsrp=-91 rsrq=-7 rssnr=270 cqi=NA</cellinfo>
      </extensions>
    </trkpt>
    <trkpt lat="33.382845" lon="126.600725">
      <ele>899.544214</ele>
      <time>2019-06-05T08:00:31Z</time>
      <extensions>
        <dbm>-92</dbm>
        <cellinfo>mcc=450 mnc=5 ci=32209679 pci=261 tac=9555 rssi=-57 rsrp=-92 rsrq=-8 rssnr=270 cqi=NA</cellinfo>
      </extensions>
    </trkpt>
    <trkpt lat="33.382870" lon="126.600628">
      <ele>900.273792</ele>
      <time>2019-06-05T08:00:46Z</time>
      <extensions>
        <dbm>-89</dbm>
        <cellinfo>mcc=450 mnc=5 ci=32209679 pci=261 tac=9555 rssi=-56 rsrp=-89 rsrq=-5 rssnr=270 cqi=NA</cellinfo>
      </extensions>
    </trkpt>
    <trkpt lat="33.382870" lon="126.600523">
      <ele>901.410278</ele>
      <time>2019-06-05T08:00:59Z</time>
      <extensions>
        <dbm>-90</dbm>
        <cellinfo>mcc=450 mnc=5 ci=32209679 pci=261 tac=9555 rssi=-55 rsrp=-90 rsrq=-6 rssnr=270 cqi=NA</cellinfo>
      </extensions>
    </trkpt>
    <trkpt lat="33.382859" lon="126.600415">
      <ele>902.993542</ele>
      <time>2019-06-05T08:01:11Z</time>
      <extensions>
        <dbm>-95</dbm>
        <cellinfo>mcc=450 mnc=5 ci=32209679 pci=261 tac=9555 rssi=-59 rsrp=-95 rsrq=-7 rssnr=270 cqi=NA</cellinfo>
      </extensions>
    </trkpt>
    <trkpt lat="33.382861" lon="126.600307">
      <ele>904.701013</ele>
      <time>2019-06-05T08:01:21Z</time>
      <extensions>
        <dbm>-94</dbm>
        <cellinfo>mcc=450 mnc=5 ci=32209679 pci=261 tac=9555 rssi=-57 rsrp=-94 rsrq=-5 rssnr=270 cqi=NA</cellinfo>
      </extensions>
    </trkpt>
    <trkpt lat="33.382862" lon="126.600197">
      <ele>906.460693</ele>
      <time>2019-06-05T08:01:29Z</time>
      <extensions>
        <dbm>-95</dbm>
        <cellinfo>mcc=450 mnc=5 ci=32209679 pci=261 tac=9555 rssi=-58 rsrp=-95 rsrq=-8 rssnr=270 cqi=NA</cellinfo>
      </extensions>
    </trkpt>
    <trkpt lat="33.382859" lon="126.600087">
      <ele>908.130115</ele>
      <time>2019-06-05T08:01:39Z</time>
      <extensions>
        <dbm>-98</dbm>
        <cellinfo>mcc=450 mnc=5 ci=32209679 pci=261 tac=9555 rssi=-59 rsrp=-98 rsrq=-8 rssnr=270 cqi=NA</cellinfo>
      </extensions>
    </trkpt>
    <trkpt lat="33.382850" lon="126.599974">
      <ele>909.804016</ele>
      <time>2019-06-05T08:01:47Z</time>
      <extensions>
        <dbm>-101</dbm>
        <cellinfo>mcc=450 mnc=5 ci=32209679 pci=261 tac=9555 rssi=-60 rsrp=-101 rsrq=-7 rssnr=270 cqi=NA</cellinfo>
      </extensions>
    </trkpt>
    <trkpt lat="33.382839" lon="126.599865">
      <ele>910.596069</ele>
      <time>2019-06-05T08:01:56Z</time>
      <extensions>
        <dbm>-100</dbm>
        <cellinfo>mcc=450 mnc=5 ci=32209679 pci=261 tac=9555 rssi=-58 rsrp=-100 rsrq=-6 rssnr=270 cqi=NA</cellinfo>
      </extensions>
    </trkpt>
    <trkpt lat="33.382825" lon="126.599756">
      <ele>912.482677</ele>
      <time>2019-06-05T08:02:04Z</time>
      <extensions>
        <dbm>-101</dbm>
        <cellinfo>mcc=450 mnc=5 ci=32209679 pci=261 tac=9555 rssi=-59 rsrp=-101 rsrq=-6 rssnr=270 cqi=NA</cellinfo>
      </extensions>
    </trkpt>
    <trkpt lat="33.382787" lon="126.599665">
      <ele>914.356967</ele>
      <time>2019-06-05T08:02:17Z</time>
      <extensions>
        <dbm>-99</dbm>
        <cellinfo>mcc=450 mnc=5 ci=32209679 pci=261 tac=9555 rssi=-59 rsrp=-99 rsrq=-7 rssnr=270 cqi=NA</cellinfo>
      </extensions>
    </trkpt>
    <trkpt lat="33.382736" lon="126.599581">
      <ele>916.268899</ele>
      <time>2019-06-05T08:02:27Z</time>
      <extensions>
        <dbm>-97</dbm>
        <cellinfo>mcc=450 mnc=5 ci=32209679 pci=261 tac=9555 rssi=-59 rsrp=-97 rsrq=-8 rssnr=270 cqi=NA</cellinfo>
      </extensions>
    </trkpt>
    <trkpt lat="33.382687" lon="126.599498">
      <ele>918.138295</ele>
      <time>2019-06-05T08:02:36Z</time>
      <extensions>
        <dbm>-96</dbm>
        <cellinfo>mcc=450 mnc=5 ci=32209679 pci=261 tac=9555 rssi=-58 rsrp=-96 rsrq=-7 rssnr=270 cqi=NA</cellinfo>
      </extensions>
    </trkpt>
    <trkpt lat="33.382650" lon="126.599398">
      <ele>919.684038</ele>
      <time>2019-06-05T08:02:45Z</time>
      <extensions>
        <dbm>-99</dbm>
        <cellinfo>mcc=450 mnc=5 ci=32209679 pci=261 tac=9555 rssi=-59 rsrp=-99 rsrq=-8 rssnr=270 cqi=NA</cellinfo>
      </extensions>
    </trkpt>
    <trkpt lat="33.382609" lon="126.599307">
      <ele>920.737061</ele>
      <time>2019-06-05T08:02:57Z</time>
      <extensions>
        <dbm>-100</dbm>
        <cellinfo>mcc=450 mnc=5 ci=32209679 pci=261 tac=9555 rssi=-59 rsrp=-100 rsrq=-7 rssnr=270 cqi=NA</cellinfo>
      </extensions>
    </trkpt>
    <trkpt lat="33.382556" lon="126.599222">
      <ele>921.630993</ele>
      <time>2019-06-05T08:03:04Z</time>
      <extensions>
        <dbm>-97</dbm>
        <cellinfo>mcc=450 mnc=5 ci=32209679 pci=261 tac=9555 rssi=-57 rsrp=-97 rsrq=-7 rssnr=270 cqi=NA</cellinfo>
      </extensions>
    </trkpt>
    <trkpt lat="33.382524" lon="126.599136">
      <ele>922.429510</ele>
      <time>2019-06-05T08:03:13Z</time>
      <extensions>
        <dbm>-96</dbm>
        <cellinfo>mcc=450 mnc=5 ci=32209679 pci=261 tac=9555 rssi=-57 rsrp=-96 rsrq=-8 rssnr=270 cqi=NA</cellinfo>
      </extensions>
    </trkpt>
    <trkpt lat="33.382517" lon="126.599029">
      <ele>923.213013</ele>
      <time>2019-06-05T08:03:24Z</time>
      <extensions>
        <dbm>-98</dbm>
        <cellinfo>mcc=450 mnc=5 ci=32209679 pci=261 tac=9555 rssi=-59 rsrp=-98 rsrq=-6 rssnr=270 cqi=NA</cellinfo>
      </extensions>
    </trkpt>
    <trkpt lat="33.382519" lon="126.598913">
      <ele>923.936379</ele>
      <time>2019-06-05T08:03:35Z</time>
      <extensions>
        <dbm>-99</dbm>
        <cellinfo>mcc=450 mnc=5 ci=32209679 pci=261 tac=9555 rssi=-58 rsrp=-99 rsrq=-7 rssnr=270 cqi=NA</cellinfo>
      </extensions>
    </trkpt>
    <trkpt lat="33.382501" lon="126.598795">
      <ele>924.965388</ele>
      <time>2019-06-05T08:03:46Z</time>
      <extensions>
        <dbm>-97</dbm>
        <cellinfo>mcc=450 mnc=5 ci=32209679 pci=261 tac=9555 rssi=-58 rsrp=-97 rsrq=-6 rssnr=270 cqi=NA</cellinfo>
      </extensions>
    </trkpt>
    <trkpt lat="33.382471" lon="126.598683">
      <ele>925.664384</ele>
      <time>2019-06-05T08:03:57Z</time>
      <extensions>
        <dbm>-93</dbm>
        <cellinfo>mcc=450 mnc=5 ci=32209679 pci=261 tac=9555 rssi=-57 rsrp=-93 rsrq=-7 rssnr=270 cqi=NA</cellinfo>
      </extensions>
    </trkpt>
    <trkpt lat="33.382428" lon="126.598584">
      <ele>926.386353</ele>
      <time>2019-06-05T08:04:06Z</time>
      <extensions>
        <dbm>-100</dbm>
        <cellinfo>mcc=450 mnc=5 ci=32209679 pci=261 tac=9555 rssi=-60 rsrp=-100 rsrq=-10 rssnr=270 cqi=NA</cellinfo>
      </extensions>
    </trkpt>
    <trkpt lat="33.382374" lon="126.598495">
      <ele>927.065108</ele>
      <time>2019-06-05T08:04:17Z</time>
      <extensions>
        <dbm>-98</dbm>
        <cellinfo>mcc=450 mnc=5 ci=32209679 pci=261 tac=9555 rssi=-57 rsrp=-98 rsrq=-6 rssnr=270 cqi=NA</cellinfo>
      </extensions>
    </trkpt>
    <trkpt lat="33.382314" lon="126.598414">
      <ele>927.795810</ele>
      <time>2019-06-05T08:04:25Z</time>
      <extensions>
        <dbm>-95</dbm>
        <cellinfo>mcc=450 mnc=5 ci=32209679 pci=261 tac=9555 rssi=-58 rsrp=-95 rsrq=-7 rssnr=270 cqi=NA</cellinfo>
      </extensions>
    </trkpt>
    <trkpt lat="33.382277" lon="126.598332">
      <ele>928.709328</ele>
      <time>2019-06-05T08:04:35Z</time>
      <extensions>
        <dbm>-92</dbm>
        <cellinfo>mcc=450 mnc=5 ci=32209679 pci=261 tac=9555 rssi=-57 rsrp=-92 rsrq=-7 rssnr=270 cqi=NA</cellinfo>
      </extensions>
    </trkpt>
    <trkpt lat="33.382243" lon="126.598256">
      <ele>929.581743</ele>
      <time>2019-06-05T08:05:16Z</time>
      <extensions>
        <dbm>-97</dbm>
        <cellinfo>mcc=450 mnc=5 ci=32209679 pci=261 tac=9555 rssi=-59 rsrp=-97 rsrq=-8 rssnr=186 cqi=NA</cellinfo>
      </extensions>
    </trkpt>
    <trkpt lat="33.382199" lon="126.598188">
      <ele>930.481112</ele>
      <time>2019-06-05T08:05:25Z</time>
      <extensions>
        <dbm>-94</dbm>
        <cellinfo>mcc=450 mnc=5 ci=32209679 pci=261 tac=9555 rssi=-57 rsrp=-94 rsrq=-7 rssnr=186 cqi=NA</cellinfo>
      </extensions>
    </trkpt>
    <trkpt lat="33.382131" lon="126.598122">
      <ele>931.573120</ele>
      <time>2019-06-05T08:05:35Z</time>
      <extensions>
        <dbm>-92</dbm>
        <cellinfo>mcc=450 mnc=5 ci=32209679 pci=261 tac=9555 rssi=-57 rsrp=-92 rsrq=-7 rssnr=186 cqi=NA</cellinfo>
      </extensions>
    </trkpt>
    <trkpt lat="33.382054" lon="126.598050">
      <ele>933.010110</ele>
      <time>2019-06-05T08:05:44Z</time>
      <extensions>
        <dbm>-100</dbm>
        <cellinfo>mcc=450 mnc=5 ci=32209679 pci=261 tac=9555 rssi=-59 rsrp=-100 rsrq=-7 rssnr=186 cqi=NA</cellinfo>
      </extensions>
    </trkpt>
    <trkpt lat="33.381980" lon="126.597970">
      <ele>935.018921</ele>
      <time>2019-06-05T08:05:56Z</time>
      <extensions>
        <dbm>-97</dbm>
        <cellinfo>mcc=450 mnc=5 ci=32209679 pci=261 tac=9555 rssi=-57 rsrp=-97 rsrq=-9 rssnr=186 cqi=NA</cellinfo>
      </extensions>
    </trkpt>
    <trkpt lat="33.381916" lon="126.597884">
      <ele>936.857622</ele>
      <time>2019-06-05T08:06:07Z</time>
      <extensions>
        <dbm>-96</dbm>
        <cellinfo>mcc=450 mnc=5 ci=32209679 pci=261 tac=9555 rssi=-58 rsrp=-96 rsrq=-7 rssnr=186 cqi=NA</cellinfo>
      </extensions>
    </trkpt>
    <trkpt lat="33.381868" lon="126.597793">
      <ele>938.762373</ele>
      <time>2019-06-05T08:06:18Z</time>
      <extensions>
        <dbm>-93</dbm>
        <cellinfo>mcc=450 mnc=5 ci=32209679 pci=261 tac=9555 rssi=-58 rsrp=-93 rsrq=-7 rssnr=186 cqi=NA</cellinfo>
      </extensions>
    </trkpt>
    <trkpt lat="33.381824" lon="126.597697">
      <ele>940.748890</ele>
      <time>2019-06-05T08:06:30Z</time>
      <extensions>
        <dbm>-96</dbm>
        <cellinfo>mcc=450 mnc=5 ci=32209679 pci=261 tac=9555 rssi=-59 rsrp=-96 rsrq=-8 rssnr=186 cqi=NA</cellinfo>
      </extensions>
    </trkpt>
    <trkpt lat="33.381764" lon="126.597627">
      <ele>942.891668</ele>
      <time>2019-06-05T08:06:41Z</time>
      <extensions>
        <dbm>-94</dbm>
        <cellinfo>mcc=450 mnc=5 ci=32209679 pci=261 tac=9555 rssi=-58 rsrp=-94 rsrq=-9 rssnr=186 cqi=NA</cellinfo>
      </extensions>
    </trkpt>
    <trkpt lat="33.381686" lon="126.597566">
      <ele>945.007524</ele>
      <time>2019-06-05T08:06:50Z</time>
      <extensions>
        <dbm>-93</dbm>
        <cellinfo>mcc=450 mnc=5 ci=32209679 pci=261 tac=9555 rssi=-58 rsrp=-93 rsrq=-7 rssnr=186 cqi=NA</cellinfo>
      </extensions>
    </trkpt>
    <trkpt lat="33.381602" lon="126.597513">
      <ele>947.077304</ele>
      <time>2019-06-05T08:07:03Z</time>
      <extensions>
        <dbm>-94</dbm>
        <cellinfo>mcc=450 mnc=5 ci=32209679 pci=261 tac=9555 rssi=-58 rsrp=-94 rsrq=-6 rssnr=186 cqi=NA</cellinfo>
      </extensions>
    </trkpt>
    <trkpt lat="33.381538" lon="126.597434">
      <ele>949.314786</ele>
      <time>2019-06-05T08:07:14Z</time>
      <extensions>
        <dbm>-97</dbm>
        <cellinfo>mcc=450 mnc=5 ci=32209679 pci=261 tac=9555 rssi=-58 rsrp=-97 rsrq=-8 rssnr=186 cqi=NA</cellinfo>
      </extensions>
    </trkpt>
    <trkpt lat="33.381496" lon="126.597342">
      <ele>951.535511</ele>
      <time>2019-06-05T08:07:25Z</time>
      <extensions>
        <dbm>-92</dbm>
        <cellinfo>mcc=450 mnc=5 ci=32209679 pci=261 tac=9555 rssi=-58 rsrp=-92 rsrq=-10 rssnr=186 cqi=NA</cellinfo>
      </extensions>
    </trkpt>
    <trkpt lat="33.381458" lon="126.597238">
      <ele>953.729403</ele>
      <time>2019-06-05T08:07:37Z</time>
      <extensions>
        <dbm>-97</dbm>
        <cellinfo>mcc=450 mnc=5 ci=32209679 pci=261 tac=9555 rssi=-59 rsrp=-97 rsrq=-7 rssnr=186 cqi=NA</cellinfo>
      </extensions>
    </trkpt>
    <trkpt lat="33.381401" lon="126.597148">
      <ele>955.738148</ele>
      <time>2019-06-05T08:07:50Z</time>
      <extensions>
        <dbm>-94</dbm>
        <cellinfo>mcc=450 mnc=5 ci=32209679 pci=261 tac=9555 rssi=-58 rsrp=-94 rsrq=-6 rssnr=186 cqi=NA</cellinfo>
      </extensions>
    </trkpt>
    <trkpt lat="33.381332" lon="126.597073">
      <ele>957.406294</ele>
      <time>2019-06-05T08:08:01Z</time>
      <extensions>
        <dbm>-95</dbm>
        <cellinfo>mcc=450 mnc=5 ci=32209679 pci=261 tac=9555 rssi=-58 rsrp=-95 rsrq=-9 rssnr=186 cqi=NA</cellinfo>
      </extensions>
    </trkpt>
    <trkpt lat="33.381257" lon="126.597012">
      <ele>958.977350</ele>
      <time>2019-06-05T08:08:09Z</time>
      <extensions>
        <dbm>-92</dbm>
        <cellinfo>mcc=450 mnc=5 ci=32209679 pci=261 tac=9555 rssi=-58 rsrp=-92 rsrq=-8 rssnr=186 cqi=NA</cellinfo>
      </extensions>
    </trkpt>
    <trkpt lat="33.381201" lon="126.596937">
      <ele>960.496360</ele>
      <time>2019-06-05T08:08:19Z</time>
      <extensions>
        <dbm>-97</dbm>
        <cellinfo>mcc=450 mnc=5 ci=32209679 pci=261 tac=9555 rssi=-57 rsrp=-97 rsrq=-8 rssnr=186 cqi=NA</cellinfo>
      </extensions>
    </trkpt>
    <trkpt lat="33.381158" lon="126.596848">
      <ele>961.914728</ele>
      <time>2019-06-05T08:08:32Z</time>
      <extensions>
        <dbm>-95</dbm>
        <cellinfo>mcc=450 mnc=5 ci=32209679 pci=261 tac=9555 rssi=-58 rsrp=-95 rsrq=-6 rssnr=186 cqi=NA</cellinfo>
      </extensions>
    </trkpt>
    <trkpt lat="33.381136" lon="126.596737">
      <ele>964.258789</ele>
      <time>2019-06-05T08:08:46Z</time>
      <extensions>
        <dbm>-95</dbm>
        <cellinfo>mcc=450 mnc=5 ci=32209679 pci=261 tac=9555 rssi=-58 rsrp=-95 rsrq=-6 rssnr=186 cqi=NA</cellinfo>
      </extensions>
    </trkpt>
    <trkpt lat="33.381120" lon="126.596623">
      <ele>965.777881</ele>
      <time>2019-06-05T08:08:59Z</time>
      <extensions>
        <dbm>-100</dbm>
        <cellinfo>mcc=450 mnc=5 ci=32209679 pci=261 tac=9555 rssi=-60 rsrp=-100 rsrq=-10 rssnr=186 cqi=NA</cellinfo>
      </extensions>
    </trkpt>
    <trkpt lat="33.381102" lon="126.596507">
      <ele>967.180835</ele>
      <time>2019-06-05T08:09:07Z</time>
      <extensions>
        <dbm>-99</dbm>
        <cellinfo>mcc=450 mnc=5 ci=32209679 pci=261 tac=9555 rssi=-61 rsrp=-99 rsrq=-10 rssnr=186 cqi=NA</cellinfo>
      </extensions>
    </trkpt>
    <trkpt lat="33.381074" lon="126.596400">
      <ele>968.560449</ele>
      <time>2019-06-05T08:09:15Z</time>
      <extensions>
        <dbm>-98</dbm>
        <cellinfo>mcc=450 mnc=5 ci=32209679 pci=261 tac=9555 rssi=-59 rsrp=-98 rsrq=-7 rssnr=186 cqi=NA</cellinfo>
      </extensions>
    </trkpt>
    <trkpt lat="33.381038" lon="126.596297">
      <ele>969.007380</ele>
      <time>2019-06-05T08:09:22Z</time>
      <extensions>
        <dbm>-99</dbm>
        <cellinfo>mcc=450 mnc=5 ci=32209679 pci=261 tac=9555 rssi=-59 rsrp=-99 rsrq=-7 rssnr=186 cqi=NA</cellinfo>
      </extensions>
    </trkpt>
    <trkpt lat="33.380992" lon="126.596206">
      <ele>970.167958</ele>
      <time>2019-06-05T08:09:31Z</time>
      <extensions>
        <dbm>-99</dbm>
        <cellinfo>mcc=450 mnc=5 ci=32209679 pci=261 tac=9555 rssi=-59 rsrp=-99 rsrq=-8 rssnr=186 cqi=NA</cellinfo>
      </extensions>
    </trkpt>
    <trkpt lat="33.380948" lon="126.596116">
      <ele>971.702917</ele>
      <time>2019-06-05T08:09:43Z</time>
      <extensions>
        <dbm>-105</dbm>
        <cellinfo>mcc=450 mnc=5 ci=32209679 pci=261 tac=9555 rssi=-62 rsrp=-105 rsrq=-9 rssnr=186 cqi=NA</cellinfo>
      </extensions>
    </trkpt>
    <trkpt lat="33.380913" lon="126.596024">
      <ele>972.063865</ele>
      <time>2019-06-05T08:09:53Z</time>
      <extensions>
        <dbm>-100</dbm>
        <cellinfo>mcc=450 mnc=5 ci=32209679 pci=261 tac=9555 rssi=-60 rsrp=-100 rsrq=-8 rssnr=186 cqi=NA</cellinfo>
      </extensions>
    </trkpt>
    <trkpt lat="33.380890" lon="126.595921">
      <ele>973.454382</ele>
      <time>2019-06-05T08:10:07Z</time>
      <extensions>
        <dbm>-99</dbm>
        <cellinfo>mcc=450 mnc=5 ci=32209679 pci=261 tac=9555 rssi=-59 rsrp=-99 rsrq=-7 rssnr=186 cqi=NA</cellinfo>
      </extensions>
    </trkpt>
    <trkpt lat="33.380866" lon="126.595811">
      <ele>974.361499</ele>
      <time>2019-06-05T08:10:19Z</time>
      <extensions>
        <dbm>-97</dbm>
        <cellinfo>mcc=450 mnc=5 ci=32209679 pci=261 tac=9555 rssi=-59 rsrp=-97 rsrq=-8 rssnr=186 cqi=NA</cellinfo>
      </extensions>
    </trkpt>
    <trkpt lat="33.380837" lon="126.595699">
      <ele>975.126025</ele>
      <time>2019-06-05T08:10:30Z</time>
      <extensions>
        <dbm>-94</dbm>
        <cellinfo>mcc=450 mnc=5 ci=32209679 pci=261 tac=9555 rssi=-58 rsrp=-94 rsrq=-6 rssnr=186 cqi=NA</cellinfo>
      </extensions>
    </trkpt>
    <trkpt lat="33.380809" lon="126.595585">
      <ele>976.585059</ele>
      <time>2019-06-05T08:10:40Z</time>
      <extensions>
        <dbm>-93</dbm>
        <cellinfo>mcc=450 mnc=5 ci=32209679 pci=261 tac=9555 rssi=-57 rsrp=-93 rsrq=-6 rssnr=186 cqi=NA</cellinfo>
      </extensions>
    </trkpt>
    <trkpt lat="33.380790" lon="126.595469">
      <ele>978.117944</ele>
      <time>2019-06-05T08:10:50Z</time>
      <extensions>
        <dbm>-97</dbm>
        <cellinfo>mcc=450 mnc=5 ci=32209679 pci=261 tac=9555 rssi=-59 rsrp=-97 rsrq=-7 rssnr=186 cqi=NA</cellinfo>
      </extensions>
    </trkpt>
    <trkpt lat="33.380764" lon="126.595360">
      <ele>979.697925</ele>
      <time>2019-06-05T08:11:00Z</time>
      <extensions>
        <dbm>-100</dbm>
        <cellinfo>mcc=450 mnc=5 ci=32209679 pci=261 tac=9555 rssi=-59 rsrp=-100 rsrq=-7 rssnr=186 cqi=NA</cellinfo>
      </extensions>
    </trkpt>
    <trkpt lat="33.380743" lon="126.595254">
      <ele>981.334509</ele>
      <time>2019-06-05T08:11:10Z</time>
      <extensions>
        <dbm>-98</dbm>
        <cellinfo>mcc=450 mnc=5 ci=32209679 pci=261 tac=9555 rssi=-59 rsrp=-98 rsrq=-7 rssnr=186 cqi=NA</cellinfo>
      </extensions>
    </trkpt>
    <trkpt lat="33.380740" lon="126.595151">
      <ele>982.932336</ele>
      <time>2019-06-05T08:11:21Z</time>
      <extensions>
        <dbm>-92</dbm>
        <cellinfo>mcc=450 mnc=5 ci=32209679 pci=261 tac=9555 rssi=-57 rsrp=-92 rsrq=-4 rssnr=186 cqi=NA</cellinfo>
      </extensions>
    </trkpt>
    <trkpt lat="33.380741" lon="126.595043">
      <ele>984.561804</ele>
      <time>2019-06-05T08:11:29Z</time>
      <extensions>
        <dbm>-94</dbm>
        <cellinfo>mcc=450 mnc=5 ci=32209679 pci=261 tac=9555 rssi=-58 rsrp=-94 rsrq=-8 rssnr=186 cqi=NA</cellinfo>
      </extensions>
    </trkpt>
    <trkpt lat="33.380756" lon="126.594933">
      <ele>986.406665</ele>
      <time>2019-06-05T08:11:39Z</time>
      <extensions>
        <dbm>-102</dbm>
        <cellinfo>mcc=450 mnc=5 ci=32209679 pci=261 tac=9555 rssi=-60 rsrp=-102 rsrq=-9 rssnr=186 cqi=NA</cellinfo>
      </extensions>
    </trkpt>
    <trkpt lat="33.380763" lon="126.594820">
      <ele>988.403638</ele>
      <time>2019-06-05T08:11:53Z</time>
      <extensions>
        <dbm>-104</dbm>
        <cellinfo>mcc=450 mnc=5 ci=32209679 pci=261 tac=9555 rssi=-61 rsrp=-104 rsrq=-9 rssnr=186 cqi=NA</cellinfo>
      </extensions>
    </trkpt>
    <trkpt lat="33.380793" lon="126.594710">
      <ele>990.506494</ele>
      <time>2019-06-05T08:12:02Z</time>
      <extensions>
        <dbm>-100</dbm>
        <cellinfo>mcc=450 mnc=5 ci=32209679 pci=261 tac=9555 rssi=-60 rsrp=-100 rsrq=-8 rssnr=186 cqi=NA</cellinfo>
      </extensions>
    </trkpt>
    <trkpt lat="33.380802" lon="126.594606">
      <ele>992.559631</ele>
      <time>2019-06-05T08:12:10Z</time>
      <extensions>
        <dbm>-101</dbm>
        <cellinfo>mcc=450 mnc=5 ci=32209679 pci=261 tac=9555 rssi=-60 rsrp=-101 rsrq=-10 rssnr=186 cqi=NA</cellinfo>
      </extensions>
    </trkpt>
    <trkpt lat="33.380809" lon="126.594502">
      <ele>993.155795</ele>
      <time>2019-06-05T08:12:19Z</time>
      <extensions>
        <dbm>-99</dbm>
        <cellinfo>mcc=450 mnc=5 ci=32209679 pci=261 tac=9555 rssi=-60 rsrp=-99 rsrq=-9 rssnr=186 cqi=NA</cellinfo>
      </extensions>
    </trkpt>
    <trkpt lat="33.380787" lon="126.594392">
      <ele>994.849683</ele>
      <time>2019-06-05T08:12:27Z</time>
      <extensions>
        <dbm>-97</dbm>
        <cellinfo>mcc=450 mnc=5 ci=32209679 pci=261 tac=9555 rssi=-58 rsrp=-97 rsrq=-7 rssnr=186 cqi=NA</cellinfo>
      </extensions>
    </trkpt>
    <trkpt lat="33.380750" lon="126.594288">
      <ele>995.298251</ele>
      <time>2019-06-05T08:12:40Z</time>
      <extensions>
        <dbm>-95</dbm>
        <cellinfo>mcc=450 mnc=5 ci=32209679 pci=261 tac=9555 rssi=-58 rsrp=-95 rsrq=-6 rssnr=186 cqi=NA</cellinfo>
      </extensions>
    </trkpt>
    <trkpt lat="33.380688" lon="126.594196">
      <ele>996.273016</ele>
      <time>2019-06-05T08:12:51Z</time>
      <extensions>
        <dbm>-100</dbm>
        <cellinfo>mcc=450 mnc=5 ci=32209679 pci=261 tac=9555 rssi=-59 rsrp=-100 rsrq=-7 rssnr=186 cqi=NA</cellinfo>
      </extensions>
    </trkpt>
    <trkpt lat="33.380605" lon="126.594135">
      <ele>997.822986</ele>
      <time>2019-06-05T08:13:02Z</time>
      <extensions>
        <dbm>-100</dbm>
        <cellinfo>mcc=450 mnc=5 ci=32209679 pci=261 tac=9555 rssi=-60 rsrp=-100 rsrq=-8 rssnr=186 cqi=NA</cellinfo>
      </extensions>
    </trkpt>
    <trkpt lat="33.380534" lon="126.594077">
      <ele>998.018848</ele>
      <time>2019-06-05T08:13:13Z</time>
      <extensions>
        <dbm>-102</dbm>
        <cellinfo>mcc=450 mnc=5 ci=32208911 pci=393 tac=9555 rssi=-59 rsrp=-102 rsrq=-8 rssnr=186 cqi=NA</cellinfo>
      </extensions>
    </trkpt>
    <trkpt lat="33.380472" lon="126.594024">
      <ele>998.295044</ele>
      <time>2019-06-05T08:13:20Z</time>
      <extensions>
        <dbm>-102</dbm>
        <cellinfo>mcc=450 mnc=5 ci=32208911 pci=393 tac=9555 rssi=-59 rsrp=-102 rsrq=-8 rssnr=186 cqi=NA</cellinfo>
      </extensions>
    </trkpt>
    <trkpt lat="33.380425" lon="126.593950">
      <ele>998.950328</ele>
      <time>2019-06-05T08:13:26Z</time>
      <extensions>
        <dbm>-96</dbm>
        <cellinfo>mcc=450 mnc=5 ci=32208911 pci=393 tac=9555 rssi=-58 rsrp=-96 rsrq=-5 rssnr=186 cqi=NA</cellinfo>
      </extensions>
    </trkpt>
    <trkpt lat="33.380381" lon="126.593862">
      <ele>999.622292</ele>
      <time>2019-06-05T08:13:34Z</time>
      <extensions>
        <dbm>-95</dbm>
        <cellinfo>mcc=450 mnc=5 ci=32208911 pci=393 tac=9555 rssi=-59 rsrp=-95 rsrq=-7 rssnr=186 cqi=NA</cellinfo>
      </extensions>
    </trkpt>
    <trkpt lat="33.380348" lon="126.593758">
      <ele>1000.252686</ele>
      <time>2019-06-05T08:13:42Z</time>
      <extensions>
        <dbm>-86</dbm>
        <cellinfo>mcc=450 mnc=5 ci=32208911 pci=393 tac=9555 rssi=-55 rsrp=-86 rsrq=-3 rssnr=186 cqi=NA</cellinfo>
      </extensions>
    </trkpt>
    <trkpt lat="33.380339" lon="126.593644">
      <ele>1000.817494</ele>
      <time>2019-06-05T08:13:50Z</time>
      <extensions>
        <dbm>-98</dbm>
        <cellinfo>mcc=450 mnc=5 ci=32208911 pci=393 tac=9555 rssi=-59 rsrp=-98 rsrq=-6 rssnr=186 cqi=NA</cellinfo>
      </extensions>
    </trkpt>
    <trkpt lat="33.380332" lon="126.593524">
      <ele>1001.394298</ele>
      <time>2019-06-05T08:13:59Z</time>
      <extensions>
        <dbm>-96</dbm>
        <cellinfo>mcc=450 mnc=5 ci=32208911 pci=393 tac=9555 rssi=-58 rsrp=-96 rsrq=-7 rssnr=186 cqi=NA</cellinfo>
      </extensions>
    </trkpt>
    <trkpt lat="33.380319" lon="126.593407">
      <ele>1002.233199</ele>
      <time>2019-06-05T08:14:10Z</time>
      <extensions>
        <dbm>-90</dbm>
        <cellinfo>mcc=450 mnc=5 ci=32208911 pci=393 tac=9555 rssi=-57 rsrp=-90 rsrq=-6 rssnr=186 cqi=NA</cellinfo>
      </extensions>
    </trkpt>
    <trkpt lat="33.380295" lon="126.593295">
      <ele>1003.095659</ele>
      <time>2019-06-05T08:14:19Z</time>
      <extensions>
        <dbm>-82</dbm>
        <cellinfo>mcc=450 mnc=5 ci=32208911 pci=393 tac=9555 rssi=-55 rsrp=-82 rsrq=-6 rssnr=186 cqi=NA</cellinfo>
      </extensions>
    </trkpt>
    <trkpt lat="33.380268" lon="126.593185">
      <ele>1004.365369</ele>
      <time>2019-06-05T08:14:29Z</time>
      <extensions>
        <dbm>-91</dbm>
        <cellinfo>mcc=450 mnc=5 ci=32208911 pci=393 tac=9555 rssi=-56 rsrp=-91 rsrq=-6 rssnr=186 cqi=NA</cellinfo>
      </extensions>
    </trkpt>
    <trkpt lat="33.380246" lon="126.593069">
      <ele>1004.835016</ele>
      <time>2019-06-05T08:14:39Z</time>
      <extensions>
        <dbm>-98</dbm>
        <cellinfo>mcc=450 mnc=5 ci=32208907 pci=393 tac=9555 rssi=-59 rsrp=-98 rsrq=-5 rssnr=186 cqi=NA</cellinfo>
      </extensions>
    </trkpt>
    <trkpt lat="33.380220" lon="126.592954">
      <ele>1005.936479</ele>
      <time>2019-06-05T08:14:47Z</time>
      <extensions>
        <dbm>-101</dbm>
        <cellinfo>mcc=450 mnc=5 ci=32208907 pci=393 tac=9555 rssi=-60 rsrp=-101 rsrq=-6 rssnr=186 cqi=NA</cellinfo>
      </extensions>
    </trkpt>
    <trkpt lat="33.380215" lon="126.592845">
      <ele>1006.972024</ele>
      <time>2019-06-05T08:14:58Z</time>
      <extensions>
        <dbm>-100</dbm>
        <cellinfo>mcc=450 mnc=5 ci=32208907 pci=393 tac=9555 rssi=-60 rsrp=-100 rsrq=-7 rssnr=186 cqi=NA</cellinfo>
      </extensions>
    </trkpt>
    <trkpt lat="33.380208" lon="126.592736">
      <ele>1008.022672</ele>
      <time>2019-06-05T08:15:08Z</time>
      <extensions>
        <dbm>-81</dbm>
        <cellinfo>mcc=450 mnc=5 ci=32208911 pci=393 tac=9555 rssi=-54 rsrp=-81 rsrq=-4 rssnr=186 cqi=NA</cellinfo>
      </extensions>
    </trkpt>
    <trkpt lat="33.380203" lon="126.592625">
      <ele>1008.857189</ele>
      <time>2019-06-05T08:15:18Z</time>
      <extensions>
        <dbm>-87</dbm>
        <cellinfo>mcc=450 mnc=5 ci=32208911 pci=393 tac=9555 rssi=-55 rsrp=-87 rsrq=-6 rssnr=186 cqi=NA</cellinfo>
      </extensions>
    </trkpt>
    <trkpt lat="33.380191" lon="126.592505">
      <ele>1010.481982</ele>
      <time>2019-06-05T08:15:28Z</time>
      <extensions>
        <dbm>-95</dbm>
        <cellinfo>mcc=450 mnc=5 ci=32208907 pci=393 tac=9555 rssi=-58 rsrp=-95 rsrq=-4 rssnr=186 cqi=NA</cellinfo>
      </extensions>
    </trkpt>
    <trkpt lat="33.380179" lon="126.592382">
      <ele>1011.324097</ele>
      <time>2019-06-05T08:15:37Z</time>
      <extensions>
        <dbm>-90</dbm>
        <cellinfo>mcc=450 mnc=5 ci=32208907 pci=393 tac=9555 rssi=-57 rsrp=-90 rsrq=-3 rssnr=186 cqi=NA</cellinfo>
      </extensions>
    </trkpt>
    <trkpt lat="33.380163" lon="126.592266">
      <ele>1011.567927</ele>
      <time>2019-06-05T08:15:47Z</time>
      <extensions>
        <dbm>-98</dbm>
        <cellinfo>mcc=450 mnc=5 ci=32208907 pci=393 tac=9555 rssi=-59 rsrp=-98 rsrq=-5 rssnr=186 cqi=NA</cellinfo>
      </extensions>
    </trkpt>
    <trkpt lat="33.380114" lon="126.592173">
      <ele>1012.507678</ele>
      <time>2019-06-05T08:15:54Z</time>
      <extensions>
        <dbm>-97</dbm>
        <cellinfo>mcc=450 mnc=5 ci=32208907 pci=393 tac=9555 rssi=-59 rsrp=-97 rsrq=-5 rssnr=186 cqi=NA</cellinfo>
      </extensions>
    </trkpt>
    <trkpt lat="33.380056" lon="126.592092">
      <ele>1013.108960</ele>
      <time>2019-06-05T08:16:02Z</time>
      <extensions>
        <dbm>-88</dbm>
        <cellinfo>mcc=450 mnc=5 ci=32208911 pci=393 tac=9555 rssi=-57 rsrp=-88 rsrq=-7 rssnr=186 cqi=NA</cellinfo>
      </extensions>
    </trkpt>
    <trkpt lat="33.379998" lon="126.592010">
      <ele>1013.773755</ele>
      <time>2019-06-05T08:16:08Z</time>
      <extensions>
        <dbm>-104</dbm>
        <cellinfo>mcc=450 mnc=5 ci=32208907 pci=393 tac=9555 rssi=-61 rsrp=-104 rsrq=-6 rssnr=186 cqi=NA</cellinfo>
      </extensions>
    </trkpt>
    <trkpt lat="33.379959" lon="126.591924">
      <ele>1014.245508</ele>
      <time>2019-06-05T08:16:16Z</time>
      <extensions>
        <dbm>-87</dbm>
        <cellinfo>mcc=450 mnc=5 ci=32208911 pci=393 tac=9555 rssi=-55 rsrp=-87 rsrq=-5 rssnr=186 cqi=NA</cellinfo>
      </extensions>
    </trkpt>
    <trkpt lat="33.379923" lon="126.591838">
      <ele>1014.745618</ele>
      <time>2019-06-05T08:16:24Z</time>
      <extensions>
        <dbm>-102</dbm>
        <cellinfo>mcc=450 mnc=5 ci=32208907 pci=393 tac=9555 rssi=-61 rsrp=-102 rsrq=-8 rssnr=186 cqi=NA</cellinfo>
      </extensions>
    </trkpt>
    <trkpt lat="33.379901" lon="126.591750">
      <ele>1015.361218</ele>
      <time>2019-06-05T08:16:31Z</time>
      <extensions>
        <dbm>-99</dbm>
        <cellinfo>mcc=450 mnc=5 ci=32208907 pci=393 tac=9555 rssi=-59 rsrp=-99 rsrq=-5 rssnr=186 cqi=NA</cellinfo>
      </extensions>
    </trkpt>
    <trkpt lat="33.379893" lon="126.591654">
      <ele>1015.688743</ele>
      <time>2019-06-05T08:16:39Z</time>
      <extensions>
        <dbm>-93</dbm>
        <cellinfo>mcc=450 mnc=5 ci=32208907 pci=393 tac=9555 rssi=-58 rsrp=-93 rsrq=-5 rssnr=186 cqi=NA</cellinfo>
      </extensions>
    </trkpt>
    <trkpt lat="33.379910" lon="126.591548">
      <ele>1016.522883</ele>
      <time>2019-06-05T08:16:47Z</time>
      <extensions>
        <dbm>-96</dbm>
        <cellinfo>mcc=450 mnc=5 ci=32208907 pci=393 tac=9555 rssi=-59 rsrp=-96 rsrq=-7 rssnr=186 cqi=NA</cellinfo>
      </extensions>
    </trkpt>
    <trkpt lat="33.379925" lon="126.591439">
      <ele>1017.728427</ele>
      <time>2019-06-05T08:16:56Z</time>
      <extensions>
        <dbm>-88</dbm>
        <cellinfo>mcc=450 mnc=5 ci=32208907 pci=393 tac=9555 rssi=-56 rsrp=-88 rsrq=-4 rssnr=186 cqi=NA</cellinfo>
      </extensions>
    </trkpt>
    <trkpt lat="33.379941" lon="126.591319">
      <ele>1019.279187</ele>
      <time>2019-06-05T08:17:08Z</time>
      <extensions>
        <dbm>-87</dbm>
        <cellinfo>mcc=450 mnc=5 ci=32208907 pci=393 tac=9555 rssi=-55 rsrp=-87 rsrq=-5 rssnr=186 cqi=NA</cellinfo>
      </extensions>
    </trkpt>
    <trkpt lat="33.379931" lon="126.591202">
      <ele>1020.668555</ele>
      <time>2019-06-05T08:17:19Z</time>
      <extensions>
        <dbm>-88</dbm>
        <cellinfo>mcc=450 mnc=5 ci=32208907 pci=393 tac=9555 rssi=-56 rsrp=-88 rsrq=-6 rssnr=186 cqi=NA</cellinfo>
      </extensions>
    </trkpt>
    <trkpt lat="33.379910" lon="126.591080">
      <ele>1022.482507</ele>
      <time>2019-06-05T08:17:30Z</time>
      <extensions>
        <dbm>-77</dbm>
        <cellinfo>mcc=450 mnc=5 ci=32208907 pci=393 tac=9555 rssi=-54 rsrp=-77 rsrq=-5 rssnr=186 cqi=NA</cellinfo>
      </extensions>
    </trkpt>
    <trkpt lat="33.379918" lon="126.590975">
      <ele>1024.287854</ele>
      <time>2019-06-05T08:17:38Z</time>
      <extensions>
        <dbm>-76</dbm>
        <cellinfo>mcc=450 mnc=5 ci=32208907 pci=393 tac=9555 rssi=-53 rsrp=-76 rsrq=-6 rssnr=186 cqi=NA</cellinfo>
      </extensions>
    </trkpt>
    <trkpt lat="33.379938" lon="126.590864">
      <ele>1026.135693</ele>
      <time>2019-06-05T08:18:09Z</time>
      <extensions>
        <dbm>-82</dbm>
        <cellinfo>mcc=450 mnc=5 ci=32208907 pci=393 tac=9555 rssi=-54 rsrp=-82 rsrq=-5 rssnr=300 cqi=NA</cellinfo>
      </extensions>
    </trkpt>
    <trkpt lat="33.379979" lon="126.590764">
      <ele>1027.954895</ele>
      <time>2019-06-05T08:19:38Z</time>
      <extensions>
        <dbm>-71</dbm>
        <cellinfo>mcc=450 mnc=5 ci=51056660 pci=NA tac=8578 rssi=-71 rsrp=NA rsrq=NA rssnr=NA cqi=NA</cellinfo>
      </extensions>
    </trkpt>
    <trkpt lat="33.379990" lon="126.590648">
      <ele>1029.648730</ele>
      <time>2019-06-05T08:19:47Z</time>
      <extensions>
        <dbm>-69</dbm>
        <cellinfo>mcc=450 mnc=5 ci=51056660 pci=NA tac=8578 rssi=-69 rsrp=NA rsrq=NA rssnr=NA cqi=NA</cellinfo>
      </extensions>
    </trkpt>
    <trkpt lat="33.379997" lon="126.590531">
      <ele>1031.519690</ele>
      <time>2019-06-05T08:19:57Z</time>
      <extensions>
        <dbm>-79</dbm>
        <cellinfo>mcc=450 mnc=5 ci=51056660 pci=NA tac=8578 rssi=-79 rsrp=NA rsrq=NA rssnr=NA cqi=NA</cellinfo>
      </extensions>
    </trkpt>
    <trkpt lat="33.379987" lon="126.590408">
      <ele>1032.927930</ele>
      <time>2019-06-05T08:20:11Z</time>
      <extensions>
        <dbm>-75</dbm>
        <cellinfo>mcc=450 mnc=5 ci=51056660 pci=NA tac=8578 rssi=-75 rsrp=NA rsrq=NA rssnr=NA cqi=NA</cellinfo>
      </extensions>
    </trkpt>
    <trkpt lat="33.379958" lon="126.590312">
      <ele>1033.783270</ele>
      <time>2019-06-05T08:20:20Z</time>
      <extensions>
        <dbm>-79</dbm>
        <cellinfo>mcc=450 mnc=5 ci=32208907 pci=393 tac=9555 rssi=-55 rsrp=-79 rsrq=-6 rssnr=300 cqi=NA</cellinfo>
      </extensions>
    </trkpt>
    <trkpt lat="33.379919" lon="126.590218">
      <ele>1035.362038</ele>
      <time>2019-06-05T08:20:28Z</time>
      <extensions>
        <dbm>-88</dbm>
        <cellinfo>mcc=450 mnc=5 ci=32208907 pci=393 tac=9555 rssi=-57 rsrp=-88 rsrq=-5 rssnr=300 cqi=NA</cellinfo>
      </extensions>
    </trkpt>
    <trkpt lat="33.379873" lon="126.590128">
      <ele>1036.966664</ele>
      <time>2019-06-05T08:20:39Z</time>
      <extensions>
        <dbm>-81</dbm>
        <cellinfo>mcc=450 mnc=5 ci=32208907 pci=393 tac=9555 rssi=-55 rsrp=-81 rsrq=-5 rssnr=300 cqi=NA</cellinfo>
      </extensions>
    </trkpt>
    <trkpt lat="33.379824" lon="126.590028">
      <ele>1039.236633</ele>
      <time>2019-06-05T08:20:49Z</time>
      <extensions>
        <dbm>-87</dbm>
        <cellinfo>mcc=450 mnc=5 ci=32208907 pci=393 tac=9555 rssi=-56 rsrp=-87 rsrq=-5 rssnr=300 cqi=NA</cellinfo>
      </extensions>
    </trkpt>
    <trkpt lat="33.379788" lon="126.589924">
      <ele>1040.643481</ele>
      <time>2019-06-05T08:20:57Z</time>
      <extensions>
        <dbm>-82</dbm>
        <cellinfo>mcc=450 mnc=5 ci=32208907 pci=393 tac=9555 rssi=-55 rsrp=-82 rsrq=-5 rssnr=300 cqi=NA</cellinfo>
      </extensions>
    </trkpt>
    <trkpt lat="33.379764" lon="126.589821">
      <ele>1041.971118</ele>
      <time>2019-06-05T08:21:07Z</time>
      <extensions>
        <dbm>-82</dbm>
        <cellinfo>mcc=450 mnc=5 ci=32208907 pci=393 tac=9555 rssi=-55 rsrp=-82 rsrq=-5 rssnr=300 cqi=NA</cellinfo>
      </extensions>
    </trkpt>
    <trkpt lat="33.379755" lon="126.589704">
      <ele>1043.464075</ele>
      <time>2019-06-05T08:21:17Z</time>
      <extensions>
        <dbm>-79</dbm>
        <cellinfo>mcc=450 mnc=5 ci=32208907 pci=393 tac=9555 rssi=-54 rsrp=-79 rsrq=-5 rssnr=300 cqi=NA</cellinfo>
      </extensions>
    </trkpt>
    <trkpt lat="33.379737" lon="126.589592">
      <ele>1044.984607</ele>
      <time>2019-06-05T08:21:28Z</time>
      <extensions>
        <dbm>-80</dbm>
        <cellinfo>mcc=450 mnc=5 ci=32208907 pci=393 tac=9555 rssi=-55 rsrp=-80 rsrq=-6 rssnr=300 cqi=NA</cellinfo>
      </extensions>
    </trkpt>
    <trkpt lat="33.379690" lon="126.589497">
      <ele>1046.435144</ele>
      <time>2019-06-05T08:21:38Z</time>
      <extensions>
        <dbm>-74</dbm>
        <cellinfo>mcc=450 mnc=5 ci=32208907 pci=393 tac=9555 rssi=-52 rsrp=-74 rsrq=-4 rssnr=300 cqi=NA</cellinfo>
      </extensions>
    </trkpt>
    <trkpt lat="33.379630" lon="126.589410">
      <ele>1047.944568</ele>
      <time>2019-06-05T08:21:48Z</time>
      <extensions>
        <dbm>-78</dbm>
        <cellinfo>mcc=450 mnc=5 ci=32208907 pci=393 tac=9555 rssi=-54 rsrp=-78 rsrq=-6 rssnr=300 cqi=NA</cellinfo>
      </extensions>
    </trkpt>
    <trkpt lat="33.379578" lon="126.589321">
      <ele>1048.988855</ele>
      <time>2019-06-05T08:21:59Z</time>
      <extensions>
        <dbm>-75</dbm>
        <cellinfo>mcc=450 mnc=5 ci=32208907 pci=393 tac=9555 rssi=-53 rsrp=-75 rsrq=-6 rssnr=300 cqi=NA</cellinfo>
      </extensions>
    </trkpt>
    <trkpt lat="33.379540" lon="126.589213">
      <ele>1050.055688</ele>
      <time>2019-06-05T08:22:10Z</time>
      <extensions>
        <dbm>-78</dbm>
        <cellinfo>mcc=450 mnc=5 ci=32208907 pci=393 tac=9555 rssi=-54 rsrp=-78 rsrq=-6 rssnr=300 cqi=NA</cellinfo>
      </extensions>
    </trkpt>
    <trkpt lat="33.379508" lon="126.589103">
      <ele>1051.200989</ele>
      <time>2019-06-05T08:22:22Z</time>
      <extensions>
        <dbm>-81</dbm>
        <cellinfo>mcc=450 mnc=5 ci=32208907 pci=393 tac=9555 rssi=-55 rsrp=-81 rsrq=-6 rssnr=300 cqi=NA</cellinfo>
      </extensions>
    </trkpt>
    <trkpt lat="33.379474" lon="126.588990">
      <ele>1052.218323</ele>
      <time>2019-06-05T08:22:31Z</time>
      <extensions>
        <dbm>-87</dbm>
        <cellinfo>mcc=450 mnc=5 ci=32208907 pci=393 tac=9555 rssi=-56 rsrp=-87 rsrq=-5 rssnr=300 cqi=NA</cellinfo>
      </extensions>
    </trkpt>
    <trkpt lat="33.379452" lon="126.588877">
      <ele>1053.171753</ele>
      <time>2019-06-05T08:22:38Z</time>
      <extensions>
        <dbm>-95</dbm>
        <cellinfo>mcc=450 mnc=5 ci=32208907 pci=393 tac=9555 rssi=-58 rsrp=-95 rsrq=-5 rssnr=300 cqi=NA</cellinfo>
      </extensions>
    </trkpt>
    <trkpt lat="33.379445" lon="126.588766">
      <ele>1054.120593</ele>
      <time>2019-06-05T08:22:46Z</time>
      <extensions>
        <dbm>-85</dbm>
        <cellinfo>mcc=450 mnc=5 ci=32208911 pci=393 tac=9555 rssi=-55 rsrp=-85 rsrq=-6 rssnr=300 cqi=NA</cellinfo>
      </extensions>
    </trkpt>
    <trkpt lat="33.379434" lon="126.588660">
      <ele>1054.889807</ele>
      <time>2019-06-05T08:22:52Z</time>
      <extensions>
        <dbm>-83</dbm>
        <cellinfo>mcc=450 mnc=5 ci=32208911 pci=393 tac=9555 rssi=-55 rsrp=-83 rsrq=-6 rssnr=300 cqi=NA</cellinfo>
      </extensions>
    </trkpt>
    <trkpt lat="33.379410" lon="126.588558">
      <ele>1055.206576</ele>
      <time>2019-06-05T08:22:59Z</time>
      <extensions>
        <dbm>-86</dbm>
        <cellinfo>mcc=450 mnc=5 ci=32208911 pci=393 tac=9555 rssi=-57 rsrp=-86 rsrq=-6 rssnr=300 cqi=NA</cellinfo>
      </extensions>
    </trkpt>
    <trkpt lat="33.379380" lon="126.588451">
      <ele>1056.372559</ele>
      <time>2019-06-05T08:23:07Z</time>
      <extensions>
        <dbm>-86</dbm>
        <cellinfo>mcc=450 mnc=5 ci=32208911 pci=393 tac=9555 rssi=-55 rsrp=-86 rsrq=-6 rssnr=300 cqi=NA</cellinfo>
      </extensions>
    </trkpt>
    <trkpt lat="33.379364" lon="126.588335">
      <ele>1056.979370</ele>
      <time>2019-06-05T08:23:14Z</time>
      <extensions>
        <dbm>-86</dbm>
        <cellinfo>mcc=450 mnc=5 ci=32208911 pci=393 tac=9555 rssi=-55 rsrp=-86 rsrq=-6 rssnr=300 cqi=NA</cellinfo>
      </extensions>
    </trkpt>
    <trkpt lat="33.379357" lon="126.588217">
      <ele>1057.608105</ele>
      <time>2019-06-05T08:23:22Z</time>
      <extensions>
        <dbm>-83</dbm>
        <cellinfo>mcc=450 mnc=5 ci=32208911 pci=393 tac=9555 rssi=-54 rsrp=-83 rsrq=-5 rssnr=300 cqi=NA</cellinfo>
      </extensions>
    </trkpt>
    <trkpt lat="33.379357" lon="126.588101">
      <ele>1058.116382</ele>
      <time>2019-06-05T08:23:32Z</time>
      <extensions>
        <dbm>-94</dbm>
        <cellinfo>mcc=450 mnc=5 ci=32208907 pci=393 tac=9555 rssi=-58 rsrp=-94 rsrq=-6 rssnr=300 cqi=NA</cellinfo>
      </extensions>
    </trkpt>
    <trkpt lat="33.379350" lon="126.587994">
      <ele>1058.116382</ele>
      <time>2019-06-05T08:23:40Z</time>
      <extensions>
        <dbm>-87</dbm>
        <cellinfo>mcc=450 mnc=5 ci=32208911 pci=393 tac=9555 rssi=-55 rsrp=-87 rsrq=-5 rssnr=300 cqi=NA</cellinfo>
      </extensions>
    </trkpt>
    <trkpt lat="33.379344" lon="126.587893">
      <ele>1058.523682</ele>
      <time>2019-06-05T08:23:47Z</time>
      <extensions>
        <dbm>-96</dbm>
        <cellinfo>mcc=450 mnc=5 ci=32208907 pci=393 tac=9555 rssi=-58 rsrp=-96 rsrq=-5 rssnr=300 cqi=NA</cellinfo>
      </extensions>
    </trkpt>
    <trkpt lat="33.379350" lon="126.587788">
      <ele>1058.853003</ele>
      <time>2019-06-05T08:23:54Z</time>
      <extensions>
        <dbm>-93</dbm>
        <cellinfo>mcc=450 mnc=5 ci=32208907 pci=393 tac=9555 rssi=-58 rsrp=-93 rsrq=-5 rssnr=300 cqi=NA</cellinfo>
      </extensions>
    </trkpt>
    <trkpt lat="33.379363" lon="126.587680">
      <ele>1059.076184</ele>
      <time>2019-06-05T08:24:02Z</time>
      <extensions>
        <dbm>-93</dbm>
        <cellinfo>mcc=450 mnc=5 ci=32208907 pci=393 tac=9555 rssi=-58 rsrp=-93 rsrq=-5 rssnr=300 cqi=NA</cellinfo>
      </extensions>
    </trkpt>
    <trkpt lat="33.379373" lon="126.587563">
      <ele>1059.380432</ele>
      <time>2019-06-05T08:24:11Z</time>
      <extensions>
        <dbm>-86</dbm>
        <cellinfo>mcc=450 mnc=5 ci=32208911 pci=393 tac=9555 rssi=-56 rsrp=-86 rsrq=-6 rssnr=300 cqi=NA</cellinfo>
      </extensions>
    </trkpt>
    <trkpt lat="33.379349" lon="126.587448">
      <ele>1059.815662</ele>
      <time>2019-06-05T08:24:20Z</time>
      <extensions>
        <dbm>-85</dbm>
        <cellinfo>mcc=450 mnc=5 ci=32208911 pci=393 tac=9555 rssi=-56 rsrp=-85 rsrq=-7 rssnr=300 cqi=NA</cellinfo>
      </extensions>
    </trkpt>
    <trkpt lat="33.379317" lon="126.587345">
      <ele>1059.815662</ele>
      <time>2019-06-05T08:24:29Z</time>
      <extensions>
        <dbm>-96</dbm>
        <cellinfo>mcc=450 mnc=5 ci=32208907 pci=393 tac=9555 rssi=-59 rsrp=-96 rsrq=-6 rssnr=300 cqi=NA</cellinfo>
      </extensions>
    </trkpt>
    <trkpt lat="33.379289" lon="126.587250">
      <ele>1060.332617</ele>
      <time>2019-06-05T08:24:33Z</time>
      <extensions>
        <dbm>-85</dbm>
        <cellinfo>mcc=450 mnc=5 ci=51056660 pci=NA tac=8578 rssi=-85 rsrp=NA rsrq=NA rssnr=NA cqi=NA</cellinfo>
      </extensions>
    </trkpt>
    <trkpt lat="33.379293" lon="126.587168">
      <ele>1060.676136</ele>
      <time>2019-06-05T08:24:39Z</time>
      <extensions>
        <dbm>-89</dbm>
        <cellinfo>mcc=450 mnc=5 ci=51056660 pci=NA tac=8578 rssi=-89 rsrp=NA rsrq=NA rssnr=NA cqi=NA</cellinfo>
      </extensions>
    </trkpt>
    <trkpt lat="33.379310" lon="126.587080">
      <ele>1061.213956</ele>
      <time>2019-06-05T08:24:47Z</time>
      <extensions>
        <dbm>-89</dbm>
        <cellinfo>mcc=450 mnc=5 ci=51056660 pci=NA tac=8578 rssi=-89 rsrp=NA rsrq=NA rssnr=NA cqi=NA</cellinfo>
      </extensions>
    </trkpt>
    <trkpt lat="33.379324" lon="126.586984">
      <ele>1061.781128</ele>
      <time>2019-06-05T08:24:57Z</time>
      <extensions>
        <dbm>-87</dbm>
        <cellinfo>mcc=450 mnc=5 ci=51056660 pci=NA tac=8578 rssi=-87 rsrp=NA rsrq=NA rssnr=NA cqi=NA</cellinfo>
      </extensions>
    </trkpt>
    <trkpt lat="33.379321" lon="126.586869">
      <ele>1062.418357</ele>
      <time>2019-06-05T08:25:08Z</time>
      <extensions>
        <dbm>-87</dbm>
        <cellinfo>mcc=450 mnc=5 ci=51056660 pci=NA tac=8578 rssi=-87 rsrp=NA rsrq=NA rssnr=NA cqi=NA</cellinfo>
      </extensions>
    </trkpt>
    <trkpt lat="33.379313" lon="126.586751">
      <ele>1063.001265</ele>
      <time>2019-06-05T08:25:17Z</time>
      <extensions>
        <dbm>-89</dbm>
        <cellinfo>mcc=450 mnc=5 ci=51056660 pci=NA tac=8578 rssi=-89 rsrp=NA rsrq=NA rssnr=NA cqi=NA</cellinfo>
      </extensions>
    </trkpt>
    <trkpt lat="33.379305" lon="126.586634">
      <ele>1064.240356</ele>
      <time>2019-06-05T08:25:23Z</time>
      <extensions>
        <dbm>-97</dbm>
        <cellinfo>mcc=450 mnc=5 ci=51056660 pci=NA tac=8578 rssi=-97 rsrp=NA rsrq=NA rssnr=NA cqi=NA</cellinfo>
      </extensions>
    </trkpt>
    <trkpt lat="33.379283" lon="126.586527">
      <ele>1065.851274</ele>
      <time>2019-06-05T08:25:30Z</time>
      <extensions>
        <dbm>-97</dbm>
        <cellinfo>mcc=450 mnc=5 ci=51056660 pci=NA tac=8578 rssi=-97 rsrp=NA rsrq=NA rssnr=NA cqi=NA</cellinfo>
      </extensions>
    </trkpt>
    <trkpt lat="33.379234" lon="126.586430">
      <ele>1067.555331</ele>
      <time>2019-06-05T08:25:37Z</time>
      <extensions>
        <dbm>-93</dbm>
        <cellinfo>mcc=450 mnc=5 ci=51056660 pci=NA tac=8578 rssi=-93 rsrp=NA rsrq=NA rssnr=NA cqi=NA</cellinfo>
      </extensions>
    </trkpt>
    <trkpt lat="33.379180" lon="126.586350">
      <ele>1068.396507</ele>
      <time>2019-06-05T08:25:44Z</time>
      <extensions>
        <dbm>-91</dbm>
        <cellinfo>mcc=450 mnc=5 ci=51056660 pci=NA tac=8578 rssi=-91 rsrp=NA rsrq=NA rssnr=NA cqi=NA</cellinfo>
      </extensions>
    </trkpt>
    <trkpt lat="33.379136" lon="126.586276">
      <ele>1069.332387</ele>
      <time>2019-06-05T08:25:49Z</time>
      <extensions>
        <dbm>-101</dbm>
        <cellinfo>mcc=450 mnc=5 ci=51056660 pci=NA tac=8578 rssi=-101 rsrp=-95 rsrq=-9 rssnr=158 cqi=NA</cellinfo>
      </extensions>
    </trkpt>
    <trkpt lat="33.379104" lon="126.586192">
      <ele>1070.641307</ele>
      <time>2019-06-05T08:25:54Z</time>
      <extensions>
        <dbm>-94</dbm>
        <cellinfo>mcc=450 mnc=5 ci=32208911 pci=393 tac=9555 rssi=-58 rsrp=-94 rsrq=-7 rssnr=158 cqi=NA</cellinfo>
      </extensions>
    </trkpt>
    <trkpt lat="33.379074" lon="126.586088">
      <ele>1072.677568</ele>
      <time>2019-06-05T08:26:01Z</time>
      <extensions>
        <dbm>-95</dbm>
        <cellinfo>mcc=450 mnc=5 ci=32208911 pci=393 tac=9555 rssi=-57 rsrp=-95 rsrq=-6 rssnr=158 cqi=NA</cellinfo>
      </extensions>
    </trkpt>
    <trkpt lat="33.379032" lon="126.585973">
      <ele>1074.145819</ele>
      <time>2019-06-05T08:26:10Z</time>
      <extensions>
        <dbm>-98</dbm>
        <cellinfo>mcc=450 mnc=5 ci=32208911 pci=393 tac=9555 rssi=-59 rsrp=-98 rsrq=-6 rssnr=158 cqi=NA</cellinfo>
      </extensions>
    </trkpt>
    <trkpt lat="33.378991" lon="126.585851">
      <ele>1075.579257</ele>
      <time>2019-06-05T08:26:19Z</time>
      <extensions>
        <dbm>-94</dbm>
        <cellinfo>mcc=450 mnc=5 ci=32208911 pci=393 tac=9555 rssi=-58 rsrp=-94 rsrq=-7 rssnr=158 cqi=NA</cellinfo>
      </extensions>
    </trkpt>
    <trkpt lat="33.378935" lon="126.585737">
      <ele>1076.928500</ele>
      <time>2019-06-05T08:26:29Z</time>
      <extensions>
        <dbm>-98</dbm>
        <cellinfo>mcc=450 mnc=5 ci=32208911 pci=393 tac=9555 rssi=-59 rsrp=-98 rsrq=-7 rssnr=158 cqi=NA</cellinfo>
      </extensions>
    </trkpt>
    <trkpt lat="33.378882" lon="126.585641">
      <ele>1077.071345</ele>
      <time>2019-06-05T08:26:37Z</time>
      <extensions>
        <dbm>-96</dbm>
        <cellinfo>mcc=450 mnc=5 ci=32208911 pci=393 tac=9555 rssi=-59 rsrp=-96 rsrq=-7 rssnr=158 cqi=NA</cellinfo>
      </extensions>
    </trkpt>
    <trkpt lat="33.378827" lon="126.585564">
      <ele>1077.754960</ele>
      <time>2019-06-05T08:26:42Z</time>
      <extensions>
        <dbm>-109</dbm>
        <cellinfo>mcc=450 mnc=5 ci=32208907 pci=393 tac=9555 rssi=-63 rsrp=-109 rsrq=-8 rssnr=158 cqi=NA</cellinfo>
      </extensions>
    </trkpt>
    <trkpt lat="33.378797" lon="126.585487">
      <ele>1078.782515</ele>
      <time>2019-06-05T08:26:48Z</time>
      <extensions>
        <dbm>-102</dbm>
        <cellinfo>mcc=450 mnc=5 ci=32208911 pci=393 tac=9555 rssi=-60 rsrp=-102 rsrq=-9 rssnr=158 cqi=NA</cellinfo>
      </extensions>
    </trkpt>
    <trkpt lat="33.378776" lon="126.585390">
      <ele>1079.361972</ele>
      <time>2019-06-05T08:26:56Z</time>
      <extensions>
        <dbm>-97</dbm>
        <cellinfo>mcc=450 mnc=5 ci=32208911 pci=393 tac=9555 rssi=-58 rsrp=-97 rsrq=-7 rssnr=158 cqi=NA</cellinfo>
      </extensions>
    </trkpt>
    <trkpt lat="33.378755" lon="126.585279">
      <ele>1079.646228</ele>
      <time>2019-06-05T08:27:08Z</time>
      <extensions>
        <dbm>-96</dbm>
        <cellinfo>mcc=450 mnc=5 ci=32208911 pci=393 tac=9555 rssi=-58 rsrp=-96 rsrq=-7 rssnr=158 cqi=NA</cellinfo>
      </extensions>
    </trkpt>
    <trkpt lat="33.378721" lon="126.585176">
      <ele>1079.646228</ele>
      <time>2019-06-05T08:27:20Z</time>
      <extensions>
        <dbm>-99</dbm>
        <cellinfo>mcc=450 mnc=5 ci=32360983 pci=292 tac=9555 rssi=-58 rsrp=-99 rsrq=-7 rssnr=158 cqi=NA</cellinfo>
      </extensions>
    </trkpt>
    <trkpt lat="33.378692" lon="126.585080">
      <ele>1079.634755</ele>
      <time>2019-06-05T08:27:28Z</time>
      <extensions>
        <dbm>-99</dbm>
        <cellinfo>mcc=450 mnc=5 ci=32208911 pci=393 tac=9555 rssi=-59 rsrp=-99 rsrq=-8 rssnr=158 cqi=NA</cellinfo>
      </extensions>
    </trkpt>
    <trkpt lat="33.378660" lon="126.584981">
      <ele>1079.931519</ele>
      <time>2019-06-05T08:27:36Z</time>
      <extensions>
        <dbm>-100</dbm>
        <cellinfo>mcc=450 mnc=5 ci=32360983 pci=292 tac=9555 rssi=-59 rsrp=-100 rsrq=-7 rssnr=158 cqi=NA</cellinfo>
      </extensions>
    </trkpt>
    <trkpt lat="33.378633" lon="126.584874">
      <ele>1080.337380</ele>
      <time>2019-06-05T08:27:46Z</time>
      <extensions>
        <dbm>-98</dbm>
        <cellinfo>mcc=450 mnc=5 ci=32360983 pci=292 tac=9555 rssi=-58 rsrp=-98 rsrq=-6 rssnr=158 cqi=NA</cellinfo>
      </extensions>
    </trkpt>
    <trkpt lat="33.378627" lon="126.584771">
      <ele>1080.683361</ele>
      <time>2019-06-05T08:27:53Z</time>
      <extensions>
        <dbm>-100</dbm>
        <cellinfo>mcc=450 mnc=5 ci=32360983 pci=292 tac=9555 rssi=-59 rsrp=-100 rsrq=-6 rssnr=158 cqi=NA</cellinfo>
      </extensions>
    </trkpt>
    <trkpt lat="33.378632" lon="126.584666">
      <ele>1080.683361</ele>
      <time>2019-06-05T08:27:59Z</time>
      <extensions>
        <dbm>-98</dbm>
        <cellinfo>mcc=450 mnc=5 ci=32360983 pci=292 tac=9555 rssi=-58 rsrp=-98 rsrq=-6 rssnr=158 cqi=NA</cellinfo>
      </extensions>
    </trkpt>
    <trkpt lat="33.378646" lon="126.584552">
      <ele>1080.683361</ele>
      <time>2019-06-05T08:28:06Z</time>
      <extensions>
        <dbm>-98</dbm>
        <cellinfo>mcc=450 mnc=5 ci=32360983 pci=292 tac=9555 rssi=-58 rsrp=-98 rsrq=-5 rssnr=158 cqi=NA</cellinfo>
      </extensions>
    </trkpt>
    <trkpt lat="33.378647" lon="126.584427">
      <ele>1080.314575</ele>
      <time>2019-06-05T08:28:14Z</time>
      <extensions>
        <dbm>-96</dbm>
        <cellinfo>mcc=450 mnc=5 ci=32360983 pci=292 tac=9555 rssi=-58 rsrp=-96 rsrq=-6 rssnr=158 cqi=NA</cellinfo>
      </extensions>
    </trkpt>
    <trkpt lat="33.378658" lon="126.584302">
      <ele>1080.924524</ele>
      <time>2019-06-05T08:28:23Z</time>
      <extensions>
        <dbm>-107</dbm>
        <cellinfo>mcc=450 mnc=5 ci=32360983 pci=292 tac=9555 rssi=-61 rsrp=-107 rsrq=-8 rssnr=158 cqi=NA</cellinfo>
      </extensions>
    </trkpt>
    <trkpt lat="33.378690" lon="126.584192">
      <ele>1081.530933</ele>
      <time>2019-06-05T08:28:32Z</time>
      <extensions>
        <dbm>-100</dbm>
        <cellinfo>mcc=450 mnc=5 ci=32360983 pci=292 tac=9555 rssi=-60 rsrp=-100 rsrq=-10 rssnr=158 cqi=NA</cellinfo>
      </extensions>
    </trkpt>
    <trkpt lat="33.378748" lon="126.584102">
      <ele>1082.247437</ele>
      <time>2019-06-05T08:28:40Z</time>
      <extensions>
        <dbm>-99</dbm>
        <cellinfo>mcc=450 mnc=5 ci=32360983 pci=292 tac=9555 rssi=-59 rsrp=-99 rsrq=-6 rssnr=158 cqi=NA</cellinfo>
      </extensions>
    </trkpt>
    <trkpt lat="33.378829" lon="126.584034">
      <ele>1082.795188</ele>
      <time>2019-06-05T08:28:49Z</time>
      <extensions>
        <dbm>-100</dbm>
        <cellinfo>mcc=450 mnc=5 ci=32360983 pci=292 tac=9555 rssi=-59 rsrp=-100 rsrq=-7 rssnr=158 cqi=NA</cellinfo>
      </extensions>
    </trkpt>
    <trkpt lat="33.378904" lon="126.583962">
      <ele>1083.678367</ele>
      <time>2019-06-05T08:28:57Z</time>
      <extensions>
        <dbm>-98</dbm>
        <cellinfo>mcc=450 mnc=5 ci=32360983 pci=292 tac=9555 rssi=-58 rsrp=-98 rsrq=-6 rssnr=158 cqi=NA</cellinfo>
      </extensions>
    </trkpt>
    <trkpt lat="33.378957" lon="126.583875">
      <ele>1084.453935</ele>
      <time>2019-06-05T08:29:05Z</time>
      <extensions>
        <dbm>-98</dbm>
        <cellinfo>mcc=450 mnc=5 ci=32360983 pci=292 tac=9555 rssi=-58 rsrp=-98 rsrq=-6 rssnr=158 cqi=NA</cellinfo>
      </extensions>
    </trkpt>
    <trkpt lat="33.378993" lon="126.583768">
      <ele>1085.234442</ele>
      <time>2019-06-05T08:29:12Z</time>
      <extensions>
        <dbm>-97</dbm>
        <cellinfo>mcc=450 mnc=5 ci=32360983 pci=292 tac=9555 rssi=-57 rsrp=-97 rsrq=-7 rssnr=158 cqi=NA</cellinfo>
      </extensions>
    </trkpt>
    <trkpt lat="33.379016" lon="126.583656">
      <ele>1086.380676</ele>
      <time>2019-06-05T08:29:21Z</time>
      <extensions>
        <dbm>-98</dbm>
        <cellinfo>mcc=450 mnc=5 ci=32360983 pci=292 tac=9555 rssi=-58 rsrp=-98 rsrq=-6 rssnr=158 cqi=NA</cellinfo>
      </extensions>
    </trkpt>
    <trkpt lat="33.379035" lon="126.583546">
      <ele>1087.396790</ele>
      <time>2019-06-05T08:29:30Z</time>
      <extensions>
        <dbm>-100</dbm>
        <cellinfo>mcc=450 mnc=5 ci=32360983 pci=292 tac=9555 rssi=-59 rsrp=-100 rsrq=-8 rssnr=158 cqi=NA</cellinfo>
      </extensions>
    </trkpt>
    <trkpt lat="33.379066" lon="126.583443">
      <ele>1088.389954</ele>
      <time>2019-06-05T08:29:37Z</time>
      <extensions>
        <dbm>-96</dbm>
        <cellinfo>mcc=450 mnc=5 ci=32360983 pci=292 tac=9555 rssi=-58 rsrp=-96 rsrq=-6 rssnr=158 cqi=NA</cellinfo>
      </extensions>
    </trkpt>
    <trkpt lat="33.379116" lon="126.583357">
      <ele>1089.242712</ele>
      <time>2019-06-05T08:29:45Z</time>
      <extensions>
        <dbm>-99</dbm>
        <cellinfo>mcc=450 mnc=5 ci=32360983 pci=292 tac=9555 rssi=-59 rsrp=-99 rsrq=-8 rssnr=158 cqi=NA</cellinfo>
      </extensions>
    </trkpt>
    <trkpt lat="33.379191" lon="126.583281">
      <ele>1089.859277</ele>
      <time>2019-06-05T08:29:53Z</time>
      <extensions>
        <dbm>-96</dbm>
        <cellinfo>mcc=450 mnc=5 ci=32360983 pci=292 tac=9555 rssi=-58 rsrp=-96 rsrq=-5 rssnr=158 cqi=NA</cellinfo>
      </extensions>
    </trkpt>
    <trkpt lat="33.379248" lon="126.583197">
      <ele>1090.476587</ele>
      <time>2019-06-05T08:30:03Z</time>
      <extensions>
        <dbm>-96</dbm>
        <cellinfo>mcc=450 mnc=5 ci=32360983 pci=292 tac=9555 rssi=-59 rsrp=-96 rsrq=-7 rssnr=158 cqi=NA</cellinfo>
      </extensions>
    </trkpt>
    <trkpt lat="33.379310" lon="126.583106">
      <ele>1091.043445</ele>
      <time>2019-06-05T08:30:13Z</time>
      <extensions>
        <dbm>-98</dbm>
        <cellinfo>mcc=450 mnc=5 ci=32360983 pci=292 tac=9555 rssi=-59 rsrp=-98 rsrq=-6 rssnr=158 cqi=NA</cellinfo>
      </extensions>
    </trkpt>
    <trkpt lat="33.379367" lon="126.583015">
      <ele>1091.536414</ele>
      <time>2019-06-05T08:30:23Z</time>
      <extensions>
        <dbm>-99</dbm>
        <cellinfo>mcc=450 mnc=5 ci=32360983 pci=292 tac=9555 rssi=-59 rsrp=-99 rsrq=-7 rssnr=158 cqi=NA</cellinfo>
      </extensions>
    </trkpt>
    <trkpt lat="33.379442" lon="126.582931">
      <ele>1092.366626</ele>
      <time>2019-06-05T08:30:34Z</time>
      <extensions>
        <dbm>-90</dbm>
        <cellinfo>mcc=450 mnc=5 ci=32360983 pci=292 tac=9555 rssi=-57 rsrp=-90 rsrq=-8 rssnr=158 cqi=NA</cellinfo>
      </extensions>
    </trkpt>
    <trkpt lat="33.379516" lon="126.582849">
      <ele>1093.305347</ele>
      <time>2019-06-05T08:30:44Z</time>
      <extensions>
        <dbm>-97</dbm>
        <cellinfo>mcc=450 mnc=5 ci=32360983 pci=292 tac=9555 rssi=-58 rsrp=-97 rsrq=-6 rssnr=158 cqi=NA</cellinfo>
      </extensions>
    </trkpt>
    <trkpt lat="33.379584" lon="126.582767">
      <ele>1094.318115</ele>
      <time>2019-06-05T08:30:52Z</time>
      <extensions>
        <dbm>-96</dbm>
        <cellinfo>mcc=450 mnc=5 ci=32360983 pci=292 tac=9555 rssi=-58 rsrp=-96 rsrq=-6 rssnr=158 cqi=NA</cellinfo>
      </extensions>
    </trkpt>
    <trkpt lat="33.379661" lon="126.582696">
      <ele>1095.346265</ele>
      <time>2019-06-05T08:30:59Z</time>
      <extensions>
        <dbm>-99</dbm>
        <cellinfo>mcc=450 mnc=5 ci=32360983 pci=292 tac=9555 rssi=-59 rsrp=-99 rsrq=-6 rssnr=158 cqi=NA</cellinfo>
      </extensions>
    </trkpt>
    <trkpt lat="33.379738" lon="126.582632">
      <ele>1096.542554</ele>
      <time>2019-06-05T08:31:07Z</time>
      <extensions>
        <dbm>-97</dbm>
        <cellinfo>mcc=450 mnc=5 ci=32360983 pci=292 tac=9555 rssi=-58 rsrp=-97 rsrq=-5 rssnr=158 cqi=NA</cellinfo>
      </extensions>
    </trkpt>
    <trkpt lat="33.379820" lon="126.582574">
      <ele>1097.716736</ele>
      <time>2019-06-05T08:31:16Z</time>
      <extensions>
        <dbm>-100</dbm>
        <cellinfo>mcc=450 mnc=5 ci=32360983 pci=292 tac=9555 rssi=-59 rsrp=-100 rsrq=-7 rssnr=158 cqi=NA</cellinfo>
      </extensions>
    </trkpt>
    <trkpt lat="33.379902" lon="126.582524">
      <ele>1098.974097</ele>
      <time>2019-06-05T08:31:24Z</time>
      <extensions>
        <dbm>-98</dbm>
        <cellinfo>mcc=450 mnc=5 ci=32360983 pci=292 tac=9555 rssi=-59 rsrp=-98 rsrq=-9 rssnr=158 cqi=NA</cellinfo>
      </extensions>
    </trkpt>
    <trkpt lat="33.379968" lon="126.582456">
      <ele>1100.142944</ele>
      <time>2019-06-05T08:31:32Z</time>
      <extensions>
        <dbm>-98</dbm>
        <cellinfo>mcc=450 mnc=5 ci=32360983 pci=292 tac=9555 rssi=-58 rsrp=-98 rsrq=-4 rssnr=158 cqi=NA</cellinfo>
      </extensions>
    </trkpt>
    <trkpt lat="33.380024" lon="126.582377">
      <ele>1101.084412</ele>
      <time>2019-06-05T08:31:40Z</time>
      <extensions>
        <dbm>-94</dbm>
        <cellinfo>mcc=450 mnc=5 ci=32360983 pci=292 tac=9555 rssi=-57 rsrp=-94 rsrq=-6 rssnr=158 cqi=NA</cellinfo>
      </extensions>
    </trkpt>
    <trkpt lat="33.380057" lon="126.582273">
      <ele>1102.177625</ele>
      <time>2019-06-05T08:31:47Z</time>
      <extensions>
        <dbm>-96</dbm>
        <cellinfo>mcc=450 mnc=5 ci=32360983 pci=292 tac=9555 rssi=-58 rsrp=-96 rsrq=-6 rssnr=158 cqi=NA</cellinfo>
      </extensions>
    </trkpt>
    <trkpt lat="33.380081" lon="126.582156">
      <ele>1102.947974</ele>
      <time>2019-06-05T08:31:54Z</time>
      <extensions>
        <dbm>-100</dbm>
        <cellinfo>mcc=450 mnc=5 ci=32360983 pci=292 tac=9555 rssi=-60 rsrp=-100 rsrq=-7 rssnr=158 cqi=NA</cellinfo>
      </extensions>
    </trkpt>
    <trkpt lat="33.380088" lon="126.582033">
      <ele>1103.599927</ele>
      <time>2019-06-05T08:32:02Z</time>
      <extensions>
        <dbm>-90</dbm>
        <cellinfo>mcc=450 mnc=5 ci=32360983 pci=292 tac=9555 rssi=-57 rsrp=-90 rsrq=-8 rssnr=158 cqi=NA</cellinfo>
      </extensions>
    </trkpt>
    <trkpt lat="33.380082" lon="126.581910">
      <ele>1104.095667</ele>
      <time>2019-06-05T08:32:09Z</time>
      <extensions>
        <dbm>-91</dbm>
        <cellinfo>mcc=450 mnc=5 ci=32360983 pci=292 tac=9555 rssi=-57 rsrp=-91 rsrq=-5 rssnr=158 cqi=NA</cellinfo>
      </extensions>
    </trkpt>
    <trkpt lat="33.380083" lon="126.581797">
      <ele>1104.576599</ele>
      <time>2019-06-05T08:32:15Z</time>
      <extensions>
        <dbm>-96</dbm>
        <cellinfo>mcc=450 mnc=5 ci=32360983 pci=292 tac=9555 rssi=-58 rsrp=-96 rsrq=-9 rssnr=158 cqi=NA</cellinfo>
      </extensions>
    </trkpt>
    <trkpt lat="33.380102" lon="126.581691">
      <ele>1104.901807</ele>
      <time>2019-06-05T08:32:21Z</time>
      <extensions>
        <dbm>-91</dbm>
        <cellinfo>mcc=450 mnc=5 ci=32360983 pci=292 tac=9555 rssi=-57 rsrp=-91 rsrq=-6 rssnr=158 cqi=NA</cellinfo>
      </extensions>
    </trkpt>
    <trkpt lat="33.380150" lon="126.581595">
      <ele>1105.280310</ele>
      <time>2019-06-05T08:32:27Z</time>
      <extensions>
        <dbm>-92</dbm>
        <cellinfo>mcc=450 mnc=5 ci=32360983 pci=292 tac=9555 rssi=-57 rsrp=-92 rsrq=-5 rssnr=158 cqi=NA</cellinfo>
      </extensions>
    </trkpt>
    <trkpt lat="33.380196" lon="126.581496">
      <ele>1105.666956</ele>
      <time>2019-06-05T08:32:34Z</time>
      <extensions>
        <dbm>-94</dbm>
        <cellinfo>mcc=450 mnc=5 ci=32360983 pci=292 tac=9555 rssi=-57 rsrp=-94 rsrq=-6 rssnr=158 cqi=NA</cellinfo>
      </extensions>
    </trkpt>
    <trkpt lat="33.380213" lon="126.581388">
      <ele>1106.164209</ele>
      <time>2019-06-05T08:32:42Z</time>
      <extensions>
        <dbm>-90</dbm>
        <cellinfo>mcc=450 mnc=5 ci=32360983 pci=292 tac=9555 rssi=-56 rsrp=-90 rsrq=-5 rssnr=158 cqi=NA</cellinfo>
      </extensions>
    </trkpt>
    <trkpt lat="33.380205" lon="126.581278">
      <ele>1106.610095</ele>
      <time>2019-06-05T08:32:51Z</time>
      <extensions>
        <dbm>-87</dbm>
        <cellinfo>mcc=450 mnc=5 ci=32360983 pci=292 tac=9555 rssi=-55 rsrp=-87 rsrq=-6 rssnr=158 cqi=NA</cellinfo>
      </extensions>
    </trkpt>
    <trkpt lat="33.380182" lon="126.581166">
      <ele>1106.741443</ele>
      <time>2019-06-05T08:33:05Z</time>
      <extensions>
        <dbm>-104</dbm>
        <cellinfo>mcc=450 mnc=5 ci=32360983 pci=292 tac=9555 rssi=-60 rsrp=-104 rsrq=-7 rssnr=158 cqi=NA</cellinfo>
      </extensions>
    </trkpt>
    <trkpt lat="33.380190" lon="126.581076">
      <ele>1107.164282</ele>
      <time>2019-06-05T08:33:49Z</time>
      <extensions>
        <dbm>-103</dbm>
        <cellinfo>mcc=450 mnc=5 ci=32360983 pci=292 tac=9555 rssi=-60 rsrp=-103 rsrq=-8 rssnr=158 cqi=NA</cellinfo>
      </extensions>
    </trkpt>
    <trkpt lat="33.380230" lon="126.581001">
      <ele>1107.502408</ele>
      <time>2019-06-05T08:34:34Z</time>
      <extensions>
        <dbm>-99</dbm>
        <cellinfo>mcc=450 mnc=5 ci=32360983 pci=292 tac=9555 rssi=-59 rsrp=-99 rsrq=-7 rssnr=158 cqi=NA</cellinfo>
      </extensions>
    </trkpt>
    <trkpt lat="33.380294" lon="126.580930">
      <ele>1108.380359</ele>
      <time>2019-06-05T08:34:48Z</time>
      <extensions>
        <dbm>-92</dbm>
        <cellinfo>mcc=450 mnc=5 ci=32360983 pci=292 tac=9555 rssi=-56 rsrp=-92 rsrq=-4 rssnr=158 cqi=NA</cellinfo>
      </extensions>
    </trkpt>
    <trkpt lat="33.380360" lon="126.580849">
      <ele>1108.833729</ele>
      <time>2019-06-05T08:35:01Z</time>
      <extensions>
        <dbm>-98</dbm>
        <cellinfo>mcc=450 mnc=5 ci=32360983 pci=292 tac=9555 rssi=-59 rsrp=-98 rsrq=-6 rssnr=158 cqi=NA</cellinfo>
      </extensions>
    </trkpt>
    <trkpt lat="33.380411" lon="126.580746">
      <ele>1109.797388</ele>
      <time>2019-06-05T08:35:12Z</time>
      <extensions>
        <dbm>-103</dbm>
        <cellinfo>mcc=450 mnc=5 ci=32360983 pci=292 tac=9555 rssi=-61 rsrp=-103 rsrq=-7 rssnr=158 cqi=NA</cellinfo>
      </extensions>
    </trkpt>
    <trkpt lat="33.380451" lon="126.580646">
      <ele>1110.827234</ele>
      <time>2019-06-05T08:35:24Z</time>
      <extensions>
        <dbm>-96</dbm>
        <cellinfo>mcc=450 mnc=5 ci=32360983 pci=292 tac=9555 rssi=-58 rsrp=-96 rsrq=-5 rssnr=158 cqi=NA</cellinfo>
      </extensions>
    </trkpt>
    <trkpt lat="33.380497" lon="126.580553">
      <ele>1111.831165</ele>
      <time>2019-06-05T08:35:35Z</time>
      <extensions>
        <dbm>-106</dbm>
        <cellinfo>mcc=450 mnc=5 ci=32360983 pci=292 tac=9555 rssi=-61 rsrp=-106 rsrq=-9 rssnr=158 cqi=NA</cellinfo>
      </extensions>
    </trkpt>
    <trkpt lat="33.380547" lon="126.580463">
      <ele>1113.227502</ele>
      <time>2019-06-05T08:35:47Z</time>
      <extensions>
        <dbm>-98</dbm>
        <cellinfo>mcc=450 mnc=5 ci=32360983 pci=292 tac=9555 rssi=-59 rsrp=-98 rsrq=-7 rssnr=158 cqi=NA</cellinfo>
      </extensions>
    </trkpt>
    <trkpt lat="33.380606" lon="126.580381">
      <ele>1114.063077</ele>
      <time>2019-06-05T08:35:56Z</time>
      <extensions>
        <dbm>-99</dbm>
        <cellinfo>mcc=450 mnc=5 ci=32360983 pci=292 tac=9555 rssi=-59 rsrp=-99 rsrq=-7 rssnr=158 cqi=NA</cellinfo>
      </extensions>
    </trkpt>
    <trkpt lat="33.380660" lon="126.580289">
      <ele>1115.415627</ele>
      <time>2019-06-05T08:36:04Z</time>
      <extensions>
        <dbm>-101</dbm>
        <cellinfo>mcc=450 mnc=5 ci=32360983 pci=292 tac=9555 rssi=-59 rsrp=-101 rsrq=-8 rssnr=158 cqi=NA</cellinfo>
      </extensions>
    </trkpt>
    <trkpt lat="33.380704" lon="126.580190">
      <ele>1116.842163</ele>
      <time>2019-06-05T08:36:13Z</time>
      <extensions>
        <dbm>-98</dbm>
        <cellinfo>mcc=450 mnc=5 ci=32360983 pci=292 tac=9555 rssi=-60 rsrp=-98 rsrq=-8 rssnr=158 cqi=NA</cellinfo>
      </extensions>
    </trkpt>
    <trkpt lat="33.380726" lon="126.580080">
      <ele>1118.342252</ele>
      <time>2019-06-05T08:36:22Z</time>
      <extensions>
        <dbm>-95</dbm>
        <cellinfo>mcc=450 mnc=5 ci=32360983 pci=292 tac=9555 rssi=-58 rsrp=-95 rsrq=-6 rssnr=158 cqi=NA</cellinfo>
      </extensions>
    </trkpt>
    <trkpt lat="33.380719" lon="126.579959">
      <ele>1120.562610</ele>
      <time>2019-06-05T08:36:30Z</time>
      <extensions>
        <dbm>-100</dbm>
        <cellinfo>mcc=450 mnc=5 ci=32360983 pci=292 tac=9555 rssi=-59 rsrp=-100 rsrq=-7 rssnr=158 cqi=NA</cellinfo>
      </extensions>
    </trkpt>
    <trkpt lat="33.380706" lon="126.579838">
      <ele>1122.427905</ele>
      <time>2019-06-05T08:36:39Z</time>
      <extensions>
        <dbm>-98</dbm>
        <cellinfo>mcc=450 mnc=5 ci=32360983 pci=292 tac=9555 rssi=-59 rsrp=-98 rsrq=-8 rssnr=158 cqi=NA</cellinfo>
      </extensions>
    </trkpt>
    <trkpt lat="33.380682" lon="126.579725">
      <ele>1124.306946</ele>
      <time>2019-06-05T08:36:46Z</time>
      <extensions>
        <dbm>-99</dbm>
        <cellinfo>mcc=450 mnc=5 ci=32360983 pci=292 tac=9555 rssi=-59 rsrp=-99 rsrq=-7 rssnr=158 cqi=NA</cellinfo>
      </extensions>
    </trkpt>
    <trkpt lat="33.380656" lon="126.579615">
      <ele>1125.979492</ele>
      <time>2019-06-05T08:36:55Z</time>
      <extensions>
        <dbm>-97</dbm>
        <cellinfo>mcc=450 mnc=5 ci=32360983 pci=292 tac=9555 rssi=-58 rsrp=-97 rsrq=-6 rssnr=158 cqi=NA</cellinfo>
      </extensions>
    </trkpt>
    <trkpt lat="33.380639" lon="126.579504">
      <ele>1127.640979</ele>
      <time>2019-06-05T08:37:03Z</time>
      <extensions>
        <dbm>-95</dbm>
        <cellinfo>mcc=450 mnc=5 ci=32360983 pci=292 tac=9555 rssi=-58 rsrp=-95 rsrq=-6 rssnr=158 cqi=NA</cellinfo>
      </extensions>
    </trkpt>
    <trkpt lat="33.380636" lon="126.579387">
      <ele>1128.204845</ele>
      <time>2019-06-05T08:37:11Z</time>
      <extensions>
        <dbm>-96</dbm>
        <cellinfo>mcc=450 mnc=5 ci=32360983 pci=292 tac=9555 rssi=-57 rsrp=-96 rsrq=-6 rssnr=158 cqi=NA</cellinfo>
      </extensions>
    </trkpt>
    <trkpt lat="33.380630" lon="126.579279">
      <ele>1130.128943</ele>
      <time>2019-06-05T08:37:19Z</time>
      <extensions>
        <dbm>-95</dbm>
        <cellinfo>mcc=450 mnc=5 ci=32360983 pci=292 tac=9555 rssi=-58 rsrp=-95 rsrq=-8 rssnr=158 cqi=NA</cellinfo>
      </extensions>
    </trkpt>
    <trkpt lat="33.380618" lon="126.579169">
      <ele>1131.237964</ele>
      <time>2019-06-05T08:37:26Z</time>
      <extensions>
        <dbm>-100</dbm>
        <cellinfo>mcc=450 mnc=5 ci=32360983 pci=292 tac=9555 rssi=-59 rsrp=-100 rsrq=-7 rssnr=158 cqi=NA</cellinfo>
      </extensions>
    </trkpt>
    <trkpt lat="33.380629" lon="126.579067">
      <ele>1132.091064</ele>
      <time>2019-06-05T08:37:33Z</time>
      <extensions>
        <dbm>-103</dbm>
        <cellinfo>mcc=450 mnc=5 ci=32360983 pci=292 tac=9555 rssi=-60 rsrp=-103 rsrq=-7 rssnr=158 cqi=NA</cellinfo>
      </extensions>
    </trkpt>
    <trkpt lat="33.380662" lon="126.578965">
      <ele>1132.978455</ele>
      <time>2019-06-05T08:37:40Z</time>
      <extensions>
        <dbm>-102</dbm>
        <cellinfo>mcc=450 mnc=5 ci=32360983 pci=292 tac=9555 rssi=-60 rsrp=-102 rsrq=-8 rssnr=158 cqi=NA</cellinfo>
      </extensions>
    </trkpt>
    <trkpt lat="33.380697" lon="126.578864">
      <ele>1133.617749</ele>
      <time>2019-06-05T08:37:48Z</time>
      <extensions>
        <dbm>-98</dbm>
        <cellinfo>mcc=450 mnc=5 ci=32360983 pci=292 tac=9555 rssi=-58 rsrp=-98 rsrq=-5 rssnr=158 cqi=NA</cellinfo>
      </extensions>
    </trkpt>
    <trkpt lat="33.380702" lon="126.578748">
      <ele>1133.951990</ele>
      <time>2019-06-05T08:37:56Z</time>
      <extensions>
        <dbm>-100</dbm>
        <cellinfo>mcc=450 mnc=5 ci=32360983 pci=292 tac=9555 rssi=-59 rsrp=-100 rsrq=-6 rssnr=158 cqi=NA</cellinfo>
      </extensions>
    </trkpt>
    <trkpt lat="33.380685" lon="126.578624">
      <ele>1134.285364</ele>
      <time>2019-06-05T08:38:06Z</time>
      <extensions>
        <dbm>-103</dbm>
        <cellinfo>mcc=450 mnc=5 ci=32360983 pci=292 tac=9555 rssi=-60 rsrp=-103 rsrq=-9 rssnr=158 cqi=NA</cellinfo>
      </extensions>
    </trkpt>
    <trkpt lat="33.380684" lon="126.578550">
      <ele>1134.569263</ele>
      <time>2019-06-05T08:38:15Z</time>
      <extensions>
        <dbm>-102</dbm>
        <cellinfo>mcc=450 mnc=5 ci=32360983 pci=292 tac=9555 rssi=-60 rsrp=-102 rsrq=-8 rssnr=158 cqi=NA</cellinfo>
      </extensions>
    </trkpt>
    <trkpt lat="33.380674" lon="126.578490">
      <ele>1134.692494</ele>
      <time>2019-06-05T08:39:07Z</time>
      <extensions>
        <dbm>-103</dbm>
        <cellinfo>mcc=450 mnc=5 ci=32360983 pci=292 tac=9555 rssi=-59 rsrp=-103 rsrq=-7 rssnr=142 cqi=NA</cellinfo>
      </extensions>
    </trkpt>
    <trkpt lat="33.380656" lon="126.578445">
      <ele>1134.968062</ele>
      <time>2019-06-05T08:39:37Z</time>
      <extensions>
        <dbm>-96</dbm>
        <cellinfo>mcc=450 mnc=5 ci=32360983 pci=292 tac=9555 rssi=-58 rsrp=-96 rsrq=-6 rssnr=162 cqi=NA</cellinfo>
      </extensions>
    </trkpt>
    <trkpt lat="33.380610" lon="126.578356">
      <ele>1135.228338</ele>
      <time>2019-06-05T08:39:45Z</time>
      <extensions>
        <dbm>-103</dbm>
        <cellinfo>mcc=450 mnc=5 ci=32360983 pci=292 tac=9555 rssi=-60 rsrp=-103 rsrq=-6 rssnr=162 cqi=NA</cellinfo>
      </extensions>
    </trkpt>
    <trkpt lat="33.380568" lon="126.578260">
      <ele>1135.596058</ele>
      <time>2019-06-05T08:39:54Z</time>
      <extensions>
        <dbm>-99</dbm>
        <cellinfo>mcc=450 mnc=5 ci=32360983 pci=292 tac=9555 rssi=-59 rsrp=-99 rsrq=-6 rssnr=162 cqi=NA</cellinfo>
      </extensions>
    </trkpt>
    <trkpt lat="33.380525" lon="126.578161">
      <ele>1136.108809</ele>
      <time>2019-06-05T08:40:02Z</time>
      <extensions>
        <dbm>-100</dbm>
        <cellinfo>mcc=450 mnc=5 ci=32360983 pci=292 tac=9555 rssi=-59 rsrp=-100 rsrq=-6 rssnr=162 cqi=NA</cellinfo>
      </extensions>
    </trkpt>
    <trkpt lat="33.380492" lon="126.578058">
      <ele>1136.433716</ele>
      <time>2019-06-05T08:40:11Z</time>
      <extensions>
        <dbm>-99</dbm>
        <cellinfo>mcc=450 mnc=5 ci=32360983 pci=292 tac=9555 rssi=-60 rsrp=-99 rsrq=-9 rssnr=162 cqi=NA</cellinfo>
      </extensions>
    </trkpt>
    <trkpt lat="33.380476" lon="126.577952">
      <ele>1136.838979</ele>
      <time>2019-06-05T08:40:19Z</time>
      <extensions>
        <dbm>-101</dbm>
        <cellinfo>mcc=450 mnc=5 ci=32360983 pci=292 tac=9555 rssi=-60 rsrp=-101 rsrq=-6 rssnr=162 cqi=NA</cellinfo>
      </extensions>
    </trkpt>
    <trkpt lat="33.380462" lon="126.577842">
      <ele>1137.493988</ele>
      <time>2019-06-05T08:40:27Z</time>
      <extensions>
        <dbm>-103</dbm>
        <cellinfo>mcc=450 mnc=5 ci=32360983 pci=292 tac=9555 rssi=-60 rsrp=-103 rsrq=-6 rssnr=162 cqi=NA</cellinfo>
      </extensions>
    </trkpt>
    <trkpt lat="33.380441" lon="126.577736">
      <ele>1138.013916</ele>
      <time>2019-06-05T08:40:36Z</time>
      <extensions>
        <dbm>-100</dbm>
        <cellinfo>mcc=450 mnc=5 ci=32360983 pci=292 tac=9555 rssi=-60 rsrp=-100 rsrq=-8 rssnr=162 cqi=NA</cellinfo>
      </extensions>
    </trkpt>
    <trkpt lat="33.380411" lon="126.577629">
      <ele>1138.566488</ele>
      <time>2019-06-05T08:40:43Z</time>
      <extensions>
        <dbm>-102</dbm>
        <cellinfo>mcc=450 mnc=5 ci=32360983 pci=292 tac=9555 rssi=-61 rsrp=-102 rsrq=-9 rssnr=162 cqi=NA</cellinfo>
      </extensions>
    </trkpt>
    <trkpt lat="33.380395" lon="126.577509">
      <ele>1138.845917</ele>
      <time>2019-06-05T08:40:51Z</time>
      <extensions>
        <dbm>-102</dbm>
        <cellinfo>mcc=450 mnc=5 ci=32360983 pci=292 tac=9555 rssi=-59 rsrp=-102 rsrq=-6 rssnr=162 cqi=NA</cellinfo>
      </extensions>
    </trkpt>
    <trkpt lat="33.380373" lon="126.577388">
      <ele>1139.521413</ele>
      <time>2019-06-05T08:41:01Z</time>
      <extensions>
        <dbm>-103</dbm>
        <cellinfo>mcc=450 mnc=5 ci=32360983 pci=292 tac=9555 rssi=-60 rsrp=-103 rsrq=-6 rssnr=162 cqi=NA</cellinfo>
      </extensions>
    </trkpt>
    <trkpt lat="33.380343" lon="126.577264">
      <ele>1140.169627</ele>
      <time>2019-06-05T08:41:09Z</time>
      <extensions>
        <dbm>-97</dbm>
        <cellinfo>mcc=450 mnc=5 ci=32360983 pci=292 tac=9555 rssi=-58 rsrp=-97 rsrq=-6 rssnr=162 cqi=NA</cellinfo>
      </extensions>
    </trkpt>
    <trkpt lat="33.380300" lon="126.577155">
      <ele>1141.169078</ele>
      <time>2019-06-05T08:41:20Z</time>
      <extensions>
        <dbm>-96</dbm>
        <cellinfo>mcc=450 mnc=5 ci=32360983 pci=292 tac=9555 rssi=-57 rsrp=-96 rsrq=-6 rssnr=162 cqi=NA</cellinfo>
      </extensions>
    </trkpt>
    <trkpt lat="33.380260" lon="126.577045">
      <ele>1141.875522</ele>
      <time>2019-06-05T08:41:28Z</time>
      <extensions>
        <dbm>-101</dbm>
        <cellinfo>mcc=450 mnc=5 ci=32360983 pci=292 tac=9555 rssi=-60 rsrp=-101 rsrq=-8 rssnr=162 cqi=NA</cellinfo>
      </extensions>
    </trkpt>
    <trkpt lat="33.380203" lon="126.576947">
      <ele>1142.286721</ele>
      <time>2019-06-05T08:41:35Z</time>
      <extensions>
        <dbm>-98</dbm>
        <cellinfo>mcc=450 mnc=5 ci=32360983 pci=292 tac=9555 rssi=-59 rsrp=-98 rsrq=-7 rssnr=162 cqi=NA</cellinfo>
      </extensions>
    </trkpt>
    <trkpt lat="33.380133" lon="126.576867">
      <ele>1142.721713</ele>
      <time>2019-06-05T08:41:44Z</time>
      <extensions>
        <dbm>-99</dbm>
        <cellinfo>mcc=450 mnc=5 ci=32360983 pci=292 tac=9555 rssi=-58 rsrp=-99 rsrq=-6 rssnr=162 cqi=NA</cellinfo>
      </extensions>
    </trkpt>
    <trkpt lat="33.380050" lon="126.576795">
      <ele>1143.251210</ele>
      <time>2019-06-05T08:41:50Z</time>
      <extensions>
        <dbm>-97</dbm>
        <cellinfo>mcc=450 mnc=5 ci=32360983 pci=292 tac=9555 rssi=-58 rsrp=-97 rsrq=-6 rssnr=162 cqi=NA</cellinfo>
      </extensions>
    </trkpt>
    <trkpt lat="33.379982" lon="126.576716">
      <ele>1143.949780</ele>
      <time>2019-06-05T08:41:57Z</time>
      <extensions>
        <dbm>-97</dbm>
        <cellinfo>mcc=450 mnc=5 ci=32360983 pci=292 tac=9555 rssi=-58 rsrp=-97 rsrq=-5 rssnr=162 cqi=NA</cellinfo>
      </extensions>
    </trkpt>
    <trkpt lat="33.379931" lon="126.576619">
      <ele>1144.616687</ele>
      <time>2019-06-05T08:42:05Z</time>
      <extensions>
        <dbm>-98</dbm>
        <cellinfo>mcc=450 mnc=5 ci=32360983 pci=292 tac=9555 rssi=-59 rsrp=-98 rsrq=-7 rssnr=162 cqi=NA</cellinfo>
      </extensions>
    </trkpt>
    <trkpt lat="33.379898" lon="126.576514">
      <ele>1145.287195</ele>
      <time>2019-06-05T08:42:12Z</time>
      <extensions>
        <dbm>-99</dbm>
        <cellinfo>mcc=450 mnc=5 ci=32360983 pci=292 tac=9555 rssi=-60 rsrp=-99 rsrq=-6 rssnr=162 cqi=NA</cellinfo>
      </extensions>
    </trkpt>
    <trkpt lat="33.379863" lon="126.576411">
      <ele>1145.922095</ele>
      <time>2019-06-05T08:42:19Z</time>
      <extensions>
        <dbm>-102</dbm>
        <cellinfo>mcc=450 mnc=5 ci=32360983 pci=292 tac=9555 rssi=-60 rsrp=-102 rsrq=-7 rssnr=162 cqi=NA</cellinfo>
      </extensions>
    </trkpt>
    <trkpt lat="33.379828" lon="126.576312">
      <ele>1146.496729</ele>
      <time>2019-06-05T08:42:27Z</time>
      <extensions>
        <dbm>-102</dbm>
        <cellinfo>mcc=450 mnc=5 ci=32360983 pci=292 tac=9555 rssi=-59 rsrp=-102 rsrq=-6 rssnr=162 cqi=NA</cellinfo>
      </extensions>
    </trkpt>
    <trkpt lat="33.379777" lon="126.576221">
      <ele>1147.151331</ele>
      <time>2019-06-05T08:42:33Z</time>
      <extensions>
        <dbm>-96</dbm>
        <cellinfo>mcc=450 mnc=5 ci=32360983 pci=292 tac=9555 rssi=-58 rsrp=-96 rsrq=-7 rssnr=162 cqi=NA</cellinfo>
      </extensions>
    </trkpt>
    <trkpt lat="33.379723" lon="126.576134">
      <ele>1147.919836</ele>
      <time>2019-06-05T08:42:43Z</time>
      <extensions>
        <dbm>-102</dbm>
        <cellinfo>mcc=450 mnc=5 ci=32360983 pci=292 tac=9555 rssi=-60 rsrp=-102 rsrq=-6 rssnr=162 cqi=NA</cellinfo>
      </extensions>
    </trkpt>
    <trkpt lat="33.379649" lon="126.576069">
      <ele>1148.742761</ele>
      <time>2019-06-05T08:42:54Z</time>
      <extensions>
        <dbm>-98</dbm>
        <cellinfo>mcc=450 mnc=5 ci=32360983 pci=292 tac=9555 rssi=-59 rsrp=-98 rsrq=-7 rssnr=162 cqi=NA</cellinfo>
      </extensions>
    </trkpt>
    <trkpt lat="33.379561" lon="126.576024">
      <ele>1149.955633</ele>
      <time>2019-06-05T08:43:10Z</time>
      <extensions>
        <dbm>-94</dbm>
        <cellinfo>mcc=450 mnc=5 ci=32360983 pci=292 tac=9555 rssi=-57 rsrp=-94 rsrq=-6 rssnr=162 cqi=NA</cellinfo>
      </extensions>
    </trkpt>
    <trkpt lat="33.379458" lon="126.576002">
      <ele>1150.800437</ele>
      <time>2019-06-05T08:43:18Z</time>
      <extensions>
        <dbm>-96</dbm>
        <cellinfo>mcc=450 mnc=5 ci=32360983 pci=292 tac=9555 rssi=-57 rsrp=-96 rsrq=-5 rssnr=162 cqi=NA</cellinfo>
      </extensions>
    </trkpt>
    <trkpt lat="33.379355" lon="126.575982">
      <ele>1151.185120</ele>
      <time>2019-06-05T08:43:26Z</time>
      <extensions>
        <dbm>-99</dbm>
        <cellinfo>mcc=450 mnc=5 ci=32360983 pci=292 tac=9555 rssi=-60 rsrp=-99 rsrq=-6 rssnr=162 cqi=NA</cellinfo>
      </extensions>
    </trkpt>
    <trkpt lat="33.379261" lon="126.575957">
      <ele>1152.118713</ele>
      <time>2019-06-05T08:43:34Z</time>
      <extensions>
        <dbm>-96</dbm>
        <cellinfo>mcc=450 mnc=5 ci=32360983 pci=292 tac=9555 rssi=-59 rsrp=-96 rsrq=-6 rssnr=162 cqi=NA</cellinfo>
      </extensions>
    </trkpt>
    <trkpt lat="33.379174" lon="126.575927">
      <ele>1153.048352</ele>
      <time>2019-06-05T08:43:42Z</time>
      <extensions>
        <dbm>-97</dbm>
        <cellinfo>mcc=450 mnc=5 ci=32360983 pci=292 tac=9555 rssi=-58 rsrp=-97 rsrq=-6 rssnr=162 cqi=NA</cellinfo>
      </extensions>
    </trkpt>
    <trkpt lat="33.379085" lon="126.575902">
      <ele>1154.017908</ele>
      <time>2019-06-05T08:43:49Z</time>
      <extensions>
        <dbm>-101</dbm>
        <cellinfo>mcc=450 mnc=5 ci=32360983 pci=292 tac=9555 rssi=-61 rsrp=-101 rsrq=-8 rssnr=162 cqi=NA</cellinfo>
      </extensions>
    </trkpt>
    <trkpt lat="33.378992" lon="126.575895">
      <ele>1155.140564</ele>
      <time>2019-06-05T08:43:59Z</time>
      <extensions>
        <dbm>-99</dbm>
        <cellinfo>mcc=450 mnc=5 ci=32360983 pci=292 tac=9555 rssi=-59 rsrp=-99 rsrq=-7 rssnr=162 cqi=NA</cellinfo>
      </extensions>
    </trkpt>
    <trkpt lat="33.378897" lon="126.575887">
      <ele>1156.250146</ele>
      <time>2019-06-05T08:44:09Z</time>
      <extensions>
        <dbm>-94</dbm>
        <cellinfo>mcc=450 mnc=5 ci=32360983 pci=292 tac=9555 rssi=-56 rsrp=-94 rsrq=-6 rssnr=162 cqi=NA</cellinfo>
      </extensions>
    </trkpt>
    <trkpt lat="33.378806" lon="126.575865">
      <ele>1157.339575</ele>
      <time>2019-06-05T08:44:18Z</time>
      <extensions>
        <dbm>-95</dbm>
        <cellinfo>mcc=450 mnc=5 ci=32360983 pci=292 tac=9555 rssi=-57 rsrp=-95 rsrq=-6 rssnr=162 cqi=NA</cellinfo>
      </extensions>
    </trkpt>
    <trkpt lat="33.378718" lon="126.575817">
      <ele>1158.376526</ele>
      <time>2019-06-05T08:44:28Z</time>
      <extensions>
        <dbm>-95</dbm>
        <cellinfo>mcc=450 mnc=5 ci=32360983 pci=292 tac=9555 rssi=-57 rsrp=-95 rsrq=-6 rssnr=162 cqi=NA</cellinfo>
      </extensions>
    </trkpt>
    <trkpt lat="33.378635" lon="126.575760">
      <ele>1159.423926</ele>
      <time>2019-06-05T08:44:40Z</time>
      <extensions>
        <dbm>-85</dbm>
        <cellinfo>mcc=450 mnc=5 ci=32360983 pci=292 tac=9555 rssi=-54 rsrp=-85 rsrq=-3 rssnr=162 cqi=NA</cellinfo>
      </extensions>
    </trkpt>
    <trkpt lat="33.378553" lon="126.575704">
      <ele>1160.195618</ele>
      <time>2019-06-05T08:44:50Z</time>
      <extensions>
        <dbm>-91</dbm>
        <cellinfo>mcc=450 mnc=5 ci=32360983 pci=292 tac=9555 rssi=-58 rsrp=-91 rsrq=-9 rssnr=162 cqi=NA</cellinfo>
      </extensions>
    </trkpt>
    <trkpt lat="33.378470" lon="126.575646">
      <ele>1161.122693</ele>
      <time>2019-06-05T08:44:58Z</time>
      <extensions>
        <dbm>-96</dbm>
        <cellinfo>mcc=450 mnc=5 ci=32360983 pci=292 tac=9555 rssi=-58 rsrp=-96 rsrq=-6 rssnr=162 cqi=NA</cellinfo>
      </extensions>
    </trkpt>
    <trkpt lat="33.378395" lon="126.575575">
      <ele>1161.775244</ele>
      <time>2019-06-05T08:45:07Z</time>
      <extensions>
        <dbm>-94</dbm>
        <cellinfo>mcc=450 mnc=5 ci=32360983 pci=292 tac=9555 rssi=-58 rsrp=-94 rsrq=-6 rssnr=162 cqi=NA</cellinfo>
      </extensions>
    </trkpt>
    <trkpt lat="33.378341" lon="126.575481">
      <ele>1162.394568</ele>
      <time>2019-06-05T08:45:17Z</time>
      <extensions>
        <dbm>-98</dbm>
        <cellinfo>mcc=450 mnc=5 ci=32360983 pci=292 tac=9555 rssi=-59 rsrp=-98 rsrq=-6 rssnr=162 cqi=NA</cellinfo>
      </extensions>
    </trkpt>
    <trkpt lat="33.378306" lon="126.575374">
      <ele>1163.004993</ele>
      <time>2019-06-05T08:45:26Z</time>
      <extensions>
        <dbm>-94</dbm>
        <cellinfo>mcc=450 mnc=5 ci=32360983 pci=292 tac=9555 rssi=-58 rsrp=-94 rsrq=-7 rssnr=162 cqi=NA</cellinfo>
      </extensions>
    </trkpt>
    <trkpt lat="33.378265" lon="126.575266">
      <ele>1163.473389</ele>
      <time>2019-06-05T08:45:35Z</time>
      <extensions>
        <dbm>-93</dbm>
        <cellinfo>mcc=450 mnc=5 ci=32360983 pci=292 tac=9555 rssi=-57 rsrp=-93 rsrq=-7 rssnr=162 cqi=NA</cellinfo>
      </extensions>
    </trkpt>
    <trkpt lat="33.378204" lon="126.575165">
      <ele>1163.943677</ele>
      <time>2019-06-05T08:45:44Z</time>
      <extensions>
        <dbm>-91</dbm>
        <cellinfo>mcc=450 mnc=5 ci=32360983 pci=292 tac=9555 rssi=-57 rsrp=-91 rsrq=-6 rssnr=162 cqi=NA</cellinfo>
      </extensions>
    </trkpt>
    <trkpt lat="33.378154" lon="126.575059">
      <ele>1164.451294</ele>
      <time>2019-06-05T08:45:54Z</time>
      <extensions>
        <dbm>-92</dbm>
        <cellinfo>mcc=450 mnc=5 ci=32360983 pci=292 tac=9555 rssi=-57 rsrp=-92 rsrq=-7 rssnr=162 cqi=NA</cellinfo>
      </extensions>
    </trkpt>
    <trkpt lat="33.378122" lon="126.574955">
      <ele>1164.451294</ele>
      <time>2019-06-05T08:46:02Z</time>
      <extensions>
        <dbm>-91</dbm>
        <cellinfo>mcc=450 mnc=5 ci=32360983 pci=292 tac=9555 rssi=-57 rsrp=-91 rsrq=-7 rssnr=162 cqi=NA</cellinfo>
      </extensions>
    </trkpt>
    <trkpt lat="33.378104" lon="126.574856">
      <ele>1165.072571</ele>
      <time>2019-06-05T08:46:11Z</time>
      <extensions>
        <dbm>-105</dbm>
        <cellinfo>mcc=450 mnc=5 ci=32360979 pci=292 tac=9555 rssi=-62 rsrp=-105 rsrq=-8 rssnr=162 cqi=NA</cellinfo>
      </extensions>
    </trkpt>
    <trkpt lat="33.378078" lon="126.574770">
      <ele>1164.993677</ele>
      <time>2019-06-05T08:46:19Z</time>
      <extensions>
        <dbm>-91</dbm>
        <cellinfo>mcc=450 mnc=5 ci=32360983 pci=292 tac=9555 rssi=-56 rsrp=-91 rsrq=-7 rssnr=162 cqi=NA</cellinfo>
      </extensions>
    </trkpt>
    <trkpt lat="33.378058" lon="126.574691">
      <ele>1165.079871</ele>
      <time>2019-06-05T08:46:25Z</time>
      <extensions>
        <dbm>-102</dbm>
        <cellinfo>mcc=450 mnc=5 ci=32360979 pci=292 tac=9555 rssi=-60 rsrp=-102 rsrq=-5 rssnr=162 cqi=NA</cellinfo>
      </extensions>
    </trkpt>
    <trkpt lat="33.378047" lon="126.574601">
      <ele>1165.150380</ele>
      <time>2019-06-05T08:46:30Z</time>
      <extensions>
        <dbm>-94</dbm>
        <cellinfo>mcc=450 mnc=5 ci=32360983 pci=292 tac=9555 rssi=-58 rsrp=-94 rsrq=-9 rssnr=162 cqi=NA</cellinfo>
      </extensions>
    </trkpt>
    <trkpt lat="33.378035" lon="126.574500">
      <ele>1165.650213</ele>
      <time>2019-06-05T08:46:37Z</time>
      <extensions>
        <dbm>-95</dbm>
        <cellinfo>mcc=450 mnc=5 ci=32360983 pci=292 tac=9555 rssi=-58 rsrp=-95 rsrq=-6 rssnr=162 cqi=NA</cellinfo>
      </extensions>
    </trkpt>
    <trkpt lat="33.378014" lon="126.574391">
      <ele>1166.217707</ele>
      <time>2019-06-05T08:46:44Z</time>
      <extensions>
        <dbm>-95</dbm>
        <cellinfo>mcc=450 mnc=5 ci=32360983 pci=292 tac=9555 rssi=-58 rsrp=-95 rsrq=-8 rssnr=162 cqi=NA</cellinfo>
      </extensions>
    </trkpt>
    <trkpt lat="33.377985" lon="126.574281">
      <ele>1166.676614</ele>
      <time>2019-06-05T08:46:52Z</time>
      <extensions>
        <dbm>-97</dbm>
        <cellinfo>mcc=450 mnc=5 ci=32360983 pci=292 tac=9555 rssi=-59 rsrp=-97 rsrq=-8 rssnr=162 cqi=NA</cellinfo>
      </extensions>
    </trkpt>
    <trkpt lat="33.377943" lon="126.574177">
      <ele>1167.102572</ele>
      <time>2019-06-05T08:47:01Z</time>
      <extensions>
        <dbm>-94</dbm>
        <cellinfo>mcc=450 mnc=5 ci=32360983 pci=292 tac=9555 rssi=-59 rsrp=-94 rsrq=-7 rssnr=162 cqi=NA</cellinfo>
      </extensions>
    </trkpt>
    <trkpt lat="33.377903" lon="126.574072">
      <ele>1167.478616</ele>
      <time>2019-06-05T08:47:10Z</time>
      <extensions>
        <dbm>-92</dbm>
        <cellinfo>mcc=450 mnc=5 ci=32360983 pci=292 tac=9555 rssi=-57 rsrp=-92 rsrq=-7 rssnr=162 cqi=NA</cellinfo>
      </extensions>
    </trkpt>
    <trkpt lat="33.377863" lon="126.573971">
      <ele>1167.866178</ele>
      <time>2019-06-05T08:47:17Z</time>
      <extensions>
        <dbm>-93</dbm>
        <cellinfo>mcc=450 mnc=5 ci=32360983 pci=292 tac=9555 rssi=-58 rsrp=-93 rsrq=-6 rssnr=162 cqi=NA</cellinfo>
      </extensions>
    </trkpt>
    <trkpt lat="33.377833" lon="126.573866">
      <ele>1168.244929</ele>
      <time>2019-06-05T08:47:26Z</time>
      <extensions>
        <dbm>-94</dbm>
        <cellinfo>mcc=450 mnc=5 ci=32360983 pci=292 tac=9555 rssi=-58 rsrp=-94 rsrq=-6 rssnr=162 cqi=NA</cellinfo>
      </extensions>
    </trkpt>
    <trkpt lat="33.377802" lon="126.573762">
      <ele>1168.552257</ele>
      <time>2019-06-05T08:47:37Z</time>
      <extensions>
        <dbm>-91</dbm>
        <cellinfo>mcc=450 mnc=5 ci=32360983 pci=292 tac=9555 rssi=-56 rsrp=-91 rsrq=-4 rssnr=162 cqi=NA</cellinfo>
      </extensions>
    </trkpt>
    <trkpt lat="33.377780" lon="126.573650">
      <ele>1168.743874</ele>
      <time>2019-06-05T08:47:47Z</time>
      <extensions>
        <dbm>-92</dbm>
        <cellinfo>mcc=450 mnc=5 ci=32360983 pci=292 tac=9555 rssi=-57 rsrp=-92 rsrq=-6 rssnr=162 cqi=NA</cellinfo>
      </extensions>
    </trkpt>
    <trkpt lat="33.377770" lon="126.573535">
      <ele>1169.136020</ele>
      <time>2019-06-05T08:47:58Z</time>
      <extensions>
        <dbm>-95</dbm>
        <cellinfo>mcc=450 mnc=5 ci=32360983 pci=292 tac=9555 rssi=-58 rsrp=-95 rsrq=-6 rssnr=162 cqi=NA</cellinfo>
      </extensions>
    </trkpt>
    <trkpt lat="33.377776" lon="126.573422">
      <ele>1169.459772</ele>
      <time>2019-06-05T08:48:06Z</time>
      <extensions>
        <dbm>-94</dbm>
        <cellinfo>mcc=450 mnc=5 ci=32360983 pci=292 tac=9555 rssi=-57 rsrp=-94 rsrq=-6 rssnr=162 cqi=NA</cellinfo>
      </extensions>
    </trkpt>
    <trkpt lat="33.377804" lon="126.573313">
      <ele>1169.713179</ele>
      <time>2019-06-05T08:48:18Z</time>
      <extensions>
        <dbm>-95</dbm>
        <cellinfo>mcc=450 mnc=5 ci=32360983 pci=292 tac=9555 rssi=-58 rsrp=-95 rsrq=-6 rssnr=162 cqi=NA</cellinfo>
      </extensions>
    </trkpt>
    <trkpt lat="33.377849" lon="126.573210">
      <ele>1169.814142</ele>
      <time>2019-06-05T08:48:27Z</time>
      <extensions>
        <dbm>-93</dbm>
        <cellinfo>mcc=450 mnc=5 ci=32360983 pci=292 tac=9555 rssi=-56 rsrp=-93 rsrq=-6 rssnr=162 cqi=NA</cellinfo>
      </extensions>
    </trkpt>
    <trkpt lat="33.377897" lon="126.573102">
      <ele>1170.011685</ele>
      <time>2019-06-05T08:48:36Z</time>
      <extensions>
        <dbm>-95</dbm>
        <cellinfo>mcc=450 mnc=5 ci=32360983 pci=292 tac=9555 rssi=-57 rsrp=-95 rsrq=-6 rssnr=162 cqi=NA</cellinfo>
      </extensions>
    </trkpt>
    <trkpt lat="33.377938" lon="126.572989">
      <ele>1170.134655</ele>
      <time>2019-06-05T08:48:46Z</time>
      <extensions>
        <dbm>-98</dbm>
        <cellinfo>mcc=450 mnc=5 ci=32360983 pci=292 tac=9555 rssi=-59 rsrp=-98 rsrq=-9 rssnr=162 cqi=NA</cellinfo>
      </extensions>
    </trkpt>
    <trkpt lat="33.377970" lon="126.572870">
      <ele>1170.343572</ele>
      <time>2019-06-05T08:48:55Z</time>
      <extensions>
        <dbm>-98</dbm>
        <cellinfo>mcc=450 mnc=5 ci=32360983 pci=292 tac=9555 rssi=-59 rsrp=-98 rsrq=-6 rssnr=162 cqi=NA</cellinfo>
      </extensions>
    </trkpt>
    <trkpt lat="33.378015" lon="126.572766">
      <ele>1170.835144</ele>
      <time>2019-06-05T08:49:06Z</time>
      <extensions>
        <dbm>-90</dbm>
        <cellinfo>mcc=450 mnc=5 ci=32360983 pci=292 tac=9555 rssi=-56 rsrp=-90 rsrq=-4 rssnr=162 cqi=NA</cellinfo>
      </extensions>
    </trkpt>
    <trkpt lat="33.378064" lon="126.572671">
      <ele>1171.278833</ele>
      <time>2019-06-05T08:49:21Z</time>
      <extensions>
        <dbm>-94</dbm>
        <cellinfo>mcc=450 mnc=5 ci=32360983 pci=292 tac=9555 rssi=-57 rsrp=-94 rsrq=-6 rssnr=162 cqi=NA</cellinfo>
      </extensions>
    </trkpt>
    <trkpt lat="33.378111" lon="126.572574">
      <ele>1171.766089</ele>
      <time>2019-06-05T08:49:31Z</time>
      <extensions>
        <dbm>-99</dbm>
        <cellinfo>mcc=450 mnc=5 ci=32360983 pci=292 tac=9555 rssi=-59 rsrp=-99 rsrq=-9 rssnr=162 cqi=NA</cellinfo>
      </extensions>
    </trkpt>
    <trkpt lat="33.378146" lon="126.572468">
      <ele>1172.331201</ele>
      <time>2019-06-05T08:49:44Z</time>
      <extensions>
        <dbm>-90</dbm>
        <cellinfo>mcc=450 mnc=5 ci=32360983 pci=292 tac=9555 rssi=-56 rsrp=-90 rsrq=-6 rssnr=162 cqi=NA</cellinfo>
      </extensions>
    </trkpt>
    <trkpt lat="33.378180" lon="126.572355">
      <ele>1172.922839</ele>
      <time>2019-06-05T08:49:53Z</time>
      <extensions>
        <dbm>-93</dbm>
        <cellinfo>mcc=450 mnc=5 ci=32360983 pci=292 tac=9555 rssi=-57 rsrp=-93 rsrq=-4 rssnr=162 cqi=NA</cellinfo>
      </extensions>
    </trkpt>
    <trkpt lat="33.378209" lon="126.572252">
      <ele>1173.772681</ele>
      <time>2019-06-05T08:50:03Z</time>
      <extensions>
        <dbm>-89</dbm>
        <cellinfo>mcc=450 mnc=5 ci=32360983 pci=292 tac=9555 rssi=-56 rsrp=-89 rsrq=-5 rssnr=162 cqi=NA</cellinfo>
      </extensions>
    </trkpt>
    <trkpt lat="33.378219" lon="126.572143">
      <ele>1174.786572</ele>
      <time>2019-06-05T08:50:12Z</time>
      <extensions>
        <dbm>-87</dbm>
        <cellinfo>mcc=450 mnc=5 ci=32360983 pci=292 tac=9555 rssi=-55 rsrp=-87 rsrq=-6 rssnr=162 cqi=NA</cellinfo>
      </extensions>
    </trkpt>
    <trkpt lat="33.378209" lon="126.572032">
      <ele>1175.748816</ele>
      <time>2019-06-05T08:50:21Z</time>
      <extensions>
        <dbm>-92</dbm>
        <cellinfo>mcc=450 mnc=5 ci=32360983 pci=292 tac=9555 rssi=-57 rsrp=-92 rsrq=-6 rssnr=162 cqi=NA</cellinfo>
      </extensions>
    </trkpt>
    <trkpt lat="33.378187" lon="126.571914">
      <ele>1176.847949</ele>
      <time>2019-06-05T08:50:28Z</time>
      <extensions>
        <dbm>-89</dbm>
        <cellinfo>mcc=450 mnc=5 ci=32360983 pci=292 tac=9555 rssi=-56 rsrp=-89 rsrq=-6 rssnr=162 cqi=NA</cellinfo>
      </extensions>
    </trkpt>
    <trkpt lat="33.378143" lon="126.571810">
      <ele>1178.716220</ele>
      <time>2019-06-05T08:50:35Z</time>
      <extensions>
        <dbm>-87</dbm>
        <cellinfo>mcc=450 mnc=5 ci=32360983 pci=292 tac=9555 rssi=-56 rsrp=-87 rsrq=-6 rssnr=162 cqi=NA</cellinfo>
      </extensions>
    </trkpt>
    <trkpt lat="33.378081" lon="126.571719">
      <ele>1179.298047</ele>
      <time>2019-06-05T08:50:42Z</time>
      <extensions>
        <dbm>-93</dbm>
        <cellinfo>mcc=450 mnc=5 ci=32360983 pci=292 tac=9555 rssi=-58 rsrp=-93 rsrq=-8 rssnr=162 cqi=NA</cellinfo>
      </extensions>
    </trkpt>
    <trkpt lat="33.377996" lon="126.571650">
      <ele>1180.634241</ele>
      <time>2019-06-05T08:50:48Z</time>
      <extensions>
        <dbm>-88</dbm>
        <cellinfo>mcc=450 mnc=5 ci=32360983 pci=292 tac=9555 rssi=-56 rsrp=-88 rsrq=-6 rssnr=162 cqi=NA</cellinfo>
      </extensions>
    </trkpt>
    <trkpt lat="33.377899" lon="126.571594">
      <ele>1182.465831</ele>
      <time>2019-06-05T08:50:57Z</time>
      <extensions>
        <dbm>-96</dbm>
        <cellinfo>mcc=450 mnc=5 ci=32360983 pci=292 tac=9555 rssi=-57 rsrp=-96 rsrq=-5 rssnr=162 cqi=NA</cellinfo>
      </extensions>
    </trkpt>
    <trkpt lat="33.377794" lon="126.571567">
      <ele>1183.682784</ele>
      <time>2019-06-05T08:51:05Z</time>
      <extensions>
        <dbm>-93</dbm>
        <cellinfo>mcc=450 mnc=5 ci=32360983 pci=292 tac=9555 rssi=-56 rsrp=-93 rsrq=-5 rssnr=162 cqi=NA</cellinfo>
      </extensions>
    </trkpt>
    <trkpt lat="33.377693" lon="126.571534">
      <ele>1184.840554</ele>
      <time>2019-06-05T08:51:14Z</time>
      <extensions>
        <dbm>-99</dbm>
        <cellinfo>mcc=450 mnc=5 ci=32360983 pci=292 tac=9555 rssi=-59 rsrp=-99 rsrq=-7 rssnr=162 cqi=NA</cellinfo>
      </extensions>
    </trkpt>
    <trkpt lat="33.377609" lon="126.571485">
      <ele>1185.860562</ele>
      <time>2019-06-05T08:51:26Z</time>
      <extensions>
        <dbm>-91</dbm>
        <cellinfo>mcc=450 mnc=5 ci=32360983 pci=292 tac=9555 rssi=-57 rsrp=-91 rsrq=-7 rssnr=162 cqi=NA</cellinfo>
      </extensions>
    </trkpt>
    <trkpt lat="33.377534" lon="126.571407">
      <ele>1187.173540</ele>
      <time>2019-06-05T08:51:36Z</time>
      <extensions>
        <dbm>-94</dbm>
        <cellinfo>mcc=450 mnc=5 ci=32360983 pci=292 tac=9555 rssi=-58 rsrp=-94 rsrq=-5 rssnr=162 cqi=NA</cellinfo>
      </extensions>
    </trkpt>
    <trkpt lat="33.377461" lon="126.571330">
      <ele>1188.514726</ele>
      <time>2019-06-05T08:51:45Z</time>
      <extensions>
        <dbm>-102</dbm>
        <cellinfo>mcc=450 mnc=5 ci=32360983 pci=292 tac=9555 rssi=-60 rsrp=-102 rsrq=-6 rssnr=162 cqi=NA</cellinfo>
      </extensions>
    </trkpt>
    <trkpt lat="33.377388" lon="126.571265">
      <ele>1189.741666</ele>
      <time>2019-06-05T08:51:54Z</time>
      <extensions>
        <dbm>-99</dbm>
        <cellinfo>mcc=450 mnc=5 ci=32360983 pci=292 tac=9555 rssi=-59 rsrp=-99 rsrq=-8 rssnr=162 cqi=NA</cellinfo>
      </extensions>
    </trkpt>
    <trkpt lat="33.377308" lon="126.571199">
      <ele>1191.065752</ele>
      <time>2019-06-05T08:52:02Z</time>
      <extensions>
        <dbm>-98</dbm>
        <cellinfo>mcc=450 mnc=5 ci=32360983 pci=292 tac=9555 rssi=-58 rsrp=-98 rsrq=-6 rssnr=162 cqi=NA</cellinfo>
      </extensions>
    </trkpt>
    <trkpt lat="33.377227" lon="126.571144">
      <ele>1192.192516</ele>
      <time>2019-06-05T08:52:12Z</time>
      <extensions>
        <dbm>-94</dbm>
        <cellinfo>mcc=450 mnc=5 ci=32360983 pci=292 tac=9555 rssi=-57 rsrp=-94 rsrq=-6 rssnr=162 cqi=NA</cellinfo>
      </extensions>
    </trkpt>
    <trkpt lat="33.377143" lon="126.571095">
      <ele>1192.726111</ele>
      <time>2019-06-05T08:52:24Z</time>
      <extensions>
        <dbm>-101</dbm>
        <cellinfo>mcc=450 mnc=5 ci=32360983 pci=292 tac=9555 rssi=-60 rsrp=-101 rsrq=-7 rssnr=162 cqi=NA</cellinfo>
      </extensions>
    </trkpt>
    <trkpt lat="33.377058" lon="126.571053">
      <ele>1194.753784</ele>
      <time>2019-06-05T08:52:35Z</time>
      <extensions>
        <dbm>-100</dbm>
        <cellinfo>mcc=450 mnc=5 ci=32360983 pci=292 tac=9555 rssi=-60 rsrp=-100 rsrq=-8 rssnr=162 cqi=NA</cellinfo>
      </extensions>
    </trkpt>
    <trkpt lat="33.376968" lon="126.571002">
      <ele>1196.443204</ele>
      <time>2019-06-05T08:52:45Z</time>
      <extensions>
        <dbm>-96</dbm>
        <cellinfo>mcc=450 mnc=5 ci=32360983 pci=292 tac=9555 rssi=-58 rsrp=-96 rsrq=-6 rssnr=162 cqi=NA</cellinfo>
      </extensions>
    </trkpt>
    <trkpt lat="33.376872" lon="126.570944">
      <ele>1198.211737</ele>
      <time>2019-06-05T08:52:55Z</time>
      <extensions>
        <dbm>-94</dbm>
        <cellinfo>mcc=450 mnc=5 ci=32360983 pci=292 tac=9555 rssi=-57 rsrp=-94 rsrq=-6 rssnr=162 cqi=NA</cellinfo>
      </extensions>
    </trkpt>
    <trkpt lat="33.376769" lon="126.570900">
      <ele>1200.181263</ele>
      <time>2019-06-05T08:53:05Z</time>
      <extensions>
        <dbm>-96</dbm>
        <cellinfo>mcc=450 mnc=5 ci=32360983 pci=292 tac=9555 rssi=-58 rsrp=-96 rsrq=-7 rssnr=162 cqi=NA</cellinfo>
      </extensions>
    </trkpt>
    <trkpt lat="33.376664" lon="126.570867">
      <ele>1202.049616</ele>
      <time>2019-06-05T08:53:14Z</time>
      <extensions>
        <dbm>-99</dbm>
        <cellinfo>mcc=450 mnc=5 ci=32360983 pci=292 tac=9555 rssi=-59 rsrp=-99 rsrq=-7 rssnr=162 cqi=NA</cellinfo>
      </extensions>
    </trkpt>
    <trkpt lat="33.376560" lon="126.570834">
      <ele>1203.538208</ele>
      <time>2019-06-05T08:53:23Z</time>
      <extensions>
        <dbm>-98</dbm>
        <cellinfo>mcc=450 mnc=5 ci=32360983 pci=292 tac=9555 rssi=-59 rsrp=-98 rsrq=-8 rssnr=162 cqi=NA</cellinfo>
      </extensions>
    </trkpt>
    <trkpt lat="33.376481" lon="126.570770">
      <ele>1204.977905</ele>
      <time>2019-06-05T08:53:34Z</time>
      <extensions>
        <dbm>-104</dbm>
        <cellinfo>mcc=450 mnc=5 ci=32360983 pci=292 tac=9555 rssi=-61 rsrp=-104 rsrq=-10 rssnr=162 cqi=NA</cellinfo>
      </extensions>
    </trkpt>
    <trkpt lat="33.376431" lon="126.570678">
      <ele>1204.977905</ele>
      <time>2019-06-05T08:53:45Z</time>
      <extensions>
        <dbm>-104</dbm>
        <cellinfo>mcc=450 mnc=5 ci=32360983 pci=292 tac=9555 rssi=-61 rsrp=-104 rsrq=-10 rssnr=162 cqi=NA</cellinfo>
      </extensions>
    </trkpt>
    <trkpt lat="33.376407" lon="126.570580">
      <ele>1206.610951</ele>
      <time>2019-06-05T08:53:54Z</time>
      <extensions>
        <dbm>-98</dbm>
        <cellinfo>mcc=450 mnc=5 ci=32209679 pci=261 tac=9555 rssi=-60 rsrp=-98 rsrq=-11 rssnr=162 cqi=NA</cellinfo>
      </extensions>
    </trkpt>
    <trkpt lat="33.376384" lon="126.570477">
      <ele>1207.458948</ele>
      <time>2019-06-05T08:54:00Z</time>
      <extensions>
        <dbm>-100</dbm>
        <cellinfo>mcc=450 mnc=5 ci=32209679 pci=261 tac=9555 rssi=-60 rsrp=-100 rsrq=-9 rssnr=162 cqi=NA</cellinfo>
      </extensions>
    </trkpt>
    <trkpt lat="33.376357" lon="126.570375">
      <ele>1209.521063</ele>
      <time>2019-06-05T08:54:11Z</time>
      <extensions>
        <dbm>-101</dbm>
        <cellinfo>mcc=450 mnc=5 ci=32360983 pci=292 tac=9555 rssi=-60 rsrp=-101 rsrq=-9 rssnr=162 cqi=NA</cellinfo>
      </extensions>
    </trkpt>
    <trkpt lat="33.376317" lon="126.570276">
      <ele>1210.517798</ele>
      <time>2019-06-05T08:54:22Z</time>
      <extensions>
        <dbm>-97</dbm>
        <cellinfo>mcc=450 mnc=5 ci=32360983 pci=292 tac=9555 rssi=-59 rsrp=-97 rsrq=-6 rssnr=162 cqi=NA</cellinfo>
      </extensions>
    </trkpt>
    <trkpt lat="33.376268" lon="126.570183">
      <ele>1211.884253</ele>
      <time>2019-06-05T08:54:33Z</time>
      <extensions>
        <dbm>-97</dbm>
        <cellinfo>mcc=450 mnc=5 ci=32360983 pci=292 tac=9555 rssi=-59 rsrp=-97 rsrq=-8 rssnr=162 cqi=NA</cellinfo>
      </extensions>
    </trkpt>
    <trkpt lat="33.376209" lon="126.570095">
      <ele>1213.537686</ele>
      <time>2019-06-05T08:54:48Z</time>
      <extensions>
        <dbm>-94</dbm>
        <cellinfo>mcc=450 mnc=5 ci=32360983 pci=292 tac=9555 rssi=-57 rsrp=-94 rsrq=-7 rssnr=162 cqi=NA</cellinfo>
      </extensions>
    </trkpt>
    <trkpt lat="33.376144" lon="126.570005">
      <ele>1214.065430</ele>
      <time>2019-06-05T08:55:00Z</time>
      <extensions>
        <dbm>-95</dbm>
        <cellinfo>mcc=450 mnc=5 ci=32360983 pci=292 tac=9555 rssi=-57 rsrp=-95 rsrq=-7 rssnr=162 cqi=NA</cellinfo>
      </extensions>
    </trkpt>
    <trkpt lat="33.376072" lon="126.569930">
      <ele>1215.292688</ele>
      <time>2019-06-05T08:55:10Z</time>
      <extensions>
        <dbm>-95</dbm>
        <cellinfo>mcc=450 mnc=5 ci=32360983 pci=292 tac=9555 rssi=-58 rsrp=-95 rsrq=-6 rssnr=162 cqi=NA</cellinfo>
      </extensions>
    </trkpt>
    <trkpt lat="33.375996" lon="126.569861">
      <ele>1216.928003</ele>
      <time>2019-06-05T08:55:20Z</time>
      <extensions>
        <dbm>-94</dbm>
        <cellinfo>mcc=450 mnc=5 ci=32360983 pci=292 tac=9555 rssi=-58 rsrp=-94 rsrq=-8 rssnr=162 cqi=NA</cellinfo>
      </extensions>
    </trkpt>
    <trkpt lat="33.375922" lon="126.569791">
      <ele>1218.556519</ele>
      <time>2019-06-05T08:55:29Z</time>
      <extensions>
        <dbm>-93</dbm>
        <cellinfo>mcc=450 mnc=5 ci=32360983 pci=292 tac=9555 rssi=-57 rsrp=-93 rsrq=-7 rssnr=162 cqi=NA</cellinfo>
      </extensions>
    </trkpt>
    <trkpt lat="33.375851" lon="126.569713">
      <ele>1220.433044</ele>
      <time>2019-06-05T08:55:40Z</time>
      <extensions>
        <dbm>-95</dbm>
        <cellinfo>mcc=450 mnc=5 ci=32360983 pci=292 tac=9555 rssi=-58 rsrp=-95 rsrq=-7 rssnr=162 cqi=NA</cellinfo>
      </extensions>
    </trkpt>
    <trkpt lat="33.375773" lon="126.569641">
      <ele>1222.220679</ele>
      <time>2019-06-05T08:55:51Z</time>
      <extensions>
        <dbm>-91</dbm>
        <cellinfo>mcc=450 mnc=5 ci=32360983 pci=292 tac=9555 rssi=-57 rsrp=-91 rsrq=-6 rssnr=162 cqi=NA</cellinfo>
      </extensions>
    </trkpt>
    <trkpt lat="33.375693" lon="126.569579">
      <ele>1223.650968</ele>
      <time>2019-06-05T08:56:02Z</time>
      <extensions>
        <dbm>-86</dbm>
        <cellinfo>mcc=450 mnc=5 ci=32360983 pci=292 tac=9555 rssi=-56 rsrp=-86 rsrq=-6 rssnr=162 cqi=NA</cellinfo>
      </extensions>
    </trkpt>
    <trkpt lat="33.375614" lon="126.569534">
      <ele>1224.432556</ele>
      <time>2019-06-05T08:56:10Z</time>
      <extensions>
        <dbm>-107</dbm>
        <cellinfo>mcc=450 mnc=5 ci=32360979 pci=292 tac=9555 rssi=-62 rsrp=-107 rsrq=-7 rssnr=162 cqi=NA</cellinfo>
      </extensions>
    </trkpt>
    <trkpt lat="33.375536" lon="126.569511">
      <ele>1226.088611</ele>
      <time>2019-06-05T08:56:16Z</time>
      <extensions>
        <dbm>-87</dbm>
        <cellinfo>mcc=450 mnc=5 ci=32360983 pci=292 tac=9555 rssi=-57 rsrp=-87 rsrq=-6 rssnr=162 cqi=NA</cellinfo>
      </extensions>
    </trkpt>
    <trkpt lat="33.375456" lon="126.569504">
      <ele>1226.768066</ele>
      <time>2019-06-05T08:56:23Z</time>
      <extensions>
        <dbm>-90</dbm>
        <cellinfo>mcc=450 mnc=5 ci=32360983 pci=292 tac=9555 rssi=-56 rsrp=-90 rsrq=-6 rssnr=162 cqi=NA</cellinfo>
      </extensions>
    </trkpt>
    <trkpt lat="33.375368" lon="126.569495">
      <ele>1228.250588</ele>
      <time>2019-06-05T08:56:30Z</time>
      <extensions>
        <dbm>-87</dbm>
        <cellinfo>mcc=450 mnc=5 ci=32360983 pci=292 tac=9555 rssi=-55 rsrp=-87 rsrq=-5 rssnr=162 cqi=NA</cellinfo>
      </extensions>
    </trkpt>
    <trkpt lat="33.375274" lon="126.569484">
      <ele>1230.687146</ele>
      <time>2019-06-05T08:56:37Z</time>
      <extensions>
        <dbm>-88</dbm>
        <cellinfo>mcc=450 mnc=5 ci=32360983 pci=292 tac=9555 rssi=-56 rsrp=-88 rsrq=-6 rssnr=162 cqi=NA</cellinfo>
      </extensions>
    </trkpt>
    <trkpt lat="33.375178" lon="126.569464">
      <ele>1231.847290</ele>
      <time>2019-06-05T08:56:44Z</time>
      <extensions>
        <dbm>-92</dbm>
        <cellinfo>mcc=450 mnc=5 ci=32360983 pci=292 tac=9555 rssi=-57 rsrp=-92 rsrq=-7 rssnr=162 cqi=NA</cellinfo>
      </extensions>
    </trkpt>
    <trkpt lat="33.375094" lon="126.569424">
      <ele>1232.751184</ele>
      <time>2019-06-05T08:56:51Z</time>
      <extensions>
        <dbm>-90</dbm>
        <cellinfo>mcc=450 mnc=5 ci=32360983 pci=292 tac=9555 rssi=-56 rsrp=-90 rsrq=-5 rssnr=162 cqi=NA</cellinfo>
      </extensions>
    </trkpt>
    <trkpt lat="33.375010" lon="126.569374">
      <ele>1233.195734</ele>
      <time>2019-06-05T08:56:59Z</time>
      <extensions>
        <dbm>-90</dbm>
        <cellinfo>mcc=450 mnc=5 ci=32360983 pci=292 tac=9555 rssi=-56 rsrp=-90 rsrq=-6 rssnr=162 cqi=NA</cellinfo>
      </extensions>
    </trkpt>
    <trkpt lat="33.374927" lon="126.569322">
      <ele>1234.210229</ele>
      <time>2019-06-05T08:57:08Z</time>
      <extensions>
        <dbm>-97</dbm>
        <cellinfo>mcc=450 mnc=5 ci=32360983 pci=292 tac=9555 rssi=-58 rsrp=-97 rsrq=-8 rssnr=162 cqi=NA</cellinfo>
      </extensions>
    </trkpt>
    <trkpt lat="33.374834" lon="126.569288">
      <ele>1234.613248</ele>
      <time>2019-06-05T08:57:18Z</time>
      <extensions>
        <dbm>-98</dbm>
        <cellinfo>mcc=450 mnc=5 ci=32360983 pci=292 tac=9555 rssi=-58 rsrp=-98 rsrq=-6 rssnr=162 cqi=NA</cellinfo>
      </extensions>
    </trkpt>
    <trkpt lat="33.374737" lon="126.569265">
      <ele>1235.563489</ele>
      <time>2019-06-05T08:57:25Z</time>
      <extensions>
        <dbm>-97</dbm>
        <cellinfo>mcc=450 mnc=5 ci=32360983 pci=292 tac=9555 rssi=-58 rsrp=-97 rsrq=-6 rssnr=162 cqi=NA</cellinfo>
      </extensions>
    </trkpt>
    <trkpt lat="33.374642" lon="126.569264">
      <ele>1235.948242</ele>
      <time>2019-06-05T08:57:35Z</time>
      <extensions>
        <dbm>-90</dbm>
        <cellinfo>mcc=450 mnc=5 ci=32360983 pci=292 tac=9555 rssi=-56 rsrp=-90 rsrq=-6 rssnr=162 cqi=NA</cellinfo>
      </extensions>
    </trkpt>
    <trkpt lat="33.374546" lon="126.569277">
      <ele>1236.592551</ele>
      <time>2019-06-05T08:57:43Z</time>
      <extensions>
        <dbm>-93</dbm>
        <cellinfo>mcc=450 mnc=5 ci=32360983 pci=292 tac=9555 rssi=-57 rsrp=-93 rsrq=-6 rssnr=162 cqi=NA</cellinfo>
      </extensions>
    </trkpt>
    <trkpt lat="33.374454" lon="126.569288">
      <ele>1237.219704</ele>
      <time>2019-06-05T08:57:53Z</time>
      <extensions>
        <dbm>-98</dbm>
        <cellinfo>mcc=450 mnc=5 ci=32360983 pci=292 tac=9555 rssi=-59 rsrp=-98 rsrq=-8 rssnr=162 cqi=NA</cellinfo>
      </extensions>
    </trkpt>
    <trkpt lat="33.374361" lon="126.569290">
      <ele>1237.776822</ele>
      <time>2019-06-05T08:58:04Z</time>
      <extensions>
        <dbm>-92</dbm>
        <cellinfo>mcc=450 mnc=5 ci=32360983 pci=292 tac=9555 rssi=-57 rsrp=-92 rsrq=-6 rssnr=162 cqi=NA</cellinfo>
      </extensions>
    </trkpt>
    <trkpt lat="33.374272" lon="126.569304">
      <ele>1238.388750</ele>
      <time>2019-06-05T08:58:11Z</time>
      <extensions>
        <dbm>-92</dbm>
        <cellinfo>mcc=450 mnc=5 ci=32360983 pci=292 tac=9555 rssi=-58 rsrp=-92 rsrq=-7 rssnr=162 cqi=NA</cellinfo>
      </extensions>
    </trkpt>
    <trkpt lat="33.374185" lon="126.569337">
      <ele>1239.123835</ele>
      <time>2019-06-05T08:58:18Z</time>
      <extensions>
        <dbm>-90</dbm>
        <cellinfo>mcc=450 mnc=5 ci=32360983 pci=292 tac=9555 rssi=-57 rsrp=-90 rsrq=-6 rssnr=162 cqi=NA</cellinfo>
      </extensions>
    </trkpt>
    <trkpt lat="33.374096" lon="126.569375">
      <ele>1239.493726</ele>
      <time>2019-06-05T08:58:32Z</time>
      <extensions>
        <dbm>-88</dbm>
        <cellinfo>mcc=450 mnc=5 ci=32360983 pci=292 tac=9555 rssi=-56 rsrp=-88 rsrq=-6 rssnr=162 cqi=NA</cellinfo>
      </extensions>
    </trkpt>
    <trkpt lat="33.374013" lon="126.569387">
      <ele>1239.827698</ele>
      <time>2019-06-05T08:58:41Z</time>
      <extensions>
        <dbm>-100</dbm>
        <cellinfo>mcc=450 mnc=5 ci=32360979 pci=292 tac=9555 rssi=-60 rsrp=-100 rsrq=-8 rssnr=162 cqi=NA</cellinfo>
      </extensions>
    </trkpt>
    <trkpt lat="33.373930" lon="126.569371">
      <ele>1240.042869</ele>
      <time>2019-06-05T08:58:49Z</time>
      <extensions>
        <dbm>-103</dbm>
        <cellinfo>mcc=450 mnc=5 ci=32360979 pci=292 tac=9555 rssi=-61 rsrp=-103 rsrq=-6 rssnr=162 cqi=NA</cellinfo>
      </extensions>
    </trkpt>
    <trkpt lat="33.373863" lon="126.569327">
      <ele>1240.579368</ele>
      <time>2019-06-05T08:58:59Z</time>
      <extensions>
        <dbm>-86</dbm>
        <cellinfo>mcc=450 mnc=5 ci=32360983 pci=292 tac=9555 rssi=-55 rsrp=-86 rsrq=-6 rssnr=162 cqi=NA</cellinfo>
      </extensions>
    </trkpt>
    <trkpt lat="33.373795" lon="126.569266">
      <ele>1241.042281</ele>
      <time>2019-06-05T08:59:07Z</time>
      <extensions>
        <dbm>-86</dbm>
        <cellinfo>mcc=450 mnc=5 ci=32360983 pci=292 tac=9555 rssi=-56 rsrp=-86 rsrq=-6 rssnr=162 cqi=NA</cellinfo>
      </extensions>
    </trkpt>
    <trkpt lat="33.373743" lon="126.569200">
      <ele>1241.042281</ele>
      <time>2019-06-05T08:59:18Z</time>
      <extensions>
        <dbm>-84</dbm>
        <cellinfo>mcc=450 mnc=5 ci=32360983 pci=292 tac=9555 rssi=-56 rsrp=-84 rsrq=-6 rssnr=162 cqi=NA</cellinfo>
      </extensions>
    </trkpt>
    <trkpt lat="33.373690" lon="126.569134">
      <ele>1241.570779</ele>
      <time>2019-06-05T08:59:25Z</time>
      <extensions>
        <dbm>-104</dbm>
        <cellinfo>mcc=450 mnc=5 ci=32360979 pci=292 tac=9555 rssi=-63 rsrp=-104 rsrq=-13 rssnr=162 cqi=NA</cellinfo>
      </extensions>
    </trkpt>
    <trkpt lat="33.373640" lon="126.569073">
      <ele>1241.847890</ele>
      <time>2019-06-05T08:59:32Z</time>
      <extensions>
        <dbm>-88</dbm>
        <cellinfo>mcc=450 mnc=5 ci=32360983 pci=292 tac=9555 rssi=-57 rsrp=-88 rsrq=-6 rssnr=162 cqi=NA</cellinfo>
      </extensions>
    </trkpt>
    <trkpt lat="33.373584" lon="126.569017">
      <ele>1241.847890</ele>
      <time>2019-06-05T08:59:39Z</time>
      <extensions>
        <dbm>-93</dbm>
        <cellinfo>mcc=450 mnc=5 ci=32360983 pci=292 tac=9555 rssi=-56 rsrp=-93 rsrq=-6 rssnr=162 cqi=NA</cellinfo>
      </extensions>
    </trkpt>
    <trkpt lat="33.373529" lon="126.568961">
      <ele>1241.596802</ele>
      <time>2019-06-05T08:59:47Z</time>
      <extensions>
        <dbm>-93</dbm>
        <cellinfo>mcc=450 mnc=5 ci=32360983 pci=292 tac=9555 rssi=-57 rsrp=-93 rsrq=-7 rssnr=162 cqi=NA</cellinfo>
      </extensions>
    </trkpt>
    <trkpt lat="33.373482" lon="126.568905">
      <ele>1242.131195</ele>
      <time>2019-06-05T09:00:00Z</time>
      <extensions>
        <dbm>-102</dbm>
        <cellinfo>mcc=450 mnc=5 ci=32360979 pci=292 tac=9555 rssi=-60 rsrp=-102 rsrq=-7 rssnr=162 cqi=NA</cellinfo>
      </extensions>
    </trkpt>
    <trkpt lat="33.373434" lon="126.568844">
      <ele>1243.154755</ele>
      <time>2019-06-05T09:00:12Z</time>
      <extensions>
        <dbm>-93</dbm>
        <cellinfo>mcc=450 mnc=5 ci=32360983 pci=292 tac=9555 rssi=-57 rsrp=-93 rsrq=-7 rssnr=162 cqi=NA</cellinfo>
      </extensions>
    </trkpt>
    <trkpt lat="33.373378" lon="126.568779">
      <ele>1243.888146</ele>
      <time>2019-06-05T09:00:22Z</time>
      <extensions>
        <dbm>-88</dbm>
        <cellinfo>mcc=450 mnc=5 ci=32360983 pci=292 tac=9555 rssi=-56 rsrp=-88 rsrq=-5 rssnr=162 cqi=NA</cellinfo>
      </extensions>
    </trkpt>
    <trkpt lat="33.373308" lon="126.568731">
      <ele>1244.173716</ele>
      <time>2019-06-05T09:00:36Z</time>
      <extensions>
        <dbm>-86</dbm>
        <cellinfo>mcc=450 mnc=5 ci=32360983 pci=292 tac=9555 rssi=-55 rsrp=-86 rsrq=-5 rssnr=162 cqi=NA</cellinfo>
      </extensions>
    </trkpt>
    <trkpt lat="33.373241" lon="126.568718">
      <ele>1244.874352</ele>
      <time>2019-06-05T09:00:55Z</time>
      <extensions>
        <dbm>-87</dbm>
        <cellinfo>mcc=450 mnc=5 ci=32360983 pci=292 tac=9555 rssi=-56 rsrp=-87 rsrq=-6 rssnr=162 cqi=NA</cellinfo>
      </extensions>
    </trkpt>
    <trkpt lat="33.373170" lon="126.568738">
      <ele>1246.198937</ele>
      <time>2019-06-05T09:01:05Z</time>
      <extensions>
        <dbm>-87</dbm>
        <cellinfo>mcc=450 mnc=5 ci=32360983 pci=292 tac=9555 rssi=-56 rsrp=-87 rsrq=-6 rssnr=162 cqi=NA</cellinfo>
      </extensions>
    </trkpt>
    <trkpt lat="33.373098" lon="126.568759">
      <ele>1247.707642</ele>
      <time>2019-06-05T09:01:21Z</time>
      <extensions>
        <dbm>-80</dbm>
        <cellinfo>mcc=450 mnc=5 ci=32360983 pci=292 tac=9555 rssi=-54 rsrp=-80 rsrq=-6 rssnr=162 cqi=NA</cellinfo>
      </extensions>
    </trkpt>
    <trkpt lat="33.373012" lon="126.568768">
      <ele>1248.407633</ele>
      <time>2019-06-05T09:01:37Z</time>
      <extensions>
        <dbm>-81</dbm>
        <cellinfo>mcc=450 mnc=5 ci=32360983 pci=292 tac=9555 rssi=-54 rsrp=-81 rsrq=-6 rssnr=162 cqi=NA</cellinfo>
      </extensions>
    </trkpt>
    <trkpt lat="33.372926" lon="126.568761">
      <ele>1250.768545</ele>
      <time>2019-06-05T09:01:54Z</time>
      <extensions>
        <dbm>-68</dbm>
        <cellinfo>mcc=450 mnc=5 ci=32360983 pci=292 tac=9555 rssi=-49 rsrp=-68 rsrq=-7 rssnr=162 cqi=NA</cellinfo>
      </extensions>
    </trkpt>
    <trkpt lat="33.372843" lon="126.568765">
      <ele>1251.723612</ele>
      <time>2019-06-05T09:02:06Z</time>
      <extensions>
        <dbm>-72</dbm>
        <cellinfo>mcc=450 mnc=5 ci=32360983 pci=292 tac=9555 rssi=-51 rsrp=-72 rsrq=-6 rssnr=162 cqi=NA</cellinfo>
      </extensions>
    </trkpt>
    <trkpt lat="33.372776" lon="126.568784">
      <ele>1252.687408</ele>
      <time>2019-06-05T09:02:17Z</time>
      <extensions>
        <dbm>-77</dbm>
        <cellinfo>mcc=450 mnc=5 ci=32360983 pci=292 tac=9555 rssi=-52 rsrp=-77 rsrq=-5 rssnr=162 cqi=NA</cellinfo>
      </extensions>
    </trkpt>
    <trkpt lat="33.372713" lon="126.568818">
      <ele>1252.334493</ele>
      <time>2019-06-05T09:02:29Z</time>
      <extensions>
        <dbm>-83</dbm>
        <cellinfo>mcc=450 mnc=5 ci=32360979 pci=292 tac=9555 rssi=-55 rsrp=-83 rsrq=-5 rssnr=162 cqi=NA</cellinfo>
      </extensions>
    </trkpt>
    <trkpt lat="33.372658" lon="126.568860">
      <ele>1253.383028</ele>
      <time>2019-06-05T09:02:42Z</time>
      <extensions>
        <dbm>-93</dbm>
        <cellinfo>mcc=450 mnc=5 ci=32360979 pci=292 tac=9555 rssi=-59 rsrp=-93 rsrq=-8 rssnr=162 cqi=NA</cellinfo>
      </extensions>
    </trkpt>
    <trkpt lat="33.372597" lon="126.568903">
      <ele>1252.641442</ele>
      <time>2019-06-05T09:02:51Z</time>
      <extensions>
        <dbm>-74</dbm>
        <cellinfo>mcc=450 mnc=5 ci=32360983 pci=292 tac=9555 rssi=-52 rsrp=-74 rsrq=-6 rssnr=162 cqi=NA</cellinfo>
      </extensions>
    </trkpt>
    <trkpt lat="33.372544" lon="126.568959">
      <ele>1254.417922</ele>
      <time>2019-06-05T09:03:00Z</time>
      <extensions>
        <dbm>-90</dbm>
        <cellinfo>mcc=450 mnc=5 ci=32360979 pci=292 tac=9555 rssi=-59 rsrp=-90 rsrq=-13 rssnr=162 cqi=NA</cellinfo>
      </extensions>
    </trkpt>
    <trkpt lat="33.372521" lon="126.569022">
      <ele>1257.147912</ele>
      <time>2019-06-05T09:03:07Z</time>
      <extensions>
        <dbm>-78</dbm>
        <cellinfo>mcc=450 mnc=5 ci=32360983 pci=292 tac=9555 rssi=-54 rsrp=-78 rsrq=-6 rssnr=162 cqi=NA</cellinfo>
      </extensions>
    </trkpt>
    <trkpt lat="33.372510" lon="126.569094">
      <ele>1259.305514</ele>
      <time>2019-06-05T09:03:15Z</time>
      <extensions>
        <dbm>-77</dbm>
        <cellinfo>mcc=450 mnc=5 ci=32360983 pci=292 tac=9555 rssi=-53 rsrp=-77 rsrq=-6 rssnr=162 cqi=NA</cellinfo>
      </extensions>
    </trkpt>
    <trkpt lat="33.372492" lon="126.569152">
      <ele>1261.915386</ele>
      <time>2019-06-05T09:03:31Z</time>
      <extensions>
        <dbm>-99</dbm>
        <cellinfo>mcc=450 mnc=5 ci=32360979 pci=292 tac=9555 rssi=-60 rsrp=-99 rsrq=-8 rssnr=162 cqi=NA</cellinfo>
      </extensions>
    </trkpt>
    <trkpt lat="33.372449" lon="126.569220">
      <ele>1263.130179</ele>
      <time>2019-06-05T09:03:44Z</time>
      <extensions>
        <dbm>-79</dbm>
        <cellinfo>mcc=450 mnc=5 ci=32360983 pci=292 tac=9555 rssi=-53 rsrp=-79 rsrq=-6 rssnr=162 cqi=NA</cellinfo>
      </extensions>
    </trkpt>
    <trkpt lat="33.372397" lon="126.569277">
      <ele>1265.498134</ele>
      <time>2019-06-05T09:04:00Z</time>
      <extensions>
        <dbm>-81</dbm>
        <cellinfo>mcc=450 mnc=5 ci=32360983 pci=292 tac=9555 rssi=-54 rsrp=-81 rsrq=-5 rssnr=162 cqi=NA</cellinfo>
      </extensions>
    </trkpt>
    <trkpt lat="33.372348" lon="126.569342">
      <ele>1267.850438</ele>
      <time>2019-06-05T09:04:09Z</time>
      <extensions>
        <dbm>-78</dbm>
        <cellinfo>mcc=450 mnc=5 ci=32360983 pci=292 tac=9555 rssi=-53 rsrp=-78 rsrq=-7 rssnr=162 cqi=NA</cellinfo>
      </extensions>
    </trkpt>
    <trkpt lat="33.372305" lon="126.569401">
      <ele>1268.448887</ele>
      <time>2019-06-05T09:04:17Z</time>
      <extensions>
        <dbm>-80</dbm>
        <cellinfo>mcc=450 mnc=5 ci=32360983 pci=292 tac=9555 rssi=-54 rsrp=-80 rsrq=-7 rssnr=162 cqi=NA</cellinfo>
      </extensions>
    </trkpt>
    <trkpt lat="33.372263" lon="126.569464">
      <ele>1270.791051</ele>
      <time>2019-06-05T09:04:31Z</time>
      <extensions>
        <dbm>-75</dbm>
        <cellinfo>mcc=450 mnc=5 ci=32360983 pci=292 tac=9555 rssi=-53 rsrp=-75 rsrq=-9 rssnr=162 cqi=NA</cellinfo>
      </extensions>
    </trkpt>
    <trkpt lat="33.372213" lon="126.569514">
      <ele>1271.797467</ele>
      <time>2019-06-05T09:04:40Z</time>
      <extensions>
        <dbm>-75</dbm>
        <cellinfo>mcc=450 mnc=5 ci=32360983 pci=292 tac=9555 rssi=-52 rsrp=-75 rsrq=-7 rssnr=162 cqi=NA</cellinfo>
      </extensions>
    </trkpt>
    <trkpt lat="33.372144" lon="126.569533">
      <ele>1274.352999</ele>
      <time>2019-06-05T09:04:50Z</time>
      <extensions>
        <dbm>-76</dbm>
        <cellinfo>mcc=450 mnc=5 ci=32360983 pci=292 tac=9555 rssi=-53 rsrp=-76 rsrq=-5 rssnr=162 cqi=NA</cellinfo>
      </extensions>
    </trkpt>
    <trkpt lat="33.372067" lon="126.569534">
      <ele>1275.329515</ele>
      <time>2019-06-05T09:04:58Z</time>
      <extensions>
        <dbm>-80</dbm>
        <cellinfo>mcc=450 mnc=5 ci=32360983 pci=292 tac=9555 rssi=-53 rsrp=-80 rsrq=-6 rssnr=162 cqi=NA</cellinfo>
      </extensions>
    </trkpt>
    <trkpt lat="33.371993" lon="126.569536">
      <ele>1277.115383</ele>
      <time>2019-06-05T09:05:07Z</time>
      <extensions>
        <dbm>-88</dbm>
        <cellinfo>mcc=450 mnc=5 ci=32360979 pci=292 tac=9555 rssi=-57 rsrp=-88 rsrq=-5 rssnr=162 cqi=NA</cellinfo>
      </extensions>
    </trkpt>
    <trkpt lat="33.371912" lon="126.569542">
      <ele>1280.813843</ele>
      <time>2019-06-05T09:05:14Z</time>
      <extensions>
        <dbm>-88</dbm>
        <cellinfo>mcc=450 mnc=5 ci=32360979 pci=292 tac=9555 rssi=-56 rsrp=-88 rsrq=-8 rssnr=162 cqi=NA</cellinfo>
      </extensions>
    </trkpt>
    <trkpt lat="33.371830" lon="126.569538">
      <ele>1284.274330</ele>
      <time>2019-06-05T09:05:22Z</time>
      <extensions>
        <dbm>-91</dbm>
        <cellinfo>mcc=450 mnc=5 ci=32360979 pci=292 tac=9555 rssi=-58 rsrp=-91 rsrq=-5 rssnr=162 cqi=NA</cellinfo>
      </extensions>
    </trkpt>
    <trkpt lat="33.371744" lon="126.569527">
      <ele>1287.349478</ele>
      <time>2019-06-05T09:05:28Z</time>
      <extensions>
        <dbm>-81</dbm>
        <cellinfo>mcc=450 mnc=5 ci=32360983 pci=292 tac=9555 rssi=-54 rsrp=-81 rsrq=-6 rssnr=162 cqi=NA</cellinfo>
      </extensions>
    </trkpt>
    <trkpt lat="33.371660" lon="126.569524">
      <ele>1286.549673</ele>
      <time>2019-06-05T09:05:37Z</time>
      <extensions>
        <dbm>-80</dbm>
        <cellinfo>mcc=450 mnc=5 ci=32360983 pci=292 tac=9555 rssi=-55 rsrp=-80 rsrq=-7 rssnr=162 cqi=NA</cellinfo>
      </extensions>
    </trkpt>
    <trkpt lat="33.371592" lon="126.569552">
      <ele>1288.901292</ele>
      <time>2019-06-05T09:05:47Z</time>
      <extensions>
        <dbm>-80</dbm>
        <cellinfo>mcc=450 mnc=5 ci=32209415 pci=159 tac=9555 rssi=-55 rsrp=-80 rsrq=-8 rssnr=162 cqi=NA</cellinfo>
      </extensions>
    </trkpt>
    <trkpt lat="33.371533" lon="126.569611">
      <ele>1291.631197</ele>
      <time>2019-06-05T09:05:55Z</time>
      <extensions>
        <dbm>-77</dbm>
        <cellinfo>mcc=450 mnc=5 ci=32209415 pci=159 tac=9555 rssi=-53 rsrp=-77 rsrq=-6 rssnr=162 cqi=NA</cellinfo>
      </extensions>
    </trkpt>
    <trkpt lat="33.371487" lon="126.569687">
      <ele>1295.705266</ele>
      <time>2019-06-05T09:06:03Z</time>
      <extensions>
        <dbm>-72</dbm>
        <cellinfo>mcc=450 mnc=5 ci=32209411 pci=159 tac=9555 rssi=-51 rsrp=-72 rsrq=-6 rssnr=162 cqi=NA</cellinfo>
      </extensions>
    </trkpt>
    <trkpt lat="33.371430" lon="126.569773">
      <ele>1298.230375</ele>
      <time>2019-06-05T09:06:10Z</time>
      <extensions>
        <dbm>-64</dbm>
        <cellinfo>mcc=450 mnc=5 ci=32209411 pci=159 tac=9555 rssi=-47 rsrp=-64 rsrq=-5 rssnr=162 cqi=NA</cellinfo>
      </extensions>
    </trkpt>
    <trkpt lat="33.371378" lon="126.569868">
      <ele>1304.673289</ele>
      <time>2019-06-05T09:06:20Z</time>
      <extensions>
        <dbm>-71</dbm>
        <cellinfo>mcc=450 mnc=5 ci=32209411 pci=159 tac=9555 rssi=-51 rsrp=-71 rsrq=-8 rssnr=162 cqi=NA</cellinfo>
      </extensions>
    </trkpt>
    <trkpt lat="33.371346" lon="126.569978">
      <ele>1308.355084</ele>
      <time>2019-06-05T09:06:34Z</time>
      <extensions>
        <dbm>-70</dbm>
        <cellinfo>mcc=450 mnc=5 ci=32209411 pci=159 tac=9555 rssi=-50 rsrp=-70 rsrq=-5 rssnr=162 cqi=NA</cellinfo>
      </extensions>
    </trkpt>
    <trkpt lat="33.371331" lon="126.570094">
      <ele>1311.087064</ele>
      <time>2019-06-05T09:06:43Z</time>
      <extensions>
        <dbm>-66</dbm>
        <cellinfo>mcc=450 mnc=5 ci=32209411 pci=159 tac=9555 rssi=-48 rsrp=-66 rsrq=-4 rssnr=162 cqi=NA</cellinfo>
      </extensions>
    </trkpt>
    <trkpt lat="33.371321" lon="126.570218">
      <ele>1314.459656</ele>
      <time>2019-06-05T09:06:51Z</time>
      <extensions>
        <dbm>-61</dbm>
        <cellinfo>mcc=450 mnc=5 ci=32209411 pci=159 tac=9555 rssi=-46 rsrp=-61 rsrq=-5 rssnr=162 cqi=NA</cellinfo>
      </extensions>
    </trkpt>
    <trkpt lat="33.371299" lon="126.570342">
      <ele>1316.124237</ele>
      <time>2019-06-05T09:06:59Z</time>
      <extensions>
        <dbm>-65</dbm>
        <cellinfo>mcc=450 mnc=5 ci=32209411 pci=159 tac=9555 rssi=-48 rsrp=-65 rsrq=-5 rssnr=162 cqi=NA</cellinfo>
      </extensions>
    </trkpt>
    <trkpt lat="33.371269" lon="126.570459">
      <ele>1317.432831</ele>
      <time>2019-06-05T09:07:06Z</time>
      <extensions>
        <dbm>-64</dbm>
        <cellinfo>mcc=450 mnc=5 ci=32209411 pci=159 tac=9555 rssi=-47 rsrp=-64 rsrq=-6 rssnr=162 cqi=NA</cellinfo>
      </extensions>
    </trkpt>
    <trkpt lat="33.371230" lon="126.570569">
      <ele>1319.611639</ele>
      <time>2019-06-05T09:07:13Z</time>
      <extensions>
        <dbm>-67</dbm>
        <cellinfo>mcc=450 mnc=5 ci=32209411 pci=159 tac=9555 rssi=-49 rsrp=-67 rsrq=-5 rssnr=162 cqi=NA</cellinfo>
      </extensions>
    </trkpt>
    <trkpt lat="33.371182" lon="126.570669">
      <ele>1320.388750</ele>
      <time>2019-06-05T09:07:20Z</time>
      <extensions>
        <dbm>-64</dbm>
        <cellinfo>mcc=450 mnc=5 ci=32209411 pci=159 tac=9555 rssi=-47 rsrp=-64 rsrq=-6 rssnr=162 cqi=NA</cellinfo>
      </extensions>
    </trkpt>
    <trkpt lat="33.371123" lon="126.570759">
      <ele>1321.196256</ele>
      <time>2019-06-05T09:07:26Z</time>
      <extensions>
        <dbm>-63</dbm>
        <cellinfo>mcc=450 mnc=5 ci=32209411 pci=159 tac=9555 rssi=-47 rsrp=-63 rsrq=-6 rssnr=162 cqi=NA</cellinfo>
      </extensions>
    </trkpt>
    <trkpt lat="33.371057" lon="126.570837">
      <ele>1322.227625</ele>
      <time>2019-06-05T09:07:33Z</time>
      <extensions>
        <dbm>-63</dbm>
        <cellinfo>mcc=450 mnc=5 ci=32209411 pci=159 tac=9555 rssi=-47 rsrp=-63 rsrq=-6 rssnr=162 cqi=NA</cellinfo>
      </extensions>
    </trkpt>
    <trkpt lat="33.370982" lon="126.570916">
      <ele>1322.597302</ele>
      <time>2019-06-05T09:07:40Z</time>
      <extensions>
        <dbm>-68</dbm>
        <cellinfo>mcc=450 mnc=5 ci=32209411 pci=159 tac=9555 rssi=-49 rsrp=-68 rsrq=-8 rssnr=162 cqi=NA</cellinfo>
      </extensions>
    </trkpt>
    <trkpt lat="33.370903" lon="126.570996">
      <ele>1322.935925</ele>
      <time>2019-06-05T09:07:48Z</time>
      <extensions>
        <dbm>-68</dbm>
        <cellinfo>mcc=450 mnc=5 ci=32209411 pci=159 tac=9555 rssi=-49 rsrp=-68 rsrq=-5 rssnr=162 cqi=NA</cellinfo>
      </extensions>
    </trkpt>
    <trkpt lat="33.370816" lon="126.571064">
      <ele>1322.940198</ele>
      <time>2019-06-05T09:07:56Z</time>
      <extensions>
        <dbm>-76</dbm>
        <cellinfo>mcc=450 mnc=5 ci=32209411 pci=159 tac=9555 rssi=-53 rsrp=-76 rsrq=-6 rssnr=162 cqi=NA</cellinfo>
      </extensions>
    </trkpt>
    <trkpt lat="33.370723" lon="126.571084">
      <ele>1323.119096</ele>
      <time>2019-06-05T09:08:03Z</time>
      <extensions>
        <dbm>-84</dbm>
        <cellinfo>mcc=450 mnc=5 ci=32209411 pci=159 tac=9555 rssi=-57 rsrp=-84 rsrq=-9 rssnr=162 cqi=NA</cellinfo>
      </extensions>
    </trkpt>
    <trkpt lat="33.370629" lon="126.571049">
      <ele>1323.507990</ele>
      <time>2019-06-05T09:08:12Z</time>
      <extensions>
        <dbm>-90</dbm>
        <cellinfo>mcc=450 mnc=5 ci=32209411 pci=159 tac=9555 rssi=-58 rsrp=-90 rsrq=-7 rssnr=162 cqi=NA</cellinfo>
      </extensions>
    </trkpt>
    <trkpt lat="33.370537" lon="126.570993">
      <ele>1323.834595</ele>
      <time>2019-06-05T09:08:20Z</time>
      <extensions>
        <dbm>-85</dbm>
        <cellinfo>mcc=450 mnc=5 ci=32209411 pci=159 tac=9555 rssi=-56 rsrp=-85 rsrq=-7 rssnr=162 cqi=NA</cellinfo>
      </extensions>
    </trkpt>
    <trkpt lat="33.370463" lon="126.570986">
      <ele>1324.024114</ele>
      <time>2019-06-05T09:08:28Z</time>
      <extensions>
        <dbm>-85</dbm>
        <cellinfo>mcc=450 mnc=5 ci=32209411 pci=159 tac=9555 rssi=-56 rsrp=-85 rsrq=-6 rssnr=162 cqi=NA</cellinfo>
      </extensions>
    </trkpt>
    <trkpt lat="33.370395" lon="126.571034">
      <ele>1323.934485</ele>
      <time>2019-06-05T09:08:35Z</time>
      <extensions>
        <dbm>-89</dbm>
        <cellinfo>mcc=450 mnc=5 ci=32209411 pci=159 tac=9555 rssi=-57 rsrp=-89 rsrq=-6 rssnr=162 cqi=NA</cellinfo>
      </extensions>
    </trkpt>
    <trkpt lat="33.370347" lon="126.571129">
      <ele>1324.101147</ele>
      <time>2019-06-05T09:08:51Z</time>
      <extensions>
        <dbm>-84</dbm>
        <cellinfo>mcc=450 mnc=5 ci=32209415 pci=159 tac=9555 rssi=-55 rsrp=-84 rsrq=-8 rssnr=162 cqi=NA</cellinfo>
      </extensions>
    </trkpt>
    <trkpt lat="33.370310" lon="126.571222">
      <ele>1324.365552</ele>
      <time>2019-06-05T09:09:02Z</time>
      <extensions>
        <dbm>-80</dbm>
        <cellinfo>mcc=450 mnc=5 ci=32209415 pci=159 tac=9555 rssi=-52 rsrp=-80 rsrq=-6 rssnr=162 cqi=NA</cellinfo>
      </extensions>
    </trkpt>
    <trkpt lat="33.370285" lon="126.571321">
      <ele>1324.535168</ele>
      <time>2019-06-05T09:09:15Z</time>
      <extensions>
        <dbm>-78</dbm>
        <cellinfo>mcc=450 mnc=5 ci=32209415 pci=159 tac=9555 rssi=-54 rsrp=-78 rsrq=-6 rssnr=162 cqi=NA</cellinfo>
      </extensions>
    </trkpt>
    <trkpt lat="33.370258" lon="126.571409">
      <ele>1324.535168</ele>
      <time>2019-06-05T09:09:30Z</time>
      <extensions>
        <dbm>-101</dbm>
        <cellinfo>mcc=450 mnc=5 ci=32360979 pci=292 tac=9555 rssi=-61 rsrp=-101 rsrq=-7 rssnr=162 cqi=NA</cellinfo>
      </extensions>
    </trkpt>
    <trkpt lat="33.370220" lon="126.571486">
      <ele>1324.750598</ele>
      <time>2019-06-05T09:09:38Z</time>
      <extensions>
        <dbm>-90</dbm>
        <cellinfo>mcc=450 mnc=5 ci=32209415 pci=159 tac=9555 rssi=-57 rsrp=-90 rsrq=-8 rssnr=162 cqi=NA</cellinfo>
      </extensions>
    </trkpt>
    <trkpt lat="33.370175" lon="126.571554">
      <ele>1324.868253</ele>
      <time>2019-06-05T09:09:49Z</time>
      <extensions>
        <dbm>-98</dbm>
        <cellinfo>mcc=450 mnc=5 ci=32360979 pci=292 tac=9555 rssi=-60 rsrp=-98 rsrq=-8 rssnr=162 cqi=NA</cellinfo>
      </extensions>
    </trkpt>
    <trkpt lat="33.370117" lon="126.571620">
      <ele>1325.185059</ele>
      <time>2019-06-05T09:09:59Z</time>
      <extensions>
        <dbm>-102</dbm>
        <cellinfo>mcc=450 mnc=5 ci=32360979 pci=292 tac=9555 rssi=-61 rsrp=-102 rsrq=-10 rssnr=162 cqi=NA</cellinfo>
      </extensions>
    </trkpt>
    <trkpt lat="33.370064" lon="126.571674">
      <ele>1325.384949</ele>
      <time>2019-06-05T09:10:09Z</time>
      <extensions>
        <dbm>-85</dbm>
        <cellinfo>mcc=450 mnc=5 ci=32209411 pci=159 tac=9555 rssi=-56 rsrp=-85 rsrq=-6 rssnr=162 cqi=NA</cellinfo>
      </extensions>
    </trkpt>
    <trkpt lat="33.370014" lon="126.571713">
      <ele>1338.696533</ele>
      <time>2019-06-05T09:14:49Z</time>
      <extensions>
        <pause>start</pause>
        <type>unknown</type>
        <dbm>-78</dbm>
        <cellinfo>mcc=450 mnc=5 ci=32209411 pci=159 tac=9555 rssi=-53 rsrp=-78 rsrq=-3 rssnr=112 cqi=NA</cellinfo>
      </extensions>
    </trkpt>
    <trkpt lat="33.370261" lon="126.571487">
      <ele>1342.136230</ele>
      <time>2019-06-05T09:17:17Z</time>
      <extensions>
        <pause>end</pause>
        <type>auto</type>
        <dbm>-93</dbm>
        <cellinfo>mcc=450 mnc=5 ci=32360983 pci=292 tac=9555 rssi=-58 rsrp=-93 rsrq=-8 rssnr=46 cqi=NA</cellinfo>
      </extensions>
    </trkpt>
    <trkpt lat="33.370271" lon="126.571393">
      <ele>1326.554407</ele>
      <time>2019-06-05T09:17:28Z</time>
      <extensions>
        <dbm>-83</dbm>
        <cellinfo>mcc=450 mnc=5 ci=32360983 pci=292 tac=9555 rssi=-56 rsrp=-83 rsrq=-6 rssnr=168 cqi=NA</cellinfo>
      </extensions>
    </trkpt>
    <trkpt lat="33.370269" lon="126.571308">
      <ele>1327.055493</ele>
      <time>2019-06-05T09:17:34Z</time>
      <extensions>
        <dbm>-88</dbm>
        <cellinfo>mcc=450 mnc=5 ci=32360979 pci=292 tac=9555 rssi=-56 rsrp=-88 rsrq=-4 rssnr=168 cqi=NA</cellinfo>
      </extensions>
    </trkpt>
    <trkpt lat="33.370286" lon="126.571235">
      <ele>1327.595496</ele>
      <time>2019-06-05T09:17:42Z</time>
      <extensions>
        <dbm>-90</dbm>
        <cellinfo>mcc=450 mnc=5 ci=32360979 pci=292 tac=9555 rssi=-58 rsrp=-90 rsrq=-7 rssnr=282 cqi=NA</cellinfo>
      </extensions>
    </trkpt>
    <trkpt lat="33.370335" lon="126.571158">
      <ele>1327.831250</ele>
      <time>2019-06-05T09:17:50Z</time>
      <extensions>
        <dbm>-92</dbm>
        <cellinfo>mcc=450 mnc=5 ci=32360979 pci=292 tac=9555 rssi=-58 rsrp=-92 rsrq=-7 rssnr=296 cqi=NA</cellinfo>
      </extensions>
    </trkpt>
    <trkpt lat="33.370402" lon="126.571086">
      <ele>1327.515051</ele>
      <time>2019-06-05T09:18:01Z</time>
      <extensions>
        <dbm>-90</dbm>
        <cellinfo>mcc=450 mnc=5 ci=32360979 pci=292 tac=9555 rssi=-58 rsrp=-90 rsrq=-7 rssnr=300 cqi=NA</cellinfo>
      </extensions>
    </trkpt>
    <trkpt lat="33.370461" lon="126.571017">
      <ele>1327.504675</ele>
      <time>2019-06-05T09:18:07Z</time>
      <extensions>
        <dbm>-85</dbm>
        <cellinfo>mcc=450 mnc=5 ci=32209411 pci=159 tac=9555 rssi=-56 rsrp=-85 rsrq=-6 rssnr=300 cqi=NA</cellinfo>
      </extensions>
    </trkpt>
    <trkpt lat="33.370491" lon="126.570983">
      <ele>1327.149190</ele>
      <time>2019-06-05T09:18:23Z</time>
      <extensions>
        <dbm>-86</dbm>
        <cellinfo>mcc=450 mnc=5 ci=32209411 pci=159 tac=9555 rssi=-57 rsrp=-86 rsrq=-8 rssnr=300 cqi=NA</cellinfo>
      </extensions>
    </trkpt>
    <trkpt lat="33.370506" lon="126.570976">
      <ele>1324.698730</ele>
      <time>2019-06-05T09:22:51Z</time>
      <extensions>
        <pause>start</pause>
        <type>unknown</type>
        <dbm>-79</dbm>
        <cellinfo>mcc=450 mnc=5 ci=32209411 pci=159 tac=9555 rssi=-54 rsrp=-79 rsrq=-6 rssnr=164 cqi=NA</cellinfo>
      </extensions>
    </trkpt>
    <trkpt lat="33.370753" lon="126.571118">
      <ele>1324.992188</ele>
      <time>2019-06-05T09:23:13Z</time>
      <extensions>
        <pause>end</pause>
        <type>auto</type>
        <dbm>-85</dbm>
        <cellinfo>mcc=450 mnc=5 ci=32209411 pci=159 tac=9555 rssi=-57 rsrp=-85 rsrq=-7 rssnr=164 cqi=NA</cellinfo>
      </extensions>
    </trkpt>
    <trkpt lat="33.370843" lon="126.571068">
      <ele>1328.090665</ele>
      <time>2019-06-05T09:23:20Z</time>
      <extensions>
        <dbm>-78</dbm>
        <cellinfo>mcc=450 mnc=5 ci=32209411 pci=159 tac=9555 rssi=-54 rsrp=-78 rsrq=-5 rssnr=164 cqi=NA</cellinfo>
      </extensions>
    </trkpt>
    <trkpt lat="33.370925" lon="126.571006">
      <ele>1327.678078</ele>
      <time>2019-06-05T09:24:07Z</time>
      <extensions>
        <dbm>-77</dbm>
        <cellinfo>mcc=450 mnc=5 ci=32209411 pci=159 tac=9555 rssi=-54 rsrp=-77 rsrq=-6 rssnr=164 cqi=NA</cellinfo>
      </extensions>
    </trkpt>
    <trkpt lat="33.371003" lon="126.570925">
      <ele>1327.678189</ele>
      <time>2019-06-05T09:24:14Z</time>
      <extensions>
        <dbm>-78</dbm>
        <cellinfo>mcc=450 mnc=5 ci=32209411 pci=159 tac=9555 rssi=-54 rsrp=-78 rsrq=-6 rssnr=164 cqi=NA</cellinfo>
      </extensions>
    </trkpt>
    <trkpt lat="33.371078" lon="126.570839">
      <ele>1327.533557</ele>
      <time>2019-06-05T09:24:23Z</time>
      <extensions>
        <dbm>-72</dbm>
        <cellinfo>mcc=450 mnc=5 ci=32209411 pci=159 tac=9555 rssi=-51 rsrp=-72 rsrq=-5 rssnr=164 cqi=NA</cellinfo>
      </extensions>
    </trkpt>
    <trkpt lat="33.371146" lon="126.570742">
      <ele>1326.513513</ele>
      <time>2019-06-05T09:24:31Z</time>
      <extensions>
        <dbm>-76</dbm>
        <cellinfo>mcc=450 mnc=5 ci=32209411 pci=159 tac=9555 rssi=-53 rsrp=-76 rsrq=-5 rssnr=164 cqi=NA</cellinfo>
      </extensions>
    </trkpt>
    <trkpt lat="33.371203" lon="126.570643">
      <ele>1325.966516</ele>
      <time>2019-06-05T09:24:39Z</time>
      <extensions>
        <dbm>-77</dbm>
        <cellinfo>mcc=450 mnc=5 ci=32209411 pci=159 tac=9555 rssi=-54 rsrp=-77 rsrq=-8 rssnr=164 cqi=NA</cellinfo>
      </extensions>
    </trkpt>
    <trkpt lat="33.371249" lon="126.570537">
      <ele>1326.221125</ele>
      <time>2019-06-05T09:24:47Z</time>
      <extensions>
        <dbm>-81</dbm>
        <cellinfo>mcc=450 mnc=5 ci=32209411 pci=159 tac=9555 rssi=-55 rsrp=-81 rsrq=-7 rssnr=164 cqi=NA</cellinfo>
      </extensions>
    </trkpt>
    <trkpt lat="33.371284" lon="126.570426">
      <ele>1326.188232</ele>
      <time>2019-06-05T09:24:54Z</time>
      <extensions>
        <dbm>-78</dbm>
        <cellinfo>mcc=450 mnc=5 ci=32209411 pci=159 tac=9555 rssi=-54 rsrp=-78 rsrq=-9 rssnr=164 cqi=NA</cellinfo>
      </extensions>
    </trkpt>
    <trkpt lat="33.371308" lon="126.570311">
      <ele>1325.849792</ele>
      <time>2019-06-05T09:25:01Z</time>
      <extensions>
        <dbm>-73</dbm>
        <cellinfo>mcc=450 mnc=5 ci=32209411 pci=159 tac=9555 rssi=-52 rsrp=-73 rsrq=-6 rssnr=164 cqi=NA</cellinfo>
      </extensions>
    </trkpt>
    <trkpt lat="33.371326" lon="126.570192">
      <ele>1325.738525</ele>
      <time>2019-06-05T09:25:08Z</time>
      <extensions>
        <dbm>-74</dbm>
        <cellinfo>mcc=450 mnc=5 ci=32209411 pci=159 tac=9555 rssi=-52 rsrp=-74 rsrq=-6 rssnr=164 cqi=NA</cellinfo>
      </extensions>
    </trkpt>
    <trkpt lat="33.371332" lon="126.570076">
      <ele>1326.001154</ele>
      <time>2019-06-05T09:25:16Z</time>
      <extensions>
        <dbm>-70</dbm>
        <cellinfo>mcc=450 mnc=5 ci=32209411 pci=159 tac=9555 rssi=-50 rsrp=-70 rsrq=-6 rssnr=164 cqi=NA</cellinfo>
      </extensions>
    </trkpt>
    <trkpt lat="33.371304" lon="126.569987">
      <ele>1326.001154</ele>
      <time>2019-06-05T09:25:24Z</time>
      <extensions>
        <dbm>-75</dbm>
        <cellinfo>mcc=450 mnc=5 ci=32209411 pci=159 tac=9555 rssi=-53 rsrp=-75 rsrq=-6 rssnr=164 cqi=NA</cellinfo>
      </extensions>
    </trkpt>
    <trkpt lat="33.371298" lon="126.569945">
      <ele>1325.836670</ele>
      <time>2019-06-05T09:27:00Z</time>
      <extensions>
        <dbm>-66</dbm>
        <cellinfo>mcc=450 mnc=5 ci=32209411 pci=159 tac=9555 rssi=-48 rsrp=-66 rsrq=-5 rssnr=300 cqi=NA</cellinfo>
      </extensions>
    </trkpt>
    <trkpt lat="33.371309" lon="126.569903">
      <ele>1325.956732</ele>
      <time>2019-06-05T09:27:47Z</time>
      <extensions>
        <dbm>-69</dbm>
        <cellinfo>mcc=450 mnc=5 ci=32209411 pci=159 tac=9555 rssi=-50 rsrp=-69 rsrq=-5 rssnr=300 cqi=NA</cellinfo>
      </extensions>
    </trkpt>
    <trkpt lat="33.371371" lon="126.569843">
      <ele>1325.956732</ele>
      <time>2019-06-05T09:28:11Z</time>
      <extensions>
        <dbm>-76</dbm>
        <cellinfo>mcc=450 mnc=5 ci=32209411 pci=159 tac=9555 rssi=-53 rsrp=-76 rsrq=-5 rssnr=300 cqi=NA</cellinfo>
      </extensions>
    </trkpt>
    <trkpt lat="33.371429" lon="126.569742">
      <ele>1326.169933</ele>
      <time>2019-06-05T09:28:21Z</time>
      <extensions>
        <dbm>-74</dbm>
        <cellinfo>mcc=450 mnc=5 ci=32209411 pci=159 tac=9555 rssi=-52 rsrp=-74 rsrq=-6 rssnr=300 cqi=NA</cellinfo>
      </extensions>
    </trkpt>
    <trkpt lat="33.371494" lon="126.569650">
      <ele>1326.138025</ele>
      <time>2019-06-05T09:28:32Z</time>
      <extensions>
        <dbm>-78</dbm>
        <cellinfo>mcc=450 mnc=5 ci=32209411 pci=159 tac=9555 rssi=-54 rsrp=-78 rsrq=-5 rssnr=300 cqi=NA</cellinfo>
      </extensions>
    </trkpt>
    <trkpt lat="33.371566" lon="126.569565">
      <ele>1326.333319</ele>
      <time>2019-06-05T09:28:39Z</time>
      <extensions>
        <dbm>-90</dbm>
        <cellinfo>mcc=450 mnc=5 ci=32209411 pci=159 tac=9555 rssi=-58 rsrp=-90 rsrq=-8 rssnr=300 cqi=NA</cellinfo>
      </extensions>
    </trkpt>
    <trkpt lat="33.371646" lon="126.569516">
      <ele>1326.661854</ele>
      <time>2019-06-05T09:28:49Z</time>
      <extensions>
        <dbm>-89</dbm>
        <cellinfo>mcc=450 mnc=5 ci=32209411 pci=159 tac=9555 rssi=-57 rsrp=-89 rsrq=-5 rssnr=204 cqi=NA</cellinfo>
      </extensions>
    </trkpt>
    <trkpt lat="33.371737" lon="126.569510">
      <ele>1326.638039</ele>
      <time>2019-06-05T09:28:57Z</time>
      <extensions>
        <dbm>-84</dbm>
        <cellinfo>mcc=450 mnc=5 ci=32360983 pci=292 tac=9555 rssi=-55 rsrp=-84 rsrq=-9 rssnr=150 cqi=NA</cellinfo>
      </extensions>
    </trkpt>
    <trkpt lat="33.371823" lon="126.569525">
      <ele>1326.606889</ele>
      <time>2019-06-05T09:29:07Z</time>
      <extensions>
        <dbm>-92</dbm>
        <cellinfo>mcc=450 mnc=5 ci=32360979 pci=292 tac=9555 rssi=-58 rsrp=-92 rsrq=-9 rssnr=300 cqi=NA</cellinfo>
      </extensions>
    </trkpt>
    <trkpt lat="33.371901" lon="126.569534">
      <ele>1326.663219</ele>
      <time>2019-06-05T09:29:13Z</time>
      <extensions>
        <dbm>-89</dbm>
        <cellinfo>mcc=450 mnc=5 ci=32360979 pci=292 tac=9555 rssi=-57 rsrp=-89 rsrq=-5 rssnr=300 cqi=NA</cellinfo>
      </extensions>
    </trkpt>
    <trkpt lat="33.371972" lon="126.569530">
      <ele>1326.468272</ele>
      <time>2019-06-05T09:29:19Z</time>
      <extensions>
        <dbm>-85</dbm>
        <cellinfo>mcc=450 mnc=5 ci=32360979 pci=292 tac=9555 rssi=-55 rsrp=-85 rsrq=-4 rssnr=140 cqi=NA</cellinfo>
      </extensions>
    </trkpt>
    <trkpt lat="33.372042" lon="126.569527">
      <ele>1326.548645</ele>
      <time>2019-06-05T09:29:24Z</time>
      <extensions>
        <dbm>-83</dbm>
        <cellinfo>mcc=450 mnc=5 ci=32360983 pci=292 tac=9555 rssi=-54 rsrp=-83 rsrq=-6 rssnr=140 cqi=NA</cellinfo>
      </extensions>
    </trkpt>
    <trkpt lat="33.372110" lon="126.569530">
      <ele>1326.368699</ele>
      <time>2019-06-05T09:29:30Z</time>
      <extensions>
        <dbm>-82</dbm>
        <cellinfo>mcc=450 mnc=5 ci=32360983 pci=292 tac=9555 rssi=-55 rsrp=-82 rsrq=-7 rssnr=140 cqi=NA</cellinfo>
      </extensions>
    </trkpt>
    <trkpt lat="33.372177" lon="126.569509">
      <ele>1326.695587</ele>
      <time>2019-06-05T09:29:36Z</time>
      <extensions>
        <dbm>-93</dbm>
        <cellinfo>mcc=450 mnc=5 ci=32360979 pci=292 tac=9555 rssi=-58 rsrp=-93 rsrq=-5 rssnr=156 cqi=NA</cellinfo>
      </extensions>
    </trkpt>
    <trkpt lat="33.372250" lon="126.569454">
      <ele>1326.557833</ele>
      <time>2019-06-05T09:29:43Z</time>
      <extensions>
        <dbm>-88</dbm>
        <cellinfo>mcc=450 mnc=5 ci=32360979 pci=292 tac=9555 rssi=-57 rsrp=-88 rsrq=-9 rssnr=242 cqi=NA</cellinfo>
      </extensions>
    </trkpt>
    <trkpt lat="33.372318" lon="126.569377">
      <ele>1326.557833</ele>
      <time>2019-06-05T09:29:54Z</time>
      <extensions>
        <dbm>-93</dbm>
        <cellinfo>mcc=450 mnc=5 ci=32360979 pci=292 tac=9555 rssi=-58 rsrp=-93 rsrq=-6 rssnr=180 cqi=NA</cellinfo>
      </extensions>
    </trkpt>
    <trkpt lat="33.372380" lon="126.569296">
      <ele>1326.139414</ele>
      <time>2019-06-05T09:30:03Z</time>
      <extensions>
        <dbm>-87</dbm>
        <cellinfo>mcc=450 mnc=5 ci=32360979 pci=292 tac=9555 rssi=-56 rsrp=-87 rsrq=-5 rssnr=180 cqi=NA</cellinfo>
      </extensions>
    </trkpt>
    <trkpt lat="33.372428" lon="126.569228">
      <ele>1325.268001</ele>
      <time>2019-06-05T09:30:13Z</time>
      <extensions>
        <dbm>-76</dbm>
        <cellinfo>mcc=450 mnc=5 ci=32360983 pci=292 tac=9555 rssi=-52 rsrp=-76 rsrq=-6 rssnr=258 cqi=NA</cellinfo>
      </extensions>
    </trkpt>
    <trkpt lat="33.372474" lon="126.569163">
      <ele>1324.405621</ele>
      <time>2019-06-05T09:30:18Z</time>
      <extensions>
        <dbm>-83</dbm>
        <cellinfo>mcc=450 mnc=5 ci=32360983 pci=292 tac=9555 rssi=-55 rsrp=-83 rsrq=-7 rssnr=258 cqi=NA</cellinfo>
      </extensions>
    </trkpt>
    <trkpt lat="33.372508" lon="126.569089">
      <ele>1323.612859</ele>
      <time>2019-06-05T09:30:23Z</time>
      <extensions>
        <dbm>-89</dbm>
        <cellinfo>mcc=450 mnc=5 ci=32360979 pci=292 tac=9555 rssi=-58 rsrp=-89 rsrq=-9 rssnr=258 cqi=NA</cellinfo>
      </extensions>
    </trkpt>
    <trkpt lat="33.372548" lon="126.569001">
      <ele>1323.223409</ele>
      <time>2019-06-05T09:30:32Z</time>
      <extensions>
        <dbm>-85</dbm>
        <cellinfo>mcc=450 mnc=5 ci=32360979 pci=292 tac=9555 rssi=-56 rsrp=-85 rsrq=-8 rssnr=258 cqi=NA</cellinfo>
      </extensions>
    </trkpt>
    <trkpt lat="33.372602" lon="126.568921">
      <ele>1320.388753</ele>
      <time>2019-06-05T09:30:40Z</time>
      <extensions>
        <dbm>-86</dbm>
        <cellinfo>mcc=450 mnc=5 ci=32360979 pci=292 tac=9555 rssi=-56 rsrp=-86 rsrq=-7 rssnr=204 cqi=NA</cellinfo>
      </extensions>
    </trkpt>
    <trkpt lat="33.372683" lon="126.568863">
      <ele>1318.676605</ele>
      <time>2019-06-05T09:30:49Z</time>
      <extensions>
        <dbm>-81</dbm>
        <cellinfo>mcc=450 mnc=5 ci=32360979 pci=292 tac=9555 rssi=-55 rsrp=-81 rsrq=-5 rssnr=204 cqi=NA</cellinfo>
      </extensions>
    </trkpt>
    <trkpt lat="33.372763" lon="126.568821">
      <ele>1316.731649</ele>
      <time>2019-06-05T09:30:56Z</time>
      <extensions>
        <dbm>-89</dbm>
        <cellinfo>mcc=450 mnc=5 ci=32360979 pci=292 tac=9555 rssi=-59 rsrp=-89 rsrq=-6 rssnr=204 cqi=NA</cellinfo>
      </extensions>
    </trkpt>
    <trkpt lat="33.372838" lon="126.568794">
      <ele>1315.474506</ele>
      <time>2019-06-05T09:31:04Z</time>
      <extensions>
        <dbm>-81</dbm>
        <cellinfo>mcc=450 mnc=5 ci=32360983 pci=292 tac=9555 rssi=-54 rsrp=-81 rsrq=-6 rssnr=204 cqi=NA</cellinfo>
      </extensions>
    </trkpt>
    <trkpt lat="33.372912" lon="126.568785">
      <ele>1313.134090</ele>
      <time>2019-06-05T09:31:14Z</time>
      <extensions>
        <dbm>-83</dbm>
        <cellinfo>mcc=450 mnc=5 ci=32360983 pci=292 tac=9555 rssi=-56 rsrp=-83 rsrq=-7 rssnr=204 cqi=NA</cellinfo>
      </extensions>
    </trkpt>
    <trkpt lat="33.372998" lon="126.568789">
      <ele>1310.812331</ele>
      <time>2019-06-05T09:31:22Z</time>
      <extensions>
        <dbm>-86</dbm>
        <cellinfo>mcc=450 mnc=5 ci=32360983 pci=292 tac=9555 rssi=-56 rsrp=-86 rsrq=-7 rssnr=204 cqi=NA</cellinfo>
      </extensions>
    </trkpt>
    <trkpt lat="33.373086" lon="126.568799">
      <ele>1308.385141</ele>
      <time>2019-06-05T09:31:29Z</time>
      <extensions>
        <dbm>-83</dbm>
        <cellinfo>mcc=450 mnc=5 ci=32360983 pci=292 tac=9555 rssi=-55 rsrp=-83 rsrq=-5 rssnr=208 cqi=NA</cellinfo>
      </extensions>
    </trkpt>
    <trkpt lat="33.373163" lon="126.568780">
      <ele>1305.802847</ele>
      <time>2019-06-05T09:31:39Z</time>
      <extensions>
        <dbm>-97</dbm>
        <cellinfo>mcc=450 mnc=5 ci=32360979 pci=292 tac=9555 rssi=-59 rsrp=-97 rsrq=-8 rssnr=126 cqi=NA</cellinfo>
      </extensions>
    </trkpt>
    <trkpt lat="33.373245" lon="126.568750">
      <ele>1303.250883</ele>
      <time>2019-06-05T09:31:49Z</time>
      <extensions>
        <dbm>-96</dbm>
        <cellinfo>mcc=450 mnc=5 ci=32360979 pci=292 tac=9555 rssi=-59 rsrp=-96 rsrq=-6 rssnr=146 cqi=NA</cellinfo>
      </extensions>
    </trkpt>
    <trkpt lat="33.373292" lon="126.568682">
      <ele>1303.250883</ele>
      <time>2019-06-05T09:31:57Z</time>
      <extensions>
        <dbm>-105</dbm>
        <cellinfo>mcc=450 mnc=5 ci=32360979 pci=292 tac=9555 rssi=-61 rsrp=-105 rsrq=-8 rssnr=90 cqi=NA</cellinfo>
      </extensions>
    </trkpt>
    <trkpt lat="33.373298" lon="126.568628">
      <ele>1300.723295</ele>
      <time>2019-06-05T09:33:22Z</time>
      <extensions>
        <dbm>-90</dbm>
        <cellinfo>mcc=450 mnc=5 ci=32360983 pci=292 tac=9555 rssi=-56 rsrp=-90 rsrq=-6 rssnr=132 cqi=NA</cellinfo>
      </extensions>
    </trkpt>
    <trkpt lat="33.373248" lon="126.568584">
      <ele>1298.091459</ele>
      <time>2019-06-05T09:33:29Z</time>
      <extensions>
        <dbm>-103</dbm>
        <cellinfo>mcc=450 mnc=5 ci=32360979 pci=292 tac=9555 rssi=-61 rsrp=-103 rsrq=-6 rssnr=120 cqi=NA</cellinfo>
      </extensions>
    </trkpt>
    <trkpt lat="33.373170" lon="126.568555">
      <ele>1295.411358</ele>
      <time>2019-06-05T09:33:35Z</time>
      <extensions>
        <dbm>-105</dbm>
        <cellinfo>mcc=450 mnc=5 ci=32360979 pci=292 tac=9555 rssi=-61 rsrp=-105 rsrq=-6 rssnr=120 cqi=NA</cellinfo>
      </extensions>
    </trkpt>
    <trkpt lat="33.373092" lon="126.568529">
      <ele>1292.576116</ele>
      <time>2019-06-05T09:33:46Z</time>
      <extensions>
        <dbm>-86</dbm>
        <cellinfo>mcc=450 mnc=5 ci=32360983 pci=292 tac=9555 rssi=-56 rsrp=-86 rsrq=-6 rssnr=216 cqi=NA</cellinfo>
      </extensions>
    </trkpt>
    <trkpt lat="33.373013" lon="126.568497">
      <ele>1289.613244</ele>
      <time>2019-06-05T09:33:54Z</time>
      <extensions>
        <dbm>-96</dbm>
        <cellinfo>mcc=450 mnc=5 ci=32360979 pci=292 tac=9555 rssi=-58 rsrp=-96 rsrq=-5 rssnr=130 cqi=NA</cellinfo>
      </extensions>
    </trkpt>
    <trkpt lat="33.372944" lon="126.568458">
      <ele>1287.768686</ele>
      <time>2019-06-05T09:33:59Z</time>
      <extensions>
        <dbm>-98</dbm>
        <cellinfo>mcc=450 mnc=5 ci=32360979 pci=292 tac=9555 rssi=-60 rsrp=-98 rsrq=-8 rssnr=176 cqi=NA</cellinfo>
      </extensions>
    </trkpt>
    <trkpt lat="33.372884" lon="126.568394">
      <ele>1286.523757</ele>
      <time>2019-06-05T09:34:09Z</time>
      <extensions>
        <dbm>-96</dbm>
        <cellinfo>mcc=450 mnc=5 ci=32360979 pci=292 tac=9555 rssi=-59 rsrp=-96 rsrq=-5 rssnr=176 cqi=NA</cellinfo>
      </extensions>
    </trkpt>
    <trkpt lat="33.372830" lon="126.568317">
      <ele>1287.195587</ele>
      <time>2019-06-05T09:34:17Z</time>
      <extensions>
        <dbm>-80</dbm>
        <cellinfo>mcc=450 mnc=5 ci=32360983 pci=292 tac=9555 rssi=-54 rsrp=-80 rsrq=-7 rssnr=200 cqi=NA</cellinfo>
      </extensions>
    </trkpt>
    <trkpt lat="33.372799" lon="126.568216">
      <ele>1285.671283</ele>
      <time>2019-06-05T09:34:24Z</time>
      <extensions>
        <dbm>-92</dbm>
        <cellinfo>mcc=450 mnc=5 ci=32360979 pci=292 tac=9555 rssi=-58 rsrp=-92 rsrq=-8 rssnr=200 cqi=NA</cellinfo>
      </extensions>
    </trkpt>
    <trkpt lat="33.372773" lon="126.568115">
      <ele>1285.558228</ele>
      <time>2019-06-05T09:34:33Z</time>
      <extensions>
        <dbm>-96</dbm>
        <cellinfo>mcc=450 mnc=5 ci=32360979 pci=292 tac=9555 rssi=-59 rsrp=-96 rsrq=-7 rssnr=242 cqi=NA</cellinfo>
      </extensions>
    </trkpt>
    <trkpt lat="33.372754" lon="126.567999">
      <ele>1287.157724</ele>
      <time>2019-06-05T09:34:40Z</time>
      <extensions>
        <dbm>-100</dbm>
        <cellinfo>mcc=450 mnc=5 ci=32360979 pci=292 tac=9555 rssi=-60 rsrp=-100 rsrq=-6 rssnr=242 cqi=NA</cellinfo>
      </extensions>
    </trkpt>
    <trkpt lat="33.372745" lon="126.567882">
      <ele>1284.703593</ele>
      <time>2019-06-05T09:34:49Z</time>
      <extensions>
        <dbm>-96</dbm>
        <cellinfo>mcc=450 mnc=5 ci=32360979 pci=292 tac=9555 rssi=-59 rsrp=-96 rsrq=-7 rssnr=242 cqi=NA</cellinfo>
      </extensions>
    </trkpt>
    <trkpt lat="33.372759" lon="126.567784">
      <ele>1283.835785</ele>
      <time>2019-06-05T09:34:59Z</time>
      <extensions>
        <dbm>-86</dbm>
        <cellinfo>mcc=450 mnc=5 ci=32360983 pci=292 tac=9555 rssi=-55 rsrp=-86 rsrq=-8 rssnr=156 cqi=NA</cellinfo>
      </extensions>
    </trkpt>
    <trkpt lat="33.372794" lon="126.567706">
      <ele>1282.773175</ele>
      <time>2019-06-05T09:35:05Z</time>
      <extensions>
        <dbm>-84</dbm>
        <cellinfo>mcc=450 mnc=5 ci=32360983 pci=292 tac=9555 rssi=-55 rsrp=-84 rsrq=-8 rssnr=156 cqi=NA</cellinfo>
      </extensions>
    </trkpt>
    <trkpt lat="33.372834" lon="126.567643">
      <ele>1282.509972</ele>
      <time>2019-06-05T09:35:13Z</time>
      <extensions>
        <dbm>-85</dbm>
        <cellinfo>mcc=450 mnc=5 ci=32360983 pci=292 tac=9555 rssi=-53 rsrp=-85 rsrq=-5 rssnr=276 cqi=NA</cellinfo>
      </extensions>
    </trkpt>
    <trkpt lat="33.372863" lon="126.567570">
      <ele>1281.626399</ele>
      <time>2019-06-05T09:35:21Z</time>
      <extensions>
        <dbm>-89</dbm>
        <cellinfo>mcc=450 mnc=5 ci=32360983 pci=292 tac=9555 rssi=-57 rsrp=-89 rsrq=-8 rssnr=220 cqi=NA</cellinfo>
      </extensions>
    </trkpt>
    <trkpt lat="33.372884" lon="126.567494">
      <ele>1281.402250</ele>
      <time>2019-06-05T09:35:27Z</time>
      <extensions>
        <dbm>-101</dbm>
        <cellinfo>mcc=450 mnc=5 ci=32360979 pci=292 tac=9555 rssi=-60 rsrp=-101 rsrq=-7 rssnr=196 cqi=NA</cellinfo>
      </extensions>
    </trkpt>
    <trkpt lat="33.372894" lon="126.567418">
      <ele>1282.360697</ele>
      <time>2019-06-05T09:35:33Z</time>
      <extensions>
        <dbm>-98</dbm>
        <cellinfo>mcc=450 mnc=5 ci=32360979 pci=292 tac=9555 rssi=-59 rsrp=-98 rsrq=-5 rssnr=196 cqi=NA</cellinfo>
      </extensions>
    </trkpt>
    <trkpt lat="33.372897" lon="126.567333">
      <ele>1282.360697</ele>
      <time>2019-06-05T09:35:40Z</time>
      <extensions>
        <dbm>-100</dbm>
        <cellinfo>mcc=450 mnc=5 ci=32360979 pci=292 tac=9555 rssi=-60 rsrp=-100 rsrq=-5 rssnr=192 cqi=NA</cellinfo>
      </extensions>
    </trkpt>
    <trkpt lat="33.372889" lon="126.567243">
      <ele>1280.574524</ele>
      <time>2019-06-05T09:35:48Z</time>
      <extensions>
        <dbm>-104</dbm>
        <cellinfo>mcc=450 mnc=5 ci=32360979 pci=292 tac=9555 rssi=-62 rsrp=-104 rsrq=-12 rssnr=192 cqi=NA</cellinfo>
      </extensions>
    </trkpt>
    <trkpt lat="33.372883" lon="126.567153">
      <ele>1280.957092</ele>
      <time>2019-06-05T09:35:59Z</time>
      <extensions>
        <dbm>-89</dbm>
        <cellinfo>mcc=450 mnc=5 ci=32360983 pci=292 tac=9555 rssi=-56 rsrp=-89 rsrq=-6 rssnr=206 cqi=NA</cellinfo>
      </extensions>
    </trkpt>
    <trkpt lat="33.372884" lon="126.567070">
      <ele>1280.946431</ele>
      <time>2019-06-05T09:36:07Z</time>
      <extensions>
        <dbm>-91</dbm>
        <cellinfo>mcc=450 mnc=5 ci=32360983 pci=292 tac=9555 rssi=-57 rsrp=-91 rsrq=-6 rssnr=206 cqi=NA</cellinfo>
      </extensions>
    </trkpt>
    <trkpt lat="33.372887" lon="126.566994">
      <ele>1281.809153</ele>
      <time>2019-06-05T09:36:15Z</time>
      <extensions>
        <dbm>-90</dbm>
        <cellinfo>mcc=450 mnc=5 ci=32360983 pci=292 tac=9555 rssi=-56 rsrp=-90 rsrq=-6 rssnr=162 cqi=NA</cellinfo>
      </extensions>
    </trkpt>
    <trkpt lat="33.372877" lon="126.566909">
      <ele>1283.311422</ele>
      <time>2019-06-05T09:36:25Z</time>
      <extensions>
        <dbm>-88</dbm>
        <cellinfo>mcc=450 mnc=5 ci=32360983 pci=292 tac=9555 rssi=-56 rsrp=-88 rsrq=-5 rssnr=232 cqi=NA</cellinfo>
      </extensions>
    </trkpt>
    <trkpt lat="33.372845" lon="126.566832">
      <ele>1285.142771</ele>
      <time>2019-06-05T09:36:38Z</time>
      <extensions>
        <dbm>-87</dbm>
        <cellinfo>mcc=450 mnc=5 ci=32360983 pci=292 tac=9555 rssi=-56 rsrp=-87 rsrq=-5 rssnr=244 cqi=NA</cellinfo>
      </extensions>
    </trkpt>
    <trkpt lat="33.372796" lon="126.566762">
      <ele>1287.110596</ele>
      <time>2019-06-05T09:36:46Z</time>
      <extensions>
        <dbm>-99</dbm>
        <cellinfo>mcc=450 mnc=5 ci=32360979 pci=292 tac=9555 rssi=-59 rsrp=-99 rsrq=-6 rssnr=122 cqi=NA</cellinfo>
      </extensions>
    </trkpt>
    <trkpt lat="33.372739" lon="126.566698">
      <ele>1289.188629</ele>
      <time>2019-06-05T09:36:54Z</time>
      <extensions>
        <dbm>-101</dbm>
        <cellinfo>mcc=450 mnc=5 ci=32360979 pci=292 tac=9555 rssi=-60 rsrp=-101 rsrq=-7 rssnr=132 cqi=NA</cellinfo>
      </extensions>
    </trkpt>
    <trkpt lat="33.372677" lon="126.566640">
      <ele>1290.335042</ele>
      <time>2019-06-05T09:37:09Z</time>
      <extensions>
        <dbm>-100</dbm>
        <cellinfo>mcc=450 mnc=5 ci=32360979 pci=292 tac=9555 rssi=-60 rsrp=-100 rsrq=-8 rssnr=176 cqi=NA</cellinfo>
      </extensions>
    </trkpt>
    <trkpt lat="33.372618" lon="126.566586">
      <ele>1290.335042</ele>
      <time>2019-06-05T09:37:18Z</time>
      <extensions>
        <dbm>-83</dbm>
        <cellinfo>mcc=450 mnc=5 ci=32360983 pci=292 tac=9555 rssi=-54 rsrp=-83 rsrq=-6 rssnr=222 cqi=NA</cellinfo>
      </extensions>
    </trkpt>
    <trkpt lat="33.372575" lon="126.566532">
      <ele>1291.536580</ele>
      <time>2019-06-05T09:37:25Z</time>
      <extensions>
        <dbm>-98</dbm>
        <cellinfo>mcc=450 mnc=5 ci=32360979 pci=292 tac=9555 rssi=-59 rsrp=-98 rsrq=-7 rssnr=222 cqi=NA</cellinfo>
      </extensions>
    </trkpt>
    <trkpt lat="33.372540" lon="126.566462">
      <ele>1291.960515</ele>
      <time>2019-06-05T09:37:36Z</time>
      <extensions>
        <dbm>-94</dbm>
        <cellinfo>mcc=450 mnc=5 ci=32360979 pci=292 tac=9555 rssi=-58 rsrp=-94 rsrq=-5 rssnr=166 cqi=NA</cellinfo>
      </extensions>
    </trkpt>
    <trkpt lat="33.372505" lon="126.566389">
      <ele>1292.890146</ele>
      <time>2019-06-05T09:37:55Z</time>
      <extensions>
        <dbm>-91</dbm>
        <cellinfo>mcc=450 mnc=5 ci=32360979 pci=292 tac=9555 rssi=-57 rsrp=-91 rsrq=-6 rssnr=186 cqi=NA</cellinfo>
      </extensions>
    </trkpt>
    <trkpt lat="33.372445" lon="126.566321">
      <ele>1293.426673</ele>
      <time>2019-06-05T09:38:22Z</time>
      <extensions>
        <dbm>-102</dbm>
        <cellinfo>mcc=450 mnc=5 ci=32360979 pci=292 tac=9555 rssi=-61 rsrp=-102 rsrq=-9 rssnr=172 cqi=NA</cellinfo>
      </extensions>
    </trkpt>
    <trkpt lat="33.372377" lon="126.566265">
      <ele>1294.024940</ele>
      <time>2019-06-05T09:38:35Z</time>
      <extensions>
        <dbm>-97</dbm>
        <cellinfo>mcc=450 mnc=5 ci=32360979 pci=292 tac=9555 rssi=-59 rsrp=-97 rsrq=-5 rssnr=126 cqi=NA</cellinfo>
      </extensions>
    </trkpt>
    <trkpt lat="33.372304" lon="126.566217">
      <ele>1293.154353</ele>
      <time>2019-06-05T09:38:41Z</time>
      <extensions>
        <dbm>-84</dbm>
        <cellinfo>mcc=450 mnc=5 ci=32360983 pci=292 tac=9555 rssi=-55 rsrp=-84 rsrq=-6 rssnr=90 cqi=NA</cellinfo>
      </extensions>
    </trkpt>
    <trkpt lat="33.372243" lon="126.566172">
      <ele>1294.079477</ele>
      <time>2019-06-05T09:38:48Z</time>
      <extensions>
        <dbm>-102</dbm>
        <cellinfo>mcc=450 mnc=5 ci=32360979 pci=292 tac=9555 rssi=-61 rsrp=-102 rsrq=-8 rssnr=90 cqi=NA</cellinfo>
      </extensions>
    </trkpt>
    <trkpt lat="33.372203" lon="126.566117">
      <ele>1294.866647</ele>
      <time>2019-06-05T09:38:57Z</time>
      <extensions>
        <dbm>-99</dbm>
        <cellinfo>mcc=450 mnc=5 ci=32360979 pci=292 tac=9555 rssi=-60 rsrp=-99 rsrq=-8 rssnr=180 cqi=NA</cellinfo>
      </extensions>
    </trkpt>
    <trkpt lat="33.372179" lon="126.566042">
      <ele>1297.882305</ele>
      <time>2019-06-05T09:40:34Z</time>
      <extensions>
        <dbm>-75</dbm>
        <cellinfo>mcc=450 mnc=5 ci=32360983 pci=292 tac=9555 rssi=-53 rsrp=-75 rsrq=-7 rssnr=188 cqi=NA</cellinfo>
      </extensions>
    </trkpt>
    <trkpt lat="33.372177" lon="126.565954">
      <ele>1299.650982</ele>
      <time>2019-06-05T09:40:42Z</time>
      <extensions>
        <dbm>-70</dbm>
        <cellinfo>mcc=450 mnc=5 ci=32360983 pci=292 tac=9555 rssi=-50 rsrp=-70 rsrq=-6 rssnr=188 cqi=NA</cellinfo>
      </extensions>
    </trkpt>
    <trkpt lat="33.372161" lon="126.565863">
      <ele>1301.525250</ele>
      <time>2019-06-05T09:40:50Z</time>
      <extensions>
        <dbm>-78</dbm>
        <cellinfo>mcc=450 mnc=5 ci=32360979 pci=292 tac=9555 rssi=-54 rsrp=-78 rsrq=-6 rssnr=188 cqi=NA</cellinfo>
      </extensions>
    </trkpt>
    <trkpt lat="33.372129" lon="126.565776">
      <ele>1303.489446</ele>
      <time>2019-06-05T09:41:01Z</time>
      <extensions>
        <dbm>-79</dbm>
        <cellinfo>mcc=450 mnc=5 ci=32360979 pci=292 tac=9555 rssi=-55 rsrp=-79 rsrq=-6 rssnr=188 cqi=NA</cellinfo>
      </extensions>
    </trkpt>
    <trkpt lat="33.372063" lon="126.565696">
      <ele>1306.088542</ele>
      <time>2019-06-05T09:41:13Z</time>
      <extensions>
        <dbm>-87</dbm>
        <cellinfo>mcc=450 mnc=5 ci=32360979 pci=292 tac=9555 rssi=-57 rsrp=-87 rsrq=-6 rssnr=256 cqi=NA</cellinfo>
      </extensions>
    </trkpt>
    <trkpt lat="33.371989" lon="126.565639">
      <ele>1305.689952</ele>
      <time>2019-06-05T09:41:25Z</time>
      <extensions>
        <dbm>-77</dbm>
        <cellinfo>mcc=450 mnc=5 ci=32360983 pci=292 tac=9555 rssi=-54 rsrp=-77 rsrq=-6 rssnr=274 cqi=NA</cellinfo>
      </extensions>
    </trkpt>
    <trkpt lat="33.371921" lon="126.565592">
      <ele>1307.843404</ele>
      <time>2019-06-05T09:41:33Z</time>
      <extensions>
        <dbm>-76</dbm>
        <cellinfo>mcc=450 mnc=5 ci=32360983 pci=292 tac=9555 rssi=-53 rsrp=-76 rsrq=-5 rssnr=274 cqi=NA</cellinfo>
      </extensions>
    </trkpt>
    <trkpt lat="33.371871" lon="126.565542">
      <ele>1309.990133</ele>
      <time>2019-06-05T09:41:39Z</time>
      <extensions>
        <dbm>-89</dbm>
        <cellinfo>mcc=450 mnc=5 ci=32360979 pci=292 tac=9555 rssi=-56 rsrp=-89 rsrq=-6 rssnr=228 cqi=NA</cellinfo>
      </extensions>
    </trkpt>
    <trkpt lat="33.371823" lon="126.565472">
      <ele>1312.813660</ele>
      <time>2019-06-05T09:41:50Z</time>
      <extensions>
        <dbm>-87</dbm>
        <cellinfo>mcc=450 mnc=5 ci=32360979 pci=292 tac=9555 rssi=-56 rsrp=-87 rsrq=-6 rssnr=248 cqi=NA</cellinfo>
      </extensions>
    </trkpt>
    <trkpt lat="33.371764" lon="126.565415">
      <ele>1315.457682</ele>
      <time>2019-06-05T09:42:01Z</time>
      <extensions>
        <dbm>-86</dbm>
        <cellinfo>mcc=450 mnc=5 ci=32360979 pci=292 tac=9555 rssi=-55 rsrp=-86 rsrq=-6 rssnr=228 cqi=NA</cellinfo>
      </extensions>
    </trkpt>
    <trkpt lat="33.371685" lon="126.565382">
      <ele>1318.473674</ele>
      <time>2019-06-05T09:42:11Z</time>
      <extensions>
        <dbm>-87</dbm>
        <cellinfo>mcc=450 mnc=5 ci=32360979 pci=292 tac=9555 rssi=-56 rsrp=-87 rsrq=-5 rssnr=254 cqi=NA</cellinfo>
      </extensions>
    </trkpt>
    <trkpt lat="33.371618" lon="126.565349">
      <ele>1318.473674</ele>
      <time>2019-06-05T09:42:21Z</time>
      <extensions>
        <dbm>-78</dbm>
        <cellinfo>mcc=450 mnc=5 ci=32360983 pci=292 tac=9555 rssi=-54 rsrp=-78 rsrq=-6 rssnr=254 cqi=NA</cellinfo>
      </extensions>
    </trkpt>
    <trkpt lat="33.371563" lon="126.565299">
      <ele>1321.609111</ele>
      <time>2019-06-05T09:42:28Z</time>
      <extensions>
        <dbm>-87</dbm>
        <cellinfo>mcc=450 mnc=5 ci=32360979 pci=292 tac=9555 rssi=-56 rsrp=-87 rsrq=-5 rssnr=254 cqi=NA</cellinfo>
      </extensions>
    </trkpt>
    <trkpt lat="33.371515" lon="126.565238">
      <ele>1324.891774</ele>
      <time>2019-06-05T09:42:36Z</time>
      <extensions>
        <dbm>-87</dbm>
        <cellinfo>mcc=450 mnc=5 ci=32360979 pci=292 tac=9555 rssi=-57 rsrp=-87 rsrq=-9 rssnr=290 cqi=NA</cellinfo>
      </extensions>
    </trkpt>
    <trkpt lat="33.371455" lon="126.565169">
      <ele>1327.741842</ele>
      <time>2019-06-05T09:42:44Z</time>
      <extensions>
        <dbm>-92</dbm>
        <cellinfo>mcc=450 mnc=5 ci=32360979 pci=292 tac=9555 rssi=-57 rsrp=-92 rsrq=-6 rssnr=290 cqi=NA</cellinfo>
      </extensions>
    </trkpt>
    <trkpt lat="33.371391" lon="126.565113">
      <ele>1330.799514</ele>
      <time>2019-06-05T09:42:59Z</time>
      <extensions>
        <dbm>-88</dbm>
        <cellinfo>mcc=450 mnc=5 ci=32360979 pci=292 tac=9555 rssi=-57 rsrp=-88 rsrq=-7 rssnr=290 cqi=NA</cellinfo>
      </extensions>
    </trkpt>
    <trkpt lat="33.371341" lon="126.565046">
      <ele>1329.591858</ele>
      <time>2019-06-05T09:43:07Z</time>
      <extensions>
        <dbm>-89</dbm>
        <cellinfo>mcc=450 mnc=5 ci=32209411 pci=159 tac=9555 rssi=-57 rsrp=-89 rsrq=-7 rssnr=78 cqi=NA</cellinfo>
      </extensions>
    </trkpt>
    <trkpt lat="33.371297" lon="126.564985">
      <ele>1332.233907</ele>
      <time>2019-06-05T09:43:13Z</time>
      <extensions>
        <dbm>-77</dbm>
        <cellinfo>mcc=450 mnc=5 ci=32360983 pci=292 tac=9555 rssi=-54 rsrp=-77 rsrq=-7 rssnr=130 cqi=NA</cellinfo>
      </extensions>
    </trkpt>
    <trkpt lat="33.371261" lon="126.564905">
      <ele>1334.652557</ele>
      <time>2019-06-05T09:43:21Z</time>
      <extensions>
        <dbm>-80</dbm>
        <cellinfo>mcc=450 mnc=5 ci=32360983 pci=292 tac=9555 rssi=-55 rsrp=-80 rsrq=-7 rssnr=130 cqi=NA</cellinfo>
      </extensions>
    </trkpt>
    <trkpt lat="33.371223" lon="126.564812">
      <ele>1337.356934</ele>
      <time>2019-06-05T09:43:29Z</time>
      <extensions>
        <dbm>-84</dbm>
        <cellinfo>mcc=450 mnc=5 ci=32360983 pci=292 tac=9555 rssi=-56 rsrp=-84 rsrq=-7 rssnr=130 cqi=NA</cellinfo>
      </extensions>
    </trkpt>
    <trkpt lat="33.371195" lon="126.564707">
      <ele>1340.747305</ele>
      <time>2019-06-05T09:43:40Z</time>
      <extensions>
        <dbm>-95</dbm>
        <cellinfo>mcc=450 mnc=5 ci=32209411 pci=159 tac=9555 rssi=-60 rsrp=-95 rsrq=-11 rssnr=62 cqi=NA</cellinfo>
      </extensions>
    </trkpt>
    <trkpt lat="33.371183" lon="126.564595">
      <ele>1342.987765</ele>
      <time>2019-06-05T09:43:52Z</time>
      <extensions>
        <dbm>-90</dbm>
        <cellinfo>mcc=450 mnc=5 ci=32209411 pci=159 tac=9555 rssi=-57 rsrp=-90 rsrq=-5 rssnr=172 cqi=NA</cellinfo>
      </extensions>
    </trkpt>
    <trkpt lat="33.371173" lon="126.564497">
      <ele>1344.879376</ele>
      <time>2019-06-05T09:44:05Z</time>
      <extensions>
        <dbm>-91</dbm>
        <cellinfo>mcc=450 mnc=5 ci=32209411 pci=159 tac=9555 rssi=-58 rsrp=-91 rsrq=-9 rssnr=188 cqi=NA</cellinfo>
      </extensions>
    </trkpt>
    <trkpt lat="33.371165" lon="126.564409">
      <ele>1344.879376</ele>
      <time>2019-06-05T09:44:17Z</time>
      <extensions>
        <dbm>-89</dbm>
        <cellinfo>mcc=450 mnc=5 ci=32360983 pci=292 tac=9555 rssi=-55 rsrp=-89 rsrq=-8 rssnr=198 cqi=NA</cellinfo>
      </extensions>
    </trkpt>
    <trkpt lat="33.371153" lon="126.564330">
      <ele>1346.394325</ele>
      <time>2019-06-05T09:44:25Z</time>
      <extensions>
        <dbm>-94</dbm>
        <cellinfo>mcc=450 mnc=5 ci=32209411 pci=159 tac=9555 rssi=-59 rsrp=-94 rsrq=-8 rssnr=184 cqi=NA</cellinfo>
      </extensions>
    </trkpt>
    <trkpt lat="33.371156" lon="126.564247">
      <ele>1347.444814</ele>
      <time>2019-06-05T09:44:33Z</time>
      <extensions>
        <dbm>-87</dbm>
        <cellinfo>mcc=450 mnc=5 ci=32360983 pci=292 tac=9555 rssi=-56 rsrp=-87 rsrq=-7 rssnr=120 cqi=NA</cellinfo>
      </extensions>
    </trkpt>
    <trkpt lat="33.371167" lon="126.564159">
      <ele>1349.098043</ele>
      <time>2019-06-05T09:44:41Z</time>
      <extensions>
        <dbm>-85</dbm>
        <cellinfo>mcc=450 mnc=5 ci=32360983 pci=292 tac=9555 rssi=-55 rsrp=-85 rsrq=-7 rssnr=120 cqi=NA</cellinfo>
      </extensions>
    </trkpt>
    <trkpt lat="33.371173" lon="126.564068">
      <ele>1350.429911</ele>
      <time>2019-06-05T09:44:55Z</time>
      <extensions>
        <dbm>-90</dbm>
        <cellinfo>mcc=450 mnc=5 ci=32209411 pci=159 tac=9555 rssi=-58 rsrp=-90 rsrq=-8 rssnr=190 cqi=NA</cellinfo>
      </extensions>
    </trkpt>
    <trkpt lat="33.371169" lon="126.563967">
      <ele>1352.282799</ele>
      <time>2019-06-05T09:45:05Z</time>
      <extensions>
        <dbm>-89</dbm>
        <cellinfo>mcc=450 mnc=5 ci=32360983 pci=292 tac=9555 rssi=-57 rsrp=-89 rsrq=-7 rssnr=254 cqi=NA</cellinfo>
      </extensions>
    </trkpt>
    <trkpt lat="33.371157" lon="126.563857">
      <ele>1353.702965</ele>
      <time>2019-06-05T09:45:17Z</time>
      <extensions>
        <dbm>-92</dbm>
        <cellinfo>mcc=450 mnc=5 ci=32360983 pci=292 tac=9555 rssi=-58 rsrp=-92 rsrq=-8 rssnr=170 cqi=NA</cellinfo>
      </extensions>
    </trkpt>
    <trkpt lat="33.371129" lon="126.563744">
      <ele>1355.107431</ele>
      <time>2019-06-05T09:45:32Z</time>
      <extensions>
        <dbm>-93</dbm>
        <cellinfo>mcc=450 mnc=5 ci=32209411 pci=159 tac=9555 rssi=-58 rsrp=-93 rsrq=-6 rssnr=150 cqi=NA</cellinfo>
      </extensions>
    </trkpt>
    <trkpt lat="33.371097" lon="126.563637">
      <ele>1356.485305</ele>
      <time>2019-06-05T09:45:44Z</time>
      <extensions>
        <dbm>-96</dbm>
        <cellinfo>mcc=450 mnc=5 ci=32209411 pci=159 tac=9555 rssi=-59 rsrp=-96 rsrq=-6 rssnr=150 cqi=NA</cellinfo>
      </extensions>
    </trkpt>
    <trkpt lat="33.371061" lon="126.563536">
      <ele>1358.223104</ele>
      <time>2019-06-05T09:45:54Z</time>
      <extensions>
        <dbm>-94</dbm>
        <cellinfo>mcc=450 mnc=5 ci=32209411 pci=159 tac=9555 rssi=-58 rsrp=-94 rsrq=-5 rssnr=150 cqi=NA</cellinfo>
      </extensions>
    </trkpt>
    <trkpt lat="33.371043" lon="126.563431">
      <ele>1359.893046</ele>
      <time>2019-06-05T09:46:12Z</time>
      <extensions>
        <dbm>-90</dbm>
        <cellinfo>mcc=450 mnc=5 ci=32360983 pci=292 tac=9555 rssi=-58 rsrp=-90 rsrq=-9 rssnr=146 cqi=NA</cellinfo>
      </extensions>
    </trkpt>
    <trkpt lat="33.371044" lon="126.563329">
      <ele>1361.248230</ele>
      <time>2019-06-05T09:46:32Z</time>
      <extensions>
        <dbm>-91</dbm>
        <cellinfo>mcc=450 mnc=5 ci=32360983 pci=292 tac=9555 rssi=-57 rsrp=-91 rsrq=-8 rssnr=132 cqi=NA</cellinfo>
      </extensions>
    </trkpt>
    <trkpt lat="33.371064" lon="126.563236">
      <ele>1362.834218</ele>
      <time>2019-06-05T09:46:46Z</time>
      <extensions>
        <dbm>-87</dbm>
        <cellinfo>mcc=450 mnc=5 ci=32360983 pci=292 tac=9555 rssi=-57 rsrp=-87 rsrq=-9 rssnr=140 cqi=NA</cellinfo>
      </extensions>
    </trkpt>
    <trkpt lat="33.371087" lon="126.563142">
      <ele>1364.333761</ele>
      <time>2019-06-05T09:46:55Z</time>
      <extensions>
        <dbm>-92</dbm>
        <cellinfo>mcc=450 mnc=5 ci=32209411 pci=159 tac=9555 rssi=-59 rsrp=-92 rsrq=-9 rssnr=36 cqi=NA</cellinfo>
      </extensions>
    </trkpt>
    <trkpt lat="33.371117" lon="126.563050">
      <ele>1364.333761</ele>
      <time>2019-06-05T09:47:10Z</time>
      <extensions>
        <dbm>-84</dbm>
        <cellinfo>mcc=450 mnc=5 ci=32360983 pci=292 tac=9555 rssi=-55 rsrp=-84 rsrq=-9 rssnr=-14 cqi=NA</cellinfo>
      </extensions>
    </trkpt>
    <trkpt lat="33.371146" lon="126.562966">
      <ele>1365.938253</ele>
      <time>2019-06-05T09:47:23Z</time>
      <extensions>
        <dbm>-96</dbm>
        <cellinfo>mcc=450 mnc=5 ci=32360979 pci=292 tac=9555 rssi=-61 rsrp=-96 rsrq=-14 rssnr=-14 cqi=NA</cellinfo>
      </extensions>
    </trkpt>
    <trkpt lat="33.371168" lon="126.562890">
      <ele>1367.525350</ele>
      <time>2019-06-05T09:47:32Z</time>
      <extensions>
        <dbm>-90</dbm>
        <cellinfo>mcc=450 mnc=5 ci=32360979 pci=292 tac=9555 rssi=-57 rsrp=-90 rsrq=-6 rssnr=212 cqi=NA</cellinfo>
      </extensions>
    </trkpt>
    <trkpt lat="33.371174" lon="126.562805">
      <ele>1368.233286</ele>
      <time>2019-06-05T09:47:41Z</time>
      <extensions>
        <dbm>-93</dbm>
        <cellinfo>mcc=450 mnc=5 ci=32360979 pci=292 tac=9555 rssi=-59 rsrp=-93 rsrq=-10 rssnr=212 cqi=NA</cellinfo>
      </extensions>
    </trkpt>
    <trkpt lat="33.371162" lon="126.562707">
      <ele>1369.721914</ele>
      <time>2019-06-05T09:47:52Z</time>
      <extensions>
        <dbm>-92</dbm>
        <cellinfo>mcc=450 mnc=5 ci=32360979 pci=292 tac=9555 rssi=-58 rsrp=-92 rsrq=-6 rssnr=212 cqi=NA</cellinfo>
      </extensions>
    </trkpt>
    <trkpt lat="33.371132" lon="126.562624">
      <ele>1371.145902</ele>
      <time>2019-06-05T09:48:08Z</time>
      <extensions>
        <dbm>-92</dbm>
        <cellinfo>mcc=450 mnc=5 ci=32360979 pci=292 tac=9555 rssi=-58 rsrp=-92 rsrq=-9 rssnr=248 cqi=NA</cellinfo>
      </extensions>
    </trkpt>
    <trkpt lat="33.371082" lon="126.562544">
      <ele>1372.463539</ele>
      <time>2019-06-05T09:49:30Z</time>
      <extensions>
        <dbm>-91</dbm>
        <cellinfo>mcc=450 mnc=5 ci=32360979 pci=292 tac=9555 rssi=-58 rsrp=-91 rsrq=-7 rssnr=212 cqi=NA</cellinfo>
      </extensions>
    </trkpt>
    <trkpt lat="33.371036" lon="126.562458">
      <ele>1374.835561</ele>
      <time>2019-06-05T09:49:42Z</time>
      <extensions>
        <dbm>-89</dbm>
        <cellinfo>mcc=450 mnc=5 ci=32360979 pci=292 tac=9555 rssi=-57 rsrp=-89 rsrq=-4 rssnr=278 cqi=NA</cellinfo>
      </extensions>
    </trkpt>
    <trkpt lat="33.371007" lon="126.562352">
      <ele>1376.566742</ele>
      <time>2019-06-05T09:49:54Z</time>
      <extensions>
        <dbm>-87</dbm>
        <cellinfo>mcc=450 mnc=5 ci=32360979 pci=292 tac=9555 rssi=-55 rsrp=-87 rsrq=-5 rssnr=264 cqi=NA</cellinfo>
      </extensions>
    </trkpt>
    <trkpt lat="33.370983" lon="126.562245">
      <ele>1378.659932</ele>
      <time>2019-06-05T09:50:04Z</time>
      <extensions>
        <dbm>-84</dbm>
        <cellinfo>mcc=450 mnc=5 ci=32360979 pci=292 tac=9555 rssi=-56 rsrp=-84 rsrq=-6 rssnr=264 cqi=NA</cellinfo>
      </extensions>
    </trkpt>
    <trkpt lat="33.370955" lon="126.562145">
      <ele>1380.925201</ele>
      <time>2019-06-05T09:50:19Z</time>
      <extensions>
        <dbm>-90</dbm>
        <cellinfo>mcc=450 mnc=5 ci=32360979 pci=292 tac=9555 rssi=-56 rsrp=-90 rsrq=-6 rssnr=232 cqi=NA</cellinfo>
      </extensions>
    </trkpt>
    <trkpt lat="33.370931" lon="126.562041">
      <ele>1383.167989</ele>
      <time>2019-06-05T09:50:34Z</time>
      <extensions>
        <dbm>-83</dbm>
        <cellinfo>mcc=450 mnc=5 ci=32360979 pci=292 tac=9555 rssi=-55 rsrp=-83 rsrq=-5 rssnr=232 cqi=NA</cellinfo>
      </extensions>
    </trkpt>
    <trkpt lat="33.370931" lon="126.561946">
      <ele>1385.145681</ele>
      <time>2019-06-05T09:50:51Z</time>
      <extensions>
        <dbm>-88</dbm>
        <cellinfo>mcc=450 mnc=5 ci=32360979 pci=292 tac=9555 rssi=-57 rsrp=-88 rsrq=-6 rssnr=208 cqi=NA</cellinfo>
      </extensions>
    </trkpt>
    <trkpt lat="33.370955" lon="126.561863">
      <ele>1385.229218</ele>
      <time>2019-06-05T09:51:01Z</time>
      <extensions>
        <dbm>-84</dbm>
        <cellinfo>mcc=450 mnc=5 ci=32360983 pci=292 tac=9555 rssi=-55 rsrp=-84 rsrq=-7 rssnr=208 cqi=NA</cellinfo>
      </extensions>
    </trkpt>
    <trkpt lat="33.370996" lon="126.561794">
      <ele>1387.068715</ele>
      <time>2019-06-05T09:51:12Z</time>
      <extensions>
        <dbm>-93</dbm>
        <cellinfo>mcc=450 mnc=5 ci=32360979 pci=292 tac=9555 rssi=-58 rsrp=-93 rsrq=-7 rssnr=208 cqi=NA</cellinfo>
      </extensions>
    </trkpt>
    <trkpt lat="33.371047" lon="126.561734">
      <ele>1388.030827</ele>
      <time>2019-06-05T09:51:26Z</time>
      <extensions>
        <dbm>-90</dbm>
        <cellinfo>mcc=450 mnc=5 ci=32360979 pci=292 tac=9555 rssi=-57 rsrp=-90 rsrq=-6 rssnr=230 cqi=NA</cellinfo>
      </extensions>
    </trkpt>
    <trkpt lat="33.371078" lon="126.561661">
      <ele>1389.921424</ele>
      <time>2019-06-05T09:51:39Z</time>
      <extensions>
        <dbm>-89</dbm>
        <cellinfo>mcc=450 mnc=5 ci=32360979 pci=292 tac=9555 rssi=-57 rsrp=-89 rsrq=-8 rssnr=248 cqi=NA</cellinfo>
      </extensions>
    </trkpt>
    <trkpt lat="33.371090" lon="126.561571">
      <ele>1392.097243</ele>
      <time>2019-06-05T09:51:54Z</time>
      <extensions>
        <dbm>-90</dbm>
        <cellinfo>mcc=450 mnc=5 ci=32360979 pci=292 tac=9555 rssi=-57 rsrp=-90 rsrq=-6 rssnr=238 cqi=NA</cellinfo>
      </extensions>
    </trkpt>
    <trkpt lat="33.371092" lon="126.561460">
      <ele>1393.237488</ele>
      <time>2019-06-05T09:52:11Z</time>
      <extensions>
        <dbm>-93</dbm>
        <cellinfo>mcc=450 mnc=5 ci=32360979 pci=292 tac=9555 rssi=-58 rsrp=-93 rsrq=-6 rssnr=224 cqi=NA</cellinfo>
      </extensions>
    </trkpt>
    <trkpt lat="33.371092" lon="126.561360">
      <ele>1394.208440</ele>
      <time>2019-06-05T09:52:24Z</time>
      <extensions>
        <dbm>-91</dbm>
        <cellinfo>mcc=450 mnc=5 ci=32360979 pci=292 tac=9555 rssi=-58 rsrp=-91 rsrq=-7 rssnr=224 cqi=NA</cellinfo>
      </extensions>
    </trkpt>
    <trkpt lat="33.371088" lon="126.561275">
      <ele>1394.208440</ele>
      <time>2019-06-05T09:52:34Z</time>
      <extensions>
        <dbm>-87</dbm>
        <cellinfo>mcc=450 mnc=5 ci=32360979 pci=292 tac=9555 rssi=-57 rsrp=-87 rsrq=-8 rssnr=232 cqi=NA</cellinfo>
      </extensions>
    </trkpt>
    <trkpt lat="33.371058" lon="126.561203">
      <ele>1396.450092</ele>
      <time>2019-06-05T09:53:00Z</time>
      <extensions>
        <dbm>-72</dbm>
        <cellinfo>mcc=450 mnc=5 ci=32360983 pci=292 tac=9555 rssi=-51 rsrp=-72 rsrq=-8 rssnr=288 cqi=NA</cellinfo>
      </extensions>
    </trkpt>
    <trkpt lat="33.371027" lon="126.561130">
      <ele>1398.965294</ele>
      <time>2019-06-05T09:54:38Z</time>
      <extensions>
        <dbm>-88</dbm>
        <cellinfo>mcc=450 mnc=5 ci=32360979 pci=292 tac=9555 rssi=-57 rsrp=-88 rsrq=-5 rssnr=226 cqi=NA</cellinfo>
      </extensions>
    </trkpt>
    <trkpt lat="33.370980" lon="126.561058">
      <ele>1401.134259</ele>
      <time>2019-06-05T09:54:54Z</time>
      <extensions>
        <dbm>-94</dbm>
        <cellinfo>mcc=450 mnc=5 ci=32360979 pci=292 tac=9555 rssi=-59 rsrp=-94 rsrq=-6 rssnr=190 cqi=NA</cellinfo>
      </extensions>
    </trkpt>
    <trkpt lat="33.370925" lon="126.560991">
      <ele>1402.690711</ele>
      <time>2019-06-05T09:55:12Z</time>
      <extensions>
        <dbm>-87</dbm>
        <cellinfo>mcc=450 mnc=5 ci=32360979 pci=292 tac=9555 rssi=-57 rsrp=-87 rsrq=-6 rssnr=212 cqi=NA</cellinfo>
      </extensions>
    </trkpt>
    <trkpt lat="33.370866" lon="126.560927">
      <ele>1402.961614</ele>
      <time>2019-06-05T09:55:27Z</time>
      <extensions>
        <dbm>-97</dbm>
        <cellinfo>mcc=450 mnc=5 ci=32209411 pci=159 tac=9555 rssi=-60 rsrp=-97 rsrq=-12 rssnr=102 cqi=NA</cellinfo>
      </extensions>
    </trkpt>
    <trkpt lat="33.370822" lon="126.560861">
      <ele>1402.961614</ele>
      <time>2019-06-05T09:55:50Z</time>
      <extensions>
        <dbm>-86</dbm>
        <cellinfo>mcc=450 mnc=5 ci=32360979 pci=292 tac=9555 rssi=-56 rsrp=-86 rsrq=-7 rssnr=112 cqi=NA</cellinfo>
      </extensions>
    </trkpt>
    <trkpt lat="33.370802" lon="126.560783">
      <ele>1404.403067</ele>
      <time>2019-06-05T09:56:02Z</time>
      <extensions>
        <dbm>-79</dbm>
        <cellinfo>mcc=450 mnc=5 ci=32360983 pci=292 tac=9555 rssi=-54 rsrp=-79 rsrq=-6 rssnr=152 cqi=NA</cellinfo>
      </extensions>
    </trkpt>
    <trkpt lat="33.370798" lon="126.560704">
      <ele>1405.025269</ele>
      <time>2019-06-05T09:56:10Z</time>
      <extensions>
        <dbm>-76</dbm>
        <cellinfo>mcc=450 mnc=5 ci=32360983 pci=292 tac=9555 rssi=-53 rsrp=-76 rsrq=-6 rssnr=152 cqi=NA</cellinfo>
      </extensions>
    </trkpt>
    <trkpt lat="33.370794" lon="126.560622">
      <ele>1406.397268</ele>
      <time>2019-06-05T09:56:17Z</time>
      <extensions>
        <dbm>-81</dbm>
        <cellinfo>mcc=450 mnc=5 ci=32360983 pci=292 tac=9555 rssi=-54 rsrp=-81 rsrq=-6 rssnr=152 cqi=NA</cellinfo>
      </extensions>
    </trkpt>
    <trkpt lat="33.370776" lon="126.560546">
      <ele>1408.399902</ele>
      <time>2019-06-05T09:56:27Z</time>
      <extensions>
        <dbm>-88</dbm>
        <cellinfo>mcc=450 mnc=5 ci=32360987 pci=342 tac=9555 rssi=-57 rsrp=-88 rsrq=-9 rssnr=152 cqi=NA</cellinfo>
      </extensions>
    </trkpt>
    <trkpt lat="33.370738" lon="126.560467">
      <ele>1409.511766</ele>
      <time>2019-06-05T09:56:36Z</time>
      <extensions>
        <dbm>-78</dbm>
        <cellinfo>mcc=450 mnc=5 ci=32360987 pci=342 tac=9555 rssi=-54 rsrp=-78 rsrq=-4 rssnr=258 cqi=NA</cellinfo>
      </extensions>
    </trkpt>
    <trkpt lat="33.370689" lon="126.560388">
      <ele>1412.380033</ele>
      <time>2019-06-05T09:56:45Z</time>
      <extensions>
        <dbm>-82</dbm>
        <cellinfo>mcc=450 mnc=5 ci=32360987 pci=342 tac=9555 rssi=-55 rsrp=-82 rsrq=-6 rssnr=258 cqi=NA</cellinfo>
      </extensions>
    </trkpt>
    <trkpt lat="33.370636" lon="126.560300">
      <ele>1416.339172</ele>
      <time>2019-06-05T09:56:59Z</time>
      <extensions>
        <dbm>-79</dbm>
        <cellinfo>mcc=450 mnc=5 ci=32360987 pci=342 tac=9555 rssi=-55 rsrp=-79 rsrq=-9 rssnr=258 cqi=NA</cellinfo>
      </extensions>
    </trkpt>
    <trkpt lat="33.370581" lon="126.560207">
      <ele>1418.976369</ele>
      <time>2019-06-05T09:57:13Z</time>
      <extensions>
        <dbm>-73</dbm>
        <cellinfo>mcc=450 mnc=5 ci=32360987 pci=342 tac=9555 rssi=-52 rsrp=-73 rsrq=-6 rssnr=258 cqi=NA</cellinfo>
      </extensions>
    </trkpt>
    <trkpt lat="33.370518" lon="126.560113">
      <ele>1423.749465</ele>
      <time>2019-06-05T09:57:23Z</time>
      <extensions>
        <dbm>-77</dbm>
        <cellinfo>mcc=450 mnc=5 ci=32360987 pci=342 tac=9555 rssi=-54 rsrp=-77 rsrq=-6 rssnr=258 cqi=NA</cellinfo>
      </extensions>
    </trkpt>
    <trkpt lat="33.370450" lon="126.560027">
      <ele>1427.098220</ele>
      <time>2019-06-05T09:57:34Z</time>
      <extensions>
        <dbm>-78</dbm>
        <cellinfo>mcc=450 mnc=5 ci=32360987 pci=342 tac=9555 rssi=-54 rsrp=-78 rsrq=-8 rssnr=258 cqi=NA</cellinfo>
      </extensions>
    </trkpt>
    <trkpt lat="33.370372" lon="126.559958">
      <ele>1430.285738</ele>
      <time>2019-06-05T09:57:44Z</time>
      <extensions>
        <dbm>-79</dbm>
        <cellinfo>mcc=450 mnc=5 ci=32360987 pci=342 tac=9555 rssi=-54 rsrp=-79 rsrq=-5 rssnr=258 cqi=NA</cellinfo>
      </extensions>
    </trkpt>
    <trkpt lat="33.370315" lon="126.559877">
      <ele>1433.352436</ele>
      <time>2019-06-05T09:57:54Z</time>
      <extensions>
        <dbm>-80</dbm>
        <cellinfo>mcc=450 mnc=5 ci=32360987 pci=342 tac=9555 rssi=-55 rsrp=-80 rsrq=-6 rssnr=258 cqi=NA</cellinfo>
      </extensions>
    </trkpt>
    <trkpt lat="33.370292" lon="126.559784">
      <ele>1436.422326</ele>
      <time>2019-06-05T09:58:15Z</time>
      <extensions>
        <dbm>-81</dbm>
        <cellinfo>mcc=450 mnc=5 ci=32360987 pci=342 tac=9555 rssi=-55 rsrp=-81 rsrq=-6 rssnr=258 cqi=NA</cellinfo>
      </extensions>
    </trkpt>
    <trkpt lat="33.370275" lon="126.559674">
      <ele>1441.799347</ele>
      <time>2019-06-05T09:58:28Z</time>
      <extensions>
        <dbm>-77</dbm>
        <cellinfo>mcc=450 mnc=5 ci=32360987 pci=342 tac=9555 rssi=-54 rsrp=-77 rsrq=-6 rssnr=258 cqi=NA</cellinfo>
      </extensions>
    </trkpt>
    <trkpt lat="33.370250" lon="126.559574">
      <ele>1444.572764</ele>
      <time>2019-06-05T09:58:42Z</time>
      <extensions>
        <dbm>-78</dbm>
        <cellinfo>mcc=450 mnc=5 ci=32360987 pci=342 tac=9555 rssi=-54 rsrp=-78 rsrq=-6 rssnr=258 cqi=NA</cellinfo>
      </extensions>
    </trkpt>
    <trkpt lat="33.370209" lon="126.559476">
      <ele>1447.448680</ele>
      <time>2019-06-05T09:58:54Z</time>
      <extensions>
        <dbm>-72</dbm>
        <cellinfo>mcc=450 mnc=5 ci=32360987 pci=342 tac=9555 rssi=-51 rsrp=-72 rsrq=-7 rssnr=258 cqi=NA</cellinfo>
      </extensions>
    </trkpt>
    <trkpt lat="33.370176" lon="126.559381">
      <ele>1449.426208</ele>
      <time>2019-06-05T09:59:10Z</time>
      <extensions>
        <dbm>-78</dbm>
        <cellinfo>mcc=450 mnc=5 ci=32360987 pci=342 tac=9555 rssi=-54 rsrp=-78 rsrq=-9 rssnr=258 cqi=NA</cellinfo>
      </extensions>
    </trkpt>
    <trkpt lat="33.370147" lon="126.559280">
      <ele>1451.367971</ele>
      <time>2019-06-05T09:59:21Z</time>
      <extensions>
        <dbm>-74</dbm>
        <cellinfo>mcc=450 mnc=5 ci=32360987 pci=342 tac=9555 rssi=-52 rsrp=-74 rsrq=-6 rssnr=258 cqi=NA</cellinfo>
      </extensions>
    </trkpt>
    <trkpt lat="33.370124" lon="126.559175">
      <ele>1454.170532</ele>
      <time>2019-06-05T09:59:37Z</time>
      <extensions>
        <dbm>-74</dbm>
        <cellinfo>mcc=450 mnc=5 ci=32360987 pci=342 tac=9555 rssi=-52 rsrp=-74 rsrq=-6 rssnr=258 cqi=NA</cellinfo>
      </extensions>
    </trkpt>
    <trkpt lat="33.370100" lon="126.559065">
      <ele>1455.694513</ele>
      <time>2019-06-05T09:59:48Z</time>
      <extensions>
        <dbm>-73</dbm>
        <cellinfo>mcc=450 mnc=5 ci=32360987 pci=342 tac=9555 rssi=-52 rsrp=-73 rsrq=-8 rssnr=258 cqi=NA</cellinfo>
      </extensions>
    </trkpt>
    <trkpt lat="33.370073" lon="126.558959">
      <ele>1457.846899</ele>
      <time>2019-06-05T10:00:01Z</time>
      <extensions>
        <dbm>-64</dbm>
        <cellinfo>mcc=450 mnc=5 ci=32360987 pci=342 tac=9555 rssi=-47 rsrp=-64 rsrq=-5 rssnr=300 cqi=NA</cellinfo>
      </extensions>
    </trkpt>
    <trkpt lat="33.370042" lon="126.558851">
      <ele>1459.334949</ele>
      <time>2019-06-05T10:00:13Z</time>
      <extensions>
        <dbm>-67</dbm>
        <cellinfo>mcc=450 mnc=5 ci=32360987 pci=342 tac=9555 rssi=-49 rsrp=-67 rsrq=-6 rssnr=300 cqi=NA</cellinfo>
      </extensions>
    </trkpt>
    <trkpt lat="33.370017" lon="126.558742">
      <ele>1460.736035</ele>
      <time>2019-06-05T10:00:28Z</time>
      <extensions>
        <dbm>-65</dbm>
        <cellinfo>mcc=450 mnc=5 ci=32360987 pci=342 tac=9555 rssi=-48 rsrp=-65 rsrq=-6 rssnr=300 cqi=NA</cellinfo>
      </extensions>
    </trkpt>
    <trkpt lat="33.370009" lon="126.558631">
      <ele>1462.131836</ele>
      <time>2019-06-05T10:00:38Z</time>
      <extensions>
        <dbm>-70</dbm>
        <cellinfo>mcc=450 mnc=5 ci=32360987 pci=342 tac=9555 rssi=-50 rsrp=-70 rsrq=-5 rssnr=300 cqi=NA</cellinfo>
      </extensions>
    </trkpt>
    <trkpt lat="33.370007" lon="126.558521">
      <ele>1463.753760</ele>
      <time>2019-06-05T10:00:50Z</time>
      <extensions>
        <dbm>-75</dbm>
        <cellinfo>mcc=450 mnc=5 ci=32360987 pci=342 tac=9555 rssi=-53 rsrp=-75 rsrq=-6 rssnr=300 cqi=NA</cellinfo>
      </extensions>
    </trkpt>
    <trkpt lat="33.370028" lon="126.558416">
      <ele>1465.450317</ele>
      <time>2019-06-05T10:01:05Z</time>
      <extensions>
        <dbm>-79</dbm>
        <cellinfo>mcc=450 mnc=5 ci=32360987 pci=342 tac=9555 rssi=-55 rsrp=-79 rsrq=-6 rssnr=300 cqi=NA</cellinfo>
      </extensions>
    </trkpt>
    <trkpt lat="33.370079" lon="126.558335">
      <ele>1467.344214</ele>
      <time>2019-06-05T10:01:13Z</time>
      <extensions>
        <dbm>-78</dbm>
        <cellinfo>mcc=450 mnc=5 ci=32360987 pci=342 tac=9555 rssi=-53 rsrp=-78 rsrq=-5 rssnr=300 cqi=NA</cellinfo>
      </extensions>
    </trkpt>
    <trkpt lat="33.370148" lon="126.558258">
      <ele>1469.223169</ele>
      <time>2019-06-05T10:01:23Z</time>
      <extensions>
        <dbm>-81</dbm>
        <cellinfo>mcc=450 mnc=5 ci=32360987 pci=342 tac=9555 rssi=-53 rsrp=-81 rsrq=-5 rssnr=222 cqi=NA</cellinfo>
      </extensions>
    </trkpt>
    <trkpt lat="33.370208" lon="126.558187">
      <ele>1470.971008</ele>
      <time>2019-06-05T10:01:34Z</time>
      <extensions>
        <dbm>-82</dbm>
        <cellinfo>mcc=450 mnc=5 ci=32360987 pci=342 tac=9555 rssi=-55 rsrp=-82 rsrq=-6 rssnr=250 cqi=NA</cellinfo>
      </extensions>
    </trkpt>
    <trkpt lat="33.370246" lon="126.558094">
      <ele>1471.729448</ele>
      <time>2019-06-05T10:01:48Z</time>
      <extensions>
        <dbm>-86</dbm>
        <cellinfo>mcc=450 mnc=5 ci=32360987 pci=342 tac=9555 rssi=-56 rsrp=-86 rsrq=-6 rssnr=280 cqi=NA</cellinfo>
      </extensions>
    </trkpt>
    <trkpt lat="33.370260" lon="126.558000">
      <ele>1473.353427</ele>
      <time>2019-06-05T10:02:05Z</time>
      <extensions>
        <dbm>-85</dbm>
        <cellinfo>mcc=450 mnc=5 ci=32360987 pci=342 tac=9555 rssi=-56 rsrp=-85 rsrq=-8 rssnr=244 cqi=NA</cellinfo>
      </extensions>
    </trkpt>
    <trkpt lat="33.370259" lon="126.557892">
      <ele>1474.963956</ele>
      <time>2019-06-05T10:02:19Z</time>
      <extensions>
        <dbm>-95</dbm>
        <cellinfo>mcc=450 mnc=5 ci=32360987 pci=342 tac=9555 rssi=-61 rsrp=-95 rsrq=-7 rssnr=218 cqi=NA</cellinfo>
      </extensions>
    </trkpt>
    <trkpt lat="33.370243" lon="126.557786">
      <ele>1475.707507</ele>
      <time>2019-06-05T10:02:38Z</time>
      <extensions>
        <dbm>-101</dbm>
        <cellinfo>mcc=450 mnc=5 ci=32360987 pci=342 tac=9555 rssi=-60 rsrp=-101 rsrq=-8 rssnr=104 cqi=NA</cellinfo>
      </extensions>
    </trkpt>
    <trkpt lat="33.370221" lon="126.557683">
      <ele>1474.963956</ele>
      <time>2019-06-05T10:02:53Z</time>
      <extensions>
        <dbm>-97</dbm>
        <cellinfo>mcc=450 mnc=5 ci=32360983 pci=292 tac=9555 rssi=-59 rsrp=-97 rsrq=-7 rssnr=90 cqi=NA</cellinfo>
      </extensions>
    </trkpt>
    <trkpt lat="33.370203" lon="126.557592">
      <ele>1476.343328</ele>
      <time>2019-06-05T10:03:08Z</time>
      <extensions>
        <dbm>-98</dbm>
        <cellinfo>mcc=450 mnc=5 ci=32360975 pci=293 tac=9555 rssi=-59 rsrp=-98 rsrq=-10 rssnr=60 cqi=NA</cellinfo>
      </extensions>
    </trkpt>
    <trkpt lat="33.370192" lon="126.557507">
      <ele>1476.537964</ele>
      <time>2019-06-05T10:03:18Z</time>
      <extensions>
        <dbm>-105</dbm>
        <cellinfo>mcc=450 mnc=5 ci=32360975 pci=293 tac=9555 rssi=-62 rsrp=-105 rsrq=-14 rssnr=30 cqi=NA</cellinfo>
      </extensions>
    </trkpt>
    <trkpt lat="33.370185" lon="126.557428">
      <ele>1477.491109</ele>
      <time>2019-06-05T10:03:27Z</time>
      <extensions>
        <dbm>-104</dbm>
        <cellinfo>mcc=450 mnc=5 ci=32360975 pci=293 tac=9555 rssi=-61 rsrp=-104 rsrq=-10 rssnr=82 cqi=NA</cellinfo>
      </extensions>
    </trkpt>
    <trkpt lat="33.370166" lon="126.557347">
      <ele>1479.273295</ele>
      <time>2019-06-05T10:03:36Z</time>
      <extensions>
        <dbm>-94</dbm>
        <cellinfo>mcc=450 mnc=5 ci=32360975 pci=293 tac=9555 rssi=-58 rsrp=-94 rsrq=-8 rssnr=58 cqi=NA</cellinfo>
      </extensions>
    </trkpt>
    <trkpt lat="33.370116" lon="126.557277">
      <ele>1481.136719</ele>
      <time>2019-06-05T10:03:45Z</time>
      <extensions>
        <dbm>-94</dbm>
        <cellinfo>mcc=450 mnc=5 ci=32360971 pci=293 tac=9555 rssi=-58 rsrp=-94 rsrq=-5 rssnr=258 cqi=NA</cellinfo>
      </extensions>
    </trkpt>
    <trkpt lat="33.370059" lon="126.557203">
      <ele>1482.889821</ele>
      <time>2019-06-05T10:03:54Z</time>
      <extensions>
        <dbm>-81</dbm>
        <cellinfo>mcc=450 mnc=5 ci=32360971 pci=293 tac=9555 rssi=-55 rsrp=-81 rsrq=-5 rssnr=236 cqi=NA</cellinfo>
      </extensions>
    </trkpt>
    <trkpt lat="33.369998" lon="126.557126">
      <ele>1484.500336</ele>
      <time>2019-06-05T10:04:03Z</time>
      <extensions>
        <dbm>-80</dbm>
        <cellinfo>mcc=450 mnc=5 ci=32360971 pci=293 tac=9555 rssi=-54 rsrp=-80 rsrq=-3 rssnr=292 cqi=NA</cellinfo>
      </extensions>
    </trkpt>
    <trkpt lat="33.369940" lon="126.557033">
      <ele>1486.031748</ele>
      <time>2019-06-05T10:04:13Z</time>
      <extensions>
        <dbm>-89</dbm>
        <cellinfo>mcc=450 mnc=5 ci=32360971 pci=293 tac=9555 rssi=-55 rsrp=-89 rsrq=-5 rssnr=232 cqi=NA</cellinfo>
      </extensions>
    </trkpt>
    <trkpt lat="33.369875" lon="126.556948">
      <ele>1487.763082</ele>
      <time>2019-06-05T10:04:22Z</time>
      <extensions>
        <dbm>-85</dbm>
        <cellinfo>mcc=450 mnc=5 ci=32360971 pci=293 tac=9555 rssi=-56 rsrp=-85 rsrq=-6 rssnr=296 cqi=NA</cellinfo>
      </extensions>
    </trkpt>
    <trkpt lat="33.369807" lon="126.556863">
      <ele>1489.472168</ele>
      <time>2019-06-05T10:04:30Z</time>
      <extensions>
        <dbm>-86</dbm>
        <cellinfo>mcc=450 mnc=5 ci=32360971 pci=293 tac=9555 rssi=-57 rsrp=-86 rsrq=-6 rssnr=296 cqi=NA</cellinfo>
      </extensions>
    </trkpt>
    <trkpt lat="33.369755" lon="126.556778">
      <ele>1491.132273</ele>
      <time>2019-06-05T10:04:47Z</time>
      <extensions>
        <dbm>-76</dbm>
        <cellinfo>mcc=450 mnc=5 ci=32360971 pci=293 tac=9555 rssi=-53 rsrp=-76 rsrq=-6 rssnr=276 cqi=NA</cellinfo>
      </extensions>
    </trkpt>
    <trkpt lat="33.369719" lon="126.556673">
      <ele>1492.895223</ele>
      <time>2019-06-05T10:04:56Z</time>
      <extensions>
        <dbm>-75</dbm>
        <cellinfo>mcc=450 mnc=5 ci=32360971 pci=293 tac=9555 rssi=-53 rsrp=-75 rsrq=-8 rssnr=276 cqi=NA</cellinfo>
      </extensions>
    </trkpt>
    <trkpt lat="33.369701" lon="126.556563">
      <ele>1494.582062</ele>
      <time>2019-06-05T10:05:05Z</time>
      <extensions>
        <dbm>-71</dbm>
        <cellinfo>mcc=450 mnc=5 ci=32360971 pci=293 tac=9555 rssi=-51 rsrp=-71 rsrq=-8 rssnr=276 cqi=NA</cellinfo>
      </extensions>
    </trkpt>
    <trkpt lat="33.369693" lon="126.556442">
      <ele>1497.131348</ele>
      <time>2019-06-05T10:05:15Z</time>
      <extensions>
        <dbm>-78</dbm>
        <cellinfo>mcc=450 mnc=5 ci=32360971 pci=293 tac=9555 rssi=-54 rsrp=-78 rsrq=-5 rssnr=276 cqi=NA</cellinfo>
      </extensions>
    </trkpt>
    <trkpt lat="33.369674" lon="126.556328">
      <ele>1498.481090</ele>
      <time>2019-06-05T10:05:25Z</time>
      <extensions>
        <dbm>-82</dbm>
        <cellinfo>mcc=450 mnc=5 ci=32360971 pci=293 tac=9555 rssi=-53 rsrp=-82 rsrq=-5 rssnr=276 cqi=NA</cellinfo>
      </extensions>
    </trkpt>
    <trkpt lat="33.369648" lon="126.556209">
      <ele>1499.927357</ele>
      <time>2019-06-05T10:05:34Z</time>
      <extensions>
        <dbm>-73</dbm>
        <cellinfo>mcc=450 mnc=5 ci=32360971 pci=293 tac=9555 rssi=-52 rsrp=-73 rsrq=-6 rssnr=276 cqi=NA</cellinfo>
      </extensions>
    </trkpt>
    <trkpt lat="33.369610" lon="126.556099">
      <ele>1501.649181</ele>
      <time>2019-06-05T10:05:47Z</time>
      <extensions>
        <dbm>-63</dbm>
        <cellinfo>mcc=450 mnc=5 ci=32360971 pci=293 tac=9555 rssi=-47 rsrp=-63 rsrq=-6 rssnr=300 cqi=NA</cellinfo>
      </extensions>
    </trkpt>
    <trkpt lat="33.369580" lon="126.555988">
      <ele>1503.388206</ele>
      <time>2019-06-05T10:05:59Z</time>
      <extensions>
        <dbm>-76</dbm>
        <cellinfo>mcc=450 mnc=5 ci=32360971 pci=293 tac=9555 rssi=-53 rsrp=-76 rsrq=-8 rssnr=300 cqi=NA</cellinfo>
      </extensions>
    </trkpt>
    <trkpt lat="33.369585" lon="126.555891">
      <ele>1505.125311</ele>
      <time>2019-06-05T10:06:09Z</time>
      <extensions>
        <dbm>-81</dbm>
        <cellinfo>mcc=450 mnc=5 ci=32360971 pci=293 tac=9555 rssi=-54 rsrp=-81 rsrq=-3 rssnr=292 cqi=NA</cellinfo>
      </extensions>
    </trkpt>
    <trkpt lat="33.369622" lon="126.555826">
      <ele>1506.566972</ele>
      <time>2019-06-05T10:06:27Z</time>
      <extensions>
        <dbm>-86</dbm>
        <cellinfo>mcc=450 mnc=5 ci=32360971 pci=293 tac=9555 rssi=-56 rsrp=-86 rsrq=-6 rssnr=300 cqi=NA</cellinfo>
      </extensions>
    </trkpt>
    <trkpt lat="33.369719" lon="126.555747">
      <ele>1508.864099</ele>
      <time>2019-06-05T10:07:50Z</time>
      <extensions>
        <dbm>-81</dbm>
        <cellinfo>mcc=450 mnc=5 ci=32360971 pci=293 tac=9555 rssi=-55 rsrp=-81 rsrq=-5 rssnr=252 cqi=NA</cellinfo>
      </extensions>
    </trkpt>
    <trkpt lat="33.369820" lon="126.555711">
      <ele>1510.180359</ele>
      <time>2019-06-05T10:08:19Z</time>
      <extensions>
        <dbm>-74</dbm>
        <cellinfo>mcc=450 mnc=5 ci=32360971 pci=293 tac=9555 rssi=-52 rsrp=-74 rsrq=-5 rssnr=300 cqi=NA</cellinfo>
      </extensions>
    </trkpt>
    <trkpt lat="33.369894" lon="126.555718">
      <ele>1511.647742</ele>
      <time>2019-06-05T10:08:36Z</time>
      <extensions>
        <dbm>-85</dbm>
        <cellinfo>mcc=450 mnc=5 ci=32360971 pci=293 tac=9555 rssi=-56 rsrp=-85 rsrq=-5 rssnr=300 cqi=NA</cellinfo>
      </extensions>
    </trkpt>
    <trkpt lat="33.369910" lon="126.555744">
      <ele>1512.903577</ele>
      <time>2019-06-05T10:08:44Z</time>
      <extensions>
        <dbm>-62</dbm>
        <cellinfo>mcc=450 mnc=5 ci=32360971 pci=293 tac=9555 rssi=-46 rsrp=-62 rsrq=-3 rssnr=300 cqi=NA</cellinfo>
      </extensions>
    </trkpt>
    <trkpt lat="33.369866" lon="126.555739">
      <ele>1512.506429</ele>
      <time>2019-06-05T10:09:58Z</time>
      <extensions>
        <dbm>-83</dbm>
        <cellinfo>mcc=450 mnc=5 ci=32360971 pci=293 tac=9555 rssi=-55 rsrp=-83 rsrq=-6 rssnr=300 cqi=NA</cellinfo>
      </extensions>
    </trkpt>
    <trkpt lat="33.369821" lon="126.555651">
      <ele>1514.338179</ele>
      <time>2019-06-05T10:10:06Z</time>
      <extensions>
        <dbm>-63</dbm>
        <cellinfo>mcc=450 mnc=5 ci=32360971 pci=293 tac=9555 rssi=-47 rsrp=-63 rsrq=-4 rssnr=300 cqi=NA</cellinfo>
      </extensions>
    </trkpt>
    <trkpt lat="33.369757" lon="126.555574">
      <ele>1515.117576</ele>
      <time>2019-06-05T10:10:14Z</time>
      <extensions>
        <dbm>-70</dbm>
        <cellinfo>mcc=450 mnc=5 ci=32360971 pci=293 tac=9555 rssi=-50 rsrp=-70 rsrq=-5 rssnr=300 cqi=NA</cellinfo>
      </extensions>
    </trkpt>
    <trkpt lat="33.369693" lon="126.555522">
      <ele>1515.117950</ele>
      <time>2019-06-05T10:10:57Z</time>
      <extensions>
        <dbm>-68</dbm>
        <cellinfo>mcc=450 mnc=5 ci=32360971 pci=293 tac=9555 rssi=-49 rsrp=-68 rsrq=-6 rssnr=300 cqi=NA</cellinfo>
      </extensions>
    </trkpt>
    <trkpt lat="33.369605" lon="126.555513">
      <ele>1515.439545</ele>
      <time>2019-06-05T10:11:06Z</time>
      <extensions>
        <dbm>-76</dbm>
        <cellinfo>mcc=450 mnc=5 ci=32360971 pci=293 tac=9555 rssi=-52 rsrp=-76 rsrq=-5 rssnr=300 cqi=NA</cellinfo>
      </extensions>
    </trkpt>
    <trkpt lat="33.369515" lon="126.555507">
      <ele>1515.819692</ele>
      <time>2019-06-05T10:11:14Z</time>
      <extensions>
        <dbm>-77</dbm>
        <cellinfo>mcc=450 mnc=5 ci=32360971 pci=293 tac=9555 rssi=-52 rsrp=-77 rsrq=-5 rssnr=300 cqi=NA</cellinfo>
      </extensions>
    </trkpt>
    <trkpt lat="33.369448" lon="126.555455">
      <ele>1516.127411</ele>
      <time>2019-06-05T10:12:42Z</time>
      <extensions>
        <dbm>-83</dbm>
        <cellinfo>mcc=450 mnc=5 ci=32360971 pci=293 tac=9555 rssi=-56 rsrp=-83 rsrq=-6 rssnr=300 cqi=NA</cellinfo>
      </extensions>
    </trkpt>
    <trkpt lat="33.369403" lon="126.555369">
      <ele>1516.379506</ele>
      <time>2019-06-05T10:12:52Z</time>
      <extensions>
        <dbm>-80</dbm>
        <cellinfo>mcc=450 mnc=5 ci=32360971 pci=293 tac=9555 rssi=-55 rsrp=-80 rsrq=-9 rssnr=300 cqi=NA</cellinfo>
      </extensions>
    </trkpt>
    <trkpt lat="33.369363" lon="126.555272">
      <ele>1516.601929</ele>
      <time>2019-06-05T10:13:04Z</time>
      <extensions>
        <dbm>-68</dbm>
        <cellinfo>mcc=450 mnc=5 ci=32360971 pci=293 tac=9555 rssi=-49 rsrp=-68 rsrq=-3 rssnr=300 cqi=NA</cellinfo>
      </extensions>
    </trkpt>
    <trkpt lat="33.369313" lon="126.555182">
      <ele>1516.871348</ele>
      <time>2019-06-05T10:13:19Z</time>
      <extensions>
        <dbm>-76</dbm>
        <cellinfo>mcc=450 mnc=5 ci=32360971 pci=293 tac=9555 rssi=-53 rsrp=-76 rsrq=-5 rssnr=300 cqi=NA</cellinfo>
      </extensions>
    </trkpt>
    <trkpt lat="33.369268" lon="126.555094">
      <ele>1517.172587</ele>
      <time>2019-06-05T10:13:32Z</time>
      <extensions>
        <dbm>-66</dbm>
        <cellinfo>mcc=450 mnc=5 ci=32360971 pci=293 tac=9555 rssi=-48 rsrp=-66 rsrq=-5 rssnr=300 cqi=NA</cellinfo>
      </extensions>
    </trkpt>
    <trkpt lat="33.369237" lon="126.555013">
      <ele>1517.416138</ele>
      <time>2019-06-05T10:15:59Z</time>
      <extensions>
        <dbm>-68</dbm>
        <cellinfo>mcc=450 mnc=5 ci=32360971 pci=293 tac=9555 rssi=-49 rsrp=-68 rsrq=-6 rssnr=300 cqi=NA</cellinfo>
      </extensions>
    </trkpt>
    <trkpt lat="33.369219" lon="126.554938">
      <ele>1528.006592</ele>
      <time>2019-06-05T10:18:19Z</time>
      <extensions>
        <pause>start</pause>
        <type>unknown</type>
        <dbm>-75</dbm>
        <cellinfo>mcc=450 mnc=5 ci=32360971 pci=293 tac=9555 rssi=-53 rsrp=-75 rsrq=-6 rssnr=300 cqi=NA</cellinfo>
      </extensions>
    </trkpt>
    <trkpt lat="33.369184" lon="126.554618">
      <ele>1526.130981</ele>
      <time>2019-06-05T10:19:24Z</time>
      <extensions>
        <pause>end</pause>
        <type>auto</type>
        <dbm>-73</dbm>
        <cellinfo>mcc=450 mnc=5 ci=32360971 pci=293 tac=9555 rssi=-52 rsrp=-73 rsrq=-6 rssnr=300 cqi=NA</cellinfo>
      </extensions>
    </trkpt>
    <trkpt lat="33.369193" lon="126.554519">
      <ele>1518.673695</ele>
      <time>2019-06-05T10:19:32Z</time>
      <extensions>
        <dbm>-75</dbm>
        <cellinfo>mcc=450 mnc=5 ci=32360971 pci=293 tac=9555 rssi=-53 rsrp=-75 rsrq=-6 rssnr=300 cqi=NA</cellinfo>
      </extensions>
    </trkpt>
    <trkpt lat="33.369198" lon="126.554417">
      <ele>1519.531450</ele>
      <time>2019-06-05T10:20:50Z</time>
      <extensions>
        <dbm>-81</dbm>
        <cellinfo>mcc=450 mnc=5 ci=32360971 pci=293 tac=9555 rssi=-54 rsrp=-81 rsrq=-5 rssnr=300 cqi=NA</cellinfo>
      </extensions>
    </trkpt>
    <trkpt lat="33.369203" lon="126.554311">
      <ele>1520.466741</ele>
      <time>2019-06-05T10:21:00Z</time>
      <extensions>
        <dbm>-76</dbm>
        <cellinfo>mcc=450 mnc=5 ci=32360971 pci=293 tac=9555 rssi=-53 rsrp=-76 rsrq=-6 rssnr=300 cqi=NA</cellinfo>
      </extensions>
    </trkpt>
    <trkpt lat="33.369221" lon="126.554206">
      <ele>1522.615967</ele>
      <time>2019-06-05T10:21:07Z</time>
      <extensions>
        <dbm>-78</dbm>
        <cellinfo>mcc=450 mnc=5 ci=32360971 pci=293 tac=9555 rssi=-54 rsrp=-78 rsrq=-6 rssnr=300 cqi=NA</cellinfo>
      </extensions>
    </trkpt>
    <trkpt lat="33.369222" lon="126.554110">
      <ele>1523.771007</ele>
      <time>2019-06-05T10:21:17Z</time>
      <extensions>
        <dbm>-72</dbm>
        <cellinfo>mcc=450 mnc=5 ci=32360971 pci=293 tac=9555 rssi=-51 rsrp=-72 rsrq=-4 rssnr=300 cqi=NA</cellinfo>
      </extensions>
    </trkpt>
    <trkpt lat="33.369191" lon="126.554035">
      <ele>1524.407495</ele>
      <time>2019-06-05T10:21:29Z</time>
      <extensions>
        <dbm>-73</dbm>
        <cellinfo>mcc=450 mnc=5 ci=32360971 pci=293 tac=9555 rssi=-52 rsrp=-73 rsrq=-5 rssnr=300 cqi=NA</cellinfo>
      </extensions>
    </trkpt>
    <trkpt lat="33.369126" lon="126.553964">
      <ele>1526.139685</ele>
      <time>2019-06-05T10:21:39Z</time>
      <extensions>
        <dbm>-78</dbm>
        <cellinfo>mcc=450 mnc=5 ci=32360971 pci=293 tac=9555 rssi=-54 rsrp=-78 rsrq=-6 rssnr=300 cqi=NA</cellinfo>
      </extensions>
    </trkpt>
    <trkpt lat="33.369064" lon="126.553883">
      <ele>1528.552390</ele>
      <time>2019-06-05T10:21:48Z</time>
      <extensions>
        <dbm>-71</dbm>
        <cellinfo>mcc=450 mnc=5 ci=32360971 pci=293 tac=9555 rssi=-51 rsrp=-71 rsrq=-6 rssnr=300 cqi=NA</cellinfo>
      </extensions>
    </trkpt>
    <trkpt lat="33.369010" lon="126.553789">
      <ele>1530.345903</ele>
      <time>2019-06-05T10:21:58Z</time>
      <extensions>
        <dbm>-79</dbm>
        <cellinfo>mcc=450 mnc=5 ci=32360971 pci=293 tac=9555 rssi=-54 rsrp=-79 rsrq=-5 rssnr=300 cqi=NA</cellinfo>
      </extensions>
    </trkpt>
    <trkpt lat="33.368936" lon="126.553717">
      <ele>1532.002552</ele>
      <time>2019-06-05T10:22:09Z</time>
      <extensions>
        <dbm>-81</dbm>
        <cellinfo>mcc=450 mnc=5 ci=32360971 pci=293 tac=9555 rssi=-55 rsrp=-81 rsrq=-6 rssnr=300 cqi=NA</cellinfo>
      </extensions>
    </trkpt>
    <trkpt lat="33.368855" lon="126.553663">
      <ele>1533.608643</ele>
      <time>2019-06-05T10:22:19Z</time>
      <extensions>
        <dbm>-87</dbm>
        <cellinfo>mcc=450 mnc=5 ci=32360971 pci=293 tac=9555 rssi=-57 rsrp=-87 rsrq=-6 rssnr=300 cqi=NA</cellinfo>
      </extensions>
    </trkpt>
    <trkpt lat="33.368784" lon="126.553602">
      <ele>1534.811945</ele>
      <time>2019-06-05T10:22:27Z</time>
      <extensions>
        <dbm>-88</dbm>
        <cellinfo>mcc=450 mnc=5 ci=32360971 pci=293 tac=9555 rssi=-57 rsrp=-88 rsrq=-6 rssnr=300 cqi=NA</cellinfo>
      </extensions>
    </trkpt>
    <trkpt lat="33.368723" lon="126.553522">
      <ele>1535.961936</ele>
      <time>2019-06-05T10:22:36Z</time>
      <extensions>
        <dbm>-81</dbm>
        <cellinfo>mcc=450 mnc=5 ci=32360971 pci=293 tac=9555 rssi=-54 rsrp=-81 rsrq=-6 rssnr=300 cqi=NA</cellinfo>
      </extensions>
    </trkpt>
    <trkpt lat="33.368660" lon="126.553431">
      <ele>1537.070956</ele>
      <time>2019-06-05T10:22:46Z</time>
      <extensions>
        <dbm>-89</dbm>
        <cellinfo>mcc=450 mnc=5 ci=32360971 pci=293 tac=9555 rssi=-57 rsrp=-89 rsrq=-6 rssnr=300 cqi=NA</cellinfo>
      </extensions>
    </trkpt>
    <trkpt lat="33.368584" lon="126.553352">
      <ele>1538.210150</ele>
      <time>2019-06-05T10:22:55Z</time>
      <extensions>
        <dbm>-86</dbm>
        <cellinfo>mcc=450 mnc=5 ci=32360971 pci=293 tac=9555 rssi=-56 rsrp=-86 rsrq=-6 rssnr=300 cqi=NA</cellinfo>
      </extensions>
    </trkpt>
    <trkpt lat="33.368526" lon="126.553266">
      <ele>1539.100941</ele>
      <time>2019-06-05T10:23:09Z</time>
      <extensions>
        <dbm>-82</dbm>
        <cellinfo>mcc=450 mnc=5 ci=32360971 pci=293 tac=9555 rssi=-55 rsrp=-82 rsrq=-5 rssnr=300 cqi=NA</cellinfo>
      </extensions>
    </trkpt>
    <trkpt lat="33.368474" lon="126.553176">
      <ele>1539.405151</ele>
      <time>2019-06-05T10:23:22Z</time>
      <extensions>
        <dbm>-82</dbm>
        <cellinfo>mcc=450 mnc=5 ci=32360971 pci=293 tac=9555 rssi=-54 rsrp=-82 rsrq=-5 rssnr=300 cqi=NA</cellinfo>
      </extensions>
    </trkpt>
    <trkpt lat="33.368417" lon="126.553084">
      <ele>1539.837513</ele>
      <time>2019-06-05T10:23:40Z</time>
      <extensions>
        <dbm>-92</dbm>
        <cellinfo>mcc=450 mnc=5 ci=32360971 pci=293 tac=9555 rssi=-58 rsrp=-92 rsrq=-6 rssnr=254 cqi=NA</cellinfo>
      </extensions>
    </trkpt>
    <trkpt lat="33.368348" lon="126.553003">
      <ele>1539.837513</ele>
      <time>2019-06-05T10:23:49Z</time>
      <extensions>
        <dbm>-96</dbm>
        <cellinfo>mcc=450 mnc=5 ci=32360971 pci=293 tac=9555 rssi=-59 rsrp=-96 rsrq=-8 rssnr=254 cqi=NA</cellinfo>
      </extensions>
    </trkpt>
    <trkpt lat="33.368278" lon="126.552944">
      <ele>1540.544234</ele>
      <time>2019-06-05T10:23:54Z</time>
      <extensions>
        <dbm>-97</dbm>
        <cellinfo>mcc=450 mnc=5 ci=32360975 pci=293 tac=9555 rssi=-58 rsrp=-97 rsrq=-5 rssnr=224 cqi=NA</cellinfo>
      </extensions>
    </trkpt>
    <trkpt lat="33.368208" lon="126.552885">
      <ele>1541.288985</ele>
      <time>2019-06-05T10:24:01Z</time>
      <extensions>
        <dbm>-101</dbm>
        <cellinfo>mcc=450 mnc=5 ci=32360975 pci=293 tac=9555 rssi=-62 rsrp=-101 rsrq=-7 rssnr=224 cqi=NA</cellinfo>
      </extensions>
    </trkpt>
    <trkpt lat="33.368123" lon="126.552845">
      <ele>1542.075617</ele>
      <time>2019-06-05T10:24:10Z</time>
      <extensions>
        <dbm>-102</dbm>
        <cellinfo>mcc=450 mnc=5 ci=32360975 pci=293 tac=9555 rssi=-60 rsrp=-102 rsrq=-6 rssnr=136 cqi=NA</cellinfo>
      </extensions>
    </trkpt>
    <trkpt lat="33.368028" lon="126.552815">
      <ele>1542.777721</ele>
      <time>2019-06-05T10:24:19Z</time>
      <extensions>
        <dbm>-105</dbm>
        <cellinfo>mcc=450 mnc=5 ci=32360975 pci=293 tac=9555 rssi=-60 rsrp=-105 rsrq=-6 rssnr=136 cqi=NA</cellinfo>
      </extensions>
    </trkpt>
    <trkpt lat="33.367935" lon="126.552793">
      <ele>1543.530318</ele>
      <time>2019-06-05T10:24:30Z</time>
      <extensions>
        <dbm>-104</dbm>
        <cellinfo>mcc=450 mnc=5 ci=32360975 pci=293 tac=9555 rssi=-60 rsrp=-104 rsrq=-6 rssnr=136 cqi=NA</cellinfo>
      </extensions>
    </trkpt>
    <trkpt lat="33.367856" lon="126.552749">
      <ele>1544.273138</ele>
      <time>2019-06-05T10:24:38Z</time>
      <extensions>
        <dbm>-103</dbm>
        <cellinfo>mcc=450 mnc=5 ci=32360975 pci=293 tac=9555 rssi=-60 rsrp=-103 rsrq=-8 rssnr=136 cqi=NA</cellinfo>
      </extensions>
    </trkpt>
    <trkpt lat="33.367785" lon="126.552681">
      <ele>1545.050670</ele>
      <time>2019-06-05T10:24:48Z</time>
      <extensions>
        <dbm>-106</dbm>
        <cellinfo>mcc=450 mnc=5 ci=32360975 pci=293 tac=9555 rssi=-61 rsrp=-106 rsrq=-7 rssnr=136 cqi=NA</cellinfo>
      </extensions>
    </trkpt>
    <trkpt lat="33.367727" lon="126.552597">
      <ele>1545.843484</ele>
      <time>2019-06-05T10:25:04Z</time>
      <extensions>
        <dbm>-104</dbm>
        <cellinfo>mcc=450 mnc=5 ci=32360971 pci=293 tac=9555 rssi=-61 rsrp=-104 rsrq=-6 rssnr=146 cqi=NA</cellinfo>
      </extensions>
    </trkpt>
    <trkpt lat="33.367689" lon="126.552500">
      <ele>1546.136633</ele>
      <time>2019-06-05T10:25:17Z</time>
      <extensions>
        <dbm>-102</dbm>
        <cellinfo>mcc=450 mnc=5 ci=32360971 pci=293 tac=9555 rssi=-60 rsrp=-102 rsrq=-6 rssnr=146 cqi=NA</cellinfo>
      </extensions>
    </trkpt>
    <trkpt lat="33.367659" lon="126.552404">
      <ele>1546.491089</ele>
      <time>2019-06-05T10:25:32Z</time>
      <extensions>
        <dbm>-101</dbm>
        <cellinfo>mcc=450 mnc=5 ci=32360971 pci=293 tac=9555 rssi=-61 rsrp=-101 rsrq=-8 rssnr=196 cqi=NA</cellinfo>
      </extensions>
    </trkpt>
    <trkpt lat="33.367646" lon="126.552298">
      <ele>1547.125000</ele>
      <time>2019-06-05T10:25:41Z</time>
      <extensions>
        <dbm>-105</dbm>
        <cellinfo>mcc=450 mnc=5 ci=32360971 pci=293 tac=9555 rssi=-62 rsrp=-105 rsrq=-8 rssnr=138 cqi=NA</cellinfo>
      </extensions>
    </trkpt>
    <trkpt lat="33.367628" lon="126.552201">
      <ele>1547.697354</ele>
      <time>2019-06-05T10:25:56Z</time>
      <extensions>
        <dbm>-95</dbm>
        <cellinfo>mcc=450 mnc=5 ci=32360971 pci=293 tac=9555 rssi=-58 rsrp=-95 rsrq=-5 rssnr=224 cqi=NA</cellinfo>
      </extensions>
    </trkpt>
    <trkpt lat="33.367590" lon="126.552108">
      <ele>1548.457098</ele>
      <time>2019-06-05T10:26:09Z</time>
      <extensions>
        <dbm>-94</dbm>
        <cellinfo>mcc=450 mnc=5 ci=32360975 pci=293 tac=9555 rssi=-57 rsrp=-94 rsrq=-7 rssnr=224 cqi=NA</cellinfo>
      </extensions>
    </trkpt>
    <trkpt lat="33.367521" lon="126.552039">
      <ele>1549.320812</ele>
      <time>2019-06-05T10:26:24Z</time>
      <extensions>
        <dbm>-101</dbm>
        <cellinfo>mcc=450 mnc=5 ci=32360971 pci=293 tac=9555 rssi=-60 rsrp=-101 rsrq=-6 rssnr=158 cqi=NA</cellinfo>
      </extensions>
    </trkpt>
    <trkpt lat="33.367439" lon="126.551987">
      <ele>1550.031084</ele>
      <time>2019-06-05T10:26:34Z</time>
      <extensions>
        <dbm>-95</dbm>
        <cellinfo>mcc=450 mnc=5 ci=32360975 pci=293 tac=9555 rssi=-58 rsrp=-95 rsrq=-6 rssnr=158 cqi=NA</cellinfo>
      </extensions>
    </trkpt>
    <trkpt lat="33.367394" lon="126.551918">
      <ele>1551.057340</ele>
      <time>2019-06-05T10:26:47Z</time>
      <extensions>
        <dbm>-90</dbm>
        <cellinfo>mcc=450 mnc=5 ci=32360971 pci=293 tac=9555 rssi=-57 rsrp=-90 rsrq=-5 rssnr=158 cqi=NA</cellinfo>
      </extensions>
    </trkpt>
    <trkpt lat="33.367354" lon="126.551847">
      <ele>1552.435525</ele>
      <time>2019-06-05T10:27:01Z</time>
      <extensions>
        <dbm>-94</dbm>
        <cellinfo>mcc=450 mnc=5 ci=32360971 pci=293 tac=9555 rssi=-58 rsrp=-94 rsrq=-7 rssnr=158 cqi=NA</cellinfo>
      </extensions>
    </trkpt>
    <trkpt lat="33.367328" lon="126.551756">
      <ele>1553.187541</ele>
      <time>2019-06-05T10:27:15Z</time>
      <extensions>
        <dbm>-88</dbm>
        <cellinfo>mcc=450 mnc=5 ci=32360975 pci=293 tac=9555 rssi=-56 rsrp=-88 rsrq=-6 rssnr=166 cqi=NA</cellinfo>
      </extensions>
    </trkpt>
    <trkpt lat="33.367272" lon="126.551679">
      <ele>1554.527832</ele>
      <time>2019-06-05T10:27:32Z</time>
      <extensions>
        <dbm>-87</dbm>
        <cellinfo>mcc=450 mnc=5 ci=32360971 pci=293 tac=9555 rssi=-57 rsrp=-87 rsrq=-8 rssnr=220 cqi=NA</cellinfo>
      </extensions>
    </trkpt>
    <trkpt lat="33.367236" lon="126.551588">
      <ele>1556.191121</ele>
      <time>2019-06-05T10:27:47Z</time>
      <extensions>
        <dbm>-89</dbm>
        <cellinfo>mcc=450 mnc=5 ci=32360971 pci=293 tac=9555 rssi=-58 rsrp=-89 rsrq=-6 rssnr=220 cqi=NA</cellinfo>
      </extensions>
    </trkpt>
    <trkpt lat="33.367192" lon="126.551500">
      <ele>1557.878642</ele>
      <time>2019-06-05T10:28:02Z</time>
      <extensions>
        <dbm>-84</dbm>
        <cellinfo>mcc=450 mnc=5 ci=32360971 pci=293 tac=9555 rssi=-56 rsrp=-84 rsrq=-6 rssnr=274 cqi=NA</cellinfo>
      </extensions>
    </trkpt>
    <trkpt lat="33.367171" lon="126.551402">
      <ele>1559.792704</ele>
      <time>2019-06-05T10:28:18Z</time>
      <extensions>
        <dbm>-89</dbm>
        <cellinfo>mcc=450 mnc=5 ci=32360971 pci=293 tac=9555 rssi=-57 rsrp=-89 rsrq=-6 rssnr=236 cqi=NA</cellinfo>
      </extensions>
    </trkpt>
    <trkpt lat="33.367134" lon="126.551308">
      <ele>1561.756775</ele>
      <time>2019-06-05T10:28:36Z</time>
      <extensions>
        <dbm>-89</dbm>
        <cellinfo>mcc=450 mnc=5 ci=32360971 pci=293 tac=9555 rssi=-57 rsrp=-89 rsrq=-6 rssnr=220 cqi=NA</cellinfo>
      </extensions>
    </trkpt>
    <trkpt lat="33.367085" lon="126.551224">
      <ele>1563.767069</ele>
      <time>2019-06-05T10:28:56Z</time>
      <extensions>
        <dbm>-89</dbm>
        <cellinfo>mcc=450 mnc=5 ci=32360971 pci=293 tac=9555 rssi=-58 rsrp=-89 rsrq=-9 rssnr=218 cqi=NA</cellinfo>
      </extensions>
    </trkpt>
    <trkpt lat="33.367012" lon="126.551145">
      <ele>1566.005290</ele>
      <time>2019-06-05T10:29:10Z</time>
      <extensions>
        <dbm>-91</dbm>
        <cellinfo>mcc=450 mnc=5 ci=32360971 pci=293 tac=9555 rssi=-57 rsrp=-91 rsrq=-5 rssnr=192 cqi=NA</cellinfo>
      </extensions>
    </trkpt>
    <trkpt lat="33.366962" lon="126.551058">
      <ele>1568.443766</ele>
      <time>2019-06-05T10:29:31Z</time>
      <extensions>
        <dbm>-81</dbm>
        <cellinfo>mcc=450 mnc=5 ci=32360975 pci=293 tac=9555 rssi=-53 rsrp=-81 rsrq=-6 rssnr=194 cqi=NA</cellinfo>
      </extensions>
    </trkpt>
    <trkpt lat="33.366941" lon="126.550957">
      <ele>1571.232646</ele>
      <time>2019-06-05T10:29:43Z</time>
      <extensions>
        <dbm>-95</dbm>
        <cellinfo>mcc=450 mnc=5 ci=32360971 pci=293 tac=9555 rssi=-58 rsrp=-95 rsrq=-5 rssnr=138 cqi=NA</cellinfo>
      </extensions>
    </trkpt>
    <trkpt lat="33.366933" lon="126.550846">
      <ele>1574.028687</ele>
      <time>2019-06-05T10:29:58Z</time>
      <extensions>
        <dbm>-99</dbm>
        <cellinfo>mcc=450 mnc=5 ci=32360971 pci=293 tac=9555 rssi=-60 rsrp=-99 rsrq=-9 rssnr=176 cqi=NA</cellinfo>
      </extensions>
    </trkpt>
    <trkpt lat="33.366895" lon="126.550753">
      <ele>1576.051270</ele>
      <time>2019-06-05T10:30:10Z</time>
      <extensions>
        <dbm>-97</dbm>
        <cellinfo>mcc=450 mnc=5 ci=32360971 pci=293 tac=9555 rssi=-58 rsrp=-97 rsrq=-5 rssnr=194 cqi=NA</cellinfo>
      </extensions>
    </trkpt>
    <trkpt lat="33.366838" lon="126.550679">
      <ele>1577.315186</ele>
      <time>2019-06-05T10:30:21Z</time>
      <extensions>
        <dbm>-95</dbm>
        <cellinfo>mcc=450 mnc=5 ci=32360975 pci=293 tac=9555 rssi=-58 rsrp=-95 rsrq=-6 rssnr=170 cqi=NA</cellinfo>
      </extensions>
    </trkpt>
    <trkpt lat="33.366763" lon="126.550620">
      <ele>1579.697103</ele>
      <time>2019-06-05T10:30:32Z</time>
      <extensions>
        <dbm>-96</dbm>
        <cellinfo>mcc=450 mnc=5 ci=32360971 pci=293 tac=9555 rssi=-58 rsrp=-96 rsrq=-5 rssnr=158 cqi=NA</cellinfo>
      </extensions>
    </trkpt>
    <trkpt lat="33.366692" lon="126.550560">
      <ele>1581.894694</ele>
      <time>2019-06-05T10:30:48Z</time>
      <extensions>
        <dbm>-98</dbm>
        <cellinfo>mcc=450 mnc=5 ci=32360971 pci=293 tac=9555 rssi=-59 rsrp=-98 rsrq=-6 rssnr=192 cqi=NA</cellinfo>
      </extensions>
    </trkpt>
    <trkpt lat="33.366646" lon="126.550482">
      <ele>1585.584317</ele>
      <time>2019-06-05T10:31:01Z</time>
      <extensions>
        <dbm>-93</dbm>
        <cellinfo>mcc=450 mnc=5 ci=32360971 pci=293 tac=9555 rssi=-58 rsrp=-93 rsrq=-6 rssnr=226 cqi=NA</cellinfo>
      </extensions>
    </trkpt>
    <trkpt lat="33.366600" lon="126.550404">
      <ele>1586.708028</ele>
      <time>2019-06-05T10:31:11Z</time>
      <extensions>
        <dbm>-95</dbm>
        <cellinfo>mcc=450 mnc=5 ci=32360971 pci=293 tac=9555 rssi=-58 rsrp=-95 rsrq=-6 rssnr=226 cqi=NA</cellinfo>
      </extensions>
    </trkpt>
    <trkpt lat="33.366557" lon="126.550322">
      <ele>1589.151103</ele>
      <time>2019-06-05T10:31:22Z</time>
      <extensions>
        <dbm>-99</dbm>
        <cellinfo>mcc=450 mnc=5 ci=32360971 pci=293 tac=9555 rssi=-59 rsrp=-99 rsrq=-6 rssnr=178 cqi=NA</cellinfo>
      </extensions>
    </trkpt>
    <trkpt lat="33.366506" lon="126.550249">
      <ele>1591.936967</ele>
      <time>2019-06-05T10:31:38Z</time>
      <extensions>
        <dbm>-102</dbm>
        <cellinfo>mcc=450 mnc=5 ci=32360971 pci=293 tac=9555 rssi=-61 rsrp=-102 rsrq=-9 rssnr=142 cqi=NA</cellinfo>
      </extensions>
    </trkpt>
    <trkpt lat="33.366470" lon="126.550177">
      <ele>1592.932739</ele>
      <time>2019-06-05T10:31:54Z</time>
      <extensions>
        <dbm>-94</dbm>
        <cellinfo>mcc=450 mnc=5 ci=32360975 pci=293 tac=9555 rssi=-58 rsrp=-94 rsrq=-9 rssnr=132 cqi=NA</cellinfo>
      </extensions>
    </trkpt>
    <trkpt lat="33.366443" lon="126.550100">
      <ele>1594.131205</ele>
      <time>2019-06-05T10:32:06Z</time>
      <extensions>
        <dbm>-101</dbm>
        <cellinfo>mcc=450 mnc=5 ci=32360971 pci=293 tac=9555 rssi=-61 rsrp=-101 rsrq=-9 rssnr=132 cqi=NA</cellinfo>
      </extensions>
    </trkpt>
    <trkpt lat="33.366398" lon="126.550028">
      <ele>1595.991903</ele>
      <time>2019-06-05T10:32:21Z</time>
      <extensions>
        <dbm>-97</dbm>
        <cellinfo>mcc=450 mnc=5 ci=32360971 pci=293 tac=9555 rssi=-60 rsrp=-97 rsrq=-7 rssnr=132 cqi=NA</cellinfo>
      </extensions>
    </trkpt>
    <trkpt lat="33.366343" lon="126.549973">
      <ele>1597.610596</ele>
      <time>2019-06-05T10:32:37Z</time>
      <extensions>
        <dbm>-99</dbm>
        <cellinfo>mcc=450 mnc=5 ci=32360971 pci=293 tac=9555 rssi=-59 rsrp=-99 rsrq=-6 rssnr=156 cqi=NA</cellinfo>
      </extensions>
    </trkpt>
    <trkpt lat="33.366274" lon="126.549932">
      <ele>1599.143026</ele>
      <time>2019-06-05T10:32:46Z</time>
      <extensions>
        <dbm>-102</dbm>
        <cellinfo>mcc=450 mnc=5 ci=32360971 pci=293 tac=9555 rssi=-60 rsrp=-102 rsrq=-6 rssnr=192 cqi=NA</cellinfo>
      </extensions>
    </trkpt>
    <trkpt lat="33.366203" lon="126.549885">
      <ele>1600.715434</ele>
      <time>2019-06-05T10:32:59Z</time>
      <extensions>
        <dbm>-103</dbm>
        <cellinfo>mcc=450 mnc=5 ci=32360971 pci=293 tac=9555 rssi=-61 rsrp=-103 rsrq=-6 rssnr=142 cqi=NA</cellinfo>
      </extensions>
    </trkpt>
    <trkpt lat="33.366146" lon="126.549819">
      <ele>1602.443542</ele>
      <time>2019-06-05T10:33:12Z</time>
      <extensions>
        <dbm>-104</dbm>
        <cellinfo>mcc=450 mnc=5 ci=32360971 pci=293 tac=9555 rssi=-61 rsrp=-104 rsrq=-6 rssnr=142 cqi=NA</cellinfo>
      </extensions>
    </trkpt>
    <trkpt lat="33.366112" lon="126.549741">
      <ele>1603.541898</ele>
      <time>2019-06-05T10:33:24Z</time>
      <extensions>
        <dbm>-100</dbm>
        <cellinfo>mcc=450 mnc=5 ci=32360975 pci=293 tac=9555 rssi=-60 rsrp=-100 rsrq=-8 rssnr=146 cqi=NA</cellinfo>
      </extensions>
    </trkpt>
    <trkpt lat="33.366086" lon="126.549658">
      <ele>1605.610295</ele>
      <time>2019-06-05T10:33:45Z</time>
      <extensions>
        <dbm>-97</dbm>
        <cellinfo>mcc=450 mnc=5 ci=32360975 pci=293 tac=9555 rssi=-59 rsrp=-97 rsrq=-9 rssnr=38 cqi=NA</cellinfo>
      </extensions>
    </trkpt>
    <trkpt lat="33.366051" lon="126.549575">
      <ele>1606.595309</ele>
      <time>2019-06-05T10:35:25Z</time>
      <extensions>
        <dbm>-95</dbm>
        <cellinfo>mcc=450 mnc=5 ci=32360975 pci=293 tac=9555 rssi=-59 rsrp=-95 rsrq=-8 rssnr=84 cqi=NA</cellinfo>
      </extensions>
    </trkpt>
    <trkpt lat="33.366014" lon="126.549490">
      <ele>1608.570857</ele>
      <time>2019-06-05T10:35:37Z</time>
      <extensions>
        <dbm>-106</dbm>
        <cellinfo>mcc=450 mnc=5 ci=32360971 pci=293 tac=9555 rssi=-62 rsrp=-106 rsrq=-7 rssnr=80 cqi=NA</cellinfo>
      </extensions>
    </trkpt>
    <trkpt lat="33.365985" lon="126.549400">
      <ele>1610.456787</ele>
      <time>2019-06-05T10:35:48Z</time>
      <extensions>
        <dbm>-106</dbm>
        <cellinfo>mcc=450 mnc=5 ci=32360971 pci=293 tac=9555 rssi=-62 rsrp=-106 rsrq=-8 rssnr=80 cqi=NA</cellinfo>
      </extensions>
    </trkpt>
    <trkpt lat="33.365946" lon="126.549312">
      <ele>1612.547307</ele>
      <time>2019-06-05T10:36:05Z</time>
      <extensions>
        <dbm>-98</dbm>
        <cellinfo>mcc=450 mnc=5 ci=32360975 pci=293 tac=9555 rssi=-60 rsrp=-98 rsrq=-9 rssnr=122 cqi=NA</cellinfo>
      </extensions>
    </trkpt>
    <trkpt lat="33.365891" lon="126.549225">
      <ele>1614.740009</ele>
      <time>2019-06-05T10:36:26Z</time>
      <extensions>
        <dbm>-97</dbm>
        <cellinfo>mcc=450 mnc=5 ci=32360975 pci=293 tac=9555 rssi=-58 rsrp=-97 rsrq=-9 rssnr=124 cqi=NA</cellinfo>
      </extensions>
    </trkpt>
    <trkpt lat="33.365827" lon="126.549140">
      <ele>1617.005728</ele>
      <time>2019-06-05T10:36:40Z</time>
      <extensions>
        <dbm>-98</dbm>
        <cellinfo>mcc=450 mnc=5 ci=32360975 pci=293 tac=9555 rssi=-59 rsrp=-98 rsrq=-8 rssnr=104 cqi=NA</cellinfo>
      </extensions>
    </trkpt>
    <trkpt lat="33.365759" lon="126.549069">
      <ele>1619.303936</ele>
      <time>2019-06-05T10:36:57Z</time>
      <extensions>
        <dbm>-100</dbm>
        <cellinfo>mcc=450 mnc=5 ci=32360975 pci=293 tac=9555 rssi=-60 rsrp=-100 rsrq=-11 rssnr=104 cqi=NA</cellinfo>
      </extensions>
    </trkpt>
    <trkpt lat="33.365694" lon="126.548999">
      <ele>1621.585975</ele>
      <time>2019-06-05T10:37:10Z</time>
      <extensions>
        <dbm>-100</dbm>
        <cellinfo>mcc=450 mnc=5 ci=32360975 pci=293 tac=9555 rssi=-60 rsrp=-100 rsrq=-9 rssnr=84 cqi=NA</cellinfo>
      </extensions>
    </trkpt>
    <trkpt lat="33.365640" lon="126.548927">
      <ele>1623.805026</ele>
      <time>2019-06-05T10:37:22Z</time>
      <extensions>
        <dbm>-106</dbm>
        <cellinfo>mcc=450 mnc=5 ci=32360975 pci=293 tac=9555 rssi=-62 rsrp=-106 rsrq=-10 rssnr=88 cqi=NA</cellinfo>
      </extensions>
    </trkpt>
    <trkpt lat="33.365602" lon="126.548827">
      <ele>1626.310678</ele>
      <time>2019-06-05T10:37:36Z</time>
      <extensions>
        <dbm>-104</dbm>
        <cellinfo>mcc=450 mnc=5 ci=32360975 pci=293 tac=9555 rssi=-60 rsrp=-104 rsrq=-8 rssnr=88 cqi=NA</cellinfo>
      </extensions>
    </trkpt>
    <trkpt lat="33.365574" lon="126.548721">
      <ele>1628.849515</ele>
      <time>2019-06-05T10:37:52Z</time>
      <extensions>
        <dbm>-104</dbm>
        <cellinfo>mcc=450 mnc=5 ci=32360975 pci=293 tac=9555 rssi=-61 rsrp=-104 rsrq=-10 rssnr=98 cqi=NA</cellinfo>
      </extensions>
    </trkpt>
    <trkpt lat="33.365544" lon="126.548618">
      <ele>1630.447001</ele>
      <time>2019-06-05T10:38:06Z</time>
      <extensions>
        <dbm>-103</dbm>
        <cellinfo>mcc=450 mnc=5 ci=32360975 pci=293 tac=9555 rssi=-61 rsrp=-103 rsrq=-10 rssnr=60 cqi=NA</cellinfo>
      </extensions>
    </trkpt>
    <trkpt lat="33.365527" lon="126.548526">
      <ele>1632.234172</ele>
      <time>2019-06-05T10:38:23Z</time>
      <extensions>
        <dbm>-103</dbm>
        <cellinfo>mcc=450 mnc=5 ci=32360975 pci=293 tac=9555 rssi=-60 rsrp=-103 rsrq=-9 rssnr=92 cqi=NA</cellinfo>
      </extensions>
    </trkpt>
    <trkpt lat="33.365519" lon="126.548441">
      <ele>1634.323934</ele>
      <time>2019-06-05T10:38:36Z</time>
      <extensions>
        <dbm>-101</dbm>
        <cellinfo>mcc=450 mnc=5 ci=32360971 pci=293 tac=9555 rssi=-60 rsrp=-101 rsrq=-6 rssnr=92 cqi=NA</cellinfo>
      </extensions>
    </trkpt>
    <trkpt lat="33.365491" lon="126.548368">
      <ele>1636.488322</ele>
      <time>2019-06-05T10:38:48Z</time>
      <extensions>
        <dbm>-103</dbm>
        <cellinfo>mcc=450 mnc=5 ci=32360971 pci=293 tac=9555 rssi=-61 rsrp=-103 rsrq=-7 rssnr=92 cqi=NA</cellinfo>
      </extensions>
    </trkpt>
    <trkpt lat="33.365442" lon="126.548297">
      <ele>1638.655314</ele>
      <time>2019-06-05T10:39:05Z</time>
      <extensions>
        <dbm>-99</dbm>
        <cellinfo>mcc=450 mnc=5 ci=32360975 pci=293 tac=9555 rssi=-60 rsrp=-99 rsrq=-9 rssnr=58 cqi=NA</cellinfo>
      </extensions>
    </trkpt>
    <trkpt lat="33.365374" lon="126.548225">
      <ele>1640.600423</ele>
      <time>2019-06-05T10:39:21Z</time>
      <extensions>
        <dbm>-98</dbm>
        <cellinfo>mcc=450 mnc=5 ci=32360971 pci=293 tac=9555 rssi=-59 rsrp=-98 rsrq=-6 rssnr=128 cqi=NA</cellinfo>
      </extensions>
    </trkpt>
    <trkpt lat="33.365342" lon="126.548140">
      <ele>1642.524556</ele>
      <time>2019-06-05T10:39:42Z</time>
      <extensions>
        <dbm>-95</dbm>
        <cellinfo>mcc=450 mnc=5 ci=32360971 pci=293 tac=9555 rssi=-58 rsrp=-95 rsrq=-5 rssnr=88 cqi=NA</cellinfo>
      </extensions>
    </trkpt>
    <trkpt lat="33.365317" lon="126.548051">
      <ele>1644.335164</ele>
      <time>2019-06-05T10:40:01Z</time>
      <extensions>
        <dbm>-95</dbm>
        <cellinfo>mcc=450 mnc=5 ci=32360975 pci=293 tac=9555 rssi=-59 rsrp=-95 rsrq=-8 rssnr=104 cqi=NA</cellinfo>
      </extensions>
    </trkpt>
    <trkpt lat="33.365294" lon="126.547970">
      <ele>1646.277100</ele>
      <time>2019-06-05T10:40:16Z</time>
      <extensions>
        <dbm>-101</dbm>
        <cellinfo>mcc=450 mnc=5 ci=32360971 pci=293 tac=9555 rssi=-61 rsrp=-101 rsrq=-7 rssnr=108 cqi=NA</cellinfo>
      </extensions>
    </trkpt>
    <trkpt lat="33.365247" lon="126.547903">
      <ele>1648.379517</ele>
      <time>2019-06-05T10:40:34Z</time>
      <extensions>
        <dbm>-95</dbm>
        <cellinfo>mcc=450 mnc=5 ci=32360971 pci=293 tac=9555 rssi=-59 rsrp=-95 rsrq=-8 rssnr=100 cqi=NA</cellinfo>
      </extensions>
    </trkpt>
    <trkpt lat="33.365197" lon="126.547841">
      <ele>1648.612183</ele>
      <time>2019-06-05T10:40:43Z</time>
      <extensions>
        <dbm>-98</dbm>
        <cellinfo>mcc=450 mnc=5 ci=32360971 pci=293 tac=9555 rssi=-60 rsrp=-98 rsrq=-7 rssnr=100 cqi=NA</cellinfo>
      </extensions>
    </trkpt>
    <trkpt lat="33.365152" lon="126.547775">
      <ele>1650.546082</ele>
      <time>2019-06-05T10:40:56Z</time>
      <extensions>
        <dbm>-102</dbm>
        <cellinfo>mcc=450 mnc=5 ci=32360971 pci=293 tac=9555 rssi=-61 rsrp=-102 rsrq=-10 rssnr=100 cqi=NA</cellinfo>
      </extensions>
    </trkpt>
    <trkpt lat="33.365114" lon="126.547703">
      <ele>1651.619798</ele>
      <time>2019-06-05T10:41:06Z</time>
      <extensions>
        <dbm>-101</dbm>
        <cellinfo>mcc=450 mnc=5 ci=32360971 pci=293 tac=9555 rssi=-60 rsrp=-101 rsrq=-8 rssnr=110 cqi=NA</cellinfo>
      </extensions>
    </trkpt>
    <trkpt lat="33.365096" lon="126.547627">
      <ele>1653.698167</ele>
      <time>2019-06-05T10:41:16Z</time>
      <extensions>
        <dbm>-98</dbm>
        <cellinfo>mcc=450 mnc=5 ci=32360975 pci=293 tac=9555 rssi=-61 rsrp=-98 rsrq=-9 rssnr=102 cqi=NA</cellinfo>
      </extensions>
    </trkpt>
    <trkpt lat="33.365097" lon="126.547531">
      <ele>1655.754094</ele>
      <time>2019-06-05T10:41:26Z</time>
      <extensions>
        <dbm>-97</dbm>
        <cellinfo>mcc=450 mnc=5 ci=32360975 pci=293 tac=9555 rssi=-59 rsrp=-97 rsrq=-11 rssnr=42 cqi=NA</cellinfo>
      </extensions>
    </trkpt>
    <trkpt lat="33.365096" lon="126.547430">
      <ele>1658.102182</ele>
      <time>2019-06-05T10:41:40Z</time>
      <extensions>
        <dbm>-105</dbm>
        <cellinfo>mcc=450 mnc=5 ci=32360963 pci=192 tac=9555 rssi=-62 rsrp=-105 rsrq=-9 rssnr=82 cqi=NA</cellinfo>
      </extensions>
    </trkpt>
    <trkpt lat="33.365075" lon="126.547323">
      <ele>1660.472187</ele>
      <time>2019-06-05T10:41:50Z</time>
      <extensions>
        <dbm>-99</dbm>
        <cellinfo>mcc=450 mnc=5 ci=32360967 pci=192 tac=9555 rssi=-60 rsrp=-99 rsrq=-10 rssnr=92 cqi=NA</cellinfo>
      </extensions>
    </trkpt>
    <trkpt lat="33.365051" lon="126.547222">
      <ele>1662.899226</ele>
      <time>2019-06-05T10:42:01Z</time>
      <extensions>
        <dbm>-98</dbm>
        <cellinfo>mcc=450 mnc=5 ci=32360967 pci=192 tac=9555 rssi=-59 rsrp=-98 rsrq=-9 rssnr=76 cqi=NA</cellinfo>
      </extensions>
    </trkpt>
    <trkpt lat="33.365023" lon="126.547119">
      <ele>1665.374793</ele>
      <time>2019-06-05T10:42:12Z</time>
      <extensions>
        <dbm>-111</dbm>
        <cellinfo>mcc=450 mnc=5 ci=32209411 pci=159 tac=9555 rssi=-64 rsrp=-111 rsrq=-11 rssnr=68 cqi=NA</cellinfo>
      </extensions>
    </trkpt>
    <trkpt lat="33.364983" lon="126.547016">
      <ele>1667.988694</ele>
      <time>2019-06-05T10:42:23Z</time>
      <extensions>
        <dbm>-111</dbm>
        <cellinfo>mcc=450 mnc=5 ci=32360963 pci=192 tac=9555 rssi=-63 rsrp=-111 rsrq=-10 rssnr=68 cqi=NA</cellinfo>
      </extensions>
    </trkpt>
    <trkpt lat="33.364924" lon="126.546917">
      <ele>1670.470741</ele>
      <time>2019-06-05T10:42:32Z</time>
      <extensions>
        <dbm>-107</dbm>
        <cellinfo>mcc=450 mnc=5 ci=32360967 pci=192 tac=9555 rssi=-61 rsrp=-107 rsrq=-7 rssnr=68 cqi=NA</cellinfo>
      </extensions>
    </trkpt>
    <trkpt lat="33.364881" lon="126.546815">
      <ele>1674.033630</ele>
      <time>2019-06-05T10:42:40Z</time>
      <extensions>
        <dbm>-115</dbm>
        <cellinfo>mcc=450 mnc=5 ci=32360967 pci=192 tac=9555 rssi=-65 rsrp=-115 rsrq=-13 rssnr=-40 cqi=NA</cellinfo>
      </extensions>
    </trkpt>
    <trkpt lat="33.364869" lon="126.546717">
      <ele>1675.080302</ele>
      <time>2019-06-05T10:42:51Z</time>
      <extensions>
        <dbm>-115</dbm>
        <cellinfo>mcc=450 mnc=5 ci=32209679 pci=261 tac=9555 rssi=-65 rsrp=-115 rsrq=-15 rssnr=-116 cqi=NA</cellinfo>
      </extensions>
    </trkpt>
    <trkpt lat="33.364853" lon="126.546630">
      <ele>1676.062444</ele>
      <time>2019-06-05T10:43:00Z</time>
      <extensions>
        <dbm>-111</dbm>
        <cellinfo>mcc=450 mnc=5 ci=32360975 pci=293 tac=9555 rssi=-64 rsrp=-111 rsrq=-15 rssnr=-48 cqi=NA</cellinfo>
      </extensions>
    </trkpt>
    <trkpt lat="33.364824" lon="126.546559">
      <ele>1677.997521</ele>
      <time>2019-06-05T10:43:08Z</time>
      <extensions>
        <dbm>-110</dbm>
        <cellinfo>mcc=450 mnc=5 ci=32360967 pci=192 tac=9555 rssi=-64 rsrp=-110 rsrq=-16 rssnr=-52 cqi=NA</cellinfo>
      </extensions>
    </trkpt>
    <trkpt lat="33.364797" lon="126.546488">
      <ele>1679.844088</ele>
      <time>2019-06-05T10:43:18Z</time>
      <extensions>
        <dbm>-98</dbm>
        <cellinfo>mcc=450 mnc=5 ci=32360975 pci=293 tac=9555 rssi=-60 rsrp=-98 rsrq=-12 rssnr=-38 cqi=NA</cellinfo>
      </extensions>
    </trkpt>
    <trkpt lat="33.364779" lon="126.546414">
      <ele>1681.583890</ele>
      <time>2019-06-05T10:43:27Z</time>
      <extensions>
        <dbm>-105</dbm>
        <cellinfo>mcc=450 mnc=5 ci=32209679 pci=261 tac=9555 rssi=-62 rsrp=-105 rsrq=-12 rssnr=24 cqi=NA</cellinfo>
      </extensions>
    </trkpt>
    <trkpt lat="33.364757" lon="126.546340">
      <ele>1683.318979</ele>
      <time>2019-06-05T10:43:38Z</time>
      <extensions>
        <dbm>-106</dbm>
        <cellinfo>mcc=450 mnc=5 ci=32209679 pci=261 tac=9555 rssi=-63 rsrp=-106 rsrq=-15 rssnr=-60 cqi=NA</cellinfo>
      </extensions>
    </trkpt>
    <trkpt lat="33.364710" lon="126.546279">
      <ele>1684.096755</ele>
      <time>2019-06-05T10:43:48Z</time>
      <extensions>
        <dbm>-108</dbm>
        <cellinfo>mcc=450 mnc=5 ci=32209679 pci=261 tac=9555 rssi=-63 rsrp=-108 rsrq=-12 rssnr=-60 cqi=NA</cellinfo>
      </extensions>
    </trkpt>
    <trkpt lat="33.364665" lon="126.546217">
      <ele>1684.912923</ele>
      <time>2019-06-05T10:43:56Z</time>
      <extensions>
        <dbm>-99</dbm>
        <cellinfo>mcc=450 mnc=5 ci=32360967 pci=192 tac=9555 rssi=-59 rsrp=-99 rsrq=-9 rssnr=-60 cqi=NA</cellinfo>
      </extensions>
    </trkpt>
    <trkpt lat="33.364630" lon="126.546144">
      <ele>1686.540433</ele>
      <time>2019-06-05T10:44:06Z</time>
      <extensions>
        <dbm>-101</dbm>
        <cellinfo>mcc=450 mnc=5 ci=32360967 pci=192 tac=9555 rssi=-60 rsrp=-101 rsrq=-10 rssnr=48 cqi=NA</cellinfo>
      </extensions>
    </trkpt>
    <trkpt lat="33.364611" lon="126.546051">
      <ele>1688.014292</ele>
      <time>2019-06-05T10:44:22Z</time>
      <extensions>
        <dbm>-103</dbm>
        <cellinfo>mcc=450 mnc=5 ci=32209411 pci=159 tac=9555 rssi=-61 rsrp=-103 rsrq=-8 rssnr=48 cqi=NA</cellinfo>
      </extensions>
    </trkpt>
    <trkpt lat="33.364606" lon="126.545945">
      <ele>1689.368427</ele>
      <time>2019-06-05T10:44:38Z</time>
      <extensions>
        <dbm>-99</dbm>
        <cellinfo>mcc=450 mnc=5 ci=32209411 pci=159 tac=9555 rssi=-60 rsrp=-99 rsrq=-9 rssnr=8 cqi=NA</cellinfo>
      </extensions>
    </trkpt>
    <trkpt lat="33.364597" lon="126.545839">
      <ele>1690.782959</ele>
      <time>2019-06-05T10:44:57Z</time>
      <extensions>
        <dbm>-93</dbm>
        <cellinfo>mcc=450 mnc=5 ci=32209411 pci=159 tac=9555 rssi=-59 rsrp=-93 rsrq=-9 rssnr=-4 cqi=NA</cellinfo>
      </extensions>
    </trkpt>
    <trkpt lat="33.364572" lon="126.545733">
      <ele>1692.952230</ele>
      <time>2019-06-05T10:45:12Z</time>
      <extensions>
        <dbm>-85</dbm>
        <cellinfo>mcc=450 mnc=5 ci=32360967 pci=192 tac=9555 rssi=-56 rsrp=-85 rsrq=-9 rssnr=108 cqi=NA</cellinfo>
      </extensions>
    </trkpt>
    <trkpt lat="33.364540" lon="126.545646">
      <ele>1694.133075</ele>
      <time>2019-06-05T10:45:24Z</time>
      <extensions>
        <dbm>-91</dbm>
        <cellinfo>mcc=450 mnc=5 ci=32360963 pci=192 tac=9555 rssi=-58 rsrp=-91 rsrq=-7 rssnr=210 cqi=NA</cellinfo>
      </extensions>
    </trkpt>
    <trkpt lat="33.364499" lon="126.545559">
      <ele>1696.254526</ele>
      <time>2019-06-05T10:46:14Z</time>
      <extensions>
        <dbm>-97</dbm>
        <cellinfo>mcc=450 mnc=5 ci=32360963 pci=192 tac=9555 rssi=-59 rsrp=-97 rsrq=-8 rssnr=160 cqi=NA</cellinfo>
      </extensions>
    </trkpt>
    <trkpt lat="33.364469" lon="126.545469">
      <ele>1698.400522</ele>
      <time>2019-06-05T10:46:51Z</time>
      <extensions>
        <dbm>-90</dbm>
        <cellinfo>mcc=450 mnc=5 ci=32360967 pci=192 tac=9555 rssi=-56 rsrp=-90 rsrq=-6 rssnr=216 cqi=NA</cellinfo>
      </extensions>
    </trkpt>
    <trkpt lat="33.364438" lon="126.545357">
      <ele>1700.595440</ele>
      <time>2019-06-05T10:47:00Z</time>
      <extensions>
        <dbm>-85</dbm>
        <cellinfo>mcc=450 mnc=5 ci=32360967 pci=192 tac=9555 rssi=-55 rsrp=-85 rsrq=-6 rssnr=172 cqi=NA</cellinfo>
      </extensions>
    </trkpt>
    <trkpt lat="33.364408" lon="126.545243">
      <ele>1702.939754</ele>
      <time>2019-06-05T10:47:12Z</time>
      <extensions>
        <dbm>-91</dbm>
        <cellinfo>mcc=450 mnc=5 ci=32360963 pci=192 tac=9555 rssi=-58 rsrp=-91 rsrq=-5 rssnr=230 cqi=NA</cellinfo>
      </extensions>
    </trkpt>
    <trkpt lat="33.364373" lon="126.545141">
      <ele>1705.822469</ele>
      <time>2019-06-05T10:47:23Z</time>
      <extensions>
        <dbm>-89</dbm>
        <cellinfo>mcc=450 mnc=5 ci=32360967 pci=192 tac=9555 rssi=-56 rsrp=-89 rsrq=-7 rssnr=128 cqi=NA</cellinfo>
      </extensions>
    </trkpt>
    <trkpt lat="33.364332" lon="126.545055">
      <ele>1707.346867</ele>
      <time>2019-06-05T10:47:31Z</time>
      <extensions>
        <dbm>-96</dbm>
        <cellinfo>mcc=450 mnc=5 ci=32360963 pci=192 tac=9555 rssi=-59 rsrp=-96 rsrq=-8 rssnr=154 cqi=NA</cellinfo>
      </extensions>
    </trkpt>
    <trkpt lat="33.364314" lon="126.544975">
      <ele>1710.210036</ele>
      <time>2019-06-05T10:47:38Z</time>
      <extensions>
        <dbm>-88</dbm>
        <cellinfo>mcc=450 mnc=5 ci=32360967 pci=192 tac=9555 rssi=-56 rsrp=-88 rsrq=-7 rssnr=286 cqi=NA</cellinfo>
      </extensions>
    </trkpt>
    <trkpt lat="33.364319" lon="126.544898">
      <ele>1711.978215</ele>
      <time>2019-06-05T10:47:49Z</time>
      <extensions>
        <dbm>-90</dbm>
        <cellinfo>mcc=450 mnc=5 ci=32360967 pci=192 tac=9555 rssi=-56 rsrp=-90 rsrq=-6 rssnr=286 cqi=NA</cellinfo>
      </extensions>
    </trkpt>
    <trkpt lat="33.364352" lon="126.544820">
      <ele>1713.218730</ele>
      <time>2019-06-05T10:47:58Z</time>
      <extensions>
        <dbm>-101</dbm>
        <cellinfo>mcc=450 mnc=5 ci=32360963 pci=192 tac=9555 rssi=-60 rsrp=-101 rsrq=-8 rssnr=204 cqi=NA</cellinfo>
      </extensions>
    </trkpt>
    <trkpt lat="33.364373" lon="126.544751">
      <ele>1716.221586</ele>
      <time>2019-06-05T10:48:07Z</time>
      <extensions>
        <dbm>-94</dbm>
        <cellinfo>mcc=450 mnc=5 ci=32360963 pci=192 tac=9555 rssi=-59 rsrp=-94 rsrq=-8 rssnr=178 cqi=NA</cellinfo>
      </extensions>
    </trkpt>
    <trkpt lat="33.364371" lon="126.544684">
      <ele>1717.433757</ele>
      <time>2019-06-05T10:48:14Z</time>
      <extensions>
        <dbm>-89</dbm>
        <cellinfo>mcc=450 mnc=5 ci=32360967 pci=192 tac=9555 rssi=-56 rsrp=-89 rsrq=-7 rssnr=178 cqi=NA</cellinfo>
      </extensions>
    </trkpt>
    <trkpt lat="33.364331" lon="126.544609">
      <ele>1720.243803</ele>
      <time>2019-06-05T10:48:23Z</time>
      <extensions>
        <dbm>-90</dbm>
        <cellinfo>mcc=450 mnc=5 ci=32360967 pci=192 tac=9555 rssi=-57 rsrp=-90 rsrq=-7 rssnr=230 cqi=NA</cellinfo>
      </extensions>
    </trkpt>
    <trkpt lat="33.364284" lon="126.544521">
      <ele>1721.898588</ele>
      <time>2019-06-05T10:48:34Z</time>
      <extensions>
        <dbm>-82</dbm>
        <cellinfo>mcc=450 mnc=5 ci=32360967 pci=192 tac=9555 rssi=-54 rsrp=-82 rsrq=-6 rssnr=204 cqi=NA</cellinfo>
      </extensions>
    </trkpt>
    <trkpt lat="33.364241" lon="126.544418">
      <ele>1724.296509</ele>
      <time>2019-06-05T10:48:47Z</time>
      <extensions>
        <dbm>-87</dbm>
        <cellinfo>mcc=450 mnc=5 ci=32360963 pci=192 tac=9555 rssi=-56 rsrp=-87 rsrq=-6 rssnr=204 cqi=NA</cellinfo>
      </extensions>
    </trkpt>
    <trkpt lat="33.364208" lon="126.544311">
      <ele>1725.818624</ele>
      <time>2019-06-05T10:48:58Z</time>
      <extensions>
        <dbm>-100</dbm>
        <cellinfo>mcc=450 mnc=5 ci=32360963 pci=192 tac=9555 rssi=-60 rsrp=-100 rsrq=-7 rssnr=204 cqi=NA</cellinfo>
      </extensions>
    </trkpt>
    <trkpt lat="33.364165" lon="126.544212">
      <ele>1727.245382</ele>
      <time>2019-06-05T10:49:11Z</time>
      <extensions>
        <dbm>-88</dbm>
        <cellinfo>mcc=450 mnc=5 ci=32360963 pci=192 tac=9555 rssi=-57 rsrp=-88 rsrq=-5 rssnr=202 cqi=NA</cellinfo>
      </extensions>
    </trkpt>
    <trkpt lat="33.364117" lon="126.544116">
      <ele>1729.059367</ele>
      <time>2019-06-05T10:49:22Z</time>
      <extensions>
        <dbm>-85</dbm>
        <cellinfo>mcc=450 mnc=5 ci=32360963 pci=192 tac=9555 rssi=-57 rsrp=-85 rsrq=-6 rssnr=256 cqi=NA</cellinfo>
      </extensions>
    </trkpt>
    <trkpt lat="33.364062" lon="126.544025">
      <ele>1730.689738</ele>
      <time>2019-06-05T10:49:36Z</time>
      <extensions>
        <dbm>-83</dbm>
        <cellinfo>mcc=450 mnc=5 ci=32360963 pci=192 tac=9555 rssi=-55 rsrp=-83 rsrq=-6 rssnr=256 cqi=NA</cellinfo>
      </extensions>
    </trkpt>
    <trkpt lat="33.364006" lon="126.543942">
      <ele>1732.259481</ele>
      <time>2019-06-05T10:49:44Z</time>
      <extensions>
        <dbm>-84</dbm>
        <cellinfo>mcc=450 mnc=5 ci=32360963 pci=192 tac=9555 rssi=-56 rsrp=-84 rsrq=-5 rssnr=256 cqi=NA</cellinfo>
      </extensions>
    </trkpt>
    <trkpt lat="33.363939" lon="126.543865">
      <ele>1733.171285</ele>
      <time>2019-06-05T10:49:54Z</time>
      <extensions>
        <dbm>-90</dbm>
        <cellinfo>mcc=450 mnc=5 ci=32360963 pci=192 tac=9555 rssi=-58 rsrp=-90 rsrq=-8 rssnr=300 cqi=NA</cellinfo>
      </extensions>
    </trkpt>
    <trkpt lat="33.363888" lon="126.543790">
      <ele>1734.376546</ele>
      <time>2019-06-05T10:50:05Z</time>
      <extensions>
        <dbm>-86</dbm>
        <cellinfo>mcc=450 mnc=5 ci=32360967 pci=192 tac=9555 rssi=-55 rsrp=-86 rsrq=-7 rssnr=274 cqi=NA</cellinfo>
      </extensions>
    </trkpt>
    <trkpt lat="33.363865" lon="126.543702">
      <ele>1735.564758</ele>
      <time>2019-06-05T10:50:12Z</time>
      <extensions>
        <dbm>-89</dbm>
        <cellinfo>mcc=450 mnc=5 ci=32360967 pci=192 tac=9555 rssi=-57 rsrp=-89 rsrq=-7 rssnr=158 cqi=NA</cellinfo>
      </extensions>
    </trkpt>
    <trkpt lat="33.363877" lon="126.543607">
      <ele>1736.895447</ele>
      <time>2019-06-05T10:50:24Z</time>
      <extensions>
        <dbm>-86</dbm>
        <cellinfo>mcc=450 mnc=5 ci=32360967 pci=192 tac=9555 rssi=-56 rsrp=-86 rsrq=-7 rssnr=284 cqi=NA</cellinfo>
      </extensions>
    </trkpt>
    <trkpt lat="33.363883" lon="126.543503">
      <ele>1738.242615</ele>
      <time>2019-06-05T10:50:39Z</time>
      <extensions>
        <dbm>-84</dbm>
        <cellinfo>mcc=450 mnc=5 ci=32360967 pci=192 tac=9555 rssi=-55 rsrp=-84 rsrq=-7 rssnr=152 cqi=NA</cellinfo>
      </extensions>
    </trkpt>
    <trkpt lat="33.363886" lon="126.543399">
      <ele>1738.842905</ele>
      <time>2019-06-05T10:50:59Z</time>
      <extensions>
        <dbm>-91</dbm>
        <cellinfo>mcc=450 mnc=5 ci=32360963 pci=192 tac=9555 rssi=-58 rsrp=-91 rsrq=-7 rssnr=214 cqi=NA</cellinfo>
      </extensions>
    </trkpt>
    <trkpt lat="33.363870" lon="126.543294">
      <ele>1740.815043</ele>
      <time>2019-06-05T10:51:11Z</time>
      <extensions>
        <dbm>-95</dbm>
        <cellinfo>mcc=450 mnc=5 ci=32360963 pci=192 tac=9555 rssi=-59 rsrp=-95 rsrq=-8 rssnr=222 cqi=NA</cellinfo>
      </extensions>
    </trkpt>
    <trkpt lat="33.363849" lon="126.543192">
      <ele>1740.815043</ele>
      <time>2019-06-05T10:51:23Z</time>
      <extensions>
        <dbm>-92</dbm>
        <cellinfo>mcc=450 mnc=5 ci=32360963 pci=192 tac=9555 rssi=-57 rsrp=-92 rsrq=-6 rssnr=214 cqi=NA</cellinfo>
      </extensions>
    </trkpt>
    <trkpt lat="33.363818" lon="126.543096">
      <ele>1742.194539</ele>
      <time>2019-06-05T10:51:41Z</time>
      <extensions>
        <dbm>-79</dbm>
        <cellinfo>mcc=450 mnc=5 ci=32360963 pci=192 tac=9555 rssi=-55 rsrp=-79 rsrq=-7 rssnr=192 cqi=NA</cellinfo>
      </extensions>
    </trkpt>
    <trkpt lat="33.363786" lon="126.543004">
      <ele>1743.638306</ele>
      <time>2019-06-05T10:51:52Z</time>
      <extensions>
        <dbm>-81</dbm>
        <cellinfo>mcc=450 mnc=5 ci=32360963 pci=192 tac=9555 rssi=-55 rsrp=-81 rsrq=-4 rssnr=192 cqi=NA</cellinfo>
      </extensions>
    </trkpt>
    <trkpt lat="33.363769" lon="126.542907">
      <ele>1745.355358</ele>
      <time>2019-06-05T10:52:03Z</time>
      <extensions>
        <dbm>-84</dbm>
        <cellinfo>mcc=450 mnc=5 ci=32360963 pci=192 tac=9555 rssi=-56 rsrp=-84 rsrq=-6 rssnr=192 cqi=NA</cellinfo>
      </extensions>
    </trkpt>
    <trkpt lat="33.363775" lon="126.542801">
      <ele>1746.689964</ele>
      <time>2019-06-05T10:52:15Z</time>
      <extensions>
        <dbm>-79</dbm>
        <cellinfo>mcc=450 mnc=5 ci=32360963 pci=192 tac=9555 rssi=-54 rsrp=-79 rsrq=-5 rssnr=192 cqi=NA</cellinfo>
      </extensions>
    </trkpt>
    <trkpt lat="33.363794" lon="126.542690">
      <ele>1747.760831</ele>
      <time>2019-06-05T10:52:33Z</time>
      <extensions>
        <dbm>-80</dbm>
        <cellinfo>mcc=450 mnc=5 ci=32360963 pci=192 tac=9555 rssi=-55 rsrp=-80 rsrq=-4 rssnr=218 cqi=NA</cellinfo>
      </extensions>
    </trkpt>
    <trkpt lat="33.363812" lon="126.542572">
      <ele>1749.004750</ele>
      <time>2019-06-05T10:52:48Z</time>
      <extensions>
        <dbm>-83</dbm>
        <cellinfo>mcc=450 mnc=5 ci=32360963 pci=192 tac=9555 rssi=-56 rsrp=-83 rsrq=-7 rssnr=218 cqi=NA</cellinfo>
      </extensions>
    </trkpt>
    <trkpt lat="33.363810" lon="126.542453">
      <ele>1750.593129</ele>
      <time>2019-06-05T10:53:02Z</time>
      <extensions>
        <dbm>-82</dbm>
        <cellinfo>mcc=450 mnc=5 ci=32360963 pci=192 tac=9555 rssi=-55 rsrp=-82 rsrq=-6 rssnr=218 cqi=NA</cellinfo>
      </extensions>
    </trkpt>
    <trkpt lat="33.363794" lon="126.542329">
      <ele>1752.349565</ele>
      <time>2019-06-05T10:53:14Z</time>
      <extensions>
        <dbm>-78</dbm>
        <cellinfo>mcc=450 mnc=5 ci=32360963 pci=192 tac=9555 rssi=-54 rsrp=-78 rsrq=-6 rssnr=218 cqi=NA</cellinfo>
      </extensions>
    </trkpt>
    <trkpt lat="33.363760" lon="126.542217">
      <ele>1754.268422</ele>
      <time>2019-06-05T10:53:25Z</time>
      <extensions>
        <dbm>-83</dbm>
        <cellinfo>mcc=450 mnc=5 ci=32360963 pci=192 tac=9555 rssi=-55 rsrp=-83 rsrq=-6 rssnr=218 cqi=NA</cellinfo>
      </extensions>
    </trkpt>
    <trkpt lat="33.363709" lon="126.542113">
      <ele>1756.436523</ele>
      <time>2019-06-05T10:53:35Z</time>
      <extensions>
        <dbm>-76</dbm>
        <cellinfo>mcc=450 mnc=5 ci=32360963 pci=192 tac=9555 rssi=-53 rsrp=-76 rsrq=-6 rssnr=218 cqi=NA</cellinfo>
      </extensions>
    </trkpt>
    <trkpt lat="33.363663" lon="126.542021">
      <ele>1758.632235</ele>
      <time>2019-06-05T10:53:46Z</time>
      <extensions>
        <dbm>-79</dbm>
        <cellinfo>mcc=450 mnc=5 ci=32360963 pci=192 tac=9555 rssi=-54 rsrp=-79 rsrq=-4 rssnr=218 cqi=NA</cellinfo>
      </extensions>
    </trkpt>
    <trkpt lat="33.363633" lon="126.541922">
      <ele>1760.661621</ele>
      <time>2019-06-05T10:53:55Z</time>
      <extensions>
        <dbm>-84</dbm>
        <cellinfo>mcc=450 mnc=5 ci=32360963 pci=192 tac=9555 rssi=-55 rsrp=-84 rsrq=-5 rssnr=218 cqi=NA</cellinfo>
      </extensions>
    </trkpt>
    <trkpt lat="33.363599" lon="126.541825">
      <ele>1763.821387</ele>
      <time>2019-06-05T10:54:04Z</time>
      <extensions>
        <dbm>-78</dbm>
        <cellinfo>mcc=450 mnc=5 ci=32360963 pci=192 tac=9555 rssi=-54 rsrp=-78 rsrq=-6 rssnr=218 cqi=NA</cellinfo>
      </extensions>
    </trkpt>
    <trkpt lat="33.363545" lon="126.541733">
      <ele>1765.800391</ele>
      <time>2019-06-05T10:54:15Z</time>
      <extensions>
        <dbm>-74</dbm>
        <cellinfo>mcc=450 mnc=5 ci=32360963 pci=192 tac=9555 rssi=-52 rsrp=-74 rsrq=-6 rssnr=218 cqi=NA</cellinfo>
      </extensions>
    </trkpt>
    <trkpt lat="33.363477" lon="126.541640">
      <ele>1767.791016</ele>
      <time>2019-06-05T10:54:24Z</time>
      <extensions>
        <dbm>-81</dbm>
        <cellinfo>mcc=450 mnc=5 ci=32360963 pci=192 tac=9555 rssi=-55 rsrp=-81 rsrq=-6 rssnr=218 cqi=NA</cellinfo>
      </extensions>
    </trkpt>
    <trkpt lat="33.363425" lon="126.541537">
      <ele>1769.841699</ele>
      <time>2019-06-05T10:54:35Z</time>
      <extensions>
        <dbm>-85</dbm>
        <cellinfo>mcc=450 mnc=5 ci=32360963 pci=192 tac=9555 rssi=-57 rsrp=-85 rsrq=-7 rssnr=218 cqi=NA</cellinfo>
      </extensions>
    </trkpt>
    <trkpt lat="33.363388" lon="126.541430">
      <ele>1771.439331</ele>
      <time>2019-06-05T10:54:46Z</time>
      <extensions>
        <dbm>-86</dbm>
        <cellinfo>mcc=450 mnc=5 ci=32360963 pci=192 tac=9555 rssi=-56 rsrp=-86 rsrq=-5 rssnr=218 cqi=NA</cellinfo>
      </extensions>
    </trkpt>
    <trkpt lat="33.363363" lon="126.541326">
      <ele>1772.669849</ele>
      <time>2019-06-05T10:54:55Z</time>
      <extensions>
        <dbm>-82</dbm>
        <cellinfo>mcc=450 mnc=5 ci=32360963 pci=192 tac=9555 rssi=-55 rsrp=-82 rsrq=-6 rssnr=218 cqi=NA</cellinfo>
      </extensions>
    </trkpt>
    <trkpt lat="33.363337" lon="126.541222">
      <ele>1773.717700</ele>
      <time>2019-06-05T10:55:06Z</time>
      <extensions>
        <dbm>-85</dbm>
        <cellinfo>mcc=450 mnc=5 ci=32360963 pci=192 tac=9555 rssi=-56 rsrp=-85 rsrq=-6 rssnr=274 cqi=NA</cellinfo>
      </extensions>
    </trkpt>
    <trkpt lat="33.363295" lon="126.541129">
      <ele>1774.574194</ele>
      <time>2019-06-05T10:55:20Z</time>
      <extensions>
        <dbm>-91</dbm>
        <cellinfo>mcc=450 mnc=5 ci=32360963 pci=192 tac=9555 rssi=-59 rsrp=-91 rsrq=-6 rssnr=274 cqi=NA</cellinfo>
      </extensions>
    </trkpt>
    <trkpt lat="33.363230" lon="126.541054">
      <ele>1775.379395</ele>
      <time>2019-06-05T10:55:31Z</time>
      <extensions>
        <dbm>-75</dbm>
        <cellinfo>mcc=450 mnc=5 ci=32360963 pci=192 tac=9555 rssi=-53 rsrp=-75 rsrq=-13 rssnr=274 cqi=NA</cellinfo>
      </extensions>
    </trkpt>
    <trkpt lat="33.363168" lon="126.540983">
      <ele>1776.570801</ele>
      <time>2019-06-05T10:55:42Z</time>
      <extensions>
        <dbm>-78</dbm>
        <cellinfo>mcc=450 mnc=5 ci=32360963 pci=192 tac=9555 rssi=-54 rsrp=-78 rsrq=-6 rssnr=274 cqi=NA</cellinfo>
      </extensions>
    </trkpt>
    <trkpt lat="33.363128" lon="126.540894">
      <ele>1777.830273</ele>
      <time>2019-06-05T10:55:54Z</time>
      <extensions>
        <dbm>-80</dbm>
        <cellinfo>mcc=450 mnc=5 ci=32360963 pci=192 tac=9555 rssi=-55 rsrp=-80 rsrq=-6 rssnr=274 cqi=NA</cellinfo>
      </extensions>
    </trkpt>
    <trkpt lat="33.363104" lon="126.540789">
      <ele>1779.119824</ele>
      <time>2019-06-05T10:56:08Z</time>
      <extensions>
        <dbm>-87</dbm>
        <cellinfo>mcc=450 mnc=5 ci=32360963 pci=192 tac=9555 rssi=-57 rsrp=-87 rsrq=-6 rssnr=264 cqi=NA</cellinfo>
      </extensions>
    </trkpt>
    <trkpt lat="33.363072" lon="126.540697">
      <ele>1780.408765</ele>
      <time>2019-06-05T10:56:22Z</time>
      <extensions>
        <dbm>-85</dbm>
        <cellinfo>mcc=450 mnc=5 ci=32360963 pci=192 tac=9555 rssi=-56 rsrp=-85 rsrq=-6 rssnr=212 cqi=NA</cellinfo>
      </extensions>
    </trkpt>
    <trkpt lat="33.363022" lon="126.540636">
      <ele>1780.237194</ele>
      <time>2019-06-05T10:56:37Z</time>
      <extensions>
        <dbm>-76</dbm>
        <cellinfo>mcc=450 mnc=5 ci=32360967 pci=192 tac=9555 rssi=-53 rsrp=-76 rsrq=-6 rssnr=114 cqi=NA</cellinfo>
      </extensions>
    </trkpt>
    <trkpt lat="33.362959" lon="126.540618">
      <ele>1781.220947</ele>
      <time>2019-06-05T10:56:46Z</time>
      <extensions>
        <dbm>-87</dbm>
        <cellinfo>mcc=450 mnc=5 ci=32360963 pci=192 tac=9555 rssi=-57 rsrp=-87 rsrq=-7 rssnr=114 cqi=NA</cellinfo>
      </extensions>
    </trkpt>
    <trkpt lat="33.362901" lon="126.540594">
      <ele>1782.327393</ele>
      <time>2019-06-05T10:56:54Z</time>
      <extensions>
        <dbm>-95</dbm>
        <cellinfo>mcc=450 mnc=5 ci=32360963 pci=192 tac=9555 rssi=-59 rsrp=-95 rsrq=-6 rssnr=154 cqi=NA</cellinfo>
      </extensions>
    </trkpt>
    <trkpt lat="33.362851" lon="126.540542">
      <ele>1783.084656</ele>
      <time>2019-06-05T10:57:05Z</time>
      <extensions>
        <dbm>-86</dbm>
        <cellinfo>mcc=450 mnc=5 ci=32360963 pci=192 tac=9555 rssi=-57 rsrp=-86 rsrq=-7 rssnr=174 cqi=NA</cellinfo>
      </extensions>
    </trkpt>
    <trkpt lat="33.362816" lon="126.540452">
      <ele>1783.789937</ele>
      <time>2019-06-05T10:57:21Z</time>
      <extensions>
        <dbm>-90</dbm>
        <cellinfo>mcc=450 mnc=5 ci=32360963 pci=192 tac=9555 rssi=-58 rsrp=-90 rsrq=-6 rssnr=148 cqi=NA</cellinfo>
      </extensions>
    </trkpt>
    <trkpt lat="33.362783" lon="126.540367">
      <ele>1783.907369</ele>
      <time>2019-06-05T10:57:34Z</time>
      <extensions>
        <dbm>-92</dbm>
        <cellinfo>mcc=450 mnc=5 ci=32360963 pci=192 tac=9555 rssi=-58 rsrp=-92 rsrq=-6 rssnr=174 cqi=NA</cellinfo>
      </extensions>
    </trkpt>
    <trkpt lat="33.362762" lon="126.540289">
      <ele>1785.105652</ele>
      <time>2019-06-05T10:57:54Z</time>
      <extensions>
        <dbm>-90</dbm>
        <cellinfo>mcc=450 mnc=5 ci=32360963 pci=192 tac=9555 rssi=-57 rsrp=-90 rsrq=-7 rssnr=146 cqi=NA</cellinfo>
      </extensions>
    </trkpt>
    <trkpt lat="33.362736" lon="126.540220">
      <ele>1785.226713</ele>
      <time>2019-06-05T10:58:07Z</time>
      <extensions>
        <dbm>-91</dbm>
        <cellinfo>mcc=450 mnc=5 ci=32360963 pci=192 tac=9555 rssi=-57 rsrp=-91 rsrq=-5 rssnr=88 cqi=NA</cellinfo>
      </extensions>
    </trkpt>
    <trkpt lat="33.362700" lon="126.540159">
      <ele>1786.377028</ele>
      <time>2019-06-05T10:58:25Z</time>
      <extensions>
        <dbm>-88</dbm>
        <cellinfo>mcc=450 mnc=5 ci=32360963 pci=192 tac=9555 rssi=-57 rsrp=-88 rsrq=-9 rssnr=150 cqi=NA</cellinfo>
      </extensions>
    </trkpt>
    <trkpt lat="33.362655" lon="126.540101">
      <ele>1787.808068</ele>
      <time>2019-06-05T10:58:44Z</time>
      <extensions>
        <dbm>-87</dbm>
        <cellinfo>mcc=450 mnc=5 ci=32360967 pci=192 tac=9555 rssi=-55 rsrp=-87 rsrq=-7 rssnr=144 cqi=NA</cellinfo>
      </extensions>
    </trkpt>
    <trkpt lat="33.362607" lon="126.540045">
      <ele>1788.566650</ele>
      <time>2019-06-05T10:58:59Z</time>
      <extensions>
        <dbm>-105</dbm>
        <cellinfo>mcc=450 mnc=5 ci=32209411 pci=159 tac=9555 rssi=-62 rsrp=-105 rsrq=-9 rssnr=32 cqi=NA</cellinfo>
      </extensions>
    </trkpt>
    <trkpt lat="33.362551" lon="126.539993">
      <ele>1790.200358</ele>
      <time>2019-06-05T10:59:10Z</time>
      <extensions>
        <dbm>-89</dbm>
        <cellinfo>mcc=450 mnc=5 ci=32360963 pci=192 tac=9555 rssi=-57 rsrp=-89 rsrq=-5 rssnr=104 cqi=NA</cellinfo>
      </extensions>
    </trkpt>
    <trkpt lat="33.362489" lon="126.539945">
      <ele>1791.818868</ele>
      <time>2019-06-05T10:59:25Z</time>
      <extensions>
        <dbm>-84</dbm>
        <cellinfo>mcc=450 mnc=5 ci=32360967 pci=192 tac=9555 rssi=-56 rsrp=-84 rsrq=-7 rssnr=206 cqi=NA</cellinfo>
      </extensions>
    </trkpt>
    <trkpt lat="33.362425" lon="126.539912">
      <ele>1793.431132</ele>
      <time>2019-06-05T10:59:38Z</time>
      <extensions>
        <dbm>-82</dbm>
        <cellinfo>mcc=450 mnc=5 ci=32360967 pci=192 tac=9555 rssi=-54 rsrp=-82 rsrq=-7 rssnr=58 cqi=NA</cellinfo>
      </extensions>
    </trkpt>
    <trkpt lat="33.362367" lon="126.539876">
      <ele>1794.545016</ele>
      <time>2019-06-05T11:01:05Z</time>
      <extensions>
        <dbm>-85</dbm>
        <cellinfo>mcc=450 mnc=5 ci=32360967 pci=192 tac=9555 rssi=-56 rsrp=-85 rsrq=-8 rssnr=118 cqi=NA</cellinfo>
      </extensions>
    </trkpt>
    <trkpt lat="33.362305" lon="126.539833">
      <ele>1796.494385</ele>
      <time>2019-06-05T11:02:35Z</time>
      <extensions>
        <dbm>-85</dbm>
        <cellinfo>mcc=450 mnc=5 ci=32360963 pci=192 tac=9555 rssi=-56 rsrp=-85 rsrq=-8 rssnr=160 cqi=NA</cellinfo>
      </extensions>
    </trkpt>
    <trkpt lat="33.362247" lon="126.539761">
      <ele>1798.717417</ele>
      <time>2019-06-05T11:02:51Z</time>
      <extensions>
        <dbm>-92</dbm>
        <cellinfo>mcc=450 mnc=5 ci=32360963 pci=192 tac=9555 rssi=-58 rsrp=-92 rsrq=-7 rssnr=110 cqi=NA</cellinfo>
      </extensions>
    </trkpt>
    <trkpt lat="33.362184" lon="126.539686">
      <ele>1800.921274</ele>
      <time>2019-06-05T11:03:07Z</time>
      <extensions>
        <dbm>-81</dbm>
        <cellinfo>mcc=450 mnc=5 ci=32360963 pci=192 tac=9555 rssi=-55 rsrp=-81 rsrq=-5 rssnr=82 cqi=NA</cellinfo>
      </extensions>
    </trkpt>
    <trkpt lat="33.362128" lon="126.539614">
      <ele>1803.530161</ele>
      <time>2019-06-05T11:03:22Z</time>
      <extensions>
        <dbm>-82</dbm>
        <cellinfo>mcc=450 mnc=5 ci=32360963 pci=192 tac=9555 rssi=-56 rsrp=-82 rsrq=-10 rssnr=82 cqi=NA</cellinfo>
      </extensions>
    </trkpt>
    <trkpt lat="33.362068" lon="126.539546">
      <ele>1806.387545</ele>
      <time>2019-06-05T11:04:19Z</time>
      <extensions>
        <dbm>-82</dbm>
        <cellinfo>mcc=450 mnc=5 ci=32360963 pci=192 tac=9555 rssi=-56 rsrp=-82 rsrq=-7 rssnr=260 cqi=NA</cellinfo>
      </extensions>
    </trkpt>
    <trkpt lat="33.362006" lon="126.539478">
      <ele>1809.149226</ele>
      <time>2019-06-05T11:04:33Z</time>
      <extensions>
        <dbm>-84</dbm>
        <cellinfo>mcc=450 mnc=5 ci=32360963 pci=192 tac=9555 rssi=-56 rsrp=-84 rsrq=-7 rssnr=260 cqi=NA</cellinfo>
      </extensions>
    </trkpt>
    <trkpt lat="33.361935" lon="126.539408">
      <ele>1811.907039</ele>
      <time>2019-06-05T11:04:48Z</time>
      <extensions>
        <dbm>-77</dbm>
        <cellinfo>mcc=450 mnc=5 ci=32360963 pci=192 tac=9555 rssi=-54 rsrp=-77 rsrq=-6 rssnr=34 cqi=NA</cellinfo>
      </extensions>
    </trkpt>
    <trkpt lat="33.361871" lon="126.539334">
      <ele>1814.577205</ele>
      <time>2019-06-05T11:05:04Z</time>
      <extensions>
        <dbm>-93</dbm>
        <cellinfo>mcc=450 mnc=5 ci=32360963 pci=192 tac=9555 rssi=-59 rsrp=-93 rsrq=-9 rssnr=70 cqi=NA</cellinfo>
      </extensions>
    </trkpt>
    <trkpt lat="33.361809" lon="126.539256">
      <ele>1816.408223</ele>
      <time>2019-06-05T11:05:18Z</time>
      <extensions>
        <dbm>-89</dbm>
        <cellinfo>mcc=450 mnc=5 ci=32360967 pci=192 tac=9555 rssi=-57 rsrp=-89 rsrq=-10 rssnr=44 cqi=NA</cellinfo>
      </extensions>
    </trkpt>
    <trkpt lat="33.361754" lon="126.539185">
      <ele>1818.843628</ele>
      <time>2019-06-05T11:05:32Z</time>
      <extensions>
        <dbm>-87</dbm>
        <cellinfo>mcc=450 mnc=5 ci=32360963 pci=192 tac=9555 rssi=-57 rsrp=-87 rsrq=-9 rssnr=88 cqi=NA</cellinfo>
      </extensions>
    </trkpt>
    <trkpt lat="33.361698" lon="126.539112">
      <ele>1821.749878</ele>
      <time>2019-06-05T11:05:44Z</time>
      <extensions>
        <dbm>-96</dbm>
        <cellinfo>mcc=450 mnc=5 ci=32360963 pci=192 tac=9555 rssi=-60 rsrp=-96 rsrq=-11 rssnr=102 cqi=NA</cellinfo>
      </extensions>
    </trkpt>
    <trkpt lat="33.361659" lon="126.539032">
      <ele>1824.523966</ele>
      <time>2019-06-05T11:05:59Z</time>
      <extensions>
        <dbm>-95</dbm>
        <cellinfo>mcc=450 mnc=5 ci=32360963 pci=192 tac=9555 rssi=-60 rsrp=-95 rsrq=-11 rssnr=120 cqi=NA</cellinfo>
      </extensions>
    </trkpt>
    <trkpt lat="33.361632" lon="126.538934">
      <ele>1826.370493</ele>
      <time>2019-06-05T11:06:17Z</time>
      <extensions>
        <dbm>-94</dbm>
        <cellinfo>mcc=450 mnc=5 ci=32209411 pci=159 tac=9555 rssi=-60 rsrp=-94 rsrq=-11 rssnr=48 cqi=NA</cellinfo>
      </extensions>
    </trkpt>
    <trkpt lat="33.361617" lon="126.538846">
      <ele>1828.817064</ele>
      <time>2019-06-05T11:06:39Z</time>
      <extensions>
        <dbm>-89</dbm>
        <cellinfo>mcc=450 mnc=5 ci=32360963 pci=192 tac=9555 rssi=-58 rsrp=-89 rsrq=-8 rssnr=58 cqi=NA</cellinfo>
      </extensions>
    </trkpt>
    <trkpt lat="33.361587" lon="126.538772">
      <ele>1831.103610</ele>
      <time>2019-06-05T11:06:54Z</time>
      <extensions>
        <dbm>-94</dbm>
        <cellinfo>mcc=450 mnc=5 ci=32360963 pci=192 tac=9555 rssi=-60 rsrp=-94 rsrq=-8 rssnr=70 cqi=NA</cellinfo>
      </extensions>
    </trkpt>
    <trkpt lat="33.361562" lon="126.538703">
      <ele>1832.355638</ele>
      <time>2019-06-05T11:07:08Z</time>
      <extensions>
        <dbm>-89</dbm>
        <cellinfo>mcc=450 mnc=5 ci=32360967 pci=192 tac=9555 rssi=-57 rsrp=-89 rsrq=-11 rssnr=28 cqi=NA</cellinfo>
      </extensions>
    </trkpt>
    <trkpt lat="33.361537" lon="126.538631">
      <ele>1833.774475</ele>
      <time>2019-06-05T11:07:24Z</time>
      <extensions>
        <dbm>-100</dbm>
        <cellinfo>mcc=450 mnc=5 ci=32360967 pci=192 tac=9555 rssi=-62 rsrp=-100 rsrq=-17 rssnr=14 cqi=NA</cellinfo>
      </extensions>
    </trkpt>
    <trkpt lat="33.361528" lon="126.538550">
      <ele>1837.259897</ele>
      <time>2019-06-05T11:07:37Z</time>
      <extensions>
        <dbm>-94</dbm>
        <cellinfo>mcc=450 mnc=5 ci=32172823 pci=164 tac=9555 rssi=-59 rsrp=-94 rsrq=-11 rssnr=-50 cqi=NA</cellinfo>
      </extensions>
    </trkpt>
    <trkpt lat="33.361516" lon="126.538472">
      <ele>1839.331111</ele>
      <time>2019-06-05T11:07:51Z</time>
      <extensions>
        <dbm>-92</dbm>
        <cellinfo>mcc=450 mnc=5 ci=32172823 pci=164 tac=9555 rssi=-59 rsrp=-92 rsrq=-12 rssnr=36 cqi=NA</cellinfo>
      </extensions>
    </trkpt>
    <trkpt lat="33.361488" lon="126.538397">
      <ele>1841.777024</ele>
      <time>2019-06-05T11:08:04Z</time>
      <extensions>
        <dbm>-96</dbm>
        <cellinfo>mcc=450 mnc=5 ci=32172831 pci=399 tac=9555 rssi=-61 rsrp=-96 rsrq=-14 rssnr=0 cqi=NA</cellinfo>
      </extensions>
    </trkpt>
    <trkpt lat="33.361437" lon="126.538325">
      <ele>1844.129526</ele>
      <time>2019-06-05T11:08:24Z</time>
      <extensions>
        <dbm>-95</dbm>
        <cellinfo>mcc=450 mnc=5 ci=32172831 pci=399 tac=9555 rssi=-60 rsrp=-95 rsrq=-14 rssnr=0 cqi=NA</cellinfo>
      </extensions>
    </trkpt>
    <trkpt lat="33.361363" lon="126.538259">
      <ele>1846.894963</ele>
      <time>2019-06-05T11:08:39Z</time>
      <extensions>
        <dbm>-99</dbm>
        <cellinfo>mcc=450 mnc=5 ci=32172831 pci=399 tac=9555 rssi=-62 rsrp=-99 rsrq=-15 rssnr=24 cqi=NA</cellinfo>
      </extensions>
    </trkpt>
    <trkpt lat="33.361285" lon="126.538196">
      <ele>1849.606502</ele>
      <time>2019-06-05T11:08:55Z</time>
      <extensions>
        <dbm>-95</dbm>
        <cellinfo>mcc=450 mnc=5 ci=32172831 pci=399 tac=9555 rssi=-61 rsrp=-95 rsrq=-14 rssnr=30 cqi=NA</cellinfo>
      </extensions>
    </trkpt>
    <trkpt lat="33.361208" lon="126.538133">
      <ele>1853.070106</ele>
      <time>2019-06-05T11:09:13Z</time>
      <extensions>
        <dbm>-92</dbm>
        <cellinfo>mcc=450 mnc=5 ci=32172831 pci=399 tac=9555 rssi=-59 rsrp=-92 rsrq=-11 rssnr=8 cqi=NA</cellinfo>
      </extensions>
    </trkpt>
    <trkpt lat="33.361141" lon="126.538072">
      <ele>1856.263972</ele>
      <time>2019-06-05T11:09:29Z</time>
      <extensions>
        <dbm>-92</dbm>
        <cellinfo>mcc=450 mnc=5 ci=32172831 pci=399 tac=9555 rssi=-59 rsrp=-92 rsrq=-12 rssnr=8 cqi=NA</cellinfo>
      </extensions>
    </trkpt>
    <trkpt lat="33.361088" lon="126.537995">
      <ele>1859.500789</ele>
      <time>2019-06-05T11:10:25Z</time>
      <extensions>
        <dbm>-103</dbm>
        <cellinfo>mcc=450 mnc=5 ci=32172831 pci=399 tac=9555 rssi=-62 rsrp=-103 rsrq=-15 rssnr=-20 cqi=NA</cellinfo>
      </extensions>
    </trkpt>
    <trkpt lat="33.361053" lon="126.537904">
      <ele>1862.755934</ele>
      <time>2019-06-05T11:10:58Z</time>
      <extensions>
        <dbm>-103</dbm>
        <cellinfo>mcc=450 mnc=5 ci=32209411 pci=159 tac=9555 rssi=-63 rsrp=-103 rsrq=-18 rssnr=-66 cqi=NA</cellinfo>
      </extensions>
    </trkpt>
    <trkpt lat="33.361026" lon="126.537797">
      <ele>1867.834900</ele>
      <time>2019-06-05T11:11:19Z</time>
      <extensions>
        <dbm>-91</dbm>
        <cellinfo>mcc=450 mnc=5 ci=32360971 pci=293 tac=9555 rssi=-58 rsrp=-91 rsrq=-9 rssnr=78 cqi=NA</cellinfo>
      </extensions>
    </trkpt>
    <trkpt lat="33.361015" lon="126.537693">
      <ele>1869.364802</ele>
      <time>2019-06-05T11:11:37Z</time>
      <extensions>
        <dbm>-101</dbm>
        <cellinfo>mcc=450 mnc=5 ci=32360975 pci=293 tac=9555 rssi=-62 rsrp=-101 rsrq=-18 rssnr=-14 cqi=NA</cellinfo>
      </extensions>
    </trkpt>
    <trkpt lat="33.361008" lon="126.537597">
      <ele>1870.982768</ele>
      <time>2019-06-05T11:11:57Z</time>
      <extensions>
        <dbm>-98</dbm>
        <cellinfo>mcc=450 mnc=5 ci=32172823 pci=164 tac=9555 rssi=-59 rsrp=-98 rsrq=-9 rssnr=58 cqi=NA</cellinfo>
      </extensions>
    </trkpt>
    <trkpt lat="33.361000" lon="126.537509">
      <ele>1872.779635</ele>
      <time>2019-06-05T11:12:27Z</time>
      <extensions>
        <dbm>-98</dbm>
        <cellinfo>mcc=450 mnc=5 ci=32172823 pci=164 tac=9555 rssi=-60 rsrp=-98 rsrq=-11 rssnr=44 cqi=NA</cellinfo>
      </extensions>
    </trkpt>
    <trkpt lat="33.360966" lon="126.537427">
      <ele>1876.294546</ele>
      <time>2019-06-05T11:12:45Z</time>
      <extensions>
        <dbm>-99</dbm>
        <cellinfo>mcc=450 mnc=5 ci=32360975 pci=293 tac=9555 rssi=-61 rsrp=-99 rsrq=-12 rssnr=-18 cqi=NA</cellinfo>
      </extensions>
    </trkpt>
    <trkpt lat="33.360926" lon="126.537338">
      <ele>1879.769663</ele>
      <time>2019-06-05T11:13:10Z</time>
      <extensions>
        <dbm>-89</dbm>
        <cellinfo>mcc=450 mnc=5 ci=32360971 pci=293 tac=9555 rssi=-58 rsrp=-89 rsrq=-12 rssnr=48 cqi=NA</cellinfo>
      </extensions>
    </trkpt>
    <trkpt lat="33.360892" lon="126.537246">
      <ele>1881.672180</ele>
      <time>2019-06-05T11:13:27Z</time>
      <extensions>
        <dbm>-93</dbm>
        <cellinfo>mcc=450 mnc=5 ci=32360971 pci=293 tac=9555 rssi=-59 rsrp=-93 rsrq=-8 rssnr=48 cqi=NA</cellinfo>
      </extensions>
    </trkpt>
    <trkpt lat="33.360872" lon="126.537156">
      <ele>1885.093648</ele>
      <time>2019-06-05T11:13:37Z</time>
      <extensions>
        <dbm>-98</dbm>
        <cellinfo>mcc=450 mnc=5 ci=32159507 pci=209 tac=9553 rssi=-60 rsrp=-98 rsrq=-11 rssnr=-8 cqi=NA</cellinfo>
      </extensions>
    </trkpt>
    <trkpt lat="33.360859" lon="126.537073">
      <ele>1888.243266</ele>
      <time>2019-06-05T11:13:44Z</time>
      <extensions>
        <dbm>-104</dbm>
        <cellinfo>mcc=450 mnc=5 ci=32373783 pci=366 tac=9555 rssi=-63 rsrp=-104 rsrq=-15 rssnr=-94 cqi=NA</cellinfo>
      </extensions>
    </trkpt>
    <trkpt lat="33.360847" lon="126.536978">
      <ele>1890.514689</ele>
      <time>2019-06-05T11:13:53Z</time>
      <extensions>
        <dbm>-102</dbm>
        <cellinfo>mcc=450 mnc=5 ci=32172831 pci=399 tac=9555 rssi=-63 rsrp=-102 rsrq=-15 rssnr=-68 cqi=NA</cellinfo>
      </extensions>
    </trkpt>
    <trkpt lat="33.360842" lon="126.536878">
      <ele>1893.119507</ele>
      <time>2019-06-05T11:15:11Z</time>
      <extensions>
        <dbm>-102</dbm>
        <cellinfo>mcc=450 mnc=5 ci=32176899 pci=370 tac=9555 rssi=-62 rsrp=-102 rsrq=-17 rssnr=-74 cqi=NA</cellinfo>
      </extensions>
    </trkpt>
    <trkpt lat="33.360855" lon="126.536773">
      <ele>1895.582987</ele>
      <time>2019-06-05T11:15:22Z</time>
      <extensions>
        <dbm>-95</dbm>
        <cellinfo>mcc=450 mnc=5 ci=32159507 pci=209 tac=9553 rssi=-59 rsrp=-95 rsrq=-9 rssnr=10 cqi=NA</cellinfo>
      </extensions>
    </trkpt>
    <trkpt lat="33.360877" lon="126.536676">
      <ele>1899.246604</ele>
      <time>2019-06-05T11:15:35Z</time>
      <extensions>
        <dbm>-89</dbm>
        <cellinfo>mcc=450 mnc=5 ci=32159507 pci=209 tac=9553 rssi=-57 rsrp=-89 rsrq=-10 rssnr=6 cqi=NA</cellinfo>
      </extensions>
    </trkpt>
    <trkpt lat="33.360893" lon="126.536567">
      <ele>1902.034446</ele>
      <time>2019-06-05T11:15:52Z</time>
      <extensions>
        <dbm>-102</dbm>
        <cellinfo>mcc=450 mnc=5 ci=32209411 pci=159 tac=9555 rssi=-62 rsrp=-102 rsrq=-15 rssnr=-66 cqi=NA</cellinfo>
      </extensions>
    </trkpt>
    <trkpt lat="33.360895" lon="126.536467">
      <ele>1904.545721</ele>
      <time>2019-06-05T11:16:05Z</time>
      <extensions>
        <dbm>-103</dbm>
        <cellinfo>mcc=450 mnc=5 ci=32190239 pci=186 tac=9554 rssi=-64 rsrp=-103 rsrq=-18 rssnr=-66 cqi=NA</cellinfo>
      </extensions>
    </trkpt>
    <trkpt lat="33.360888" lon="126.536376">
      <ele>1906.269023</ele>
      <time>2019-06-05T11:16:16Z</time>
      <extensions>
        <dbm>-99</dbm>
        <cellinfo>mcc=450 mnc=5 ci=32190239 pci=186 tac=9554 rssi=-62 rsrp=-99 rsrq=-15 rssnr=114 cqi=NA</cellinfo>
      </extensions>
    </trkpt>
    <trkpt lat="33.360877" lon="126.536288">
      <ele>1908.972799</ele>
      <time>2019-06-05T11:16:25Z</time>
      <extensions>
        <dbm>-106</dbm>
        <cellinfo>mcc=450 mnc=5 ci=32190239 pci=186 tac=9554 rssi=-64 rsrp=-106 rsrq=-20 rssnr=-50 cqi=NA</cellinfo>
      </extensions>
    </trkpt>
    <trkpt lat="33.360865" lon="126.536194">
      <ele>1909.813395</ele>
      <time>2019-06-05T11:16:39Z</time>
      <extensions>
        <dbm>-98</dbm>
        <cellinfo>mcc=450 mnc=5 ci=32190239 pci=186 tac=9554 rssi=-62 rsrp=-98 rsrq=-16 rssnr=-44 cqi=NA</cellinfo>
      </extensions>
    </trkpt>
    <trkpt lat="33.360862" lon="126.536098">
      <ele>1912.683675</ele>
      <time>2019-06-05T11:16:51Z</time>
      <extensions>
        <dbm>-63</dbm>
        <cellinfo>mcc=450 mnc=5 ci=32159507 pci=209 tac=9553 rssi=-47 rsrp=-63 rsrq=-8 rssnr=270 cqi=NA</cellinfo>
      </extensions>
    </trkpt>
    <trkpt lat="33.360880" lon="126.536006">
      <ele>1915.674500</ele>
      <time>2019-06-05T11:17:02Z</time>
      <extensions>
        <dbm>-52</dbm>
        <cellinfo>mcc=450 mnc=5 ci=32159507 pci=209 tac=9553 rssi=-41 rsrp=-52 rsrq=-8 rssnr=270 cqi=NA</cellinfo>
      </extensions>
    </trkpt>
    <trkpt lat="33.360906" lon="126.535909">
      <ele>1918.415039</ele>
      <time>2019-06-05T11:17:19Z</time>
      <extensions>
        <dbm>-58</dbm>
        <cellinfo>mcc=450 mnc=5 ci=32159507 pci=209 tac=9553 rssi=-44 rsrp=-58 rsrq=-6 rssnr=300 cqi=NA</cellinfo>
      </extensions>
    </trkpt>
    <trkpt lat="33.360935" lon="126.535803">
      <ele>1921.238607</ele>
      <time>2019-06-05T11:17:35Z</time>
      <extensions>
        <dbm>-64</dbm>
        <cellinfo>mcc=450 mnc=5 ci=32159507 pci=209 tac=9553 rssi=-47 rsrp=-64 rsrq=-11 rssnr=300 cqi=NA</cellinfo>
      </extensions>
    </trkpt>
    <trkpt lat="33.360942" lon="126.535710">
      <ele>1924.126017</ele>
      <time>2019-06-05T11:17:51Z</time>
      <extensions>
        <dbm>-69</dbm>
        <cellinfo>mcc=450 mnc=5 ci=32159507 pci=209 tac=9553 rssi=-50 rsrp=-69 rsrq=-7 rssnr=262 cqi=NA</cellinfo>
      </extensions>
    </trkpt>
    <trkpt lat="33.360931" lon="126.535682">
      <ele>1926.644206</ele>
      <time>2019-06-05T11:19:05Z</time>
      <extensions>
        <dbm>-66</dbm>
        <cellinfo>mcc=450 mnc=5 ci=32159507 pci=209 tac=9553 rssi=-48 rsrp=-66 rsrq=-7 rssnr=-4 cqi=NA</cellinfo>
      </extensions>
    </trkpt>
    <trkpt lat="33.360904" lon="126.535718">
      <ele>1943.123535</ele>
      <time>2019-06-05T11:22:03Z</time>
      <extensions>
        <pause>start</pause>
        <type>unknown</type>
        <dbm>-112</dbm>
        <cellinfo>mcc=450 mnc=5 ci=32223491 pci=321 tac=9555 rssi=-67 rsrp=-112 rsrq=-20 rssnr=-82 cqi=NA</cellinfo>
      </extensions>
    </trkpt>
    <trkpt lat="33.361098" lon="126.535694">
      <ele>1914.559082</ele>
      <time>2019-06-05T11:25:26Z</time>
      <extensions>
        <pause>end</pause>
        <type>auto</type>
        <dbm>-106</dbm>
        <cellinfo>mcc=450 mnc=5 ci=32247831 pci=197 tac=9552 rssi=-64 rsrp=-106 rsrq=-12 rssnr=202 cqi=NA</cellinfo>
      </extensions>
    </trkpt>
    <trkpt lat="33.361154" lon="126.535726">
      <ele>1933.422385</ele>
      <time>2019-06-05T11:25:58Z</time>
      <extensions>
        <dbm>-71</dbm>
        <cellinfo>mcc=450 mnc=5 ci=32159507 pci=209 tac=9553 rssi=-51 rsrp=-71 rsrq=-9 rssnr=212 cqi=NA</cellinfo>
      </extensions>
    </trkpt>
    <trkpt lat="33.361222" lon="126.535769">
      <ele>1936.167059</ele>
      <time>2019-06-05T11:28:26Z</time>
      <extensions>
        <dbm>-73</dbm>
        <cellinfo>mcc=450 mnc=5 ci=32159507 pci=209 tac=9553 rssi=-52 rsrp=-73 rsrq=-7 rssnr=272 cqi=NA</cellinfo>
      </extensions>
    </trkpt>
    <trkpt lat="33.361235" lon="126.535808">
      <ele>1938.198486</ele>
      <time>2019-06-05T11:28:42Z</time>
      <extensions>
        <dbm>-71</dbm>
        <cellinfo>mcc=450 mnc=5 ci=32159507 pci=209 tac=9553 rssi=-51 rsrp=-71 rsrq=-9 rssnr=272 cqi=NA</cellinfo>
      </extensions>
    </trkpt>
    <trkpt lat="33.361220" lon="126.535855">
      <ele>1939.021261</ele>
      <time>2019-06-05T11:28:58Z</time>
      <extensions>
        <dbm>-74</dbm>
        <cellinfo>mcc=450 mnc=5 ci=32159507 pci=209 tac=9553 rssi=-52 rsrp=-74 rsrq=-9 rssnr=272 cqi=NA</cellinfo>
      </extensions>
    </trkpt>
    <trkpt lat="33.361147" lon="126.535904">
      <ele>1940.324585</ele>
      <time>2019-06-05T11:29:10Z</time>
      <extensions>
        <dbm>-78</dbm>
        <cellinfo>mcc=450 mnc=5 ci=32159507 pci=209 tac=9553 rssi=-54 rsrp=-78 rsrq=-7 rssnr=272 cqi=NA</cellinfo>
      </extensions>
    </trkpt>
    <trkpt lat="33.361075" lon="126.535933">
      <ele>1941.684489</ele>
      <time>2019-06-05T11:29:18Z</time>
      <extensions>
        <dbm>-81</dbm>
        <cellinfo>mcc=450 mnc=5 ci=32159507 pci=209 tac=9553 rssi=-56 rsrp=-81 rsrq=-13 rssnr=272 cqi=NA</cellinfo>
      </extensions>
    </trkpt>
    <trkpt lat="33.361004" lon="126.535892">
      <ele>1941.684489</ele>
      <time>2019-06-05T11:29:26Z</time>
      <extensions>
        <dbm>-87</dbm>
        <cellinfo>mcc=450 mnc=5 ci=32159507 pci=209 tac=9553 rssi=-57 rsrp=-87 rsrq=-10 rssnr=272 cqi=NA</cellinfo>
      </extensions>
    </trkpt>
    <trkpt lat="33.360973" lon="126.535817">
      <ele>1941.684489</ele>
      <time>2019-06-05T11:29:32Z</time>
      <extensions>
        <dbm>-100</dbm>
        <cellinfo>mcc=450 mnc=5 ci=32209411 pci=159 tac=9555 rssi=-62 rsrp=-100 rsrq=-16 rssnr=-38 cqi=NA</cellinfo>
      </extensions>
    </trkpt>
    <trkpt lat="33.360995" lon="126.535736">
      <ele>1940.320882</ele>
      <time>2019-06-05T11:29:37Z</time>
      <extensions>
        <dbm>-95</dbm>
        <cellinfo>mcc=450 mnc=5 ci=32209411 pci=159 tac=9555 rssi=-60 rsrp=-95 rsrq=-11 rssnr=2 cqi=NA</cellinfo>
      </extensions>
    </trkpt>
    <trkpt lat="33.361015" lon="126.535710">
      <ele>1938.561157</ele>
      <time>2019-06-05T11:29:43Z</time>
      <extensions>
        <dbm>-88</dbm>
        <cellinfo>mcc=450 mnc=5 ci=32360983 pci=292 tac=9555 rssi=-58 rsrp=-88 rsrq=-14 rssnr=-68 cqi=NA</cellinfo>
      </extensions>
    </trkpt>
    <trkpt lat="33.361002" lon="126.535722">
      <ele>1937.593872</ele>
      <time>2019-06-05T11:29:57Z</time>
      <extensions>
        <dbm>-88</dbm>
        <cellinfo>mcc=450 mnc=5 ci=32360983 pci=292 tac=9555 rssi=-58 rsrp=-88 rsrq=-16 rssnr=-14 cqi=NA</cellinfo>
      </extensions>
    </trkpt>
    <trkpt lat="33.360988" lon="126.535771">
      <ele>1935.768433</ele>
      <time>2019-06-05T11:30:02Z</time>
      <extensions>
        <dbm>-97</dbm>
        <cellinfo>mcc=450 mnc=5 ci=32360983 pci=292 tac=9555 rssi=-62 rsrp=-97 rsrq=-20 rssnr=-42 cqi=NA</cellinfo>
      </extensions>
    </trkpt>
    <trkpt lat="33.361196" lon="126.535876">
      <ele>1928.066345</ele>
      <time>2019-06-05T11:30:10Z</time>
      <extensions>
        <dbm>-91</dbm>
        <cellinfo>mcc=450 mnc=5 ci=32360983 pci=292 tac=9555 rssi=-59 rsrp=-91 rsrq=-14 rssnr=-2 cqi=NA</cellinfo>
      </extensions>
    </trkpt>
    <trkpt lat="33.361574" lon="126.535927">
      <ele>1921.589111</ele>
      <time>2019-06-05T11:30:34Z</time>
      <extensions>
        <dbm>-81</dbm>
        <cellinfo>mcc=450 mnc=5 ci=32158991 pci=90 tac=9553 rssi=-56 rsrp=-81 rsrq=-11 rssnr=-10 cqi=NA</cellinfo>
      </extensions>
    </trkpt>
    <trkpt lat="33.361966" lon="126.535983">
      <ele>1919.891330</ele>
      <time>2019-06-05T11:30:37Z</time>
      <extensions>
        <dbm>-94</dbm>
        <cellinfo>mcc=450 mnc=5 ci=32158987 pci=90 tac=9553 rssi=-60 rsrp=-94 rsrq=-13 rssnr=-32 cqi=NA</cellinfo>
      </extensions>
    </trkpt>
    <trkpt lat="33.362192" lon="126.535961">
      <ele>1914.774139</ele>
      <time>2019-06-05T11:30:41Z</time>
      <extensions>
        <dbm>-83</dbm>
        <cellinfo>mcc=450 mnc=5 ci=32158991 pci=90 tac=9553 rssi=-57 rsrp=-83 rsrq=-14 rssnr=-80 cqi=NA</cellinfo>
      </extensions>
    </trkpt>
    <trkpt lat="33.362296" lon="126.535969">
      <ele>1910.881662</ele>
      <time>2019-06-05T11:30:46Z</time>
      <extensions>
        <dbm>-88</dbm>
        <cellinfo>mcc=450 mnc=5 ci=32158991 pci=90 tac=9553 rssi=-59 rsrp=-88 rsrq=-16 rssnr=-80 cqi=NA</cellinfo>
      </extensions>
    </trkpt>
    <trkpt lat="33.362392" lon="126.535943">
      <ele>1910.881662</ele>
      <time>2019-06-05T11:30:50Z</time>
      <extensions>
        <dbm>-91</dbm>
        <cellinfo>mcc=450 mnc=5 ci=32158991 pci=90 tac=9553 rssi=-59 rsrp=-91 rsrq=-16 rssnr=-18 cqi=NA</cellinfo>
      </extensions>
    </trkpt>
    <trkpt lat="33.362478" lon="126.535902">
      <ele>1910.736537</ele>
      <time>2019-06-05T11:30:56Z</time>
      <extensions>
        <dbm>-92</dbm>
        <cellinfo>mcc=450 mnc=5 ci=32158991 pci=90 tac=9553 rssi=-60 rsrp=-92 rsrq=-17 rssnr=-10 cqi=NA</cellinfo>
      </extensions>
    </trkpt>
    <trkpt lat="33.362557" lon="126.535847">
      <ele>1920.806885</ele>
      <time>2019-06-05T11:31:02Z</time>
      <extensions>
        <dbm>-87</dbm>
        <cellinfo>mcc=450 mnc=5 ci=32159747 pci=219 tac=9553 rssi=-57 rsrp=-87 rsrq=-13 rssnr=30 cqi=NA</cellinfo>
      </extensions>
    </trkpt>
    <trkpt lat="33.362647" lon="126.535817">
      <ele>1932.608433</ele>
      <time>2019-06-05T11:31:19Z</time>
      <extensions>
        <dbm>-90</dbm>
        <cellinfo>mcc=450 mnc=5 ci=32159747 pci=219 tac=9553 rssi=-58 rsrp=-90 rsrq=-13 rssnr=-52 cqi=NA</cellinfo>
      </extensions>
    </trkpt>
    <trkpt lat="33.362736" lon="126.535793">
      <ele>1932.044718</ele>
      <time>2019-06-05T11:31:29Z</time>
      <extensions>
        <dbm>-103</dbm>
        <cellinfo>mcc=450 mnc=5 ci=32158991 pci=90 tac=9553 rssi=-64 rsrp=-103 rsrq=-20 rssnr=-52 cqi=NA</cellinfo>
      </extensions>
    </trkpt>
    <trkpt lat="33.362834" lon="126.535780">
      <ele>1932.044718</ele>
      <time>2019-06-05T11:31:38Z</time>
      <extensions>
        <dbm>-93</dbm>
        <cellinfo>mcc=450 mnc=5 ci=32159747 pci=219 tac=9553 rssi=-60 rsrp=-93 rsrq=-18 rssnr=-90 cqi=NA</cellinfo>
      </extensions>
    </trkpt>
    <trkpt lat="33.362920" lon="126.535738">
      <ele>1930.988735</ele>
      <time>2019-06-05T11:31:47Z</time>
      <extensions>
        <dbm>-100</dbm>
        <cellinfo>mcc=450 mnc=5 ci=32159747 pci=219 tac=9553 rssi=-62 rsrp=-100 rsrq=-17 rssnr=-48 cqi=NA</cellinfo>
      </extensions>
    </trkpt>
    <trkpt lat="33.362996" lon="126.535679">
      <ele>1929.932709</ele>
      <time>2019-06-05T11:31:54Z</time>
      <extensions>
        <dbm>-93</dbm>
        <cellinfo>mcc=450 mnc=5 ci=32159747 pci=219 tac=9553 rssi=-60 rsrp=-93 rsrq=-17 rssnr=-48 cqi=NA</cellinfo>
      </extensions>
    </trkpt>
    <trkpt lat="33.363057" lon="126.535593">
      <ele>1929.069390</ele>
      <time>2019-06-05T11:32:02Z</time>
      <extensions>
        <dbm>-96</dbm>
        <cellinfo>mcc=450 mnc=5 ci=32159747 pci=219 tac=9553 rssi=-60 rsrp=-96 rsrq=-14 rssnr=-48 cqi=NA</cellinfo>
      </extensions>
    </trkpt>
    <trkpt lat="33.363109" lon="126.535491">
      <ele>1929.069390</ele>
      <time>2019-06-05T11:32:09Z</time>
      <extensions>
        <dbm>-98</dbm>
        <cellinfo>mcc=450 mnc=5 ci=32159747 pci=219 tac=9553 rssi=-61 rsrp=-98 rsrq=-14 rssnr=-48 cqi=NA</cellinfo>
      </extensions>
    </trkpt>
    <trkpt lat="33.363166" lon="126.535393">
      <ele>1928.219543</ele>
      <time>2019-06-05T11:32:17Z</time>
      <extensions>
        <dbm>-92</dbm>
        <cellinfo>mcc=450 mnc=5 ci=32159747 pci=219 tac=9553 rssi=-59 rsrp=-92 rsrq=-11 rssnr=-48 cqi=NA</cellinfo>
      </extensions>
    </trkpt>
    <trkpt lat="33.363230" lon="126.535304">
      <ele>1927.451986</ele>
      <time>2019-06-05T11:32:25Z</time>
      <extensions>
        <dbm>-84</dbm>
        <cellinfo>mcc=450 mnc=5 ci=32159747 pci=219 tac=9553 rssi=-55 rsrp=-84 rsrq=-8 rssnr=-48 cqi=NA</cellinfo>
      </extensions>
    </trkpt>
    <trkpt lat="33.363272" lon="126.535221">
      <ele>1926.724512</ele>
      <time>2019-06-05T11:32:33Z</time>
      <extensions>
        <dbm>-79</dbm>
        <cellinfo>mcc=450 mnc=5 ci=32159747 pci=219 tac=9553 rssi=-54 rsrp=-79 rsrq=-9 rssnr=-48 cqi=NA</cellinfo>
      </extensions>
    </trkpt>
    <trkpt lat="33.363296" lon="126.535123">
      <ele>1925.108374</ele>
      <time>2019-06-05T11:32:40Z</time>
      <extensions>
        <dbm>-87</dbm>
        <cellinfo>mcc=450 mnc=5 ci=32159747 pci=219 tac=9553 rssi=-56 rsrp=-87 rsrq=-10 rssnr=-48 cqi=NA</cellinfo>
      </extensions>
    </trkpt>
    <trkpt lat="33.363330" lon="126.535044">
      <ele>1924.491233</ele>
      <time>2019-06-05T11:32:51Z</time>
      <extensions>
        <dbm>-80</dbm>
        <cellinfo>mcc=450 mnc=5 ci=32159747 pci=219 tac=9553 rssi=-54 rsrp=-80 rsrq=-8 rssnr=128 cqi=NA</cellinfo>
      </extensions>
    </trkpt>
    <trkpt lat="33.363398" lon="126.534979">
      <ele>1923.643188</ele>
      <time>2019-06-05T11:32:58Z</time>
      <extensions>
        <dbm>-85</dbm>
        <cellinfo>mcc=450 mnc=5 ci=32159747 pci=219 tac=9553 rssi=-56 rsrp=-85 rsrq=-10 rssnr=62 cqi=NA</cellinfo>
      </extensions>
    </trkpt>
    <trkpt lat="33.363456" lon="126.534910">
      <ele>1922.180176</ele>
      <time>2019-06-05T11:33:07Z</time>
      <extensions>
        <dbm>-74</dbm>
        <cellinfo>mcc=450 mnc=5 ci=32159747 pci=219 tac=9553 rssi=-52 rsrp=-74 rsrq=-9 rssnr=62 cqi=NA</cellinfo>
      </extensions>
    </trkpt>
    <trkpt lat="33.363464" lon="126.534814">
      <ele>1921.099951</ele>
      <time>2019-06-05T11:33:19Z</time>
      <extensions>
        <dbm>-79</dbm>
        <cellinfo>mcc=450 mnc=5 ci=32159747 pci=219 tac=9553 rssi=-54 rsrp=-79 rsrq=-10 rssnr=62 cqi=NA</cellinfo>
      </extensions>
    </trkpt>
    <trkpt lat="33.363458" lon="126.534703">
      <ele>1920.145361</ele>
      <time>2019-06-05T11:33:28Z</time>
      <extensions>
        <dbm>-84</dbm>
        <cellinfo>mcc=450 mnc=5 ci=32159747 pci=219 tac=9553 rssi=-56 rsrp=-84 rsrq=-11 rssnr=62 cqi=NA</cellinfo>
      </extensions>
    </trkpt>
    <trkpt lat="33.363477" lon="126.534616">
      <ele>1919.375659</ele>
      <time>2019-06-05T11:33:59Z</time>
      <extensions>
        <dbm>-94</dbm>
        <cellinfo>mcc=450 mnc=5 ci=32247839 pci=350 tac=9552 rssi=-60 rsrp=-94 rsrq=-14 rssnr=-38 cqi=NA</cellinfo>
      </extensions>
    </trkpt>
    <trkpt lat="33.363543" lon="126.534578">
      <ele>1919.114280</ele>
      <time>2019-06-05T11:34:06Z</time>
      <extensions>
        <dbm>-99</dbm>
        <cellinfo>mcc=450 mnc=5 ci=32247831 pci=197 tac=9552 rssi=-62 rsrp=-99 rsrq=-16 rssnr=-38 cqi=NA</cellinfo>
      </extensions>
    </trkpt>
    <trkpt lat="33.363624" lon="126.534589">
      <ele>1918.011697</ele>
      <time>2019-06-05T11:34:14Z</time>
      <extensions>
        <dbm>-76</dbm>
        <cellinfo>mcc=450 mnc=5 ci=32159747 pci=219 tac=9553 rssi=-53 rsrp=-76 rsrq=-8 rssnr=-38 cqi=NA</cellinfo>
      </extensions>
    </trkpt>
    <trkpt lat="33.363706" lon="126.534633">
      <ele>1916.939009</ele>
      <time>2019-06-05T11:34:22Z</time>
      <extensions>
        <dbm>-79</dbm>
        <cellinfo>mcc=450 mnc=5 ci=32159747 pci=219 tac=9553 rssi=-54 rsrp=-79 rsrq=-9 rssnr=-38 cqi=NA</cellinfo>
      </extensions>
    </trkpt>
    <trkpt lat="33.363787" lon="126.534666">
      <ele>1915.929133</ele>
      <time>2019-06-05T11:34:31Z</time>
      <extensions>
        <dbm>-83</dbm>
        <cellinfo>mcc=450 mnc=5 ci=32159747 pci=219 tac=9553 rssi=-55 rsrp=-83 rsrq=-8 rssnr=-38 cqi=NA</cellinfo>
      </extensions>
    </trkpt>
    <trkpt lat="33.363868" lon="126.534668">
      <ele>1915.134135</ele>
      <time>2019-06-05T11:34:41Z</time>
      <extensions>
        <dbm>-75</dbm>
        <cellinfo>mcc=450 mnc=5 ci=32159747 pci=219 tac=9553 rssi=-53 rsrp=-75 rsrq=-8 rssnr=-38 cqi=NA</cellinfo>
      </extensions>
    </trkpt>
    <trkpt lat="33.363949" lon="126.534655">
      <ele>1913.858236</ele>
      <time>2019-06-05T11:34:53Z</time>
      <extensions>
        <dbm>-81</dbm>
        <cellinfo>mcc=450 mnc=5 ci=32159747 pci=219 tac=9553 rssi=-55 rsrp=-81 rsrq=-9 rssnr=-38 cqi=NA</cellinfo>
      </extensions>
    </trkpt>
    <trkpt lat="33.364026" lon="126.534630">
      <ele>1912.593302</ele>
      <time>2019-06-05T11:35:20Z</time>
      <extensions>
        <dbm>-82</dbm>
        <cellinfo>mcc=450 mnc=5 ci=32159747 pci=219 tac=9553 rssi=-56 rsrp=-82 rsrq=-11 rssnr=44 cqi=NA</cellinfo>
      </extensions>
    </trkpt>
    <trkpt lat="33.364098" lon="126.534594">
      <ele>1911.145203</ele>
      <time>2019-06-05T11:35:30Z</time>
      <extensions>
        <dbm>-85</dbm>
        <cellinfo>mcc=450 mnc=5 ci=32159747 pci=219 tac=9553 rssi=-57 rsrp=-85 rsrq=-13 rssnr=44 cqi=NA</cellinfo>
      </extensions>
    </trkpt>
    <trkpt lat="33.364168" lon="126.534554">
      <ele>1909.463969</ele>
      <time>2019-06-05T11:35:41Z</time>
      <extensions>
        <dbm>-81</dbm>
        <cellinfo>mcc=450 mnc=5 ci=32247835 pci=197 tac=9552 rssi=-55 rsrp=-81 rsrq=-9 rssnr=44 cqi=NA</cellinfo>
      </extensions>
    </trkpt>
    <trkpt lat="33.364233" lon="126.534515">
      <ele>1908.154841</ele>
      <time>2019-06-05T11:35:50Z</time>
      <extensions>
        <dbm>-81</dbm>
        <cellinfo>mcc=450 mnc=5 ci=32159747 pci=219 tac=9553 rssi=-56 rsrp=-81 rsrq=-11 rssnr=44 cqi=NA</cellinfo>
      </extensions>
    </trkpt>
    <trkpt lat="33.364292" lon="126.534472">
      <ele>1905.769193</ele>
      <time>2019-06-05T11:36:00Z</time>
      <extensions>
        <dbm>-90</dbm>
        <cellinfo>mcc=450 mnc=5 ci=32247831 pci=197 tac=9552 rssi=-58 rsrp=-90 rsrq=-8 rssnr=44 cqi=NA</cellinfo>
      </extensions>
    </trkpt>
    <trkpt lat="33.364341" lon="126.534458">
      <ele>1903.273813</ele>
      <time>2019-06-05T11:36:18Z</time>
      <extensions>
        <dbm>-86</dbm>
        <cellinfo>mcc=450 mnc=5 ci=32247831 pci=197 tac=9552 rssi=-57 rsrp=-86 rsrq=-7 rssnr=44 cqi=NA</cellinfo>
      </extensions>
    </trkpt>
    <trkpt lat="33.364400" lon="126.534460">
      <ele>1902.133647</ele>
      <time>2019-06-05T11:36:35Z</time>
      <extensions>
        <dbm>-94</dbm>
        <cellinfo>mcc=450 mnc=5 ci=32247831 pci=197 tac=9552 rssi=-60 rsrp=-94 rsrq=-11 rssnr=44 cqi=NA</cellinfo>
      </extensions>
    </trkpt>
    <trkpt lat="33.364475" lon="126.534494">
      <ele>1899.126628</ele>
      <time>2019-06-05T11:36:44Z</time>
      <extensions>
        <dbm>-92</dbm>
        <cellinfo>mcc=450 mnc=5 ci=32247831 pci=197 tac=9552 rssi=-59 rsrp=-92 rsrq=-8 rssnr=44 cqi=NA</cellinfo>
      </extensions>
    </trkpt>
    <trkpt lat="33.364566" lon="126.534479">
      <ele>1895.068697</ele>
      <time>2019-06-05T11:36:55Z</time>
      <extensions>
        <dbm>-91</dbm>
        <cellinfo>mcc=450 mnc=5 ci=32247831 pci=197 tac=9552 rssi=-58 rsrp=-91 rsrq=-9 rssnr=44 cqi=NA</cellinfo>
      </extensions>
    </trkpt>
    <trkpt lat="33.364659" lon="126.534463">
      <ele>1892.295222</ele>
      <time>2019-06-05T11:37:07Z</time>
      <extensions>
        <dbm>-102</dbm>
        <cellinfo>mcc=450 mnc=5 ci=32247831 pci=197 tac=9552 rssi=-63 rsrp=-102 rsrq=-18 rssnr=44 cqi=NA</cellinfo>
      </extensions>
    </trkpt>
    <trkpt lat="33.364753" lon="126.534442">
      <ele>1889.154635</ele>
      <time>2019-06-05T11:37:17Z</time>
      <extensions>
        <dbm>-85</dbm>
        <cellinfo>mcc=450 mnc=5 ci=32247831 pci=197 tac=9552 rssi=-56 rsrp=-85 rsrq=-7 rssnr=44 cqi=NA</cellinfo>
      </extensions>
    </trkpt>
    <trkpt lat="33.364842" lon="126.534423">
      <ele>1886.144775</ele>
      <time>2019-06-05T11:37:28Z</time>
      <extensions>
        <dbm>-97</dbm>
        <cellinfo>mcc=450 mnc=5 ci=32247831 pci=197 tac=9552 rssi=-61 rsrp=-97 rsrq=-12 rssnr=44 cqi=NA</cellinfo>
      </extensions>
    </trkpt>
    <trkpt lat="33.364913" lon="126.534369">
      <ele>1883.002329</ele>
      <time>2019-06-05T11:37:39Z</time>
      <extensions>
        <dbm>-91</dbm>
        <cellinfo>mcc=450 mnc=5 ci=32247831 pci=197 tac=9552 rssi=-59 rsrp=-91 rsrq=-11 rssnr=-22 cqi=NA</cellinfo>
      </extensions>
    </trkpt>
    <trkpt lat="33.364966" lon="126.534283">
      <ele>1879.889198</ele>
      <time>2019-06-05T11:37:54Z</time>
      <extensions>
        <dbm>-83</dbm>
        <cellinfo>mcc=450 mnc=5 ci=32247831 pci=197 tac=9552 rssi=-56 rsrp=-83 rsrq=-7 rssnr=44 cqi=NA</cellinfo>
      </extensions>
    </trkpt>
    <trkpt lat="33.365022" lon="126.534201">
      <ele>1875.178345</ele>
      <time>2019-06-05T11:38:06Z</time>
      <extensions>
        <dbm>-83</dbm>
        <cellinfo>mcc=450 mnc=5 ci=32247831 pci=197 tac=9552 rssi=-56 rsrp=-83 rsrq=-7 rssnr=44 cqi=NA</cellinfo>
      </extensions>
    </trkpt>
    <trkpt lat="33.365101" lon="126.534140">
      <ele>1872.444580</ele>
      <time>2019-06-05T11:38:56Z</time>
      <extensions>
        <dbm>-93</dbm>
        <cellinfo>mcc=450 mnc=5 ci=32247831 pci=197 tac=9552 rssi=-59 rsrp=-93 rsrq=-9 rssnr=106 cqi=NA</cellinfo>
      </extensions>
    </trkpt>
    <trkpt lat="33.365199" lon="126.534093">
      <ele>1869.956909</ele>
      <time>2019-06-05T11:39:12Z</time>
      <extensions>
        <dbm>-101</dbm>
        <cellinfo>mcc=450 mnc=5 ci=32247831 pci=197 tac=9552 rssi=-62 rsrp=-101 rsrq=-16 rssnr=44 cqi=NA</cellinfo>
      </extensions>
    </trkpt>
    <trkpt lat="33.365295" lon="126.534056">
      <ele>1867.344889</ele>
      <time>2019-06-05T11:39:22Z</time>
      <extensions>
        <dbm>-89</dbm>
        <cellinfo>mcc=450 mnc=5 ci=32247831 pci=197 tac=9552 rssi=-57 rsrp=-89 rsrq=-8 rssnr=44 cqi=NA</cellinfo>
      </extensions>
    </trkpt>
    <trkpt lat="33.365377" lon="126.534036">
      <ele>1865.093079</ele>
      <time>2019-06-05T11:39:30Z</time>
      <extensions>
        <dbm>-97</dbm>
        <cellinfo>mcc=450 mnc=5 ci=32247831 pci=197 tac=9552 rssi=-61 rsrp=-97 rsrq=-15 rssnr=26 cqi=NA</cellinfo>
      </extensions>
    </trkpt>
    <trkpt lat="33.365453" lon="126.534032">
      <ele>1862.634766</ele>
      <time>2019-06-05T11:39:36Z</time>
      <extensions>
        <dbm>-98</dbm>
        <cellinfo>mcc=450 mnc=5 ci=32247831 pci=197 tac=9552 rssi=-62 rsrp=-98 rsrq=-15 rssnr=-74 cqi=NA</cellinfo>
      </extensions>
    </trkpt>
    <trkpt lat="33.365525" lon="126.534011">
      <ele>1860.188599</ele>
      <time>2019-06-05T11:39:43Z</time>
      <extensions>
        <dbm>-94</dbm>
        <cellinfo>mcc=450 mnc=5 ci=32247831 pci=197 tac=9552 rssi=-59 rsrp=-94 rsrq=-10 rssnr=-20 cqi=NA</cellinfo>
      </extensions>
    </trkpt>
    <trkpt lat="33.365608" lon="126.533987">
      <ele>1857.738892</ele>
      <time>2019-06-05T11:39:53Z</time>
      <extensions>
        <dbm>-100</dbm>
        <cellinfo>mcc=450 mnc=5 ci=32247831 pci=197 tac=9552 rssi=-62 rsrp=-100 rsrq=-14 rssnr=26 cqi=NA</cellinfo>
      </extensions>
    </trkpt>
    <trkpt lat="33.365700" lon="126.533971">
      <ele>1854.581721</ele>
      <time>2019-06-05T11:40:01Z</time>
      <extensions>
        <dbm>-96</dbm>
        <cellinfo>mcc=450 mnc=5 ci=32247831 pci=197 tac=9552 rssi=-60 rsrp=-96 rsrq=-11 rssnr=-48 cqi=NA</cellinfo>
      </extensions>
    </trkpt>
    <trkpt lat="33.365799" lon="126.533980">
      <ele>1852.341797</ele>
      <time>2019-06-05T11:40:07Z</time>
      <extensions>
        <dbm>-91</dbm>
        <cellinfo>mcc=450 mnc=5 ci=32247831 pci=197 tac=9552 rssi=-58 rsrp=-91 rsrq=-8 rssnr=4 cqi=NA</cellinfo>
      </extensions>
    </trkpt>
    <trkpt lat="33.365896" lon="126.533985">
      <ele>1848.700757</ele>
      <time>2019-06-05T11:40:14Z</time>
      <extensions>
        <dbm>-98</dbm>
        <cellinfo>mcc=450 mnc=5 ci=32247831 pci=197 tac=9552 rssi=-61 rsrp=-98 rsrq=-12 rssnr=22 cqi=NA</cellinfo>
      </extensions>
    </trkpt>
    <trkpt lat="33.365986" lon="126.533998">
      <ele>1846.050903</ele>
      <time>2019-06-05T11:40:24Z</time>
      <extensions>
        <dbm>-97</dbm>
        <cellinfo>mcc=450 mnc=5 ci=32247831 pci=197 tac=9552 rssi=-60 rsrp=-97 rsrq=-9 rssnr=100 cqi=NA</cellinfo>
      </extensions>
    </trkpt>
    <trkpt lat="33.366073" lon="126.533989">
      <ele>1843.403833</ele>
      <time>2019-06-05T11:40:37Z</time>
      <extensions>
        <dbm>-88</dbm>
        <cellinfo>mcc=450 mnc=5 ci=32247831 pci=197 tac=9552 rssi=-58 rsrp=-88 rsrq=-9 rssnr=-16 cqi=NA</cellinfo>
      </extensions>
    </trkpt>
    <trkpt lat="33.366152" lon="126.533997">
      <ele>1841.091284</ele>
      <time>2019-06-05T11:40:46Z</time>
      <extensions>
        <dbm>-87</dbm>
        <cellinfo>mcc=450 mnc=5 ci=32247831 pci=197 tac=9552 rssi=-57 rsrp=-87 rsrq=-6 rssnr=24 cqi=NA</cellinfo>
      </extensions>
    </trkpt>
    <trkpt lat="33.366232" lon="126.534008">
      <ele>1840.118586</ele>
      <time>2019-06-05T11:40:57Z</time>
      <extensions>
        <dbm>-95</dbm>
        <cellinfo>mcc=450 mnc=5 ci=32247831 pci=197 tac=9552 rssi=-60 rsrp=-95 rsrq=-13 rssnr=58 cqi=NA</cellinfo>
      </extensions>
    </trkpt>
    <trkpt lat="33.366312" lon="126.534053">
      <ele>1837.856179</ele>
      <time>2019-06-05T11:41:08Z</time>
      <extensions>
        <dbm>-103</dbm>
        <cellinfo>mcc=450 mnc=5 ci=32247831 pci=197 tac=9552 rssi=-64 rsrp=-103 rsrq=-18 rssnr=-96 cqi=NA</cellinfo>
      </extensions>
    </trkpt>
    <trkpt lat="33.366397" lon="126.534086">
      <ele>1835.423029</ele>
      <time>2019-06-05T11:41:17Z</time>
      <extensions>
        <dbm>-103</dbm>
        <cellinfo>mcc=450 mnc=5 ci=32247831 pci=197 tac=9552 rssi=-64 rsrp=-103 rsrq=-19 rssnr=-70 cqi=NA</cellinfo>
      </extensions>
    </trkpt>
    <trkpt lat="33.366484" lon="126.534121">
      <ele>1833.073220</ele>
      <time>2019-06-05T11:41:25Z</time>
      <extensions>
        <dbm>-104</dbm>
        <cellinfo>mcc=450 mnc=5 ci=32247831 pci=197 tac=9552 rssi=-64 rsrp=-104 rsrq=-20 rssnr=-58 cqi=NA</cellinfo>
      </extensions>
    </trkpt>
    <trkpt lat="33.366572" lon="126.534131">
      <ele>1830.648060</ele>
      <time>2019-06-05T11:41:33Z</time>
      <extensions>
        <dbm>-103</dbm>
        <cellinfo>mcc=450 mnc=5 ci=32247831 pci=197 tac=9552 rssi=-64 rsrp=-103 rsrq=-16 rssnr=-58 cqi=NA</cellinfo>
      </extensions>
    </trkpt>
    <trkpt lat="33.366661" lon="126.534134">
      <ele>1827.919012</ele>
      <time>2019-06-05T11:41:45Z</time>
      <extensions>
        <dbm>-102</dbm>
        <cellinfo>mcc=450 mnc=5 ci=32247831 pci=197 tac=9552 rssi=-62 rsrp=-102 rsrq=-11 rssnr=-14 cqi=NA</cellinfo>
      </extensions>
    </trkpt>
    <trkpt lat="33.366746" lon="126.534143">
      <ele>1825.419900</ele>
      <time>2019-06-05T11:41:53Z</time>
      <extensions>
        <dbm>-98</dbm>
        <cellinfo>mcc=450 mnc=5 ci=32247831 pci=197 tac=9552 rssi=-60 rsrp=-98 rsrq=-8 rssnr=110 cqi=NA</cellinfo>
      </extensions>
    </trkpt>
    <trkpt lat="33.366836" lon="126.534169">
      <ele>1822.881259</ele>
      <time>2019-06-05T11:42:03Z</time>
      <extensions>
        <dbm>-104</dbm>
        <cellinfo>mcc=450 mnc=5 ci=32247831 pci=197 tac=9552 rssi=-62 rsrp=-104 rsrq=-10 rssnr=74 cqi=NA</cellinfo>
      </extensions>
    </trkpt>
    <trkpt lat="33.366916" lon="126.534173">
      <ele>1820.508612</ele>
      <time>2019-06-05T11:42:13Z</time>
      <extensions>
        <dbm>-93</dbm>
        <cellinfo>mcc=450 mnc=5 ci=32247831 pci=197 tac=9552 rssi=-58 rsrp=-93 rsrq=-7 rssnr=106 cqi=NA</cellinfo>
      </extensions>
    </trkpt>
    <trkpt lat="33.367001" lon="126.534148">
      <ele>1818.013139</ele>
      <time>2019-06-05T11:42:23Z</time>
      <extensions>
        <dbm>-93</dbm>
        <cellinfo>mcc=450 mnc=5 ci=32247831 pci=197 tac=9552 rssi=-58 rsrp=-93 rsrq=-6 rssnr=166 cqi=NA</cellinfo>
      </extensions>
    </trkpt>
    <trkpt lat="33.367084" lon="126.534106">
      <ele>1815.301403</ele>
      <time>2019-06-05T11:42:32Z</time>
      <extensions>
        <dbm>-97</dbm>
        <cellinfo>mcc=450 mnc=5 ci=32247831 pci=197 tac=9552 rssi=-60 rsrp=-97 rsrq=-7 rssnr=66 cqi=NA</cellinfo>
      </extensions>
    </trkpt>
    <trkpt lat="33.367179" lon="126.534075">
      <ele>1812.535689</ele>
      <time>2019-06-05T11:42:39Z</time>
      <extensions>
        <dbm>-93</dbm>
        <cellinfo>mcc=450 mnc=5 ci=32247831 pci=197 tac=9552 rssi=-58 rsrp=-93 rsrq=-7 rssnr=98 cqi=NA</cellinfo>
      </extensions>
    </trkpt>
    <trkpt lat="33.367270" lon="126.534033">
      <ele>1808.374854</ele>
      <time>2019-06-05T11:42:49Z</time>
      <extensions>
        <dbm>-94</dbm>
        <cellinfo>mcc=450 mnc=5 ci=32247831 pci=197 tac=9552 rssi=-59 rsrp=-94 rsrq=-9 rssnr=84 cqi=NA</cellinfo>
      </extensions>
    </trkpt>
    <trkpt lat="33.367360" lon="126.534001">
      <ele>1807.321755</ele>
      <time>2019-06-05T11:42:58Z</time>
      <extensions>
        <dbm>-95</dbm>
        <cellinfo>mcc=450 mnc=5 ci=32247831 pci=197 tac=9552 rssi=-60 rsrp=-95 rsrq=-10 rssnr=84 cqi=NA</cellinfo>
      </extensions>
    </trkpt>
    <trkpt lat="33.367450" lon="126.533984">
      <ele>1804.922896</ele>
      <time>2019-06-05T11:43:08Z</time>
      <extensions>
        <dbm>-105</dbm>
        <cellinfo>mcc=450 mnc=5 ci=32247831 pci=197 tac=9552 rssi=-64 rsrp=-105 rsrq=-14 rssnr=-14 cqi=NA</cellinfo>
      </extensions>
    </trkpt>
    <trkpt lat="33.367543" lon="126.533971">
      <ele>1802.483509</ele>
      <time>2019-06-05T11:43:18Z</time>
      <extensions>
        <dbm>-104</dbm>
        <cellinfo>mcc=450 mnc=5 ci=32247831 pci=197 tac=9552 rssi=-64 rsrp=-104 rsrq=-15 rssnr=2 cqi=NA</cellinfo>
      </extensions>
    </trkpt>
    <trkpt lat="33.367612" lon="126.533925">
      <ele>1800.414262</ele>
      <time>2019-06-05T11:43:32Z</time>
      <extensions>
        <dbm>-92</dbm>
        <cellinfo>mcc=450 mnc=5 ci=32247831 pci=197 tac=9552 rssi=-58 rsrp=-92 rsrq=-9 rssnr=78 cqi=NA</cellinfo>
      </extensions>
    </trkpt>
    <trkpt lat="33.367679" lon="126.533873">
      <ele>1798.490745</ele>
      <time>2019-06-05T11:43:45Z</time>
      <extensions>
        <dbm>-102</dbm>
        <cellinfo>mcc=450 mnc=5 ci=32247831 pci=197 tac=9552 rssi=-62 rsrp=-102 rsrq=-13 rssnr=-22 cqi=NA</cellinfo>
      </extensions>
    </trkpt>
    <trkpt lat="33.367746" lon="126.533828">
      <ele>1796.475697</ele>
      <time>2019-06-05T11:43:55Z</time>
      <extensions>
        <dbm>-99</dbm>
        <cellinfo>mcc=450 mnc=5 ci=32247831 pci=197 tac=9552 rssi=-61 rsrp=-99 rsrq=-10 rssnr=10 cqi=NA</cellinfo>
      </extensions>
    </trkpt>
    <trkpt lat="33.367822" lon="126.533780">
      <ele>1794.602539</ele>
      <time>2019-06-05T11:44:03Z</time>
      <extensions>
        <dbm>-94</dbm>
        <cellinfo>mcc=450 mnc=5 ci=32247831 pci=197 tac=9552 rssi=-59 rsrp=-94 rsrq=-6 rssnr=-22 cqi=NA</cellinfo>
      </extensions>
    </trkpt>
    <trkpt lat="33.367894" lon="126.533749">
      <ele>1792.825151</ele>
      <time>2019-06-05T11:44:11Z</time>
      <extensions>
        <dbm>-95</dbm>
        <cellinfo>mcc=450 mnc=5 ci=32247831 pci=197 tac=9552 rssi=-60 rsrp=-95 rsrq=-13 rssnr=172 cqi=NA</cellinfo>
      </extensions>
    </trkpt>
    <trkpt lat="33.367956" lon="126.533709">
      <ele>1790.720459</ele>
      <time>2019-06-05T11:44:23Z</time>
      <extensions>
        <dbm>-97</dbm>
        <cellinfo>mcc=450 mnc=5 ci=32247831 pci=197 tac=9552 rssi=-60 rsrp=-97 rsrq=-10 rssnr=68 cqi=NA</cellinfo>
      </extensions>
    </trkpt>
    <trkpt lat="33.368035" lon="126.533698">
      <ele>1788.240101</ele>
      <time>2019-06-05T11:44:36Z</time>
      <extensions>
        <dbm>-86</dbm>
        <cellinfo>mcc=450 mnc=5 ci=32247831 pci=197 tac=9552 rssi=-56 rsrp=-86 rsrq=-7 rssnr=-12 cqi=NA</cellinfo>
      </extensions>
    </trkpt>
    <trkpt lat="33.368115" lon="126.533692">
      <ele>1785.831721</ele>
      <time>2019-06-05T11:44:47Z</time>
      <extensions>
        <dbm>-94</dbm>
        <cellinfo>mcc=450 mnc=5 ci=32247831 pci=197 tac=9552 rssi=-60 rsrp=-94 rsrq=-8 rssnr=-22 cqi=NA</cellinfo>
      </extensions>
    </trkpt>
    <trkpt lat="33.368189" lon="126.533735">
      <ele>1783.457053</ele>
      <time>2019-06-05T11:44:56Z</time>
      <extensions>
        <dbm>-102</dbm>
        <cellinfo>mcc=450 mnc=5 ci=32247831 pci=197 tac=9552 rssi=-62 rsrp=-102 rsrq=-13 rssnr=-34 cqi=NA</cellinfo>
      </extensions>
    </trkpt>
    <trkpt lat="33.368261" lon="126.533787">
      <ele>1780.846857</ele>
      <time>2019-06-05T11:45:04Z</time>
      <extensions>
        <dbm>-98</dbm>
        <cellinfo>mcc=450 mnc=5 ci=32247831 pci=197 tac=9552 rssi=-61 rsrp=-98 rsrq=-12 rssnr=-36 cqi=NA</cellinfo>
      </extensions>
    </trkpt>
    <trkpt lat="33.368339" lon="126.533814">
      <ele>1779.167399</ele>
      <time>2019-06-05T11:45:12Z</time>
      <extensions>
        <dbm>-90</dbm>
        <cellinfo>mcc=450 mnc=5 ci=32247831 pci=197 tac=9552 rssi=-58 rsrp=-90 rsrq=-9 rssnr=-36 cqi=NA</cellinfo>
      </extensions>
    </trkpt>
    <trkpt lat="33.368423" lon="126.533827">
      <ele>1775.091819</ele>
      <time>2019-06-05T11:45:24Z</time>
      <extensions>
        <dbm>-100</dbm>
        <cellinfo>mcc=450 mnc=5 ci=32247831 pci=197 tac=9552 rssi=-62 rsrp=-100 rsrq=-15 rssnr=14 cqi=NA</cellinfo>
      </extensions>
    </trkpt>
    <trkpt lat="33.368500" lon="126.533860">
      <ele>1773.319987</ele>
      <time>2019-06-05T11:45:35Z</time>
      <extensions>
        <dbm>-100</dbm>
        <cellinfo>mcc=450 mnc=5 ci=32247831 pci=197 tac=9552 rssi=-63 rsrp=-100 rsrq=-17 rssnr=-78 cqi=NA</cellinfo>
      </extensions>
    </trkpt>
    <trkpt lat="33.368570" lon="126.533923">
      <ele>1769.872375</ele>
      <time>2019-06-05T11:45:44Z</time>
      <extensions>
        <dbm>-98</dbm>
        <cellinfo>mcc=450 mnc=5 ci=32247831 pci=197 tac=9552 rssi=-61 rsrp=-98 rsrq=-15 rssnr=30 cqi=NA</cellinfo>
      </extensions>
    </trkpt>
    <trkpt lat="33.368649" lon="126.533983">
      <ele>1766.413574</ele>
      <time>2019-06-05T11:45:51Z</time>
      <extensions>
        <dbm>-99</dbm>
        <cellinfo>mcc=450 mnc=5 ci=32247831 pci=197 tac=9552 rssi=-61 rsrp=-99 rsrq=-12 rssnr=30 cqi=NA</cellinfo>
      </extensions>
    </trkpt>
    <trkpt lat="33.368730" lon="126.534006">
      <ele>1762.737834</ele>
      <time>2019-06-05T11:46:01Z</time>
      <extensions>
        <dbm>-96</dbm>
        <cellinfo>mcc=450 mnc=5 ci=32247831 pci=197 tac=9552 rssi=-60 rsrp=-96 rsrq=-12 rssnr=30 cqi=NA</cellinfo>
      </extensions>
    </trkpt>
    <trkpt lat="33.368812" lon="126.534013">
      <ele>1758.843648</ele>
      <time>2019-06-05T11:46:13Z</time>
      <extensions>
        <dbm>-94</dbm>
        <cellinfo>mcc=450 mnc=5 ci=32247831 pci=197 tac=9552 rssi=-60 rsrp=-94 rsrq=-8 rssnr=42 cqi=NA</cellinfo>
      </extensions>
    </trkpt>
    <trkpt lat="33.368874" lon="126.533989">
      <ele>1755.050151</ele>
      <time>2019-06-05T11:46:29Z</time>
      <extensions>
        <dbm>-99</dbm>
        <cellinfo>mcc=450 mnc=5 ci=32247831 pci=197 tac=9552 rssi=-61 rsrp=-99 rsrq=-9 rssnr=-18 cqi=NA</cellinfo>
      </extensions>
    </trkpt>
    <trkpt lat="33.368940" lon="126.533975">
      <ele>1754.024862</ele>
      <time>2019-06-05T11:48:33Z</time>
      <extensions>
        <dbm>-93</dbm>
        <cellinfo>mcc=450 mnc=5 ci=32247831 pci=197 tac=9552 rssi=-58 rsrp=-93 rsrq=-7 rssnr=110 cqi=NA</cellinfo>
      </extensions>
    </trkpt>
    <trkpt lat="33.369001" lon="126.533959">
      <ele>1752.116887</ele>
      <time>2019-06-05T11:48:52Z</time>
      <extensions>
        <dbm>-97</dbm>
        <cellinfo>mcc=450 mnc=5 ci=32247831 pci=197 tac=9552 rssi=-61 rsrp=-97 rsrq=-15 rssnr=NA cqi=NA</cellinfo>
      </extensions>
    </trkpt>
    <trkpt lat="33.369079" lon="126.533959">
      <ele>1748.657227</ele>
      <time>2019-06-05T11:48:59Z</time>
      <extensions>
        <dbm>-67</dbm>
        <cellinfo>mcc=450 mnc=5 ci=51064068 pci=NA tac=8578 rssi=-67 rsrp=NA rsrq=NA rssnr=NA cqi=NA</cellinfo>
      </extensions>
    </trkpt>
    <trkpt lat="33.369152" lon="126.533964">
      <ele>1745.015212</ele>
      <time>2019-06-05T11:49:12Z</time>
      <extensions>
        <dbm>-64</dbm>
        <cellinfo>mcc=450 mnc=5 ci=32159747 pci=219 tac=9553 rssi=-47 rsrp=-64 rsrq=-7 rssnr=246 cqi=NA</cellinfo>
      </extensions>
    </trkpt>
    <trkpt lat="33.369222" lon="126.533955">
      <ele>1742.956111</ele>
      <time>2019-06-05T11:49:26Z</time>
      <extensions>
        <dbm>-67</dbm>
        <cellinfo>mcc=450 mnc=5 ci=32159747 pci=219 tac=9553 rssi=-49 rsrp=-67 rsrq=-9 rssnr=246 cqi=NA</cellinfo>
      </extensions>
    </trkpt>
    <trkpt lat="33.369292" lon="126.533924">
      <ele>1739.953933</ele>
      <time>2019-06-05T11:49:35Z</time>
      <extensions>
        <dbm>-104</dbm>
        <cellinfo>mcc=450 mnc=5 ci=32155147 pci=397 tac=9553 rssi=-64 rsrp=-104 rsrq=-17 rssnr=-36 cqi=NA</cellinfo>
      </extensions>
    </trkpt>
    <trkpt lat="33.369354" lon="126.533874">
      <ele>1736.651574</ele>
      <time>2019-06-05T11:49:43Z</time>
      <extensions>
        <dbm>-88</dbm>
        <cellinfo>mcc=450 mnc=5 ci=32247831 pci=197 tac=9552 rssi=-58 rsrp=-88 rsrq=-6 rssnr=44 cqi=NA</cellinfo>
      </extensions>
    </trkpt>
    <trkpt lat="33.369425" lon="126.533823">
      <ele>1733.261362</ele>
      <time>2019-06-05T11:50:20Z</time>
      <extensions>
        <dbm>-81</dbm>
        <cellinfo>mcc=450 mnc=5 ci=32247831 pci=197 tac=9552 rssi=-54 rsrp=-81 rsrq=-6 rssnr=158 cqi=NA</cellinfo>
      </extensions>
    </trkpt>
    <trkpt lat="33.369495" lon="126.533769">
      <ele>1729.904654</ele>
      <time>2019-06-05T11:50:28Z</time>
      <extensions>
        <dbm>-79</dbm>
        <cellinfo>mcc=450 mnc=5 ci=32247831 pci=197 tac=9552 rssi=-55 rsrp=-79 rsrq=-6 rssnr=158 cqi=NA</cellinfo>
      </extensions>
    </trkpt>
    <trkpt lat="33.369577" lon="126.533703">
      <ele>1724.858236</ele>
      <time>2019-06-05T11:50:37Z</time>
      <extensions>
        <dbm>-78</dbm>
        <cellinfo>mcc=450 mnc=5 ci=32247831 pci=197 tac=9552 rssi=-54 rsrp=-78 rsrq=-10 rssnr=158 cqi=NA</cellinfo>
      </extensions>
    </trkpt>
    <trkpt lat="33.369641" lon="126.533612">
      <ele>1721.472331</ele>
      <time>2019-06-05T11:50:47Z</time>
      <extensions>
        <dbm>-77</dbm>
        <cellinfo>mcc=450 mnc=5 ci=32247831 pci=197 tac=9552 rssi=-54 rsrp=-77 rsrq=-7 rssnr=158 cqi=NA</cellinfo>
      </extensions>
    </trkpt>
    <trkpt lat="33.369707" lon="126.533518">
      <ele>1718.263692</ele>
      <time>2019-06-05T11:51:25Z</time>
      <extensions>
        <dbm>-82</dbm>
        <cellinfo>mcc=450 mnc=5 ci=32247831 pci=197 tac=9552 rssi=-55 rsrp=-82 rsrq=-7 rssnr=158 cqi=NA</cellinfo>
      </extensions>
    </trkpt>
    <trkpt lat="33.369763" lon="126.533421">
      <ele>1715.191325</ele>
      <time>2019-06-05T11:51:33Z</time>
      <extensions>
        <dbm>-83</dbm>
        <cellinfo>mcc=450 mnc=5 ci=32247831 pci=197 tac=9552 rssi=-56 rsrp=-83 rsrq=-6 rssnr=158 cqi=NA</cellinfo>
      </extensions>
    </trkpt>
    <trkpt lat="33.369828" lon="126.533335">
      <ele>1710.941184</ele>
      <time>2019-06-05T11:51:41Z</time>
      <extensions>
        <dbm>-84</dbm>
        <cellinfo>mcc=450 mnc=5 ci=32247831 pci=197 tac=9552 rssi=-56 rsrp=-84 rsrq=-7 rssnr=158 cqi=NA</cellinfo>
      </extensions>
    </trkpt>
    <trkpt lat="33.369880" lon="126.533245">
      <ele>1708.430620</ele>
      <time>2019-06-05T11:51:49Z</time>
      <extensions>
        <dbm>-81</dbm>
        <cellinfo>mcc=450 mnc=5 ci=32247831 pci=197 tac=9552 rssi=-54 rsrp=-81 rsrq=-6 rssnr=158 cqi=NA</cellinfo>
      </extensions>
    </trkpt>
    <trkpt lat="33.369925" lon="126.533150">
      <ele>1706.110662</ele>
      <time>2019-06-05T11:51:59Z</time>
      <extensions>
        <dbm>-88</dbm>
        <cellinfo>mcc=450 mnc=5 ci=32247831 pci=197 tac=9552 rssi=-58 rsrp=-88 rsrq=-8 rssnr=158 cqi=NA</cellinfo>
      </extensions>
    </trkpt>
    <trkpt lat="33.369937" lon="126.533040">
      <ele>1703.937633</ele>
      <time>2019-06-05T11:52:20Z</time>
      <extensions>
        <dbm>-84</dbm>
        <cellinfo>mcc=450 mnc=5 ci=32247831 pci=197 tac=9552 rssi=-55 rsrp=-84 rsrq=-6 rssnr=158 cqi=NA</cellinfo>
      </extensions>
    </trkpt>
    <trkpt lat="33.369909" lon="126.532947">
      <ele>1702.098899</ele>
      <time>2019-06-05T11:52:33Z</time>
      <extensions>
        <dbm>-83</dbm>
        <cellinfo>mcc=450 mnc=5 ci=32247831 pci=197 tac=9552 rssi=-56 rsrp=-83 rsrq=-6 rssnr=158 cqi=NA</cellinfo>
      </extensions>
    </trkpt>
    <trkpt lat="33.369842" lon="126.532897">
      <ele>1700.413530</ele>
      <time>2019-06-05T11:53:06Z</time>
      <extensions>
        <dbm>-78</dbm>
        <cellinfo>mcc=450 mnc=5 ci=32247831 pci=197 tac=9552 rssi=-54 rsrp=-78 rsrq=-6 rssnr=158 cqi=NA</cellinfo>
      </extensions>
    </trkpt>
    <trkpt lat="33.369755" lon="126.532903">
      <ele>1698.903564</ele>
      <time>2019-06-05T11:53:26Z</time>
      <extensions>
        <dbm>-79</dbm>
        <cellinfo>mcc=450 mnc=5 ci=32247831 pci=197 tac=9552 rssi=-54 rsrp=-79 rsrq=-6 rssnr=300 cqi=NA</cellinfo>
      </extensions>
    </trkpt>
    <trkpt lat="33.369662" lon="126.532916">
      <ele>1697.813588</ele>
      <time>2019-06-05T11:53:44Z</time>
      <extensions>
        <dbm>-79</dbm>
        <cellinfo>mcc=450 mnc=5 ci=32247831 pci=197 tac=9552 rssi=-54 rsrp=-79 rsrq=-3 rssnr=300 cqi=NA</cellinfo>
      </extensions>
    </trkpt>
    <trkpt lat="33.369564" lon="126.532914">
      <ele>1696.237427</ele>
      <time>2019-06-05T11:53:51Z</time>
      <extensions>
        <dbm>-77</dbm>
        <cellinfo>mcc=450 mnc=5 ci=32247831 pci=197 tac=9552 rssi=-53 rsrp=-77 rsrq=-4 rssnr=300 cqi=NA</cellinfo>
      </extensions>
    </trkpt>
    <trkpt lat="33.369472" lon="126.532897">
      <ele>1696.237427</ele>
      <time>2019-06-05T11:54:01Z</time>
      <extensions>
        <dbm>-83</dbm>
        <cellinfo>mcc=450 mnc=5 ci=32247831 pci=197 tac=9552 rssi=-55 rsrp=-83 rsrq=-6 rssnr=300 cqi=NA</cellinfo>
      </extensions>
    </trkpt>
    <trkpt lat="33.369401" lon="126.532865">
      <ele>1694.784058</ele>
      <time>2019-06-05T11:54:16Z</time>
      <extensions>
        <dbm>-83</dbm>
        <cellinfo>mcc=450 mnc=5 ci=32247831 pci=197 tac=9552 rssi=-56 rsrp=-83 rsrq=-5 rssnr=300 cqi=NA</cellinfo>
      </extensions>
    </trkpt>
    <trkpt lat="33.369343" lon="126.532816">
      <ele>1693.576727</ele>
      <time>2019-06-05T11:54:34Z</time>
      <extensions>
        <dbm>-81</dbm>
        <cellinfo>mcc=450 mnc=5 ci=32247831 pci=197 tac=9552 rssi=-55 rsrp=-81 rsrq=-6 rssnr=300 cqi=NA</cellinfo>
      </extensions>
    </trkpt>
    <trkpt lat="33.369302" lon="126.532743">
      <ele>1691.813809</ele>
      <time>2019-06-05T11:54:45Z</time>
      <extensions>
        <dbm>-80</dbm>
        <cellinfo>mcc=450 mnc=5 ci=32247831 pci=197 tac=9552 rssi=-55 rsrp=-80 rsrq=-5 rssnr=300 cqi=NA</cellinfo>
      </extensions>
    </trkpt>
    <trkpt lat="33.369279" lon="126.532655">
      <ele>1689.900280</ele>
      <time>2019-06-05T11:55:02Z</time>
      <extensions>
        <dbm>-78</dbm>
        <cellinfo>mcc=450 mnc=5 ci=32247831 pci=197 tac=9552 rssi=-54 rsrp=-78 rsrq=-5 rssnr=300 cqi=NA</cellinfo>
      </extensions>
    </trkpt>
    <trkpt lat="33.369272" lon="126.532561">
      <ele>1687.609331</ele>
      <time>2019-06-05T11:55:16Z</time>
      <extensions>
        <dbm>-78</dbm>
        <cellinfo>mcc=450 mnc=5 ci=32247831 pci=197 tac=9552 rssi=-53 rsrp=-78 rsrq=-5 rssnr=300 cqi=NA</cellinfo>
      </extensions>
    </trkpt>
    <trkpt lat="33.369252" lon="126.532486">
      <ele>1684.548362</ele>
      <time>2019-06-05T11:55:31Z</time>
      <extensions>
        <dbm>-81</dbm>
        <cellinfo>mcc=450 mnc=5 ci=32247831 pci=197 tac=9552 rssi=-55 rsrp=-81 rsrq=-6 rssnr=300 cqi=NA</cellinfo>
      </extensions>
    </trkpt>
    <trkpt lat="33.369233" lon="126.532421">
      <ele>1682.576355</ele>
      <time>2019-06-05T11:55:44Z</time>
      <extensions>
        <dbm>-78</dbm>
        <cellinfo>mcc=450 mnc=5 ci=32247831 pci=197 tac=9552 rssi=-54 rsrp=-78 rsrq=-6 rssnr=300 cqi=NA</cellinfo>
      </extensions>
    </trkpt>
    <trkpt lat="33.369244" lon="126.532363">
      <ele>1678.981791</ele>
      <time>2019-06-05T11:55:55Z</time>
      <extensions>
        <dbm>-75</dbm>
        <cellinfo>mcc=450 mnc=5 ci=32247831 pci=197 tac=9552 rssi=-53 rsrp=-75 rsrq=-5 rssnr=300 cqi=NA</cellinfo>
      </extensions>
    </trkpt>
    <trkpt lat="33.369286" lon="126.532277">
      <ele>1675.234436</ele>
      <time>2019-06-05T11:56:04Z</time>
      <extensions>
        <dbm>-73</dbm>
        <cellinfo>mcc=450 mnc=5 ci=32247831 pci=197 tac=9552 rssi=-52 rsrp=-73 rsrq=-6 rssnr=300 cqi=NA</cellinfo>
      </extensions>
    </trkpt>
    <trkpt lat="33.369306" lon="126.532184">
      <ele>1671.280904</ele>
      <time>2019-06-05T11:56:14Z</time>
      <extensions>
        <dbm>-76</dbm>
        <cellinfo>mcc=450 mnc=5 ci=32247831 pci=197 tac=9552 rssi=-53 rsrp=-76 rsrq=-6 rssnr=300 cqi=NA</cellinfo>
      </extensions>
    </trkpt>
    <trkpt lat="33.369288" lon="126.532086">
      <ele>1668.846548</ele>
      <time>2019-06-05T11:56:28Z</time>
      <extensions>
        <dbm>-89</dbm>
        <cellinfo>mcc=450 mnc=5 ci=32247831 pci=197 tac=9552 rssi=-57 rsrp=-89 rsrq=-6 rssnr=300 cqi=NA</cellinfo>
      </extensions>
    </trkpt>
    <trkpt lat="33.369260" lon="126.531983">
      <ele>1664.455886</ele>
      <time>2019-06-05T11:56:41Z</time>
      <extensions>
        <dbm>-92</dbm>
        <cellinfo>mcc=450 mnc=5 ci=32247831 pci=197 tac=9552 rssi=-58 rsrp=-92 rsrq=-6 rssnr=250 cqi=NA</cellinfo>
      </extensions>
    </trkpt>
    <trkpt lat="33.369236" lon="126.531880">
      <ele>1660.187575</ele>
      <time>2019-06-05T11:56:58Z</time>
      <extensions>
        <dbm>-97</dbm>
        <cellinfo>mcc=450 mnc=5 ci=32247831 pci=197 tac=9552 rssi=-59 rsrp=-97 rsrq=-5 rssnr=154 cqi=NA</cellinfo>
      </extensions>
    </trkpt>
    <trkpt lat="33.369214" lon="126.531777">
      <ele>1656.143949</ele>
      <time>2019-06-05T11:57:33Z</time>
      <extensions>
        <dbm>-105</dbm>
        <cellinfo>mcc=450 mnc=5 ci=32247831 pci=197 tac=9552 rssi=-61 rsrp=-105 rsrq=-6 rssnr=132 cqi=NA</cellinfo>
      </extensions>
    </trkpt>
    <trkpt lat="33.369210" lon="126.531683">
      <ele>1649.542236</ele>
      <time>2019-06-05T11:57:46Z</time>
      <extensions>
        <dbm>-109</dbm>
        <cellinfo>mcc=450 mnc=5 ci=32247831 pci=197 tac=9552 rssi=-63 rsrp=-109 rsrq=-9 rssnr=132 cqi=NA</cellinfo>
      </extensions>
    </trkpt>
    <trkpt lat="33.369223" lon="126.531602">
      <ele>1644.856018</ele>
      <time>2019-06-05T11:58:01Z</time>
      <extensions>
        <dbm>-104</dbm>
        <cellinfo>mcc=450 mnc=5 ci=32247835 pci=197 tac=9552 rssi=-61 rsrp=-104 rsrq=-11 rssnr=118 cqi=NA</cellinfo>
      </extensions>
    </trkpt>
    <trkpt lat="33.369261" lon="126.531514">
      <ele>1642.736347</ele>
      <time>2019-06-05T11:58:17Z</time>
      <extensions>
        <dbm>-102</dbm>
        <cellinfo>mcc=450 mnc=5 ci=32247835 pci=197 tac=9552 rssi=-60 rsrp=-102 rsrq=-10 rssnr=58 cqi=NA</cellinfo>
      </extensions>
    </trkpt>
    <trkpt lat="33.369304" lon="126.531423">
      <ele>1639.042725</ele>
      <time>2019-06-05T11:58:29Z</time>
      <extensions>
        <dbm>-103</dbm>
        <cellinfo>mcc=450 mnc=5 ci=32247835 pci=197 tac=9552 rssi=-61 rsrp=-103 rsrq=-9 rssnr=58 cqi=NA</cellinfo>
      </extensions>
    </trkpt>
    <trkpt lat="33.369348" lon="126.531328">
      <ele>1635.218404</ele>
      <time>2019-06-05T11:58:42Z</time>
      <extensions>
        <dbm>-103</dbm>
        <cellinfo>mcc=450 mnc=5 ci=32159495 pci=444 tac=9553 rssi=-60 rsrp=-103 rsrq=-9 rssnr=44 cqi=NA</cellinfo>
      </extensions>
    </trkpt>
    <trkpt lat="33.369388" lon="126.531243">
      <ele>1635.077515</ele>
      <time>2019-06-05T11:58:51Z</time>
      <extensions>
        <dbm>-101</dbm>
        <cellinfo>mcc=450 mnc=5 ci=32159495 pci=444 tac=9553 rssi=-60 rsrp=-101 rsrq=-7 rssnr=66 cqi=NA</cellinfo>
      </extensions>
    </trkpt>
    <trkpt lat="33.369429" lon="126.531175">
      <ele>1633.228722</ele>
      <time>2019-06-05T11:59:04Z</time>
      <extensions>
        <dbm>-101</dbm>
        <cellinfo>mcc=450 mnc=5 ci=32159495 pci=444 tac=9553 rssi=-60 rsrp=-101 rsrq=-9 rssnr=86 cqi=NA</cellinfo>
      </extensions>
    </trkpt>
    <trkpt lat="33.369479" lon="126.531122">
      <ele>1629.601713</ele>
      <time>2019-06-05T11:59:12Z</time>
      <extensions>
        <dbm>-99</dbm>
        <cellinfo>mcc=450 mnc=5 ci=32159495 pci=444 tac=9553 rssi=-59 rsrp=-99 rsrq=-7 rssnr=86 cqi=NA</cellinfo>
      </extensions>
    </trkpt>
    <trkpt lat="33.369551" lon="126.531106">
      <ele>1625.948730</ele>
      <time>2019-06-05T11:59:22Z</time>
      <extensions>
        <dbm>-97</dbm>
        <cellinfo>mcc=450 mnc=5 ci=32159495 pci=444 tac=9553 rssi=-59 rsrp=-97 rsrq=-9 rssnr=114 cqi=NA</cellinfo>
      </extensions>
    </trkpt>
    <trkpt lat="33.369627" lon="126.531108">
      <ele>1620.117554</ele>
      <time>2019-06-05T11:59:30Z</time>
      <extensions>
        <dbm>-103</dbm>
        <cellinfo>mcc=450 mnc=5 ci=32159495 pci=444 tac=9553 rssi=-61 rsrp=-103 rsrq=-13 rssnr=32 cqi=NA</cellinfo>
      </extensions>
    </trkpt>
    <trkpt lat="33.369687" lon="126.531094">
      <ele>1620.117554</ele>
      <time>2019-06-05T11:59:38Z</time>
      <extensions>
        <dbm>-101</dbm>
        <cellinfo>mcc=450 mnc=5 ci=32159495 pci=444 tac=9553 rssi=-60 rsrp=-101 rsrq=-10 rssnr=32 cqi=NA</cellinfo>
      </extensions>
    </trkpt>
    <trkpt lat="33.369729" lon="126.531048">
      <ele>1618.974534</ele>
      <time>2019-06-05T11:59:53Z</time>
      <extensions>
        <dbm>-105</dbm>
        <cellinfo>mcc=450 mnc=5 ci=32247835 pci=197 tac=9552 rssi=-62 rsrp=-105 rsrq=-11 rssnr=32 cqi=NA</cellinfo>
      </extensions>
    </trkpt>
    <trkpt lat="33.369767" lon="126.530991">
      <ele>1615.670035</ele>
      <time>2019-06-05T12:00:04Z</time>
      <extensions>
        <dbm>-99</dbm>
        <cellinfo>mcc=450 mnc=5 ci=32159495 pci=444 tac=9553 rssi=-60 rsrp=-99 rsrq=-11 rssnr=80 cqi=NA</cellinfo>
      </extensions>
    </trkpt>
    <trkpt lat="33.369827" lon="126.530952">
      <ele>1610.851176</ele>
      <time>2019-06-05T12:00:10Z</time>
      <extensions>
        <dbm>-103</dbm>
        <cellinfo>mcc=450 mnc=5 ci=32159495 pci=444 tac=9553 rssi=-61 rsrp=-103 rsrq=-10 rssnr=80 cqi=NA</cellinfo>
      </extensions>
    </trkpt>
    <trkpt lat="33.369914" lon="126.530927">
      <ele>1607.352620</ele>
      <time>2019-06-05T12:00:17Z</time>
      <extensions>
        <dbm>-103</dbm>
        <cellinfo>mcc=450 mnc=5 ci=32247835 pci=197 tac=9552 rssi=-61 rsrp=-103 rsrq=-10 rssnr=108 cqi=NA</cellinfo>
      </extensions>
    </trkpt>
    <trkpt lat="33.370007" lon="126.530896">
      <ele>1604.003174</ele>
      <time>2019-06-05T12:00:24Z</time>
      <extensions>
        <dbm>-99</dbm>
        <cellinfo>mcc=450 mnc=5 ci=32247835 pci=197 tac=9552 rssi=-60 rsrp=-99 rsrq=-9 rssnr=108 cqi=NA</cellinfo>
      </extensions>
    </trkpt>
    <trkpt lat="33.370090" lon="126.530846">
      <ele>1600.907715</ele>
      <time>2019-06-05T12:00:30Z</time>
      <extensions>
        <dbm>-99</dbm>
        <cellinfo>mcc=450 mnc=5 ci=32247835 pci=197 tac=9552 rssi=-59 rsrp=-99 rsrq=-7 rssnr=72 cqi=NA</cellinfo>
      </extensions>
    </trkpt>
    <trkpt lat="33.370161" lon="126.530779">
      <ele>1597.810201</ele>
      <time>2019-06-05T12:00:38Z</time>
      <extensions>
        <dbm>-101</dbm>
        <cellinfo>mcc=450 mnc=5 ci=32247835 pci=197 tac=9552 rssi=-61 rsrp=-101 rsrq=-10 rssnr=64 cqi=NA</cellinfo>
      </extensions>
    </trkpt>
    <trkpt lat="33.370228" lon="126.530702">
      <ele>1594.443970</ele>
      <time>2019-06-05T12:00:46Z</time>
      <extensions>
        <dbm>-96</dbm>
        <cellinfo>mcc=450 mnc=5 ci=32247835 pci=197 tac=9552 rssi=-59 rsrp=-96 rsrq=-8 rssnr=56 cqi=NA</cellinfo>
      </extensions>
    </trkpt>
    <trkpt lat="33.370301" lon="126.530634">
      <ele>1594.443970</ele>
      <time>2019-06-05T12:00:55Z</time>
      <extensions>
        <dbm>-105</dbm>
        <cellinfo>mcc=450 mnc=5 ci=32247831 pci=197 tac=9552 rssi=-61 rsrp=-105 rsrq=-6 rssnr=142 cqi=NA</cellinfo>
      </extensions>
    </trkpt>
    <trkpt lat="33.370372" lon="126.530580">
      <ele>1591.398254</ele>
      <time>2019-06-05T12:01:02Z</time>
      <extensions>
        <dbm>-100</dbm>
        <cellinfo>mcc=450 mnc=5 ci=32159495 pci=444 tac=9553 rssi=-60 rsrp=-100 rsrq=-11 rssnr=76 cqi=NA</cellinfo>
      </extensions>
    </trkpt>
    <trkpt lat="33.370440" lon="126.530548">
      <ele>1588.734111</ele>
      <time>2019-06-05T12:01:08Z</time>
      <extensions>
        <dbm>-97</dbm>
        <cellinfo>mcc=450 mnc=5 ci=32159495 pci=444 tac=9553 rssi=-59 rsrp=-97 rsrq=-10 rssnr=76 cqi=NA</cellinfo>
      </extensions>
    </trkpt>
    <trkpt lat="33.370508" lon="126.530506">
      <ele>1585.586609</ele>
      <time>2019-06-05T12:01:14Z</time>
      <extensions>
        <dbm>-99</dbm>
        <cellinfo>mcc=450 mnc=5 ci=32159495 pci=444 tac=9553 rssi=-60 rsrp=-99 rsrq=-11 rssnr=76 cqi=NA</cellinfo>
      </extensions>
    </trkpt>
    <trkpt lat="33.370580" lon="126.530458">
      <ele>1582.808919</ele>
      <time>2019-06-05T12:01:22Z</time>
      <extensions>
        <dbm>-103</dbm>
        <cellinfo>mcc=450 mnc=5 ci=32247831 pci=197 tac=9552 rssi=-60 rsrp=-103 rsrq=-6 rssnr=140 cqi=NA</cellinfo>
      </extensions>
    </trkpt>
    <trkpt lat="33.370666" lon="126.530413">
      <ele>1580.114583</ele>
      <time>2019-06-05T12:01:33Z</time>
      <extensions>
        <dbm>-99</dbm>
        <cellinfo>mcc=450 mnc=5 ci=32247831 pci=197 tac=9552 rssi=-59 rsrp=-99 rsrq=-6 rssnr=144 cqi=NA</cellinfo>
      </extensions>
    </trkpt>
    <trkpt lat="33.370747" lon="126.530366">
      <ele>1576.606222</ele>
      <time>2019-06-05T12:01:41Z</time>
      <extensions>
        <dbm>-99</dbm>
        <cellinfo>mcc=450 mnc=5 ci=32247831 pci=197 tac=9552 rssi=-60 rsrp=-99 rsrq=-6 rssnr=144 cqi=NA</cellinfo>
      </extensions>
    </trkpt>
    <trkpt lat="33.370817" lon="126.530307">
      <ele>1573.225260</ele>
      <time>2019-06-05T12:01:50Z</time>
      <extensions>
        <dbm>-103</dbm>
        <cellinfo>mcc=450 mnc=5 ci=32247831 pci=197 tac=9552 rssi=-61 rsrp=-103 rsrq=-8 rssnr=140 cqi=NA</cellinfo>
      </extensions>
    </trkpt>
    <trkpt lat="33.370876" lon="126.530224">
      <ele>1570.322673</ele>
      <time>2019-06-05T12:01:57Z</time>
      <extensions>
        <dbm>-105</dbm>
        <cellinfo>mcc=450 mnc=5 ci=32247831 pci=197 tac=9552 rssi=-62 rsrp=-105 rsrq=-7 rssnr=140 cqi=NA</cellinfo>
      </extensions>
    </trkpt>
    <trkpt lat="33.370943" lon="126.530144">
      <ele>1567.769735</ele>
      <time>2019-06-05T12:02:04Z</time>
      <extensions>
        <dbm>-107</dbm>
        <cellinfo>mcc=450 mnc=5 ci=32247831 pci=197 tac=9552 rssi=-63 rsrp=-107 rsrq=-10 rssnr=140 cqi=NA</cellinfo>
      </extensions>
    </trkpt>
    <trkpt lat="33.371016" lon="126.530066">
      <ele>1563.843084</ele>
      <time>2019-06-05T12:02:13Z</time>
      <extensions>
        <dbm>-102</dbm>
        <cellinfo>mcc=450 mnc=5 ci=32247831 pci=197 tac=9552 rssi=-60 rsrp=-102 rsrq=-6 rssnr=140 cqi=NA</cellinfo>
      </extensions>
    </trkpt>
    <trkpt lat="33.371096" lon="126.530004">
      <ele>1560.654639</ele>
      <time>2019-06-05T12:02:22Z</time>
      <extensions>
        <dbm>-103</dbm>
        <cellinfo>mcc=450 mnc=5 ci=32247831 pci=197 tac=9552 rssi=-61 rsrp=-103 rsrq=-7 rssnr=140 cqi=NA</cellinfo>
      </extensions>
    </trkpt>
    <trkpt lat="33.371185" lon="126.529947">
      <ele>1558.642529</ele>
      <time>2019-06-05T12:03:06Z</time>
      <extensions>
        <dbm>-106</dbm>
        <cellinfo>mcc=450 mnc=5 ci=32247831 pci=197 tac=9552 rssi=-61 rsrp=-106 rsrq=-8 rssnr=140 cqi=NA</cellinfo>
      </extensions>
    </trkpt>
    <trkpt lat="33.371279" lon="126.529901">
      <ele>1556.997705</ele>
      <time>2019-06-05T12:03:15Z</time>
      <extensions>
        <dbm>-107</dbm>
        <cellinfo>mcc=450 mnc=5 ci=32247831 pci=197 tac=9552 rssi=-62 rsrp=-107 rsrq=-8 rssnr=140 cqi=NA</cellinfo>
      </extensions>
    </trkpt>
    <trkpt lat="33.371374" lon="126.529846">
      <ele>1555.765845</ele>
      <time>2019-06-05T12:03:22Z</time>
      <extensions>
        <dbm>-107</dbm>
        <cellinfo>mcc=450 mnc=5 ci=32247831 pci=197 tac=9552 rssi=-62 rsrp=-107 rsrq=-8 rssnr=140 cqi=NA</cellinfo>
      </extensions>
    </trkpt>
    <trkpt lat="33.371468" lon="126.529804">
      <ele>1554.502563</ele>
      <time>2019-06-05T12:03:32Z</time>
      <extensions>
        <dbm>-108</dbm>
        <cellinfo>mcc=450 mnc=5 ci=32247831 pci=197 tac=9552 rssi=-62 rsrp=-108 rsrq=-10 rssnr=140 cqi=NA</cellinfo>
      </extensions>
    </trkpt>
    <trkpt lat="33.371557" lon="126.529766">
      <ele>1554.502563</ele>
      <time>2019-06-05T12:03:39Z</time>
      <extensions>
        <dbm>-107</dbm>
        <cellinfo>mcc=450 mnc=5 ci=32247831 pci=197 tac=9552 rssi=-62 rsrp=-107 rsrq=-7 rssnr=140 cqi=NA</cellinfo>
      </extensions>
    </trkpt>
    <trkpt lat="33.371637" lon="126.529750">
      <ele>1553.295239</ele>
      <time>2019-06-05T12:03:45Z</time>
      <extensions>
        <dbm>-96</dbm>
        <cellinfo>mcc=450 mnc=5 ci=32159495 pci=444 tac=9553 rssi=-59 rsrp=-96 rsrq=-9 rssnr=140 cqi=NA</cellinfo>
      </extensions>
    </trkpt>
    <trkpt lat="33.371718" lon="126.529733">
      <ele>1552.305957</ele>
      <time>2019-06-05T12:03:54Z</time>
      <extensions>
        <dbm>-104</dbm>
        <cellinfo>mcc=450 mnc=5 ci=32159491 pci=444 tac=9553 rssi=-62 rsrp=-104 rsrq=-10 rssnr=4 cqi=NA</cellinfo>
      </extensions>
    </trkpt>
    <trkpt lat="33.371797" lon="126.529725">
      <ele>1551.659570</ele>
      <time>2019-06-05T12:04:03Z</time>
      <extensions>
        <dbm>-97</dbm>
        <cellinfo>mcc=450 mnc=5 ci=32159747 pci=219 tac=9553 rssi=-59 rsrp=-97 rsrq=-12 rssnr=-20 cqi=NA</cellinfo>
      </extensions>
    </trkpt>
    <trkpt lat="33.371870" lon="126.529734">
      <ele>1551.449596</ele>
      <time>2019-06-05T12:04:12Z</time>
      <extensions>
        <dbm>-91</dbm>
        <cellinfo>mcc=450 mnc=5 ci=32247835 pci=197 tac=9552 rssi=-58 rsrp=-91 rsrq=-11 rssnr=158 cqi=NA</cellinfo>
      </extensions>
    </trkpt>
    <trkpt lat="33.371934" lon="126.529781">
      <ele>1550.788441</ele>
      <time>2019-06-05T12:04:19Z</time>
      <extensions>
        <dbm>-89</dbm>
        <cellinfo>mcc=450 mnc=5 ci=32247835 pci=197 tac=9552 rssi=-57 rsrp=-89 rsrq=-7 rssnr=58 cqi=NA</cellinfo>
      </extensions>
    </trkpt>
    <trkpt lat="33.372006" lon="126.529855">
      <ele>1549.644470</ele>
      <time>2019-06-05T12:04:26Z</time>
      <extensions>
        <dbm>-92</dbm>
        <cellinfo>mcc=450 mnc=5 ci=32247835 pci=197 tac=9552 rssi=-58 rsrp=-92 rsrq=-8 rssnr=62 cqi=NA</cellinfo>
      </extensions>
    </trkpt>
    <trkpt lat="33.372085" lon="126.529924">
      <ele>1548.129272</ele>
      <time>2019-06-05T12:04:35Z</time>
      <extensions>
        <dbm>-100</dbm>
        <cellinfo>mcc=450 mnc=5 ci=32247831 pci=197 tac=9552 rssi=-60 rsrp=-100 rsrq=-7 rssnr=34 cqi=NA</cellinfo>
      </extensions>
    </trkpt>
    <trkpt lat="33.372167" lon="126.529984">
      <ele>1546.706372</ele>
      <time>2019-06-05T12:04:42Z</time>
      <extensions>
        <dbm>-97</dbm>
        <cellinfo>mcc=450 mnc=5 ci=32247831 pci=197 tac=9552 rssi=-59 rsrp=-97 rsrq=-6 rssnr=34 cqi=NA</cellinfo>
      </extensions>
    </trkpt>
    <trkpt lat="33.372238" lon="126.530053">
      <ele>1545.124731</ele>
      <time>2019-06-05T12:04:49Z</time>
      <extensions>
        <dbm>-99</dbm>
        <cellinfo>mcc=450 mnc=5 ci=32247831 pci=197 tac=9552 rssi=-61 rsrp=-99 rsrq=-10 rssnr=24 cqi=NA</cellinfo>
      </extensions>
    </trkpt>
    <trkpt lat="33.372308" lon="126.530131">
      <ele>1543.381421</ele>
      <time>2019-06-05T12:04:56Z</time>
      <extensions>
        <dbm>-98</dbm>
        <cellinfo>mcc=450 mnc=5 ci=32247831 pci=197 tac=9552 rssi=-60 rsrp=-98 rsrq=-7 rssnr=24 cqi=NA</cellinfo>
      </extensions>
    </trkpt>
    <trkpt lat="33.372373" lon="126.530160">
      <ele>1541.327661</ele>
      <time>2019-06-05T12:05:02Z</time>
      <extensions>
        <dbm>-105</dbm>
        <cellinfo>mcc=450 mnc=5 ci=32247831 pci=197 tac=9552 rssi=-62 rsrp=-105 rsrq=-9 rssnr=24 cqi=NA</cellinfo>
      </extensions>
    </trkpt>
    <trkpt lat="33.372388" lon="126.530141">
      <ele>1542.154719</ele>
      <time>2019-06-05T12:05:14Z</time>
      <extensions>
        <dbm>-106</dbm>
        <cellinfo>mcc=450 mnc=5 ci=32247831 pci=197 tac=9552 rssi=-63 rsrp=-106 rsrq=-9 rssnr=56 cqi=NA</cellinfo>
      </extensions>
    </trkpt>
    <trkpt lat="33.372391" lon="126.530063">
      <ele>1542.894307</ele>
      <time>2019-06-05T12:05:20Z</time>
      <extensions>
        <dbm>-88</dbm>
        <cellinfo>mcc=450 mnc=5 ci=32159495 pci=444 tac=9553 rssi=-56 rsrp=-88 rsrq=-7 rssnr=94 cqi=NA</cellinfo>
      </extensions>
    </trkpt>
    <trkpt lat="33.372395" lon="126.529995">
      <ele>1542.894307</ele>
      <time>2019-06-05T12:05:37Z</time>
      <extensions>
        <dbm>-81</dbm>
        <cellinfo>mcc=450 mnc=5 ci=32247831 pci=197 tac=9552 rssi=-54 rsrp=-81 rsrq=-3 rssnr=132 cqi=NA</cellinfo>
      </extensions>
    </trkpt>
    <trkpt lat="33.372444" lon="126.529917">
      <ele>1541.225800</ele>
      <time>2019-06-05T12:05:44Z</time>
      <extensions>
        <dbm>-94</dbm>
        <cellinfo>mcc=450 mnc=5 ci=32247831 pci=197 tac=9552 rssi=-58 rsrp=-94 rsrq=-7 rssnr=132 cqi=NA</cellinfo>
      </extensions>
    </trkpt>
    <trkpt lat="33.372504" lon="126.529853">
      <ele>1540.320538</ele>
      <time>2019-06-05T12:05:50Z</time>
      <extensions>
        <dbm>-84</dbm>
        <cellinfo>mcc=450 mnc=5 ci=32247831 pci=197 tac=9552 rssi=-55 rsrp=-84 rsrq=-4 rssnr=242 cqi=NA</cellinfo>
      </extensions>
    </trkpt>
    <trkpt lat="33.372568" lon="126.529783">
      <ele>1538.677096</ele>
      <time>2019-06-05T12:05:56Z</time>
      <extensions>
        <dbm>-91</dbm>
        <cellinfo>mcc=450 mnc=5 ci=32247831 pci=197 tac=9552 rssi=-57 rsrp=-91 rsrq=-4 rssnr=240 cqi=NA</cellinfo>
      </extensions>
    </trkpt>
    <trkpt lat="33.372641" lon="126.529705">
      <ele>1537.047514</ele>
      <time>2019-06-05T12:06:02Z</time>
      <extensions>
        <dbm>-105</dbm>
        <cellinfo>mcc=450 mnc=5 ci=32247831 pci=197 tac=9552 rssi=-61 rsrp=-105 rsrq=-7 rssnr=172 cqi=NA</cellinfo>
      </extensions>
    </trkpt>
    <trkpt lat="33.372693" lon="126.529674">
      <ele>1537.047514</ele>
      <time>2019-06-05T12:06:09Z</time>
      <extensions>
        <dbm>-107</dbm>
        <cellinfo>mcc=450 mnc=5 ci=32247831 pci=197 tac=9552 rssi=-62 rsrp=-107 rsrq=-7 rssnr=172 cqi=NA</cellinfo>
      </extensions>
    </trkpt>
    <trkpt lat="33.372734" lon="126.529696">
      <ele>1537.771220</ele>
      <time>2019-06-05T12:09:48Z</time>
      <extensions>
        <dbm>-89</dbm>
        <cellinfo>mcc=450 mnc=5 ci=32247835 pci=197 tac=9552 rssi=-57 rsrp=-89 rsrq=-8 rssnr=110 cqi=NA</cellinfo>
      </extensions>
    </trkpt>
    <trkpt lat="33.372774" lon="126.529759">
      <ele>1536.614604</ele>
      <time>2019-06-05T12:10:07Z</time>
      <extensions>
        <dbm>-91</dbm>
        <cellinfo>mcc=450 mnc=5 ci=32159747 pci=219 tac=9553 rssi=-58 rsrp=-91 rsrq=-10 rssnr=172 cqi=NA</cellinfo>
      </extensions>
    </trkpt>
    <trkpt lat="33.372837" lon="126.529802">
      <ele>1536.069064</ele>
      <time>2019-06-05T12:10:21Z</time>
      <extensions>
        <dbm>-99</dbm>
        <cellinfo>mcc=450 mnc=5 ci=32247831 pci=197 tac=9552 rssi=-59 rsrp=-99 rsrq=-5 rssnr=208 cqi=NA</cellinfo>
      </extensions>
    </trkpt>
    <trkpt lat="33.372906" lon="126.529790">
      <ele>1534.778583</ele>
      <time>2019-06-05T12:10:31Z</time>
      <extensions>
        <dbm>-99</dbm>
        <cellinfo>mcc=450 mnc=5 ci=32247831 pci=197 tac=9552 rssi=-59 rsrp=-99 rsrq=-6 rssnr=178 cqi=NA</cellinfo>
      </extensions>
    </trkpt>
    <trkpt lat="33.372988" lon="126.529775">
      <ele>1533.847835</ele>
      <time>2019-06-05T12:10:47Z</time>
      <extensions>
        <dbm>-98</dbm>
        <cellinfo>mcc=450 mnc=5 ci=32247831 pci=197 tac=9552 rssi=-60 rsrp=-98 rsrq=-6 rssnr=214 cqi=NA</cellinfo>
      </extensions>
    </trkpt>
    <trkpt lat="33.373075" lon="126.529771">
      <ele>1532.512404</ele>
      <time>2019-06-05T12:10:59Z</time>
      <extensions>
        <dbm>-99</dbm>
        <cellinfo>mcc=450 mnc=5 ci=32247831 pci=197 tac=9552 rssi=-59 rsrp=-99 rsrq=-6 rssnr=182 cqi=NA</cellinfo>
      </extensions>
    </trkpt>
    <trkpt lat="33.373173" lon="126.529800">
      <ele>1532.046895</ele>
      <time>2019-06-05T12:11:09Z</time>
      <extensions>
        <dbm>-99</dbm>
        <cellinfo>mcc=450 mnc=5 ci=32247831 pci=197 tac=9552 rssi=-59 rsrp=-99 rsrq=-5 rssnr=198 cqi=NA</cellinfo>
      </extensions>
    </trkpt>
    <trkpt lat="33.373267" lon="126.529814">
      <ele>1531.917755</ele>
      <time>2019-06-05T12:11:23Z</time>
      <extensions>
        <dbm>-103</dbm>
        <cellinfo>mcc=450 mnc=5 ci=32247831 pci=197 tac=9552 rssi=-61 rsrp=-103 rsrq=-9 rssnr=154 cqi=NA</cellinfo>
      </extensions>
    </trkpt>
    <trkpt lat="33.373363" lon="126.529818">
      <ele>1531.856222</ele>
      <time>2019-06-05T12:11:31Z</time>
      <extensions>
        <dbm>-104</dbm>
        <cellinfo>mcc=450 mnc=5 ci=32247831 pci=197 tac=9552 rssi=-62 rsrp=-104 rsrq=-11 rssnr=154 cqi=NA</cellinfo>
      </extensions>
    </trkpt>
    <trkpt lat="33.373459" lon="126.529821">
      <ele>1532.155538</ele>
      <time>2019-06-05T12:11:42Z</time>
      <extensions>
        <dbm>-88</dbm>
        <cellinfo>mcc=450 mnc=5 ci=32159747 pci=219 tac=9553 rssi=-55 rsrp=-88 rsrq=-8 rssnr=24 cqi=NA</cellinfo>
      </extensions>
    </trkpt>
    <trkpt lat="33.373560" lon="126.529829">
      <ele>1532.620636</ele>
      <time>2019-06-05T12:11:52Z</time>
      <extensions>
        <dbm>-82</dbm>
        <cellinfo>mcc=450 mnc=5 ci=32159747 pci=219 tac=9553 rssi=-55 rsrp=-82 rsrq=-10 rssnr=106 cqi=NA</cellinfo>
      </extensions>
    </trkpt>
    <trkpt lat="33.373660" lon="126.529834">
      <ele>1533.153127</ele>
      <time>2019-06-05T12:12:00Z</time>
      <extensions>
        <dbm>-88</dbm>
        <cellinfo>mcc=450 mnc=5 ci=32159747 pci=219 tac=9553 rssi=-56 rsrp=-88 rsrq=-9 rssnr=144 cqi=NA</cellinfo>
      </extensions>
    </trkpt>
    <trkpt lat="33.373760" lon="126.529830">
      <ele>1533.464223</ele>
      <time>2019-06-05T12:12:08Z</time>
      <extensions>
        <dbm>-85</dbm>
        <cellinfo>mcc=450 mnc=5 ci=32159747 pci=219 tac=9553 rssi=-55 rsrp=-85 rsrq=-6 rssnr=104 cqi=NA</cellinfo>
      </extensions>
    </trkpt>
    <trkpt lat="33.373861" lon="126.529810">
      <ele>1533.983361</ele>
      <time>2019-06-05T12:12:17Z</time>
      <extensions>
        <dbm>-105</dbm>
        <cellinfo>mcc=450 mnc=5 ci=32159491 pci=444 tac=9553 rssi=-62 rsrp=-105 rsrq=-12 rssnr=24 cqi=NA</cellinfo>
      </extensions>
    </trkpt>
    <trkpt lat="33.373963" lon="126.529790">
      <ele>1533.969788</ele>
      <time>2019-06-05T12:12:24Z</time>
      <extensions>
        <dbm>-87</dbm>
        <cellinfo>mcc=450 mnc=5 ci=32159747 pci=219 tac=9553 rssi=-55 rsrp=-87 rsrq=-7 rssnr=24 cqi=NA</cellinfo>
      </extensions>
    </trkpt>
    <trkpt lat="33.374058" lon="126.529753">
      <ele>1533.594716</ele>
      <time>2019-06-05T12:12:33Z</time>
      <extensions>
        <dbm>-85</dbm>
        <cellinfo>mcc=450 mnc=5 ci=32159747 pci=219 tac=9553 rssi=-56 rsrp=-85 rsrq=-10 rssnr=142 cqi=NA</cellinfo>
      </extensions>
    </trkpt>
    <trkpt lat="33.374140" lon="126.529758">
      <ele>1533.317485</ele>
      <time>2019-06-05T12:12:45Z</time>
      <extensions>
        <dbm>-102</dbm>
        <cellinfo>mcc=450 mnc=5 ci=32159491 pci=444 tac=9553 rssi=-61 rsrp=-102 rsrq=-8 rssnr=142 cqi=NA</cellinfo>
      </extensions>
    </trkpt>
    <trkpt lat="33.374210" lon="126.529784">
      <ele>1533.687714</ele>
      <time>2019-06-05T12:12:59Z</time>
      <extensions>
        <dbm>-81</dbm>
        <cellinfo>mcc=450 mnc=5 ci=32159747 pci=219 tac=9553 rssi=-55 rsrp=-81 rsrq=-9 rssnr=172 cqi=NA</cellinfo>
      </extensions>
    </trkpt>
    <trkpt lat="33.374281" lon="126.529850">
      <ele>1534.048828</ele>
      <time>2019-06-05T12:13:15Z</time>
      <extensions>
        <dbm>-77</dbm>
        <cellinfo>mcc=450 mnc=5 ci=32159747 pci=219 tac=9553 rssi=-54 rsrp=-77 rsrq=-9 rssnr=172 cqi=NA</cellinfo>
      </extensions>
    </trkpt>
    <trkpt lat="33.374351" lon="126.529920">
      <ele>1534.529264</ele>
      <time>2019-06-05T12:13:23Z</time>
      <extensions>
        <dbm>-99</dbm>
        <cellinfo>mcc=450 mnc=5 ci=32247831 pci=197 tac=9552 rssi=-60 rsrp=-99 rsrq=-7 rssnr=90 cqi=NA</cellinfo>
      </extensions>
    </trkpt>
    <trkpt lat="33.374431" lon="126.529979">
      <ele>1534.529264</ele>
      <time>2019-06-05T12:13:31Z</time>
      <extensions>
        <dbm>-98</dbm>
        <cellinfo>mcc=450 mnc=5 ci=32247831 pci=197 tac=9552 rssi=-60 rsrp=-98 rsrq=-7 rssnr=112 cqi=NA</cellinfo>
      </extensions>
    </trkpt>
    <trkpt lat="33.374515" lon="126.530032">
      <ele>1534.431335</ele>
      <time>2019-06-05T12:13:40Z</time>
      <extensions>
        <dbm>-102</dbm>
        <cellinfo>mcc=450 mnc=5 ci=32247831 pci=197 tac=9552 rssi=-62 rsrp=-102 rsrq=-11 rssnr=52 cqi=NA</cellinfo>
      </extensions>
    </trkpt>
    <trkpt lat="33.374611" lon="126.530055">
      <ele>1534.768506</ele>
      <time>2019-06-05T12:13:50Z</time>
      <extensions>
        <dbm>-77</dbm>
        <cellinfo>mcc=450 mnc=5 ci=32159747 pci=219 tac=9553 rssi=-54 rsrp=-77 rsrq=-10 rssnr=0 cqi=NA</cellinfo>
      </extensions>
    </trkpt>
    <trkpt lat="33.374702" lon="126.530054">
      <ele>1535.162610</ele>
      <time>2019-06-05T12:14:00Z</time>
      <extensions>
        <dbm>-108</dbm>
        <cellinfo>mcc=450 mnc=5 ci=32247831 pci=197 tac=9552 rssi=-64 rsrp=-108 rsrq=-13 rssnr=0 cqi=NA</cellinfo>
      </extensions>
    </trkpt>
    <trkpt lat="33.374794" lon="126.530046">
      <ele>1535.723157</ele>
      <time>2019-06-05T12:14:08Z</time>
      <extensions>
        <dbm>-104</dbm>
        <cellinfo>mcc=450 mnc=5 ci=32247831 pci=197 tac=9552 rssi=-64 rsrp=-104 rsrq=-18 rssnr=0 cqi=NA</cellinfo>
      </extensions>
    </trkpt>
    <trkpt lat="33.374884" lon="126.530054">
      <ele>1536.477271</ele>
      <time>2019-06-05T12:14:16Z</time>
      <extensions>
        <dbm>-104</dbm>
        <cellinfo>mcc=450 mnc=5 ci=32247831 pci=197 tac=9552 rssi=-63 rsrp=-104 rsrq=-13 rssnr=0 cqi=NA</cellinfo>
      </extensions>
    </trkpt>
    <trkpt lat="33.374970" lon="126.530097">
      <ele>1537.205566</ele>
      <time>2019-06-05T12:14:23Z</time>
      <extensions>
        <dbm>-101</dbm>
        <cellinfo>mcc=450 mnc=5 ci=32247831 pci=197 tac=9552 rssi=-61 rsrp=-101 rsrq=-9 rssnr=0 cqi=NA</cellinfo>
      </extensions>
    </trkpt>
    <trkpt lat="33.375055" lon="126.530149">
      <ele>1538.003516</ele>
      <time>2019-06-05T12:14:31Z</time>
      <extensions>
        <dbm>-109</dbm>
        <cellinfo>mcc=450 mnc=5 ci=32247831 pci=197 tac=9552 rssi=-64 rsrp=-109 rsrq=-11 rssnr=0 cqi=NA</cellinfo>
      </extensions>
    </trkpt>
    <trkpt lat="33.375141" lon="126.530195">
      <ele>1538.364513</ele>
      <time>2019-06-05T12:14:41Z</time>
      <extensions>
        <dbm>-81</dbm>
        <cellinfo>mcc=450 mnc=5 ci=32159747 pci=219 tac=9553 rssi=-55 rsrp=-81 rsrq=-7 rssnr=28 cqi=NA</cellinfo>
      </extensions>
    </trkpt>
    <trkpt lat="33.375234" lon="126.530230">
      <ele>1538.858942</ele>
      <time>2019-06-05T12:14:49Z</time>
      <extensions>
        <dbm>-75</dbm>
        <cellinfo>mcc=450 mnc=5 ci=32159747 pci=219 tac=9553 rssi=-53 rsrp=-75 rsrq=-9 rssnr=28 cqi=NA</cellinfo>
      </extensions>
    </trkpt>
    <trkpt lat="33.375333" lon="126.530246">
      <ele>1539.343029</ele>
      <time>2019-06-05T12:14:58Z</time>
      <extensions>
        <dbm>-101</dbm>
        <cellinfo>mcc=450 mnc=5 ci=32247831 pci=197 tac=9552 rssi=-61 rsrp=-101 rsrq=-9 rssnr=52 cqi=NA</cellinfo>
      </extensions>
    </trkpt>
    <trkpt lat="33.375436" lon="126.530263">
      <ele>1540.073730</ele>
      <time>2019-06-05T12:15:07Z</time>
      <extensions>
        <dbm>-106</dbm>
        <cellinfo>mcc=450 mnc=5 ci=32247831 pci=197 tac=9552 rssi=-63 rsrp=-106 rsrq=-13 rssnr=34 cqi=NA</cellinfo>
      </extensions>
    </trkpt>
    <trkpt lat="33.375531" lon="126.530296">
      <ele>1540.827603</ele>
      <time>2019-06-05T12:15:16Z</time>
      <extensions>
        <dbm>-78</dbm>
        <cellinfo>mcc=450 mnc=5 ci=32159747 pci=219 tac=9553 rssi=-54 rsrp=-78 rsrq=-9 rssnr=188 cqi=NA</cellinfo>
      </extensions>
    </trkpt>
    <trkpt lat="33.375612" lon="126.530349">
      <ele>1541.086548</ele>
      <time>2019-06-05T12:15:23Z</time>
      <extensions>
        <dbm>-80</dbm>
        <cellinfo>mcc=450 mnc=5 ci=32159747 pci=219 tac=9553 rssi=-55 rsrp=-80 rsrq=-9 rssnr=188 cqi=NA</cellinfo>
      </extensions>
    </trkpt>
    <trkpt lat="33.375691" lon="126.530370">
      <ele>1541.235385</ele>
      <time>2019-06-05T12:15:32Z</time>
      <extensions>
        <dbm>-86</dbm>
        <cellinfo>mcc=450 mnc=5 ci=32159747 pci=219 tac=9553 rssi=-55 rsrp=-86 rsrq=-6 rssnr=114 cqi=NA</cellinfo>
      </extensions>
    </trkpt>
    <trkpt lat="33.375776" lon="126.530359">
      <ele>1541.321256</ele>
      <time>2019-06-05T12:15:39Z</time>
      <extensions>
        <dbm>-77</dbm>
        <cellinfo>mcc=450 mnc=5 ci=32159747 pci=219 tac=9553 rssi=-53 rsrp=-77 rsrq=-7 rssnr=144 cqi=NA</cellinfo>
      </extensions>
    </trkpt>
    <trkpt lat="33.375877" lon="126.530329">
      <ele>1541.589417</ele>
      <time>2019-06-05T12:15:47Z</time>
      <extensions>
        <dbm>-85</dbm>
        <cellinfo>mcc=450 mnc=5 ci=32159747 pci=219 tac=9553 rssi=-55 rsrp=-85 rsrq=-6 rssnr=110 cqi=NA</cellinfo>
      </extensions>
    </trkpt>
    <trkpt lat="33.375978" lon="126.530324">
      <ele>1541.589417</ele>
      <time>2019-06-05T12:15:56Z</time>
      <extensions>
        <dbm>-83</dbm>
        <cellinfo>mcc=450 mnc=5 ci=32159747 pci=219 tac=9553 rssi=-55 rsrp=-83 rsrq=-8 rssnr=168 cqi=NA</cellinfo>
      </extensions>
    </trkpt>
    <trkpt lat="33.376076" lon="126.530343">
      <ele>1541.589417</ele>
      <time>2019-06-05T12:16:05Z</time>
      <extensions>
        <dbm>-86</dbm>
        <cellinfo>mcc=450 mnc=5 ci=32159747 pci=219 tac=9553 rssi=-56 rsrp=-86 rsrq=-10 rssnr=168 cqi=NA</cellinfo>
      </extensions>
    </trkpt>
    <trkpt lat="33.376164" lon="126.530386">
      <ele>1541.567261</ele>
      <time>2019-06-05T12:16:17Z</time>
      <extensions>
        <dbm>-73</dbm>
        <cellinfo>mcc=450 mnc=5 ci=32159747 pci=219 tac=9553 rssi=-52 rsrp=-73 rsrq=-10 rssnr=168 cqi=NA</cellinfo>
      </extensions>
    </trkpt>
    <trkpt lat="33.376241" lon="126.530450">
      <ele>1541.206873</ele>
      <time>2019-06-05T12:16:27Z</time>
      <extensions>
        <dbm>-81</dbm>
        <cellinfo>mcc=450 mnc=5 ci=32159747 pci=219 tac=9553 rssi=-56 rsrp=-81 rsrq=-9 rssnr=168 cqi=NA</cellinfo>
      </extensions>
    </trkpt>
    <trkpt lat="33.376307" lon="126.530522">
      <ele>1540.677979</ele>
      <time>2019-06-05T12:16:39Z</time>
      <extensions>
        <dbm>-91</dbm>
        <cellinfo>mcc=450 mnc=5 ci=32159747 pci=219 tac=9553 rssi=-58 rsrp=-91 rsrq=-7 rssnr=142 cqi=NA</cellinfo>
      </extensions>
    </trkpt>
    <trkpt lat="33.376385" lon="126.530586">
      <ele>1539.729602</ele>
      <time>2019-06-05T12:16:50Z</time>
      <extensions>
        <dbm>-84</dbm>
        <cellinfo>mcc=450 mnc=5 ci=32159747 pci=219 tac=9553 rssi=-55 rsrp=-84 rsrq=-7 rssnr=160 cqi=NA</cellinfo>
      </extensions>
    </trkpt>
    <trkpt lat="33.376471" lon="126.530644">
      <ele>1538.586157</ele>
      <time>2019-06-05T12:17:00Z</time>
      <extensions>
        <dbm>-86</dbm>
        <cellinfo>mcc=450 mnc=5 ci=32159747 pci=219 tac=9553 rssi=-57 rsrp=-86 rsrq=-11 rssnr=160 cqi=NA</cellinfo>
      </extensions>
    </trkpt>
    <trkpt lat="33.376569" lon="126.530678">
      <ele>1537.334204</ele>
      <time>2019-06-05T12:17:10Z</time>
      <extensions>
        <dbm>-95</dbm>
        <cellinfo>mcc=450 mnc=5 ci=32159747 pci=219 tac=9553 rssi=-58 rsrp=-95 rsrq=-10 rssnr=106 cqi=NA</cellinfo>
      </extensions>
    </trkpt>
    <trkpt lat="33.376664" lon="126.530696">
      <ele>1535.910083</ele>
      <time>2019-06-05T12:18:55Z</time>
      <extensions>
        <dbm>-75</dbm>
        <cellinfo>mcc=450 mnc=5 ci=32159747 pci=219 tac=9553 rssi=-53 rsrp=-75 rsrq=-9 rssnr=146 cqi=NA</cellinfo>
      </extensions>
    </trkpt>
    <trkpt lat="33.376738" lon="126.530681">
      <ele>1535.910083</ele>
      <time>2019-06-05T12:19:15Z</time>
      <extensions>
        <dbm>-76</dbm>
        <cellinfo>mcc=450 mnc=5 ci=32159747 pci=219 tac=9553 rssi=-53 rsrp=-76 rsrq=-7 rssnr=146 cqi=NA</cellinfo>
      </extensions>
    </trkpt>
    <trkpt lat="33.376791" lon="126.530645">
      <ele>1526.143433</ele>
      <time>2019-06-05T12:22:10Z</time>
      <extensions>
        <pause>start</pause>
        <type>unknown</type>
        <dbm>-80</dbm>
        <cellinfo>mcc=450 mnc=5 ci=32159495 pci=444 tac=9553 rssi=-54 rsrp=-80 rsrq=-7 rssnr=124 cqi=NA</cellinfo>
      </extensions>
    </trkpt>
    <trkpt lat="33.376998" lon="126.530849">
      <ele>1518.440918</ele>
      <time>2019-06-05T12:50:49Z</time>
      <extensions>
        <pause>end</pause>
        <type>auto</type>
        <dbm>-83</dbm>
        <cellinfo>mcc=450 mnc=5 ci=32159747 pci=219 tac=9553 rssi=-56 rsrp=-83 rsrq=-10 rssnr=116 cqi=NA</cellinfo>
      </extensions>
    </trkpt>
    <trkpt lat="33.377073" lon="126.530888">
      <ele>1529.984586</ele>
      <time>2019-06-05T12:50:58Z</time>
      <extensions>
        <dbm>-103</dbm>
        <cellinfo>mcc=450 mnc=5 ci=32159491 pci=444 tac=9553 rssi=-62 rsrp=-103 rsrq=-11 rssnr=116 cqi=NA</cellinfo>
      </extensions>
    </trkpt>
    <trkpt lat="33.377150" lon="126.530934">
      <ele>1527.867310</ele>
      <time>2019-06-05T12:51:08Z</time>
      <extensions>
        <dbm>-82</dbm>
        <cellinfo>mcc=450 mnc=5 ci=32159747 pci=219 tac=9553 rssi=-55 rsrp=-82 rsrq=-8 rssnr=0 cqi=NA</cellinfo>
      </extensions>
    </trkpt>
    <trkpt lat="33.377225" lon="126.530990">
      <ele>1526.468091</ele>
      <time>2019-06-05T12:51:21Z</time>
      <extensions>
        <dbm>-89</dbm>
        <cellinfo>mcc=450 mnc=5 ci=32159747 pci=219 tac=9553 rssi=-57 rsrp=-89 rsrq=-11 rssnr=194 cqi=NA</cellinfo>
      </extensions>
    </trkpt>
    <trkpt lat="33.377310" lon="126.531055">
      <ele>1525.132568</ele>
      <time>2019-06-05T12:51:29Z</time>
      <extensions>
        <dbm>-82</dbm>
        <cellinfo>mcc=450 mnc=5 ci=32159747 pci=219 tac=9553 rssi=-55 rsrp=-82 rsrq=-10 rssnr=194 cqi=NA</cellinfo>
      </extensions>
    </trkpt>
    <trkpt lat="33.377392" lon="126.531124">
      <ele>1523.482397</ele>
      <time>2019-06-05T12:51:37Z</time>
      <extensions>
        <dbm>-83</dbm>
        <cellinfo>mcc=450 mnc=5 ci=32159747 pci=219 tac=9553 rssi=-55 rsrp=-83 rsrq=-8 rssnr=194 cqi=NA</cellinfo>
      </extensions>
    </trkpt>
    <trkpt lat="33.377464" lon="126.531203">
      <ele>1521.698962</ele>
      <time>2019-06-05T12:51:46Z</time>
      <extensions>
        <dbm>-88</dbm>
        <cellinfo>mcc=450 mnc=5 ci=32159747 pci=219 tac=9553 rssi=-57 rsrp=-88 rsrq=-8 rssnr=194 cqi=NA</cellinfo>
      </extensions>
    </trkpt>
    <trkpt lat="33.377539" lon="126.531246">
      <ele>1519.947119</ele>
      <time>2019-06-05T12:51:57Z</time>
      <extensions>
        <dbm>-84</dbm>
        <cellinfo>mcc=450 mnc=5 ci=32159747 pci=219 tac=9553 rssi=-56 rsrp=-84 rsrq=-9 rssnr=194 cqi=NA</cellinfo>
      </extensions>
    </trkpt>
    <trkpt lat="33.377620" lon="126.531269">
      <ele>1518.105786</ele>
      <time>2019-06-05T12:52:09Z</time>
      <extensions>
        <dbm>-92</dbm>
        <cellinfo>mcc=450 mnc=5 ci=32159747 pci=219 tac=9553 rssi=-58 rsrp=-92 rsrq=-10 rssnr=126 cqi=NA</cellinfo>
      </extensions>
    </trkpt>
    <trkpt lat="33.377714" lon="126.531272">
      <ele>1516.154871</ele>
      <time>2019-06-05T12:52:20Z</time>
      <extensions>
        <dbm>-94</dbm>
        <cellinfo>mcc=450 mnc=5 ci=32159747 pci=219 tac=9553 rssi=-59 rsrp=-94 rsrq=-10 rssnr=228 cqi=NA</cellinfo>
      </extensions>
    </trkpt>
    <trkpt lat="33.377806" lon="126.531264">
      <ele>1514.101514</ele>
      <time>2019-06-05T12:52:28Z</time>
      <extensions>
        <dbm>-97</dbm>
        <cellinfo>mcc=450 mnc=5 ci=32159747 pci=219 tac=9553 rssi=-60 rsrp=-97 rsrq=-10 rssnr=98 cqi=NA</cellinfo>
      </extensions>
    </trkpt>
    <trkpt lat="33.377890" lon="126.531238">
      <ele>1511.931799</ele>
      <time>2019-06-05T12:52:38Z</time>
      <extensions>
        <dbm>-89</dbm>
        <cellinfo>mcc=450 mnc=5 ci=32159747 pci=219 tac=9553 rssi=-56 rsrp=-89 rsrq=-7 rssnr=98 cqi=NA</cellinfo>
      </extensions>
    </trkpt>
    <trkpt lat="33.377973" lon="126.531207">
      <ele>1511.164517</ele>
      <time>2019-06-05T12:52:48Z</time>
      <extensions>
        <dbm>-96</dbm>
        <cellinfo>mcc=450 mnc=5 ci=32159747 pci=219 tac=9553 rssi=-59 rsrp=-96 rsrq=-9 rssnr=98 cqi=NA</cellinfo>
      </extensions>
    </trkpt>
    <trkpt lat="33.378054" lon="126.531215">
      <ele>1509.070767</ele>
      <time>2019-06-05T12:52:59Z</time>
      <extensions>
        <dbm>-101</dbm>
        <cellinfo>mcc=450 mnc=5 ci=32159747 pci=219 tac=9553 rssi=-61 rsrp=-101 rsrq=-12 rssnr=98 cqi=NA</cellinfo>
      </extensions>
    </trkpt>
    <trkpt lat="33.378135" lon="126.531225">
      <ele>1507.041548</ele>
      <time>2019-06-05T12:53:10Z</time>
      <extensions>
        <dbm>-102</dbm>
        <cellinfo>mcc=450 mnc=5 ci=32159747 pci=219 tac=9553 rssi=-62 rsrp=-102 rsrq=-14 rssnr=26 cqi=NA</cellinfo>
      </extensions>
    </trkpt>
    <trkpt lat="33.378209" lon="126.531214">
      <ele>1504.832342</ele>
      <time>2019-06-05T12:53:20Z</time>
      <extensions>
        <dbm>-101</dbm>
        <cellinfo>mcc=450 mnc=5 ci=32159747 pci=219 tac=9553 rssi=-60 rsrp=-101 rsrq=-11 rssnr=-72 cqi=NA</cellinfo>
      </extensions>
    </trkpt>
    <trkpt lat="33.378280" lon="126.531211">
      <ele>1503.009277</ele>
      <time>2019-06-05T12:53:27Z</time>
      <extensions>
        <dbm>-105</dbm>
        <cellinfo>mcc=450 mnc=5 ci=32159747 pci=219 tac=9553 rssi=-63 rsrp=-105 rsrq=-16 rssnr=-72 cqi=NA</cellinfo>
      </extensions>
    </trkpt>
    <trkpt lat="33.378338" lon="126.531256">
      <ele>1502.941809</ele>
      <time>2019-06-05T12:53:37Z</time>
      <extensions>
        <dbm>-106</dbm>
        <cellinfo>mcc=450 mnc=5 ci=32159747 pci=219 tac=9553 rssi=-63 rsrp=-106 rsrq=-17 rssnr=-30 cqi=NA</cellinfo>
      </extensions>
    </trkpt>
    <trkpt lat="33.378386" lon="126.531335">
      <ele>1502.129039</ele>
      <time>2019-06-05T12:53:46Z</time>
      <extensions>
        <dbm>-102</dbm>
        <cellinfo>mcc=450 mnc=5 ci=32307487 pci=376 tac=9552 rssi=-62 rsrp=-102 rsrq=-15 rssnr=-38 cqi=NA</cellinfo>
      </extensions>
    </trkpt>
    <trkpt lat="33.378436" lon="126.531410">
      <ele>1501.435730</ele>
      <time>2019-06-05T12:53:53Z</time>
      <extensions>
        <dbm>-101</dbm>
        <cellinfo>mcc=450 mnc=5 ci=32129291 pci=341 tac=9552 rssi=-62 rsrp=-101 rsrq=-17 rssnr=-60 cqi=NA</cellinfo>
      </extensions>
    </trkpt>
    <trkpt lat="33.378500" lon="126.531477">
      <ele>1500.100525</ele>
      <time>2019-06-05T12:54:01Z</time>
      <extensions>
        <dbm>-104</dbm>
        <cellinfo>mcc=450 mnc=5 ci=32159747 pci=219 tac=9553 rssi=-63 rsrp=-104 rsrq=-14 rssnr=-60 cqi=NA</cellinfo>
      </extensions>
    </trkpt>
    <trkpt lat="33.378582" lon="126.531539">
      <ele>1497.984575</ele>
      <time>2019-06-05T12:54:09Z</time>
      <extensions>
        <dbm>-103</dbm>
        <cellinfo>mcc=450 mnc=5 ci=32159747 pci=219 tac=9553 rssi=-63 rsrp=-103 rsrq=-14 rssnr=-60 cqi=NA</cellinfo>
      </extensions>
    </trkpt>
    <trkpt lat="33.378664" lon="126.531604">
      <ele>1496.596657</ele>
      <time>2019-06-05T12:54:17Z</time>
      <extensions>
        <dbm>-101</dbm>
        <cellinfo>mcc=450 mnc=5 ci=32159747 pci=219 tac=9553 rssi=-61 rsrp=-101 rsrq=-11 rssnr=-60 cqi=NA</cellinfo>
      </extensions>
    </trkpt>
    <trkpt lat="33.378748" lon="126.531662">
      <ele>1495.987915</ele>
      <time>2019-06-05T12:54:25Z</time>
      <extensions>
        <dbm>-102</dbm>
        <cellinfo>mcc=450 mnc=5 ci=32159747 pci=219 tac=9553 rssi=-61 rsrp=-102 rsrq=-11 rssnr=58 cqi=NA</cellinfo>
      </extensions>
    </trkpt>
    <trkpt lat="33.378821" lon="126.531731">
      <ele>1494.679118</ele>
      <time>2019-06-05T12:54:32Z</time>
      <extensions>
        <dbm>-99</dbm>
        <cellinfo>mcc=450 mnc=5 ci=32159747 pci=219 tac=9553 rssi=-61 rsrp=-99 rsrq=-11 rssnr=52 cqi=NA</cellinfo>
      </extensions>
    </trkpt>
    <trkpt lat="33.378893" lon="126.531802">
      <ele>1493.385284</ele>
      <time>2019-06-05T12:54:42Z</time>
      <extensions>
        <dbm>-94</dbm>
        <cellinfo>mcc=450 mnc=5 ci=32159747 pci=219 tac=9553 rssi=-58 rsrp=-94 rsrq=-10 rssnr=52 cqi=NA</cellinfo>
      </extensions>
    </trkpt>
    <trkpt lat="33.378965" lon="126.531871">
      <ele>1492.064748</ele>
      <time>2019-06-05T12:54:49Z</time>
      <extensions>
        <dbm>-93</dbm>
        <cellinfo>mcc=450 mnc=5 ci=32159747 pci=219 tac=9553 rssi=-59 rsrp=-93 rsrq=-10 rssnr=52 cqi=NA</cellinfo>
      </extensions>
    </trkpt>
    <trkpt lat="33.379034" lon="126.531947">
      <ele>1490.802287</ele>
      <time>2019-06-05T12:54:56Z</time>
      <extensions>
        <dbm>-93</dbm>
        <cellinfo>mcc=450 mnc=5 ci=32159747 pci=219 tac=9553 rssi=-58 rsrp=-93 rsrq=-9 rssnr=130 cqi=NA</cellinfo>
      </extensions>
    </trkpt>
    <trkpt lat="33.379109" lon="126.532011">
      <ele>1489.564870</ele>
      <time>2019-06-05T12:55:04Z</time>
      <extensions>
        <dbm>-85</dbm>
        <cellinfo>mcc=450 mnc=5 ci=32159747 pci=219 tac=9553 rssi=-56 rsrp=-85 rsrq=-11 rssnr=130 cqi=NA</cellinfo>
      </extensions>
    </trkpt>
    <trkpt lat="33.379184" lon="126.532077">
      <ele>1488.513245</ele>
      <time>2019-06-05T12:55:12Z</time>
      <extensions>
        <dbm>-80</dbm>
        <cellinfo>mcc=450 mnc=5 ci=32159747 pci=219 tac=9553 rssi=-54 rsrp=-80 rsrq=-6 rssnr=130 cqi=NA</cellinfo>
      </extensions>
    </trkpt>
    <trkpt lat="33.379258" lon="126.532151">
      <ele>1486.838235</ele>
      <time>2019-06-05T12:55:18Z</time>
      <extensions>
        <dbm>-85</dbm>
        <cellinfo>mcc=450 mnc=5 ci=32159747 pci=219 tac=9553 rssi=-55 rsrp=-85 rsrq=-6 rssnr=130 cqi=NA</cellinfo>
      </extensions>
    </trkpt>
    <trkpt lat="33.379326" lon="126.532237">
      <ele>1485.673817</ele>
      <time>2019-06-05T12:55:27Z</time>
      <extensions>
        <dbm>-82</dbm>
        <cellinfo>mcc=450 mnc=5 ci=32159747 pci=219 tac=9553 rssi=-54 rsrp=-82 rsrq=-7 rssnr=130 cqi=NA</cellinfo>
      </extensions>
    </trkpt>
    <trkpt lat="33.379398" lon="126.532323">
      <ele>1484.762595</ele>
      <time>2019-06-05T12:55:36Z</time>
      <extensions>
        <dbm>-80</dbm>
        <cellinfo>mcc=450 mnc=5 ci=32159747 pci=219 tac=9553 rssi=-54 rsrp=-80 rsrq=-5 rssnr=130 cqi=NA</cellinfo>
      </extensions>
    </trkpt>
    <trkpt lat="33.379476" lon="126.532395">
      <ele>1483.819846</ele>
      <time>2019-06-05T12:55:44Z</time>
      <extensions>
        <dbm>-84</dbm>
        <cellinfo>mcc=450 mnc=5 ci=32159747 pci=219 tac=9553 rssi=-55 rsrp=-84 rsrq=-9 rssnr=130 cqi=NA</cellinfo>
      </extensions>
    </trkpt>
    <trkpt lat="33.379537" lon="126.532474">
      <ele>1482.379248</ele>
      <time>2019-06-05T12:55:52Z</time>
      <extensions>
        <dbm>-87</dbm>
        <cellinfo>mcc=450 mnc=5 ci=32159747 pci=219 tac=9553 rssi=-57 rsrp=-87 rsrq=-10 rssnr=120 cqi=NA</cellinfo>
      </extensions>
    </trkpt>
    <trkpt lat="33.379586" lon="126.532569">
      <ele>1481.445679</ele>
      <time>2019-06-05T12:56:03Z</time>
      <extensions>
        <dbm>-87</dbm>
        <cellinfo>mcc=450 mnc=5 ci=32159747 pci=219 tac=9553 rssi=-56 rsrp=-87 rsrq=-5 rssnr=186 cqi=NA</cellinfo>
      </extensions>
    </trkpt>
    <trkpt lat="33.379620" lon="126.532676">
      <ele>1480.586121</ele>
      <time>2019-06-05T12:56:12Z</time>
      <extensions>
        <dbm>-83</dbm>
        <cellinfo>mcc=450 mnc=5 ci=32159747 pci=219 tac=9553 rssi=-55 rsrp=-83 rsrq=-7 rssnr=172 cqi=NA</cellinfo>
      </extensions>
    </trkpt>
    <trkpt lat="33.379672" lon="126.532748">
      <ele>1480.586121</ele>
      <time>2019-06-05T12:56:21Z</time>
      <extensions>
        <dbm>-83</dbm>
        <cellinfo>mcc=450 mnc=5 ci=32159747 pci=219 tac=9553 rssi=-54 rsrp=-83 rsrq=-5 rssnr=160 cqi=NA</cellinfo>
      </extensions>
    </trkpt>
    <trkpt lat="33.379730" lon="126.532792">
      <ele>1479.921564</ele>
      <time>2019-06-05T12:56:28Z</time>
      <extensions>
        <dbm>-85</dbm>
        <cellinfo>mcc=450 mnc=5 ci=32159747 pci=219 tac=9553 rssi=-56 rsrp=-85 rsrq=-8 rssnr=6 cqi=NA</cellinfo>
      </extensions>
    </trkpt>
    <trkpt lat="33.379790" lon="126.532835">
      <ele>1478.664173</ele>
      <time>2019-06-05T12:56:34Z</time>
      <extensions>
        <dbm>-86</dbm>
        <cellinfo>mcc=450 mnc=5 ci=32159747 pci=219 tac=9553 rssi=-56 rsrp=-86 rsrq=-7 rssnr=6 cqi=NA</cellinfo>
      </extensions>
    </trkpt>
    <trkpt lat="33.379853" lon="126.532894">
      <ele>1477.251509</ele>
      <time>2019-06-05T12:56:40Z</time>
      <extensions>
        <dbm>-88</dbm>
        <cellinfo>mcc=450 mnc=5 ci=32159747 pci=219 tac=9553 rssi=-56 rsrp=-88 rsrq=-8 rssnr=130 cqi=NA</cellinfo>
      </extensions>
    </trkpt>
    <trkpt lat="33.379920" lon="126.532967">
      <ele>1475.975686</ele>
      <time>2019-06-05T12:56:47Z</time>
      <extensions>
        <dbm>-89</dbm>
        <cellinfo>mcc=450 mnc=5 ci=32159747 pci=219 tac=9553 rssi=-58 rsrp=-89 rsrq=-8 rssnr=130 cqi=NA</cellinfo>
      </extensions>
    </trkpt>
    <trkpt lat="33.380003" lon="126.533018">
      <ele>1474.675404</ele>
      <time>2019-06-05T12:56:56Z</time>
      <extensions>
        <dbm>-84</dbm>
        <cellinfo>mcc=450 mnc=5 ci=32159747 pci=219 tac=9553 rssi=-55 rsrp=-84 rsrq=-6 rssnr=138 cqi=NA</cellinfo>
      </extensions>
    </trkpt>
    <trkpt lat="33.380088" lon="126.533067">
      <ele>1473.357599</ele>
      <time>2019-06-05T12:57:06Z</time>
      <extensions>
        <dbm>-96</dbm>
        <cellinfo>mcc=450 mnc=5 ci=32159747 pci=219 tac=9553 rssi=-59 rsrp=-96 rsrq=-9 rssnr=32 cqi=NA</cellinfo>
      </extensions>
    </trkpt>
    <trkpt lat="33.380172" lon="126.533121">
      <ele>1471.905617</ele>
      <time>2019-06-05T12:57:14Z</time>
      <extensions>
        <dbm>-93</dbm>
        <cellinfo>mcc=450 mnc=5 ci=32159747 pci=219 tac=9553 rssi=-59 rsrp=-93 rsrq=-11 rssnr=32 cqi=NA</cellinfo>
      </extensions>
    </trkpt>
    <trkpt lat="33.380241" lon="126.533200">
      <ele>1470.303766</ele>
      <time>2019-06-05T12:57:22Z</time>
      <extensions>
        <dbm>-94</dbm>
        <cellinfo>mcc=450 mnc=5 ci=32159747 pci=219 tac=9553 rssi=-58 rsrp=-94 rsrq=-9 rssnr=32 cqi=NA</cellinfo>
      </extensions>
    </trkpt>
    <trkpt lat="33.380298" lon="126.533293">
      <ele>1468.379461</ele>
      <time>2019-06-05T12:58:29Z</time>
      <extensions>
        <dbm>-94</dbm>
        <cellinfo>mcc=450 mnc=5 ci=32159747 pci=219 tac=9553 rssi=-59 rsrp=-94 rsrq=-12 rssnr=56 cqi=NA</cellinfo>
      </extensions>
    </trkpt>
    <trkpt lat="33.380360" lon="126.533376">
      <ele>1466.305032</ele>
      <time>2019-06-05T12:58:39Z</time>
      <extensions>
        <dbm>-95</dbm>
        <cellinfo>mcc=450 mnc=5 ci=32159747 pci=219 tac=9553 rssi=-59 rsrp=-95 rsrq=-12 rssnr=32 cqi=NA</cellinfo>
      </extensions>
    </trkpt>
    <trkpt lat="33.380441" lon="126.533430">
      <ele>1464.091408</ele>
      <time>2019-06-05T12:58:48Z</time>
      <extensions>
        <dbm>-93</dbm>
        <cellinfo>mcc=450 mnc=5 ci=32159747 pci=219 tac=9553 rssi=-59 rsrp=-93 rsrq=-12 rssnr=32 cqi=NA</cellinfo>
      </extensions>
    </trkpt>
    <trkpt lat="33.380536" lon="126.533462">
      <ele>1462.049916</ele>
      <time>2019-06-05T12:58:57Z</time>
      <extensions>
        <dbm>-95</dbm>
        <cellinfo>mcc=450 mnc=5 ci=32159747 pci=219 tac=9553 rssi=-59 rsrp=-95 rsrq=-12 rssnr=14 cqi=NA</cellinfo>
      </extensions>
    </trkpt>
    <trkpt lat="33.380594" lon="126.533507">
      <ele>1460.750544</ele>
      <time>2019-06-05T12:59:04Z</time>
      <extensions>
        <dbm>-93</dbm>
        <cellinfo>mcc=450 mnc=5 ci=32159747 pci=219 tac=9553 rssi=-58 rsrp=-93 rsrq=-10 rssnr=14 cqi=NA</cellinfo>
      </extensions>
    </trkpt>
    <trkpt lat="33.380629" lon="126.533566">
      <ele>1459.835653</ele>
      <time>2019-06-05T12:59:11Z</time>
      <extensions>
        <dbm>-87</dbm>
        <cellinfo>mcc=450 mnc=5 ci=32158735 pci=424 tac=9553 rssi=-56 rsrp=-87 rsrq=-8 rssnr=88 cqi=NA</cellinfo>
      </extensions>
    </trkpt>
    <trkpt lat="33.380660" lon="126.533636">
      <ele>1459.482117</ele>
      <time>2019-06-05T12:59:16Z</time>
      <extensions>
        <dbm>-89</dbm>
        <cellinfo>mcc=450 mnc=5 ci=32158735 pci=424 tac=9553 rssi=-57 rsrp=-89 rsrq=-9 rssnr=-80 cqi=NA</cellinfo>
      </extensions>
    </trkpt>
    <trkpt lat="33.380717" lon="126.533694">
      <ele>1457.855235</ele>
      <time>2019-06-05T12:59:24Z</time>
      <extensions>
        <dbm>-91</dbm>
        <cellinfo>mcc=450 mnc=5 ci=32158735 pci=424 tac=9553 rssi=-58 rsrp=-91 rsrq=-9 rssnr=-80 cqi=NA</cellinfo>
      </extensions>
    </trkpt>
    <trkpt lat="33.380785" lon="126.533750">
      <ele>1456.274302</ele>
      <time>2019-06-05T12:59:30Z</time>
      <extensions>
        <dbm>-89</dbm>
        <cellinfo>mcc=450 mnc=5 ci=32158735 pci=424 tac=9553 rssi=-57 rsrp=-89 rsrq=-7 rssnr=62 cqi=NA</cellinfo>
      </extensions>
    </trkpt>
    <trkpt lat="33.380856" lon="126.533794">
      <ele>1454.567088</ele>
      <time>2019-06-05T12:59:39Z</time>
      <extensions>
        <dbm>-87</dbm>
        <cellinfo>mcc=450 mnc=5 ci=32158735 pci=424 tac=9553 rssi=-56 rsrp=-87 rsrq=-6 rssnr=8 cqi=NA</cellinfo>
      </extensions>
    </trkpt>
    <trkpt lat="33.380938" lon="126.533827">
      <ele>1452.921651</ele>
      <time>2019-06-05T12:59:52Z</time>
      <extensions>
        <dbm>-88</dbm>
        <cellinfo>mcc=450 mnc=5 ci=32158735 pci=424 tac=9553 rssi=-58 rsrp=-88 rsrq=-9 rssnr=86 cqi=NA</cellinfo>
      </extensions>
    </trkpt>
    <trkpt lat="33.381031" lon="126.533853">
      <ele>1451.300975</ele>
      <time>2019-06-05T13:00:06Z</time>
      <extensions>
        <dbm>-90</dbm>
        <cellinfo>mcc=450 mnc=5 ci=32158735 pci=424 tac=9553 rssi=-57 rsrp=-90 rsrq=-8 rssnr=68 cqi=NA</cellinfo>
      </extensions>
    </trkpt>
    <trkpt lat="33.381123" lon="126.533888">
      <ele>1449.650014</ele>
      <time>2019-06-05T13:00:17Z</time>
      <extensions>
        <dbm>-92</dbm>
        <cellinfo>mcc=450 mnc=5 ci=32159747 pci=219 tac=9553 rssi=-58 rsrp=-92 rsrq=-9 rssnr=64 cqi=NA</cellinfo>
      </extensions>
    </trkpt>
    <trkpt lat="33.381206" lon="126.533910">
      <ele>1447.028675</ele>
      <time>2019-06-05T13:00:25Z</time>
      <extensions>
        <dbm>-91</dbm>
        <cellinfo>mcc=450 mnc=5 ci=32159747 pci=219 tac=9553 rssi=-58 rsrp=-91 rsrq=-9 rssnr=116 cqi=NA</cellinfo>
      </extensions>
    </trkpt>
    <trkpt lat="33.381278" lon="126.533926">
      <ele>1445.675761</ele>
      <time>2019-06-05T13:00:31Z</time>
      <extensions>
        <dbm>-92</dbm>
        <cellinfo>mcc=450 mnc=5 ci=32158735 pci=424 tac=9553 rssi=-58 rsrp=-92 rsrq=-9 rssnr=14 cqi=NA</cellinfo>
      </extensions>
    </trkpt>
    <trkpt lat="33.381358" lon="126.533915">
      <ele>1443.289551</ele>
      <time>2019-06-05T13:00:36Z</time>
      <extensions>
        <dbm>-93</dbm>
        <cellinfo>mcc=450 mnc=5 ci=32159747 pci=219 tac=9553 rssi=-58 rsrp=-93 rsrq=-10 rssnr=14 cqi=NA</cellinfo>
      </extensions>
    </trkpt>
    <trkpt lat="33.381442" lon="126.533925">
      <ele>1441.154561</ele>
      <time>2019-06-05T13:00:46Z</time>
      <extensions>
        <dbm>-100</dbm>
        <cellinfo>mcc=450 mnc=5 ci=32159747 pci=219 tac=9553 rssi=-61 rsrp=-100 rsrq=-13 rssnr=4 cqi=NA</cellinfo>
      </extensions>
    </trkpt>
    <trkpt lat="33.381535" lon="126.533938">
      <ele>1438.870036</ele>
      <time>2019-06-05T13:00:54Z</time>
      <extensions>
        <dbm>-99</dbm>
        <cellinfo>mcc=450 mnc=5 ci=32159747 pci=219 tac=9553 rssi=-61 rsrp=-99 rsrq=-15 rssnr=4 cqi=NA</cellinfo>
      </extensions>
    </trkpt>
    <trkpt lat="33.381624" lon="126.533982">
      <ele>1436.650177</ele>
      <time>2019-06-05T13:01:02Z</time>
      <extensions>
        <dbm>-98</dbm>
        <cellinfo>mcc=450 mnc=5 ci=32159747 pci=219 tac=9553 rssi=-60 rsrp=-98 rsrq=-12 rssnr=-26 cqi=NA</cellinfo>
      </extensions>
    </trkpt>
    <trkpt lat="33.381711" lon="126.534038">
      <ele>1434.207286</ele>
      <time>2019-06-05T13:01:11Z</time>
      <extensions>
        <dbm>-105</dbm>
        <cellinfo>mcc=450 mnc=5 ci=32159747 pci=219 tac=9553 rssi=-63 rsrp=-105 rsrq=-17 rssnr=-58 cqi=NA</cellinfo>
      </extensions>
    </trkpt>
    <trkpt lat="33.381796" lon="126.534104">
      <ele>1430.126998</ele>
      <time>2019-06-05T13:01:23Z</time>
      <extensions>
        <dbm>-95</dbm>
        <cellinfo>mcc=450 mnc=5 ci=32158735 pci=424 tac=9553 rssi=-59 rsrp=-95 rsrq=-10 rssnr=74 cqi=NA</cellinfo>
      </extensions>
    </trkpt>
    <trkpt lat="33.381859" lon="126.534187">
      <ele>1427.140758</ele>
      <time>2019-06-05T13:01:32Z</time>
      <extensions>
        <dbm>-96</dbm>
        <cellinfo>mcc=450 mnc=5 ci=32158735 pci=424 tac=9553 rssi=-60 rsrp=-96 rsrq=-8 rssnr=74 cqi=NA</cellinfo>
      </extensions>
    </trkpt>
    <trkpt lat="33.381927" lon="126.534256">
      <ele>1425.785461</ele>
      <time>2019-06-05T13:01:45Z</time>
      <extensions>
        <dbm>-92</dbm>
        <cellinfo>mcc=450 mnc=5 ci=32158735 pci=424 tac=9553 rssi=-58 rsrp=-92 rsrq=-11 rssnr=74 cqi=NA</cellinfo>
      </extensions>
    </trkpt>
    <trkpt lat="33.381994" lon="126.534302">
      <ele>1421.174705</ele>
      <time>2019-06-05T13:01:53Z</time>
      <extensions>
        <dbm>-90</dbm>
        <cellinfo>mcc=450 mnc=5 ci=32158735 pci=424 tac=9553 rssi=-57 rsrp=-90 rsrq=-9 rssnr=4 cqi=NA</cellinfo>
      </extensions>
    </trkpt>
    <trkpt lat="33.382085" lon="126.534301">
      <ele>1418.586770</ele>
      <time>2019-06-05T13:02:01Z</time>
      <extensions>
        <dbm>-90</dbm>
        <cellinfo>mcc=450 mnc=5 ci=32158735 pci=424 tac=9553 rssi=-57 rsrp=-90 rsrq=-10 rssnr=-16 cqi=NA</cellinfo>
      </extensions>
    </trkpt>
    <trkpt lat="33.382174" lon="126.534289">
      <ele>1415.794201</ele>
      <time>2019-06-05T13:02:07Z</time>
      <extensions>
        <dbm>-90</dbm>
        <cellinfo>mcc=450 mnc=5 ci=32158735 pci=424 tac=9553 rssi=-57 rsrp=-90 rsrq=-9 rssnr=-16 cqi=NA</cellinfo>
      </extensions>
    </trkpt>
    <trkpt lat="33.382233" lon="126.534321">
      <ele>1413.086359</ele>
      <time>2019-06-05T13:02:18Z</time>
      <extensions>
        <dbm>-94</dbm>
        <cellinfo>mcc=450 mnc=5 ci=32158735 pci=424 tac=9553 rssi=-58 rsrp=-94 rsrq=-10 rssnr=14 cqi=NA</cellinfo>
      </extensions>
    </trkpt>
    <trkpt lat="33.382285" lon="126.534375">
      <ele>1410.366610</ele>
      <time>2019-06-05T13:02:30Z</time>
      <extensions>
        <dbm>-91</dbm>
        <cellinfo>mcc=450 mnc=5 ci=32158735 pci=424 tac=9553 rssi=-57 rsrp=-91 rsrq=-9 rssnr=-6 cqi=NA</cellinfo>
      </extensions>
    </trkpt>
    <trkpt lat="33.382334" lon="126.534431">
      <ele>1407.483376</ele>
      <time>2019-06-05T13:02:41Z</time>
      <extensions>
        <dbm>-95</dbm>
        <cellinfo>mcc=450 mnc=5 ci=32158735 pci=424 tac=9553 rssi=-59 rsrp=-95 rsrq=-11 rssnr=-18 cqi=NA</cellinfo>
      </extensions>
    </trkpt>
    <trkpt lat="33.382415" lon="126.534449">
      <ele>1404.433949</ele>
      <time>2019-06-05T13:02:49Z</time>
      <extensions>
        <dbm>-92</dbm>
        <cellinfo>mcc=450 mnc=5 ci=32158735 pci=424 tac=9553 rssi=-57 rsrp=-92 rsrq=-8 rssnr=-18 cqi=NA</cellinfo>
      </extensions>
    </trkpt>
    <trkpt lat="33.382502" lon="126.534459">
      <ele>1401.590376</ele>
      <time>2019-06-05T13:03:01Z</time>
      <extensions>
        <dbm>-97</dbm>
        <cellinfo>mcc=450 mnc=5 ci=32158735 pci=424 tac=9553 rssi=-59 rsrp=-97 rsrq=-9 rssnr=-18 cqi=NA</cellinfo>
      </extensions>
    </trkpt>
    <trkpt lat="33.382582" lon="126.534498">
      <ele>1398.942083</ele>
      <time>2019-06-05T13:03:13Z</time>
      <extensions>
        <dbm>-99</dbm>
        <cellinfo>mcc=450 mnc=5 ci=32158735 pci=424 tac=9553 rssi=-60 rsrp=-99 rsrq=-11 rssnr=-18 cqi=NA</cellinfo>
      </extensions>
    </trkpt>
    <trkpt lat="33.382661" lon="126.534552">
      <ele>1395.970226</ele>
      <time>2019-06-05T13:03:22Z</time>
      <extensions>
        <dbm>-97</dbm>
        <cellinfo>mcc=450 mnc=5 ci=32158735 pci=424 tac=9553 rssi=-59 rsrp=-97 rsrq=-11 rssnr=34 cqi=NA</cellinfo>
      </extensions>
    </trkpt>
    <trkpt lat="33.382744" lon="126.534602">
      <ele>1392.702337</ele>
      <time>2019-06-05T13:03:32Z</time>
      <extensions>
        <dbm>-96</dbm>
        <cellinfo>mcc=450 mnc=5 ci=32158735 pci=424 tac=9553 rssi=-59 rsrp=-96 rsrq=-9 rssnr=6 cqi=NA</cellinfo>
      </extensions>
    </trkpt>
    <trkpt lat="33.382836" lon="126.534620">
      <ele>1389.315641</ele>
      <time>2019-06-05T13:03:44Z</time>
      <extensions>
        <dbm>-100</dbm>
        <cellinfo>mcc=450 mnc=5 ci=32158735 pci=424 tac=9553 rssi=-60 rsrp=-100 rsrq=-10 rssnr=6 cqi=NA</cellinfo>
      </extensions>
    </trkpt>
    <trkpt lat="33.382919" lon="126.534651">
      <ele>1385.737493</ele>
      <time>2019-06-05T13:03:55Z</time>
      <extensions>
        <dbm>-101</dbm>
        <cellinfo>mcc=450 mnc=5 ci=32158735 pci=424 tac=9553 rssi=-60 rsrp=-101 rsrq=-9 rssnr=14 cqi=NA</cellinfo>
      </extensions>
    </trkpt>
    <trkpt lat="33.382997" lon="126.534701">
      <ele>1382.778675</ele>
      <time>2019-06-05T13:04:04Z</time>
      <extensions>
        <dbm>-103</dbm>
        <cellinfo>mcc=450 mnc=5 ci=32158735 pci=424 tac=9553 rssi=-61 rsrp=-103 rsrq=-10 rssnr=56 cqi=NA</cellinfo>
      </extensions>
    </trkpt>
    <trkpt lat="33.383059" lon="126.534784">
      <ele>1379.730680</ele>
      <time>2019-06-05T13:04:15Z</time>
      <extensions>
        <dbm>-104</dbm>
        <cellinfo>mcc=450 mnc=5 ci=32158735 pci=424 tac=9553 rssi=-61 rsrp=-104 rsrq=-13 rssnr=-2 cqi=NA</cellinfo>
      </extensions>
    </trkpt>
    <trkpt lat="33.383134" lon="126.534831">
      <ele>1376.704623</ele>
      <time>2019-06-05T13:04:28Z</time>
      <extensions>
        <dbm>-100</dbm>
        <cellinfo>mcc=450 mnc=5 ci=32158735 pci=424 tac=9553 rssi=-60 rsrp=-100 rsrq=-10 rssnr=38 cqi=NA</cellinfo>
      </extensions>
    </trkpt>
    <trkpt lat="33.383213" lon="126.534853">
      <ele>1374.055553</ele>
      <time>2019-06-05T13:04:35Z</time>
      <extensions>
        <dbm>-104</dbm>
        <cellinfo>mcc=450 mnc=5 ci=32158735 pci=424 tac=9553 rssi=-62 rsrp=-104 rsrq=-13 rssnr=38 cqi=NA</cellinfo>
      </extensions>
    </trkpt>
    <trkpt lat="33.383312" lon="126.534852">
      <ele>1371.493242</ele>
      <time>2019-06-05T13:04:43Z</time>
      <extensions>
        <dbm>-107</dbm>
        <cellinfo>mcc=450 mnc=5 ci=32158735 pci=424 tac=9553 rssi=-63 rsrp=-107 rsrq=-16 rssnr=-64 cqi=NA</cellinfo>
      </extensions>
    </trkpt>
    <trkpt lat="33.383404" lon="126.534879">
      <ele>1368.793013</ele>
      <time>2019-06-05T13:04:54Z</time>
      <extensions>
        <dbm>-104</dbm>
        <cellinfo>mcc=450 mnc=5 ci=32159747 pci=219 tac=9553 rssi=-62 rsrp=-104 rsrq=-13 rssnr=-4 cqi=NA</cellinfo>
      </extensions>
    </trkpt>
    <trkpt lat="33.383493" lon="126.534929">
      <ele>1368.793013</ele>
      <time>2019-06-05T13:05:06Z</time>
      <extensions>
        <dbm>-100</dbm>
        <cellinfo>mcc=450 mnc=5 ci=32159747 pci=219 tac=9553 rssi=-60 rsrp=-100 rsrq=-9 rssnr=-4 cqi=NA</cellinfo>
      </extensions>
    </trkpt>
    <trkpt lat="33.383562" lon="126.534987">
      <ele>1365.993408</ele>
      <time>2019-06-05T13:05:19Z</time>
      <extensions>
        <dbm>-108</dbm>
        <cellinfo>mcc=450 mnc=5 ci=32158735 pci=424 tac=9553 rssi=-64 rsrp=-108 rsrq=-16 rssnr=-4 cqi=NA</cellinfo>
      </extensions>
    </trkpt>
    <trkpt lat="33.383633" lon="126.535039">
      <ele>1363.626443</ele>
      <time>2019-06-05T13:05:26Z</time>
      <extensions>
        <dbm>-102</dbm>
        <cellinfo>mcc=450 mnc=5 ci=32158735 pci=424 tac=9553 rssi=-61 rsrp=-102 rsrq=-11 rssnr=-4 cqi=NA</cellinfo>
      </extensions>
    </trkpt>
    <trkpt lat="33.383702" lon="126.535077">
      <ele>1361.451782</ele>
      <time>2019-06-05T13:05:34Z</time>
      <extensions>
        <dbm>-104</dbm>
        <cellinfo>mcc=450 mnc=5 ci=32158735 pci=424 tac=9553 rssi=-62 rsrp=-104 rsrq=-12 rssnr=-4 cqi=NA</cellinfo>
      </extensions>
    </trkpt>
    <trkpt lat="33.383782" lon="126.535117">
      <ele>1359.189031</ele>
      <time>2019-06-05T13:05:42Z</time>
      <extensions>
        <dbm>-104</dbm>
        <cellinfo>mcc=450 mnc=5 ci=32158735 pci=424 tac=9553 rssi=-61 rsrp=-104 rsrq=-10 rssnr=-4 cqi=NA</cellinfo>
      </extensions>
    </trkpt>
    <trkpt lat="33.383860" lon="126.535164">
      <ele>1357.217030</ele>
      <time>2019-06-05T13:05:51Z</time>
      <extensions>
        <dbm>-101</dbm>
        <cellinfo>mcc=450 mnc=5 ci=32158735 pci=424 tac=9553 rssi=-60 rsrp=-101 rsrq=-10 rssnr=-4 cqi=NA</cellinfo>
      </extensions>
    </trkpt>
    <trkpt lat="33.383935" lon="126.535226">
      <ele>1355.204368</ele>
      <time>2019-06-05T13:06:00Z</time>
      <extensions>
        <dbm>-104</dbm>
        <cellinfo>mcc=450 mnc=5 ci=32158735 pci=424 tac=9553 rssi=-61 rsrp=-104 rsrq=-10 rssnr=-4 cqi=NA</cellinfo>
      </extensions>
    </trkpt>
    <trkpt lat="33.384001" lon="126.535301">
      <ele>1353.306607</ele>
      <time>2019-06-05T13:06:08Z</time>
      <extensions>
        <dbm>-101</dbm>
        <cellinfo>mcc=450 mnc=5 ci=32158735 pci=424 tac=9553 rssi=-60 rsrp=-101 rsrq=-9 rssnr=-4 cqi=NA</cellinfo>
      </extensions>
    </trkpt>
    <trkpt lat="33.384046" lon="126.535398">
      <ele>1349.631458</ele>
      <time>2019-06-05T13:06:18Z</time>
      <extensions>
        <dbm>-104</dbm>
        <cellinfo>mcc=450 mnc=5 ci=32158735 pci=424 tac=9553 rssi=-62 rsrp=-104 rsrq=-12 rssnr=-4 cqi=NA</cellinfo>
      </extensions>
    </trkpt>
    <trkpt lat="33.384088" lon="126.535500">
      <ele>1347.038208</ele>
      <time>2019-06-05T13:06:27Z</time>
      <extensions>
        <dbm>-105</dbm>
        <cellinfo>mcc=450 mnc=5 ci=32158735 pci=424 tac=9553 rssi=-62 rsrp=-105 rsrq=-11 rssnr=-4 cqi=NA</cellinfo>
      </extensions>
    </trkpt>
    <trkpt lat="33.384142" lon="126.535590">
      <ele>1345.781971</ele>
      <time>2019-06-05T13:06:36Z</time>
      <extensions>
        <dbm>-102</dbm>
        <cellinfo>mcc=450 mnc=5 ci=32158735 pci=424 tac=9553 rssi=-61 rsrp=-102 rsrq=-9 rssnr=-4 cqi=NA</cellinfo>
      </extensions>
    </trkpt>
    <trkpt lat="33.384219" lon="126.535639">
      <ele>1343.517833</ele>
      <time>2019-06-05T13:06:46Z</time>
      <extensions>
        <dbm>-102</dbm>
        <cellinfo>mcc=450 mnc=5 ci=32158735 pci=424 tac=9553 rssi=-61 rsrp=-102 rsrq=-10 rssnr=-4 cqi=NA</cellinfo>
      </extensions>
    </trkpt>
    <trkpt lat="33.384297" lon="126.535672">
      <ele>1343.517833</ele>
      <time>2019-06-05T13:06:54Z</time>
      <extensions>
        <dbm>-97</dbm>
        <cellinfo>mcc=450 mnc=5 ci=32158735 pci=424 tac=9553 rssi=-59 rsrp=-97 rsrq=-7 rssnr=84 cqi=NA</cellinfo>
      </extensions>
    </trkpt>
    <trkpt lat="33.384368" lon="126.535676">
      <ele>1341.545688</ele>
      <time>2019-06-05T13:07:01Z</time>
      <extensions>
        <dbm>-103</dbm>
        <cellinfo>mcc=450 mnc=5 ci=32158735 pci=424 tac=9553 rssi=-62 rsrp=-103 rsrq=-15 rssnr=82 cqi=NA</cellinfo>
      </extensions>
    </trkpt>
    <trkpt lat="33.384438" lon="126.535701">
      <ele>1339.616011</ele>
      <time>2019-06-05T13:07:12Z</time>
      <extensions>
        <dbm>-98</dbm>
        <cellinfo>mcc=450 mnc=5 ci=32159747 pci=219 tac=9553 rssi=-59 rsrp=-98 rsrq=-7 rssnr=42 cqi=NA</cellinfo>
      </extensions>
    </trkpt>
    <trkpt lat="33.384504" lon="126.535747">
      <ele>1337.844205</ele>
      <time>2019-06-05T13:07:20Z</time>
      <extensions>
        <dbm>-101</dbm>
        <cellinfo>mcc=450 mnc=5 ci=32159747 pci=219 tac=9553 rssi=-60 rsrp=-101 rsrq=-8 rssnr=58 cqi=NA</cellinfo>
      </extensions>
    </trkpt>
    <trkpt lat="33.384553" lon="126.535840">
      <ele>1336.234397</ele>
      <time>2019-06-05T13:07:28Z</time>
      <extensions>
        <dbm>-102</dbm>
        <cellinfo>mcc=450 mnc=5 ci=32159747 pci=219 tac=9553 rssi=-61 rsrp=-102 rsrq=-11 rssnr=90 cqi=NA</cellinfo>
      </extensions>
    </trkpt>
    <trkpt lat="33.384603" lon="126.535924">
      <ele>1334.465876</ele>
      <time>2019-06-05T13:07:38Z</time>
      <extensions>
        <dbm>-100</dbm>
        <cellinfo>mcc=450 mnc=5 ci=32159747 pci=219 tac=9553 rssi=-60 rsrp=-100 rsrq=-11 rssnr=54 cqi=NA</cellinfo>
      </extensions>
    </trkpt>
    <trkpt lat="33.384659" lon="126.535994">
      <ele>1333.733897</ele>
      <time>2019-06-05T13:07:47Z</time>
      <extensions>
        <dbm>-104</dbm>
        <cellinfo>mcc=450 mnc=5 ci=32159747 pci=219 tac=9553 rssi=-61 rsrp=-104 rsrq=-11 rssnr=38 cqi=NA</cellinfo>
      </extensions>
    </trkpt>
    <trkpt lat="33.384741" lon="126.536040">
      <ele>1331.901377</ele>
      <time>2019-06-05T13:07:54Z</time>
      <extensions>
        <dbm>-101</dbm>
        <cellinfo>mcc=450 mnc=5 ci=32159747 pci=219 tac=9553 rssi=-60 rsrp=-101 rsrq=-9 rssnr=44 cqi=NA</cellinfo>
      </extensions>
    </trkpt>
    <trkpt lat="33.384827" lon="126.536076">
      <ele>1329.913269</ele>
      <time>2019-06-05T13:08:01Z</time>
      <extensions>
        <dbm>-101</dbm>
        <cellinfo>mcc=450 mnc=5 ci=32159747 pci=219 tac=9553 rssi=-60 rsrp=-101 rsrq=-10 rssnr=44 cqi=NA</cellinfo>
      </extensions>
    </trkpt>
    <trkpt lat="33.384916" lon="126.536112">
      <ele>1327.837025</ele>
      <time>2019-06-05T13:08:10Z</time>
      <extensions>
        <dbm>-101</dbm>
        <cellinfo>mcc=450 mnc=5 ci=32159747 pci=219 tac=9553 rssi=-60 rsrp=-101 rsrq=-10 rssnr=30 cqi=NA</cellinfo>
      </extensions>
    </trkpt>
    <trkpt lat="33.384989" lon="126.536169">
      <ele>1326.356645</ele>
      <time>2019-06-05T13:08:20Z</time>
      <extensions>
        <dbm>-101</dbm>
        <cellinfo>mcc=450 mnc=5 ci=32159747 pci=219 tac=9553 rssi=-60 rsrp=-101 rsrq=-10 rssnr=30 cqi=NA</cellinfo>
      </extensions>
    </trkpt>
    <trkpt lat="33.385060" lon="126.536229">
      <ele>1324.612238</ele>
      <time>2019-06-05T13:08:32Z</time>
      <extensions>
        <dbm>-103</dbm>
        <cellinfo>mcc=450 mnc=5 ci=32159747 pci=219 tac=9553 rssi=-61 rsrp=-103 rsrq=-10 rssnr=30 cqi=NA</cellinfo>
      </extensions>
    </trkpt>
    <trkpt lat="33.385126" lon="126.536277">
      <ele>1324.612238</ele>
      <time>2019-06-05T13:08:41Z</time>
      <extensions>
        <dbm>-104</dbm>
        <cellinfo>mcc=450 mnc=5 ci=32159747 pci=219 tac=9553 rssi=-62 rsrp=-104 rsrq=-12 rssnr=30 cqi=NA</cellinfo>
      </extensions>
    </trkpt>
    <trkpt lat="33.385196" lon="126.536306">
      <ele>1323.646220</ele>
      <time>2019-06-05T13:08:48Z</time>
      <extensions>
        <dbm>-106</dbm>
        <cellinfo>mcc=450 mnc=5 ci=32158735 pci=424 tac=9553 rssi=-62 rsrp=-106 rsrq=-10 rssnr=30 cqi=NA</cellinfo>
      </extensions>
    </trkpt>
    <trkpt lat="33.385263" lon="126.536327">
      <ele>1321.970520</ele>
      <time>2019-06-05T13:08:56Z</time>
      <extensions>
        <dbm>-96</dbm>
        <cellinfo>mcc=450 mnc=5 ci=32158735 pci=424 tac=9553 rssi=-59 rsrp=-96 rsrq=-9 rssnr=20 cqi=NA</cellinfo>
      </extensions>
    </trkpt>
    <trkpt lat="33.385328" lon="126.536347">
      <ele>1320.787181</ele>
      <time>2019-06-05T13:09:04Z</time>
      <extensions>
        <dbm>-104</dbm>
        <cellinfo>mcc=450 mnc=5 ci=32158735 pci=424 tac=9553 rssi=-61 rsrp=-104 rsrq=-12 rssnr=20 cqi=NA</cellinfo>
      </extensions>
    </trkpt>
    <trkpt lat="33.385389" lon="126.536372">
      <ele>1320.078576</ele>
      <time>2019-06-05T13:09:10Z</time>
      <extensions>
        <dbm>-102</dbm>
        <cellinfo>mcc=450 mnc=5 ci=32159747 pci=219 tac=9553 rssi=-61 rsrp=-102 rsrq=-12 rssnr=-24 cqi=NA</cellinfo>
      </extensions>
    </trkpt>
    <trkpt lat="33.385443" lon="126.536424">
      <ele>1318.266414</ele>
      <time>2019-06-05T13:09:16Z</time>
      <extensions>
        <dbm>-102</dbm>
        <cellinfo>mcc=450 mnc=5 ci=32159747 pci=219 tac=9553 rssi=-61 rsrp=-102 rsrq=-12 rssnr=-24 cqi=NA</cellinfo>
      </extensions>
    </trkpt>
    <trkpt lat="33.385490" lon="126.536504">
      <ele>1316.606586</ele>
      <time>2019-06-05T13:09:24Z</time>
      <extensions>
        <dbm>-102</dbm>
        <cellinfo>mcc=450 mnc=5 ci=32159747 pci=219 tac=9553 rssi=-61 rsrp=-102 rsrq=-11 rssnr=-22 cqi=NA</cellinfo>
      </extensions>
    </trkpt>
    <trkpt lat="33.385537" lon="126.536598">
      <ele>1315.096529</ele>
      <time>2019-06-05T13:09:34Z</time>
      <extensions>
        <dbm>-98</dbm>
        <cellinfo>mcc=450 mnc=5 ci=32159747 pci=219 tac=9553 rssi=-59 rsrp=-98 rsrq=-8 rssnr=-22 cqi=NA</cellinfo>
      </extensions>
    </trkpt>
    <trkpt lat="33.385592" lon="126.536662">
      <ele>1313.628240</ele>
      <time>2019-06-05T13:09:44Z</time>
      <extensions>
        <dbm>-105</dbm>
        <cellinfo>mcc=450 mnc=5 ci=32159747 pci=219 tac=9553 rssi=-62 rsrp=-105 rsrq=-12 rssnr=20 cqi=NA</cellinfo>
      </extensions>
    </trkpt>
    <trkpt lat="33.385666" lon="126.536690">
      <ele>1312.310913</ele>
      <time>2019-06-05T13:09:52Z</time>
      <extensions>
        <dbm>-105</dbm>
        <cellinfo>mcc=450 mnc=5 ci=32159747 pci=219 tac=9553 rssi=-62 rsrp=-105 rsrq=-12 rssnr=20 cqi=NA</cellinfo>
      </extensions>
    </trkpt>
    <trkpt lat="33.385758" lon="126.536697">
      <ele>1311.029072</ele>
      <time>2019-06-05T13:10:02Z</time>
      <extensions>
        <dbm>-101</dbm>
        <cellinfo>mcc=450 mnc=5 ci=32159747 pci=219 tac=9553 rssi=-60 rsrp=-101 rsrq=-10 rssnr=38 cqi=NA</cellinfo>
      </extensions>
    </trkpt>
    <trkpt lat="33.385837" lon="126.536739">
      <ele>1308.890991</ele>
      <time>2019-06-05T13:10:13Z</time>
      <extensions>
        <dbm>-105</dbm>
        <cellinfo>mcc=450 mnc=5 ci=32159747 pci=219 tac=9553 rssi=-62 rsrp=-105 rsrq=-14 rssnr=6 cqi=NA</cellinfo>
      </extensions>
    </trkpt>
    <trkpt lat="33.385908" lon="126.536797">
      <ele>1308.890991</ele>
      <time>2019-06-05T13:10:32Z</time>
      <extensions>
        <dbm>-103</dbm>
        <cellinfo>mcc=450 mnc=5 ci=32159747 pci=219 tac=9553 rssi=-61 rsrp=-103 rsrq=-11 rssnr=6 cqi=NA</cellinfo>
      </extensions>
    </trkpt>
    <trkpt lat="33.385968" lon="126.536852">
      <ele>1308.210872</ele>
      <time>2019-06-05T13:10:41Z</time>
      <extensions>
        <dbm>-101</dbm>
        <cellinfo>mcc=450 mnc=5 ci=32159759 pci=425 tac=9553 rssi=-61 rsrp=-101 rsrq=-11 rssnr=6 cqi=NA</cellinfo>
      </extensions>
    </trkpt>
    <trkpt lat="33.386038" lon="126.536885">
      <ele>1306.594896</ele>
      <time>2019-06-05T13:10:48Z</time>
      <extensions>
        <dbm>-106</dbm>
        <cellinfo>mcc=450 mnc=5 ci=32159759 pci=425 tac=9553 rssi=-62 rsrp=-106 rsrq=-12 rssnr=28 cqi=NA</cellinfo>
      </extensions>
    </trkpt>
    <trkpt lat="33.386114" lon="126.536908">
      <ele>1304.973839</ele>
      <time>2019-06-05T13:10:56Z</time>
      <extensions>
        <dbm>-104</dbm>
        <cellinfo>mcc=450 mnc=5 ci=32159759 pci=425 tac=9553 rssi=-62 rsrp=-104 rsrq=-13 rssnr=-14 cqi=NA</cellinfo>
      </extensions>
    </trkpt>
    <trkpt lat="33.386194" lon="126.536944">
      <ele>1303.239042</ele>
      <time>2019-06-05T13:11:06Z</time>
      <extensions>
        <dbm>-99</dbm>
        <cellinfo>mcc=450 mnc=5 ci=32159759 pci=425 tac=9553 rssi=-60 rsrp=-99 rsrq=-11 rssnr=46 cqi=NA</cellinfo>
      </extensions>
    </trkpt>
    <trkpt lat="33.386274" lon="126.536995">
      <ele>1301.576416</ele>
      <time>2019-06-05T13:11:16Z</time>
      <extensions>
        <dbm>-94</dbm>
        <cellinfo>mcc=450 mnc=5 ci=32159759 pci=425 tac=9553 rssi=-58 rsrp=-94 rsrq=-8 rssnr=20 cqi=NA</cellinfo>
      </extensions>
    </trkpt>
    <trkpt lat="33.386342" lon="126.537020">
      <ele>1301.090341</ele>
      <time>2019-06-05T13:11:28Z</time>
      <extensions>
        <dbm>-101</dbm>
        <cellinfo>mcc=450 mnc=5 ci=32159759 pci=425 tac=9553 rssi=-61 rsrp=-101 rsrq=-13 rssnr=14 cqi=NA</cellinfo>
      </extensions>
    </trkpt>
    <trkpt lat="33.386411" lon="126.537023">
      <ele>1300.517771</ele>
      <time>2019-06-05T13:11:36Z</time>
      <extensions>
        <dbm>-100</dbm>
        <cellinfo>mcc=450 mnc=5 ci=32159251 pci=137 tac=9553 rssi=-61 rsrp=-100 rsrq=-12 rssnr=-8 cqi=NA</cellinfo>
      </extensions>
    </trkpt>
    <trkpt lat="33.386476" lon="126.536996">
      <ele>1300.517771</ele>
      <time>2019-06-05T13:11:44Z</time>
      <extensions>
        <dbm>-100</dbm>
        <cellinfo>mcc=450 mnc=5 ci=32159759 pci=425 tac=9553 rssi=-61 rsrp=-100 rsrq=-12 rssnr=-10 cqi=NA</cellinfo>
      </extensions>
    </trkpt>
    <trkpt lat="33.386539" lon="126.537009">
      <ele>1298.693827</ele>
      <time>2019-06-05T13:11:55Z</time>
      <extensions>
        <dbm>-99</dbm>
        <cellinfo>mcc=450 mnc=5 ci=32159251 pci=137 tac=9553 rssi=-60 rsrp=-99 rsrq=-11 rssnr=-16 cqi=NA</cellinfo>
      </extensions>
    </trkpt>
    <trkpt lat="33.386604" lon="126.537041">
      <ele>1296.715892</ele>
      <time>2019-06-05T13:12:05Z</time>
      <extensions>
        <dbm>-93</dbm>
        <cellinfo>mcc=450 mnc=5 ci=32159759 pci=425 tac=9553 rssi=-58 rsrp=-93 rsrq=-8 rssnr=-14 cqi=NA</cellinfo>
      </extensions>
    </trkpt>
    <trkpt lat="33.386676" lon="126.537096">
      <ele>1294.803396</ele>
      <time>2019-06-05T13:12:13Z</time>
      <extensions>
        <dbm>-92</dbm>
        <cellinfo>mcc=450 mnc=5 ci=32159759 pci=425 tac=9553 rssi=-57 rsrp=-92 rsrq=-7 rssnr=38 cqi=NA</cellinfo>
      </extensions>
    </trkpt>
    <trkpt lat="33.386763" lon="126.537133">
      <ele>1291.814735</ele>
      <time>2019-06-05T13:12:21Z</time>
      <extensions>
        <dbm>-96</dbm>
        <cellinfo>mcc=450 mnc=5 ci=32159759 pci=425 tac=9553 rssi=-59 rsrp=-96 rsrq=-10 rssnr=38 cqi=NA</cellinfo>
      </extensions>
    </trkpt>
    <trkpt lat="33.386853" lon="126.537158">
      <ele>1289.826425</ele>
      <time>2019-06-05T13:12:31Z</time>
      <extensions>
        <dbm>-98</dbm>
        <cellinfo>mcc=450 mnc=5 ci=32159759 pci=425 tac=9553 rssi=-59 rsrp=-98 rsrq=-8 rssnr=38 cqi=NA</cellinfo>
      </extensions>
    </trkpt>
    <trkpt lat="33.386942" lon="126.537161">
      <ele>1287.700731</ele>
      <time>2019-06-05T13:12:40Z</time>
      <extensions>
        <dbm>-97</dbm>
        <cellinfo>mcc=450 mnc=5 ci=32159759 pci=425 tac=9553 rssi=-59 rsrp=-97 rsrq=-9 rssnr=38 cqi=NA</cellinfo>
      </extensions>
    </trkpt>
    <trkpt lat="33.387014" lon="126.537199">
      <ele>1285.642400</ele>
      <time>2019-06-05T13:12:53Z</time>
      <extensions>
        <dbm>-101</dbm>
        <cellinfo>mcc=450 mnc=5 ci=32159759 pci=425 tac=9553 rssi=-60 rsrp=-101 rsrq=-7 rssnr=108 cqi=NA</cellinfo>
      </extensions>
    </trkpt>
    <trkpt lat="33.387089" lon="126.537230">
      <ele>1283.470393</ele>
      <time>2019-06-05T13:13:04Z</time>
      <extensions>
        <dbm>-93</dbm>
        <cellinfo>mcc=450 mnc=5 ci=32159759 pci=425 tac=9553 rssi=-58 rsrp=-93 rsrq=-8 rssnr=92 cqi=NA</cellinfo>
      </extensions>
    </trkpt>
    <trkpt lat="33.387160" lon="126.537254">
      <ele>1281.533936</ele>
      <time>2019-06-05T13:13:12Z</time>
      <extensions>
        <dbm>-96</dbm>
        <cellinfo>mcc=450 mnc=5 ci=32159759 pci=425 tac=9553 rssi=-59 rsrp=-96 rsrq=-10 rssnr=108 cqi=NA</cellinfo>
      </extensions>
    </trkpt>
    <trkpt lat="33.387239" lon="126.537218">
      <ele>1279.469088</ele>
      <time>2019-06-05T13:13:22Z</time>
      <extensions>
        <dbm>-91</dbm>
        <cellinfo>mcc=450 mnc=5 ci=32159759 pci=425 tac=9553 rssi=-57 rsrp=-91 rsrq=-7 rssnr=128 cqi=NA</cellinfo>
      </extensions>
    </trkpt>
    <trkpt lat="33.387307" lon="126.537207">
      <ele>1277.185857</ele>
      <time>2019-06-05T13:13:30Z</time>
      <extensions>
        <dbm>-103</dbm>
        <cellinfo>mcc=450 mnc=5 ci=32159759 pci=425 tac=9553 rssi=-61 rsrp=-103 rsrq=-12 rssnr=4 cqi=NA</cellinfo>
      </extensions>
    </trkpt>
    <trkpt lat="33.387380" lon="126.537230">
      <ele>1274.594473</ele>
      <time>2019-06-05T13:13:47Z</time>
      <extensions>
        <dbm>-99</dbm>
        <cellinfo>mcc=450 mnc=5 ci=32159759 pci=425 tac=9553 rssi=-60 rsrp=-99 rsrq=-9 rssnr=38 cqi=NA</cellinfo>
      </extensions>
    </trkpt>
    <trkpt lat="33.387465" lon="126.537272">
      <ele>1272.252366</ele>
      <time>2019-06-05T13:13:59Z</time>
      <extensions>
        <dbm>-103</dbm>
        <cellinfo>mcc=450 mnc=5 ci=32159759 pci=425 tac=9553 rssi=-61 rsrp=-103 rsrq=-12 rssnr=110 cqi=NA</cellinfo>
      </extensions>
    </trkpt>
    <trkpt lat="33.387562" lon="126.537296">
      <ele>1269.442834</ele>
      <time>2019-06-05T13:14:07Z</time>
      <extensions>
        <dbm>-99</dbm>
        <cellinfo>mcc=450 mnc=5 ci=32159759 pci=425 tac=9553 rssi=-59 rsrp=-99 rsrq=-9 rssnr=110 cqi=NA</cellinfo>
      </extensions>
    </trkpt>
    <trkpt lat="33.387663" lon="126.537308">
      <ele>1265.340688</ele>
      <time>2019-06-05T13:14:17Z</time>
      <extensions>
        <dbm>-96</dbm>
        <cellinfo>mcc=450 mnc=5 ci=32159759 pci=425 tac=9553 rssi=-58 rsrp=-96 rsrq=-7 rssnr=110 cqi=NA</cellinfo>
      </extensions>
    </trkpt>
    <trkpt lat="33.387754" lon="126.537340">
      <ele>1262.453715</ele>
      <time>2019-06-05T13:14:29Z</time>
      <extensions>
        <dbm>-100</dbm>
        <cellinfo>mcc=450 mnc=5 ci=32159759 pci=425 tac=9553 rssi=-60 rsrp=-100 rsrq=-9 rssnr=22 cqi=NA</cellinfo>
      </extensions>
    </trkpt>
    <trkpt lat="33.387837" lon="126.537384">
      <ele>1259.402242</ele>
      <time>2019-06-05T13:14:43Z</time>
      <extensions>
        <dbm>-96</dbm>
        <cellinfo>mcc=450 mnc=5 ci=32159759 pci=425 tac=9553 rssi=-58 rsrp=-96 rsrq=-8 rssnr=98 cqi=NA</cellinfo>
      </extensions>
    </trkpt>
    <trkpt lat="33.387922" lon="126.537416">
      <ele>1256.757833</ele>
      <time>2019-06-05T13:14:54Z</time>
      <extensions>
        <dbm>-95</dbm>
        <cellinfo>mcc=450 mnc=5 ci=32159759 pci=425 tac=9553 rssi=-58 rsrp=-95 rsrq=-8 rssnr=114 cqi=NA</cellinfo>
      </extensions>
    </trkpt>
    <trkpt lat="33.388011" lon="126.537426">
      <ele>1253.983429</ele>
      <time>2019-06-05T13:15:04Z</time>
      <extensions>
        <dbm>-95</dbm>
        <cellinfo>mcc=450 mnc=5 ci=32159759 pci=425 tac=9553 rssi=-58 rsrp=-95 rsrq=-7 rssnr=114 cqi=NA</cellinfo>
      </extensions>
    </trkpt>
    <trkpt lat="33.388102" lon="126.537421">
      <ele>1249.489613</ele>
      <time>2019-06-05T13:15:16Z</time>
      <extensions>
        <dbm>-101</dbm>
        <cellinfo>mcc=450 mnc=5 ci=32159759 pci=425 tac=9553 rssi=-60 rsrp=-101 rsrq=-8 rssnr=60 cqi=NA</cellinfo>
      </extensions>
    </trkpt>
    <trkpt lat="33.388193" lon="126.537410">
      <ele>1247.076083</ele>
      <time>2019-06-05T13:15:26Z</time>
      <extensions>
        <dbm>-94</dbm>
        <cellinfo>mcc=450 mnc=5 ci=32159759 pci=425 tac=9553 rssi=-57 rsrp=-94 rsrq=-7 rssnr=76 cqi=NA</cellinfo>
      </extensions>
    </trkpt>
    <trkpt lat="33.388281" lon="126.537401">
      <ele>1244.876065</ele>
      <time>2019-06-05T13:15:37Z</time>
      <extensions>
        <dbm>-96</dbm>
        <cellinfo>mcc=450 mnc=5 ci=32159759 pci=425 tac=9553 rssi=-59 rsrp=-96 rsrq=-8 rssnr=76 cqi=NA</cellinfo>
      </extensions>
    </trkpt>
    <trkpt lat="33.388346" lon="126.537419">
      <ele>1242.853704</ele>
      <time>2019-06-05T13:16:15Z</time>
      <extensions>
        <dbm>-95</dbm>
        <cellinfo>mcc=450 mnc=5 ci=32159759 pci=425 tac=9553 rssi=-60 rsrp=-95 rsrq=-7 rssnr=76 cqi=NA</cellinfo>
      </extensions>
    </trkpt>
    <trkpt lat="33.388414" lon="126.537444">
      <ele>1241.945831</ele>
      <time>2019-06-05T13:16:23Z</time>
      <extensions>
        <dbm>-92</dbm>
        <cellinfo>mcc=450 mnc=5 ci=32159759 pci=425 tac=9553 rssi=-57 rsrp=-92 rsrq=-7 rssnr=32 cqi=NA</cellinfo>
      </extensions>
    </trkpt>
    <trkpt lat="33.388480" lon="126.537501">
      <ele>1239.719045</ele>
      <time>2019-06-05T13:16:31Z</time>
      <extensions>
        <dbm>-99</dbm>
        <cellinfo>mcc=450 mnc=5 ci=32159759 pci=425 tac=9553 rssi=-60 rsrp=-99 rsrq=-8 rssnr=50 cqi=NA</cellinfo>
      </extensions>
    </trkpt>
    <trkpt lat="33.388572" lon="126.537535">
      <ele>1237.225131</ele>
      <time>2019-06-05T13:16:43Z</time>
      <extensions>
        <dbm>-100</dbm>
        <cellinfo>mcc=450 mnc=5 ci=32159759 pci=425 tac=9553 rssi=-59 rsrp=-100 rsrq=-9 rssnr=86 cqi=NA</cellinfo>
      </extensions>
    </trkpt>
    <trkpt lat="33.388661" lon="126.537579">
      <ele>1235.229193</ele>
      <time>2019-06-05T13:16:53Z</time>
      <extensions>
        <dbm>-101</dbm>
        <cellinfo>mcc=450 mnc=5 ci=32159759 pci=425 tac=9553 rssi=-61 rsrp=-101 rsrq=-10 rssnr=86 cqi=NA</cellinfo>
      </extensions>
    </trkpt>
    <trkpt lat="33.388753" lon="126.537615">
      <ele>1233.227850</ele>
      <time>2019-06-05T13:17:03Z</time>
      <extensions>
        <dbm>-95</dbm>
        <cellinfo>mcc=450 mnc=5 ci=32159759 pci=425 tac=9553 rssi=-58 rsrp=-95 rsrq=-9 rssnr=40 cqi=NA</cellinfo>
      </extensions>
    </trkpt>
    <trkpt lat="33.388843" lon="126.537654">
      <ele>1231.083074</ele>
      <time>2019-06-05T13:17:14Z</time>
      <extensions>
        <dbm>-101</dbm>
        <cellinfo>mcc=450 mnc=5 ci=32159759 pci=425 tac=9553 rssi=-60 rsrp=-101 rsrq=-8 rssnr=72 cqi=NA</cellinfo>
      </extensions>
    </trkpt>
    <trkpt lat="33.388934" lon="126.537700">
      <ele>1228.080078</ele>
      <time>2019-06-05T13:17:22Z</time>
      <extensions>
        <dbm>-94</dbm>
        <cellinfo>mcc=450 mnc=5 ci=32159759 pci=425 tac=9553 rssi=-58 rsrp=-94 rsrq=-8 rssnr=72 cqi=NA</cellinfo>
      </extensions>
    </trkpt>
    <trkpt lat="33.389008" lon="126.537760">
      <ele>1225.844348</ele>
      <time>2019-06-05T13:17:34Z</time>
      <extensions>
        <dbm>-100</dbm>
        <cellinfo>mcc=450 mnc=5 ci=32159759 pci=425 tac=9553 rssi=-60 rsrp=-100 rsrq=-8 rssnr=72 cqi=NA</cellinfo>
      </extensions>
    </trkpt>
    <trkpt lat="33.389088" lon="126.537807">
      <ele>1223.323828</ele>
      <time>2019-06-05T13:17:45Z</time>
      <extensions>
        <dbm>-100</dbm>
        <cellinfo>mcc=450 mnc=5 ci=32159759 pci=425 tac=9553 rssi=-60 rsrp=-100 rsrq=-10 rssnr=52 cqi=NA</cellinfo>
      </extensions>
    </trkpt>
    <trkpt lat="33.389169" lon="126.537841">
      <ele>1221.931829</ele>
      <time>2019-06-05T13:17:56Z</time>
      <extensions>
        <dbm>-98</dbm>
        <cellinfo>mcc=450 mnc=5 ci=32159759 pci=425 tac=9553 rssi=-60 rsrp=-98 rsrq=-10 rssnr=12 cqi=NA</cellinfo>
      </extensions>
    </trkpt>
    <trkpt lat="33.389270" lon="126.537847">
      <ele>1219.558982</ele>
      <time>2019-06-05T13:18:05Z</time>
      <extensions>
        <dbm>-97</dbm>
        <cellinfo>mcc=450 mnc=5 ci=32159759 pci=425 tac=9553 rssi=-59 rsrp=-97 rsrq=-10 rssnr=54 cqi=NA</cellinfo>
      </extensions>
    </trkpt>
    <trkpt lat="33.389357" lon="126.537881">
      <ele>1218.318958</ele>
      <time>2019-06-05T13:18:16Z</time>
      <extensions>
        <dbm>-97</dbm>
        <cellinfo>mcc=450 mnc=5 ci=32159759 pci=425 tac=9553 rssi=-60 rsrp=-97 rsrq=-11 rssnr=54 cqi=NA</cellinfo>
      </extensions>
    </trkpt>
    <trkpt lat="33.389438" lon="126.537913">
      <ele>1217.348988</ele>
      <time>2019-06-05T13:18:27Z</time>
      <extensions>
        <dbm>-100</dbm>
        <cellinfo>mcc=450 mnc=5 ci=32159751 pci=274 tac=9553 rssi=-61 rsrp=-100 rsrq=-14 rssnr=54 cqi=NA</cellinfo>
      </extensions>
    </trkpt>
    <trkpt lat="33.389516" lon="126.537930">
      <ele>1215.399281</ele>
      <time>2019-06-05T13:18:34Z</time>
      <extensions>
        <dbm>-95</dbm>
        <cellinfo>mcc=450 mnc=5 ci=32159759 pci=425 tac=9553 rssi=-59 rsrp=-95 rsrq=-9 rssnr=54 cqi=NA</cellinfo>
      </extensions>
    </trkpt>
    <trkpt lat="33.389602" lon="126.537921">
      <ele>1213.439608</ele>
      <time>2019-06-05T13:18:48Z</time>
      <extensions>
        <dbm>-98</dbm>
        <cellinfo>mcc=450 mnc=5 ci=32159759 pci=425 tac=9553 rssi=-60 rsrp=-98 rsrq=-12 rssnr=44 cqi=NA</cellinfo>
      </extensions>
    </trkpt>
    <trkpt lat="33.389688" lon="126.537899">
      <ele>1211.763283</ele>
      <time>2019-06-05T13:18:55Z</time>
      <extensions>
        <dbm>-94</dbm>
        <cellinfo>mcc=450 mnc=5 ci=32159759 pci=425 tac=9553 rssi=-59 rsrp=-94 rsrq=-11 rssnr=44 cqi=NA</cellinfo>
      </extensions>
    </trkpt>
    <trkpt lat="33.389775" lon="126.537880">
      <ele>1209.974299</ele>
      <time>2019-06-05T13:19:03Z</time>
      <extensions>
        <dbm>-95</dbm>
        <cellinfo>mcc=450 mnc=5 ci=32159759 pci=425 tac=9553 rssi=-59 rsrp=-95 rsrq=-10 rssnr=44 cqi=NA</cellinfo>
      </extensions>
    </trkpt>
    <trkpt lat="33.389865" lon="126.537879">
      <ele>1208.308627</ele>
      <time>2019-06-05T13:19:12Z</time>
      <extensions>
        <dbm>-93</dbm>
        <cellinfo>mcc=450 mnc=5 ci=32159759 pci=425 tac=9553 rssi=-58 rsrp=-93 rsrq=-9 rssnr=116 cqi=NA</cellinfo>
      </extensions>
    </trkpt>
    <trkpt lat="33.389963" lon="126.537892">
      <ele>1205.731360</ele>
      <time>2019-06-05T13:19:22Z</time>
      <extensions>
        <dbm>-93</dbm>
        <cellinfo>mcc=450 mnc=5 ci=32159759 pci=425 tac=9553 rssi=-58 rsrp=-93 rsrq=-11 rssnr=110 cqi=NA</cellinfo>
      </extensions>
    </trkpt>
    <trkpt lat="33.390060" lon="126.537907">
      <ele>1204.507141</ele>
      <time>2019-06-05T13:19:30Z</time>
      <extensions>
        <dbm>-91</dbm>
        <cellinfo>mcc=450 mnc=5 ci=32159759 pci=425 tac=9553 rssi=-57 rsrp=-91 rsrq=-8 rssnr=78 cqi=NA</cellinfo>
      </extensions>
    </trkpt>
    <trkpt lat="33.390150" lon="126.537906">
      <ele>1204.507141</ele>
      <time>2019-06-05T13:19:40Z</time>
      <extensions>
        <dbm>-88</dbm>
        <cellinfo>mcc=450 mnc=5 ci=32159759 pci=425 tac=9553 rssi=-57 rsrp=-88 rsrq=-10 rssnr=134 cqi=NA</cellinfo>
      </extensions>
    </trkpt>
    <trkpt lat="33.390231" lon="126.537899">
      <ele>1203.486828</ele>
      <time>2019-06-05T13:19:51Z</time>
      <extensions>
        <dbm>-84</dbm>
        <cellinfo>mcc=450 mnc=5 ci=32159751 pci=274 tac=9553 rssi=-56 rsrp=-84 rsrq=-11 rssnr=134 cqi=NA</cellinfo>
      </extensions>
    </trkpt>
    <trkpt lat="33.390303" lon="126.537922">
      <ele>1202.052579</ele>
      <time>2019-06-05T13:20:03Z</time>
      <extensions>
        <dbm>-75</dbm>
        <cellinfo>mcc=450 mnc=5 ci=32159751 pci=274 tac=9553 rssi=-52 rsrp=-75 rsrq=-5 rssnr=134 cqi=NA</cellinfo>
      </extensions>
    </trkpt>
    <trkpt lat="33.390380" lon="126.537961">
      <ele>1200.591686</ele>
      <time>2019-06-05T13:20:12Z</time>
      <extensions>
        <dbm>-86</dbm>
        <cellinfo>mcc=450 mnc=5 ci=32159751 pci=274 tac=9553 rssi=-56 rsrp=-86 rsrq=-9 rssnr=134 cqi=NA</cellinfo>
      </extensions>
    </trkpt>
    <trkpt lat="33.390458" lon="126.538012">
      <ele>1200.591686</ele>
      <time>2019-06-05T13:20:20Z</time>
      <extensions>
        <dbm>-81</dbm>
        <cellinfo>mcc=450 mnc=5 ci=32159751 pci=274 tac=9553 rssi=-55 rsrp=-81 rsrq=-10 rssnr=134 cqi=NA</cellinfo>
      </extensions>
    </trkpt>
    <trkpt lat="33.390536" lon="126.538049">
      <ele>1199.029608</ele>
      <time>2019-06-05T13:20:30Z</time>
      <extensions>
        <dbm>-91</dbm>
        <cellinfo>mcc=450 mnc=5 ci=32159759 pci=425 tac=9553 rssi=-58 rsrp=-91 rsrq=-10 rssnr=212 cqi=NA</cellinfo>
      </extensions>
    </trkpt>
    <trkpt lat="33.390606" lon="126.538054">
      <ele>1197.458230</ele>
      <time>2019-06-05T13:20:37Z</time>
      <extensions>
        <dbm>-83</dbm>
        <cellinfo>mcc=450 mnc=5 ci=32159751 pci=274 tac=9553 rssi=-56 rsrp=-83 rsrq=-7 rssnr=212 cqi=NA</cellinfo>
      </extensions>
    </trkpt>
    <trkpt lat="33.390685" lon="126.538047">
      <ele>1196.733215</ele>
      <time>2019-06-05T13:20:46Z</time>
      <extensions>
        <dbm>-81</dbm>
        <cellinfo>mcc=450 mnc=5 ci=32159751 pci=274 tac=9553 rssi=-54 rsrp=-81 rsrq=-7 rssnr=212 cqi=NA</cellinfo>
      </extensions>
    </trkpt>
    <trkpt lat="33.390777" lon="126.538019">
      <ele>1194.226585</ele>
      <time>2019-06-05T13:20:57Z</time>
      <extensions>
        <dbm>-79</dbm>
        <cellinfo>mcc=450 mnc=5 ci=32159751 pci=274 tac=9553 rssi=-54 rsrp=-79 rsrq=-6 rssnr=212 cqi=NA</cellinfo>
      </extensions>
    </trkpt>
    <trkpt lat="33.390879" lon="126.537992">
      <ele>1192.768643</ele>
      <time>2019-06-05T13:21:08Z</time>
      <extensions>
        <dbm>-84</dbm>
        <cellinfo>mcc=450 mnc=5 ci=32159751 pci=274 tac=9553 rssi=-55 rsrp=-84 rsrq=-8 rssnr=212 cqi=NA</cellinfo>
      </extensions>
    </trkpt>
    <trkpt lat="33.390975" lon="126.537947">
      <ele>1191.285378</ele>
      <time>2019-06-05T13:21:19Z</time>
      <extensions>
        <dbm>-90</dbm>
        <cellinfo>mcc=450 mnc=5 ci=32159751 pci=274 tac=9553 rssi=-56 rsrp=-90 rsrq=-6 rssnr=92 cqi=NA</cellinfo>
      </extensions>
    </trkpt>
    <trkpt lat="33.391066" lon="126.537893">
      <ele>1189.334994</ele>
      <time>2019-06-05T13:21:28Z</time>
      <extensions>
        <dbm>-90</dbm>
        <cellinfo>mcc=450 mnc=5 ci=32159751 pci=274 tac=9553 rssi=-56 rsrp=-90 rsrq=-7 rssnr=92 cqi=NA</cellinfo>
      </extensions>
    </trkpt>
    <trkpt lat="33.391155" lon="126.537836">
      <ele>1187.395630</ele>
      <time>2019-06-05T13:21:38Z</time>
      <extensions>
        <dbm>-96</dbm>
        <cellinfo>mcc=450 mnc=5 ci=32159751 pci=274 tac=9553 rssi=-59 rsrp=-96 rsrq=-9 rssnr=106 cqi=NA</cellinfo>
      </extensions>
    </trkpt>
    <trkpt lat="33.391246" lon="126.537796">
      <ele>1185.901045</ele>
      <time>2019-06-05T13:21:48Z</time>
      <extensions>
        <dbm>-98</dbm>
        <cellinfo>mcc=450 mnc=5 ci=32159751 pci=274 tac=9553 rssi=-60 rsrp=-98 rsrq=-10 rssnr=20 cqi=NA</cellinfo>
      </extensions>
    </trkpt>
    <trkpt lat="33.391343" lon="126.537767">
      <ele>1184.040838</ele>
      <time>2019-06-05T13:21:58Z</time>
      <extensions>
        <dbm>-106</dbm>
        <cellinfo>mcc=450 mnc=5 ci=32158987 pci=90 tac=9553 rssi=-63 rsrp=-106 rsrq=-11 rssnr=26 cqi=NA</cellinfo>
      </extensions>
    </trkpt>
    <trkpt lat="33.391427" lon="126.537782">
      <ele>1183.259314</ele>
      <time>2019-06-05T13:22:09Z</time>
      <extensions>
        <dbm>-104</dbm>
        <cellinfo>mcc=450 mnc=5 ci=32158987 pci=90 tac=9553 rssi=-62 rsrp=-104 rsrq=-10 rssnr=6 cqi=NA</cellinfo>
      </extensions>
    </trkpt>
    <trkpt lat="33.391499" lon="126.537812">
      <ele>1183.465498</ele>
      <time>2019-06-05T13:22:17Z</time>
      <extensions>
        <dbm>-96</dbm>
        <cellinfo>mcc=450 mnc=5 ci=32158991 pci=90 tac=9553 rssi=-59 rsrp=-96 rsrq=-10 rssnr=20 cqi=NA</cellinfo>
      </extensions>
    </trkpt>
    <trkpt lat="33.391551" lon="126.537876">
      <ele>1183.465498</ele>
      <time>2019-06-05T13:22:27Z</time>
      <extensions>
        <dbm>-92</dbm>
        <cellinfo>mcc=450 mnc=5 ci=32158991 pci=90 tac=9553 rssi=-58 rsrp=-92 rsrq=-9 rssnr=20 cqi=NA</cellinfo>
      </extensions>
    </trkpt>
    <trkpt lat="33.391604" lon="126.537932">
      <ele>1181.516546</ele>
      <time>2019-06-05T13:22:36Z</time>
      <extensions>
        <dbm>-95</dbm>
        <cellinfo>mcc=450 mnc=5 ci=32158987 pci=90 tac=9553 rssi=-60 rsrp=-95 rsrq=-9 rssnr=82 cqi=NA</cellinfo>
      </extensions>
    </trkpt>
    <trkpt lat="33.391656" lon="126.537989">
      <ele>1180.307800</ele>
      <time>2019-06-05T13:22:45Z</time>
      <extensions>
        <dbm>-86</dbm>
        <cellinfo>mcc=450 mnc=5 ci=32158987 pci=90 tac=9553 rssi=-57 rsrp=-86 rsrq=-6 rssnr=62 cqi=NA</cellinfo>
      </extensions>
    </trkpt>
    <trkpt lat="33.391728" lon="126.538028">
      <ele>1178.317657</ele>
      <time>2019-06-05T13:22:55Z</time>
      <extensions>
        <dbm>-82</dbm>
        <cellinfo>mcc=450 mnc=5 ci=32158987 pci=90 tac=9553 rssi=-55 rsrp=-82 rsrq=-6 rssnr=62 cqi=NA</cellinfo>
      </extensions>
    </trkpt>
    <trkpt lat="33.391798" lon="126.538022">
      <ele>1175.125555</ele>
      <time>2019-06-05T13:23:05Z</time>
      <extensions>
        <dbm>-81</dbm>
        <cellinfo>mcc=450 mnc=5 ci=32158987 pci=90 tac=9553 rssi=-55 rsrp=-81 rsrq=-6 rssnr=62 cqi=NA</cellinfo>
      </extensions>
    </trkpt>
    <trkpt lat="33.391872" lon="126.537985">
      <ele>1174.013326</ele>
      <time>2019-06-05T13:23:14Z</time>
      <extensions>
        <dbm>-89</dbm>
        <cellinfo>mcc=450 mnc=5 ci=32158987 pci=90 tac=9553 rssi=-57 rsrp=-89 rsrq=-8 rssnr=62 cqi=NA</cellinfo>
      </extensions>
    </trkpt>
    <trkpt lat="33.391936" lon="126.537903">
      <ele>1171.765564</ele>
      <time>2019-06-05T13:23:25Z</time>
      <extensions>
        <dbm>-91</dbm>
        <cellinfo>mcc=450 mnc=5 ci=32158991 pci=90 tac=9553 rssi=-58 rsrp=-91 rsrq=-10 rssnr=30 cqi=NA</cellinfo>
      </extensions>
    </trkpt>
    <trkpt lat="33.392011" lon="126.537841">
      <ele>1167.982089</ele>
      <time>2019-06-05T13:23:37Z</time>
      <extensions>
        <dbm>-96</dbm>
        <cellinfo>mcc=450 mnc=5 ci=32158987 pci=90 tac=9553 rssi=-60 rsrp=-96 rsrq=-10 rssnr=68 cqi=NA</cellinfo>
      </extensions>
    </trkpt>
    <trkpt lat="33.392093" lon="126.537800">
      <ele>1165.665960</ele>
      <time>2019-06-05T13:23:47Z</time>
      <extensions>
        <dbm>-94</dbm>
        <cellinfo>mcc=450 mnc=5 ci=32158991 pci=90 tac=9553 rssi=-59 rsrp=-94 rsrq=-11 rssnr=48 cqi=NA</cellinfo>
      </extensions>
    </trkpt>
    <trkpt lat="33.392183" lon="126.537799">
      <ele>1163.132369</ele>
      <time>2019-06-05T13:23:54Z</time>
      <extensions>
        <dbm>-93</dbm>
        <cellinfo>mcc=450 mnc=5 ci=32158991 pci=90 tac=9553 rssi=-58 rsrp=-93 rsrq=-9 rssnr=52 cqi=NA</cellinfo>
      </extensions>
    </trkpt>
    <trkpt lat="33.392276" lon="126.537803">
      <ele>1160.530351</ele>
      <time>2019-06-05T13:24:06Z</time>
      <extensions>
        <dbm>-96</dbm>
        <cellinfo>mcc=450 mnc=5 ci=32158987 pci=90 tac=9553 rssi=-59 rsrp=-96 rsrq=-7 rssnr=52 cqi=NA</cellinfo>
      </extensions>
    </trkpt>
    <trkpt lat="33.392366" lon="126.537796">
      <ele>1158.079978</ele>
      <time>2019-06-05T13:24:17Z</time>
      <extensions>
        <dbm>-94</dbm>
        <cellinfo>mcc=450 mnc=5 ci=32158991 pci=90 tac=9553 rssi=-59 rsrp=-94 rsrq=-10 rssnr=52 cqi=NA</cellinfo>
      </extensions>
    </trkpt>
    <trkpt lat="33.392455" lon="126.537773">
      <ele>1155.653587</ele>
      <time>2019-06-05T13:24:29Z</time>
      <extensions>
        <dbm>-99</dbm>
        <cellinfo>mcc=450 mnc=5 ci=32158991 pci=90 tac=9553 rssi=-60 rsrp=-99 rsrq=-11 rssnr=52 cqi=NA</cellinfo>
      </extensions>
    </trkpt>
    <trkpt lat="33.392536" lon="126.537770">
      <ele>1153.073819</ele>
      <time>2019-06-05T13:24:39Z</time>
      <extensions>
        <dbm>-105</dbm>
        <cellinfo>mcc=450 mnc=5 ci=32158987 pci=90 tac=9553 rssi=-62 rsrp=-105 rsrq=-13 rssnr=6 cqi=NA</cellinfo>
      </extensions>
    </trkpt>
    <trkpt lat="33.392617" lon="126.537756">
      <ele>1151.697266</ele>
      <time>2019-06-05T13:25:03Z</time>
      <extensions>
        <dbm>-94</dbm>
        <cellinfo>mcc=450 mnc=5 ci=32159751 pci=274 tac=9553 rssi=-59 rsrp=-94 rsrq=-9 rssnr=12 cqi=NA</cellinfo>
      </extensions>
    </trkpt>
    <trkpt lat="33.392696" lon="126.537733">
      <ele>1149.100077</ele>
      <time>2019-06-05T13:25:13Z</time>
      <extensions>
        <dbm>-94</dbm>
        <cellinfo>mcc=450 mnc=5 ci=32159751 pci=274 tac=9553 rssi=-58 rsrp=-94 rsrq=-7 rssnr=12 cqi=NA</cellinfo>
      </extensions>
    </trkpt>
    <trkpt lat="33.392771" lon="126.537670">
      <ele>1146.781576</ele>
      <time>2019-06-05T13:25:23Z</time>
      <extensions>
        <dbm>-97</dbm>
        <cellinfo>mcc=450 mnc=5 ci=32159751 pci=274 tac=9553 rssi=-59 rsrp=-97 rsrq=-9 rssnr=12 cqi=NA</cellinfo>
      </extensions>
    </trkpt>
    <trkpt lat="33.392847" lon="126.537646">
      <ele>1144.192240</ele>
      <time>2019-06-05T13:25:29Z</time>
      <extensions>
        <dbm>-93</dbm>
        <cellinfo>mcc=450 mnc=5 ci=32159751 pci=274 tac=9553 rssi=-58 rsrp=-93 rsrq=-8 rssnr=12 cqi=NA</cellinfo>
      </extensions>
    </trkpt>
    <trkpt lat="33.392926" lon="126.537658">
      <ele>1141.812693</ele>
      <time>2019-06-05T13:25:39Z</time>
      <extensions>
        <dbm>-95</dbm>
        <cellinfo>mcc=450 mnc=5 ci=32159751 pci=274 tac=9553 rssi=-59 rsrp=-95 rsrq=-8 rssnr=12 cqi=NA</cellinfo>
      </extensions>
    </trkpt>
    <trkpt lat="33.393003" lon="126.537707">
      <ele>1139.394684</ele>
      <time>2019-06-05T13:25:50Z</time>
      <extensions>
        <dbm>-93</dbm>
        <cellinfo>mcc=450 mnc=5 ci=32159751 pci=274 tac=9553 rssi=-58 rsrp=-93 rsrq=-7 rssnr=12 cqi=NA</cellinfo>
      </extensions>
    </trkpt>
    <trkpt lat="33.393076" lon="126.537745">
      <ele>1137.034231</ele>
      <time>2019-06-05T13:25:58Z</time>
      <extensions>
        <dbm>-101</dbm>
        <cellinfo>mcc=450 mnc=5 ci=32158987 pci=90 tac=9553 rssi=-61 rsrp=-101 rsrq=-9 rssnr=8 cqi=NA</cellinfo>
      </extensions>
    </trkpt>
    <trkpt lat="33.393140" lon="126.537789">
      <ele>1134.788411</ele>
      <time>2019-06-05T13:26:15Z</time>
      <extensions>
        <dbm>-92</dbm>
        <cellinfo>mcc=450 mnc=5 ci=32159751 pci=274 tac=9553 rssi=-58 rsrp=-92 rsrq=-8 rssnr=42 cqi=NA</cellinfo>
      </extensions>
    </trkpt>
    <trkpt lat="33.393216" lon="126.537818">
      <ele>1132.572998</ele>
      <time>2019-06-05T13:26:23Z</time>
      <extensions>
        <dbm>-90</dbm>
        <cellinfo>mcc=450 mnc=5 ci=32159751 pci=274 tac=9553 rssi=-57 rsrp=-90 rsrq=-8 rssnr=42 cqi=NA</cellinfo>
      </extensions>
    </trkpt>
    <trkpt lat="33.393287" lon="126.537855">
      <ele>1130.475220</ele>
      <time>2019-06-05T13:26:32Z</time>
      <extensions>
        <dbm>-86</dbm>
        <cellinfo>mcc=450 mnc=5 ci=32159751 pci=274 tac=9553 rssi=-56 rsrp=-86 rsrq=-9 rssnr=64 cqi=NA</cellinfo>
      </extensions>
    </trkpt>
    <trkpt lat="33.393360" lon="126.537860">
      <ele>1128.462321</ele>
      <time>2019-06-05T13:26:40Z</time>
      <extensions>
        <dbm>-94</dbm>
        <cellinfo>mcc=450 mnc=5 ci=32158987 pci=90 tac=9553 rssi=-58 rsrp=-94 rsrq=-7 rssnr=80 cqi=NA</cellinfo>
      </extensions>
    </trkpt>
    <trkpt lat="33.393430" lon="126.537864">
      <ele>1128.462321</ele>
      <time>2019-06-05T13:26:47Z</time>
      <extensions>
        <dbm>-94</dbm>
        <cellinfo>mcc=450 mnc=5 ci=32159751 pci=274 tac=9553 rssi=-58 rsrp=-94 rsrq=-9 rssnr=58 cqi=NA</cellinfo>
      </extensions>
    </trkpt>
    <trkpt lat="33.393502" lon="126.537862">
      <ele>1126.534363</ele>
      <time>2019-06-05T13:26:54Z</time>
      <extensions>
        <dbm>-98</dbm>
        <cellinfo>mcc=450 mnc=5 ci=32158987 pci=90 tac=9553 rssi=-61 rsrp=-98 rsrq=-11 rssnr=58 cqi=NA</cellinfo>
      </extensions>
    </trkpt>
    <trkpt lat="33.393581" lon="126.537863">
      <ele>1124.729797</ele>
      <time>2019-06-05T13:27:00Z</time>
      <extensions>
        <dbm>-95</dbm>
        <cellinfo>mcc=450 mnc=5 ci=32158987 pci=90 tac=9553 rssi=-60 rsrp=-95 rsrq=-9 rssnr=58 cqi=NA</cellinfo>
      </extensions>
    </trkpt>
    <trkpt lat="33.393665" lon="126.537867">
      <ele>1122.999166</ele>
      <time>2019-06-05T13:27:11Z</time>
      <extensions>
        <dbm>-94</dbm>
        <cellinfo>mcc=450 mnc=5 ci=32159251 pci=137 tac=9553 rssi=-60 rsrp=-94 rsrq=-15 rssnr=-34 cqi=NA</cellinfo>
      </extensions>
    </trkpt>
    <trkpt lat="33.393756" lon="126.537875">
      <ele>1121.222768</ele>
      <time>2019-06-05T13:27:19Z</time>
      <extensions>
        <dbm>-95</dbm>
        <cellinfo>mcc=450 mnc=5 ci=32159751 pci=274 tac=9553 rssi=-60 rsrp=-95 rsrq=-15 rssnr=-34 cqi=NA</cellinfo>
      </extensions>
    </trkpt>
    <trkpt lat="33.393841" lon="126.537888">
      <ele>1119.599101</ele>
      <time>2019-06-05T13:27:46Z</time>
      <extensions>
        <dbm>-96</dbm>
        <cellinfo>mcc=450 mnc=5 ci=32159751 pci=274 tac=9553 rssi=-60 rsrp=-96 rsrq=-13 rssnr=22 cqi=NA</cellinfo>
      </extensions>
    </trkpt>
    <trkpt lat="33.393926" lon="126.537914">
      <ele>1118.866042</ele>
      <time>2019-06-05T13:27:54Z</time>
      <extensions>
        <dbm>-94</dbm>
        <cellinfo>mcc=450 mnc=5 ci=32159751 pci=274 tac=9553 rssi=-59 rsrp=-94 rsrq=-12 rssnr=22 cqi=NA</cellinfo>
      </extensions>
    </trkpt>
    <trkpt lat="33.394002" lon="126.537919">
      <ele>1117.132925</ele>
      <time>2019-06-05T13:28:08Z</time>
      <extensions>
        <dbm>-93</dbm>
        <cellinfo>mcc=450 mnc=5 ci=32159751 pci=274 tac=9553 rssi=-58 rsrp=-93 rsrq=-9 rssnr=90 cqi=NA</cellinfo>
      </extensions>
    </trkpt>
    <trkpt lat="33.394071" lon="126.537940">
      <ele>1115.266470</ele>
      <time>2019-06-05T13:28:17Z</time>
      <extensions>
        <dbm>-103</dbm>
        <cellinfo>mcc=450 mnc=5 ci=32158987 pci=90 tac=9553 rssi=-62 rsrp=-103 rsrq=-13 rssnr=-48 cqi=NA</cellinfo>
      </extensions>
    </trkpt>
    <trkpt lat="33.394131" lon="126.537958">
      <ele>1113.353018</ele>
      <time>2019-06-05T13:28:26Z</time>
      <extensions>
        <dbm>-88</dbm>
        <cellinfo>mcc=450 mnc=5 ci=32159751 pci=274 tac=9553 rssi=-57 rsrp=-88 rsrq=-10 rssnr=44 cqi=NA</cellinfo>
      </extensions>
    </trkpt>
    <trkpt lat="33.394204" lon="126.538006">
      <ele>1111.407264</ele>
      <time>2019-06-05T13:28:34Z</time>
      <extensions>
        <dbm>-89</dbm>
        <cellinfo>mcc=450 mnc=5 ci=32159751 pci=274 tac=9553 rssi=-57 rsrp=-89 rsrq=-10 rssnr=62 cqi=NA</cellinfo>
      </extensions>
    </trkpt>
    <trkpt lat="33.394286" lon="126.538056">
      <ele>1111.407264</ele>
      <time>2019-06-05T13:28:55Z</time>
      <extensions>
        <dbm>-105</dbm>
        <cellinfo>mcc=450 mnc=5 ci=32155147 pci=397 tac=9553 rssi=-64 rsrp=-105 rsrq=-16 rssnr=-48 cqi=NA</cellinfo>
      </extensions>
    </trkpt>
    <trkpt lat="33.394367" lon="126.538086">
      <ele>1111.407264</ele>
      <time>2019-06-05T13:29:02Z</time>
      <extensions>
        <dbm>-107</dbm>
        <cellinfo>mcc=450 mnc=5 ci=32360195 pci=22 tac=9553 rssi=-65 rsrp=-107 rsrq=-18 rssnr=-42 cqi=NA</cellinfo>
      </extensions>
    </trkpt>
    <trkpt lat="33.394441" lon="126.538086">
      <ele>1109.817035</ele>
      <time>2019-06-05T13:29:07Z</time>
      <extensions>
        <dbm>-101</dbm>
        <cellinfo>mcc=450 mnc=5 ci=32155147 pci=397 tac=9553 rssi=-62 rsrp=-101 rsrq=-14 rssnr=-14 cqi=NA</cellinfo>
      </extensions>
    </trkpt>
    <trkpt lat="33.394514" lon="126.538075">
      <ele>1109.745220</ele>
      <time>2019-06-05T13:29:15Z</time>
      <extensions>
        <dbm>-104</dbm>
        <cellinfo>mcc=450 mnc=5 ci=32155147 pci=397 tac=9553 rssi=-63 rsrp=-104 rsrq=-11 rssnr=-60 cqi=NA</cellinfo>
      </extensions>
    </trkpt>
    <trkpt lat="33.394589" lon="126.538075">
      <ele>1107.597609</ele>
      <time>2019-06-05T13:29:23Z</time>
      <extensions>
        <dbm>-97</dbm>
        <cellinfo>mcc=450 mnc=5 ci=32159751 pci=274 tac=9553 rssi=-60 rsrp=-97 rsrq=-13 rssnr=-44 cqi=NA</cellinfo>
      </extensions>
    </trkpt>
    <trkpt lat="33.394661" lon="126.538095">
      <ele>1106.715505</ele>
      <time>2019-06-05T13:29:28Z</time>
      <extensions>
        <dbm>-94</dbm>
        <cellinfo>mcc=450 mnc=5 ci=32159751 pci=274 tac=9553 rssi=-59 rsrp=-94 rsrq=-13 rssnr=-44 cqi=NA</cellinfo>
      </extensions>
    </trkpt>
    <trkpt lat="33.394731" lon="126.538123">
      <ele>1104.542226</ele>
      <time>2019-06-05T13:29:36Z</time>
      <extensions>
        <dbm>-98</dbm>
        <cellinfo>mcc=450 mnc=5 ci=32159751 pci=274 tac=9553 rssi=-60 rsrp=-98 rsrq=-13 rssnr=-44 cqi=NA</cellinfo>
      </extensions>
    </trkpt>
    <trkpt lat="33.394797" lon="126.538135">
      <ele>1102.365163</ele>
      <time>2019-06-05T13:29:51Z</time>
      <extensions>
        <dbm>-93</dbm>
        <cellinfo>mcc=450 mnc=5 ci=32159751 pci=274 tac=9553 rssi=-58 rsrp=-93 rsrq=-10 rssnr=-44 cqi=NA</cellinfo>
      </extensions>
    </trkpt>
    <trkpt lat="33.394865" lon="126.538140">
      <ele>1099.814819</ele>
      <time>2019-06-05T13:30:00Z</time>
      <extensions>
        <dbm>-104</dbm>
        <cellinfo>mcc=450 mnc=5 ci=32158987 pci=90 tac=9553 rssi=-63 rsrp=-104 rsrq=-13 rssnr=-34 cqi=NA</cellinfo>
      </extensions>
    </trkpt>
    <trkpt lat="33.394940" lon="126.538130">
      <ele>1097.266876</ele>
      <time>2019-06-05T13:30:07Z</time>
      <extensions>
        <dbm>-90</dbm>
        <cellinfo>mcc=450 mnc=5 ci=32159751 pci=274 tac=9553 rssi=-57 rsrp=-90 rsrq=-10 rssnr=-34 cqi=NA</cellinfo>
      </extensions>
    </trkpt>
    <trkpt lat="33.395012" lon="126.538166">
      <ele>1093.237859</ele>
      <time>2019-06-05T13:30:16Z</time>
      <extensions>
        <dbm>-90</dbm>
        <cellinfo>mcc=450 mnc=5 ci=32159751 pci=274 tac=9553 rssi=-57 rsrp=-90 rsrq=-10 rssnr=42 cqi=NA</cellinfo>
      </extensions>
    </trkpt>
    <trkpt lat="33.395091" lon="126.538212">
      <ele>1090.306303</ele>
      <time>2019-06-05T13:30:26Z</time>
      <extensions>
        <dbm>-91</dbm>
        <cellinfo>mcc=450 mnc=5 ci=32159751 pci=274 tac=9553 rssi=-58 rsrp=-91 rsrq=-10 rssnr=42 cqi=NA</cellinfo>
      </extensions>
    </trkpt>
    <trkpt lat="33.395172" lon="126.538268">
      <ele>1087.003991</ele>
      <time>2019-06-05T13:30:35Z</time>
      <extensions>
        <dbm>-91</dbm>
        <cellinfo>mcc=450 mnc=5 ci=32159751 pci=274 tac=9553 rssi=-56 rsrp=-91 rsrq=-9 rssnr=18 cqi=NA</cellinfo>
      </extensions>
    </trkpt>
    <trkpt lat="33.395251" lon="126.538319">
      <ele>1083.787588</ele>
      <time>2019-06-05T13:30:44Z</time>
      <extensions>
        <dbm>-91</dbm>
        <cellinfo>mcc=450 mnc=5 ci=32159751 pci=274 tac=9553 rssi=-57 rsrp=-91 rsrq=-8 rssnr=18 cqi=NA</cellinfo>
      </extensions>
    </trkpt>
    <trkpt lat="33.395332" lon="126.538375">
      <ele>1080.194383</ele>
      <time>2019-06-05T13:30:52Z</time>
      <extensions>
        <dbm>-89</dbm>
        <cellinfo>mcc=450 mnc=5 ci=32159751 pci=274 tac=9553 rssi=-58 rsrp=-89 rsrq=-10 rssnr=164 cqi=NA</cellinfo>
      </extensions>
    </trkpt>
    <trkpt lat="33.395414" lon="126.538425">
      <ele>1076.587524</ele>
      <time>2019-06-05T13:31:02Z</time>
      <extensions>
        <dbm>-89</dbm>
        <cellinfo>mcc=450 mnc=5 ci=32159751 pci=274 tac=9553 rssi=-57 rsrp=-89 rsrq=-9 rssnr=164 cqi=NA</cellinfo>
      </extensions>
    </trkpt>
    <trkpt lat="33.395507" lon="126.538462">
      <ele>1071.542216</ele>
      <time>2019-06-05T13:31:12Z</time>
      <extensions>
        <dbm>-95</dbm>
        <cellinfo>mcc=450 mnc=5 ci=32159751 pci=274 tac=9553 rssi=-59 rsrp=-95 rsrq=-11 rssnr=116 cqi=NA</cellinfo>
      </extensions>
    </trkpt>
    <trkpt lat="33.395597" lon="126.538482">
      <ele>1068.295909</ele>
      <time>2019-06-05T13:31:21Z</time>
      <extensions>
        <dbm>-90</dbm>
        <cellinfo>mcc=450 mnc=5 ci=32159751 pci=274 tac=9553 rssi=-57 rsrp=-90 rsrq=-7 rssnr=164 cqi=NA</cellinfo>
      </extensions>
    </trkpt>
    <trkpt lat="33.395683" lon="126.538517">
      <ele>1064.832347</ele>
      <time>2019-06-05T13:33:27Z</time>
      <extensions>
        <dbm>-93</dbm>
        <cellinfo>mcc=450 mnc=5 ci=32159751 pci=274 tac=9553 rssi=-57 rsrp=-93 rsrq=-6 rssnr=116 cqi=NA</cellinfo>
      </extensions>
    </trkpt>
    <trkpt lat="33.395771" lon="126.538548">
      <ele>1061.859924</ele>
      <time>2019-06-05T13:33:37Z</time>
      <extensions>
        <dbm>-93</dbm>
        <cellinfo>mcc=450 mnc=5 ci=32159751 pci=274 tac=9553 rssi=-57 rsrp=-93 rsrq=-7 rssnr=172 cqi=NA</cellinfo>
      </extensions>
    </trkpt>
    <trkpt lat="33.395861" lon="126.538580">
      <ele>1058.854909</ele>
      <time>2019-06-05T13:33:49Z</time>
      <extensions>
        <dbm>-98</dbm>
        <cellinfo>mcc=450 mnc=5 ci=32159751 pci=274 tac=9553 rssi=-59 rsrp=-98 rsrq=-8 rssnr=132 cqi=NA</cellinfo>
      </extensions>
    </trkpt>
    <trkpt lat="33.395953" lon="126.538593">
      <ele>1054.076660</ele>
      <time>2019-06-05T13:33:56Z</time>
      <extensions>
        <dbm>-98</dbm>
        <cellinfo>mcc=450 mnc=5 ci=32158987 pci=90 tac=9553 rssi=-60 rsrp=-98 rsrq=-8 rssnr=106 cqi=NA</cellinfo>
      </extensions>
    </trkpt>
    <trkpt lat="33.396042" lon="126.538611">
      <ele>1051.369684</ele>
      <time>2019-06-05T13:34:14Z</time>
      <extensions>
        <dbm>-97</dbm>
        <cellinfo>mcc=450 mnc=5 ci=32158987 pci=90 tac=9553 rssi=-60 rsrp=-97 rsrq=-7 rssnr=106 cqi=NA</cellinfo>
      </extensions>
    </trkpt>
    <trkpt lat="33.396135" lon="126.538625">
      <ele>1049.367077</ele>
      <time>2019-06-05T13:34:26Z</time>
      <extensions>
        <dbm>-95</dbm>
        <cellinfo>mcc=450 mnc=5 ci=32158987 pci=90 tac=9553 rssi=-59 rsrp=-95 rsrq=-7 rssnr=106 cqi=NA</cellinfo>
      </extensions>
    </trkpt>
    <trkpt lat="33.396226" lon="126.538633">
      <ele>1046.944189</ele>
      <time>2019-06-05T13:34:32Z</time>
      <extensions>
        <dbm>-93</dbm>
        <cellinfo>mcc=450 mnc=5 ci=32158987 pci=90 tac=9553 rssi=-58 rsrp=-93 rsrq=-6 rssnr=106 cqi=NA</cellinfo>
      </extensions>
    </trkpt>
    <trkpt lat="33.396321" lon="126.538627">
      <ele>1045.609338</ele>
      <time>2019-06-05T13:34:38Z</time>
      <extensions>
        <dbm>-95</dbm>
        <cellinfo>mcc=450 mnc=5 ci=32158987 pci=90 tac=9553 rssi=-58 rsrp=-95 rsrq=-7 rssnr=106 cqi=NA</cellinfo>
      </extensions>
    </trkpt>
    <trkpt lat="33.396420" lon="126.538631">
      <ele>1044.272339</ele>
      <time>2019-06-05T13:34:56Z</time>
      <extensions>
        <dbm>-95</dbm>
        <cellinfo>mcc=450 mnc=5 ci=32158987 pci=90 tac=9553 rssi=-59 rsrp=-95 rsrq=-9 rssnr=102 cqi=NA</cellinfo>
      </extensions>
    </trkpt>
    <trkpt lat="33.396516" lon="126.538659">
      <ele>1042.755701</ele>
      <time>2019-06-05T13:35:07Z</time>
      <extensions>
        <dbm>-97</dbm>
        <cellinfo>mcc=450 mnc=5 ci=32158987 pci=90 tac=9553 rssi=-60 rsrp=-97 rsrq=-8 rssnr=102 cqi=NA</cellinfo>
      </extensions>
    </trkpt>
    <trkpt lat="33.396604" lon="126.538713">
      <ele>1040.115134</ele>
      <time>2019-06-05T13:35:18Z</time>
      <extensions>
        <dbm>-93</dbm>
        <cellinfo>mcc=450 mnc=5 ci=32158987 pci=90 tac=9553 rssi=-58 rsrp=-93 rsrq=-7 rssnr=102 cqi=NA</cellinfo>
      </extensions>
    </trkpt>
    <trkpt lat="33.396686" lon="126.538747">
      <ele>1038.218672</ele>
      <time>2019-06-05T13:35:27Z</time>
      <extensions>
        <dbm>-100</dbm>
        <cellinfo>mcc=450 mnc=5 ci=32158987 pci=90 tac=9553 rssi=-61 rsrp=-100 rsrq=-8 rssnr=102 cqi=NA</cellinfo>
      </extensions>
    </trkpt>
    <trkpt lat="33.396769" lon="126.538783">
      <ele>1037.406519</ele>
      <time>2019-06-05T13:35:37Z</time>
      <extensions>
        <dbm>-95</dbm>
        <cellinfo>mcc=450 mnc=5 ci=32159751 pci=274 tac=9553 rssi=-58 rsrp=-95 rsrq=-8 rssnr=66 cqi=NA</cellinfo>
      </extensions>
    </trkpt>
    <trkpt lat="33.396852" lon="126.538811">
      <ele>1035.615881</ele>
      <time>2019-06-05T13:35:48Z</time>
      <extensions>
        <dbm>-93</dbm>
        <cellinfo>mcc=450 mnc=5 ci=32158991 pci=90 tac=9553 rssi=-57 rsrp=-93 rsrq=-8 rssnr=102 cqi=NA</cellinfo>
      </extensions>
    </trkpt>
    <trkpt lat="33.396923" lon="126.538883">
      <ele>1033.531262</ele>
      <time>2019-06-05T13:35:59Z</time>
      <extensions>
        <dbm>-96</dbm>
        <cellinfo>mcc=450 mnc=5 ci=32159751 pci=274 tac=9553 rssi=-59 rsrp=-96 rsrq=-9 rssnr=102 cqi=NA</cellinfo>
      </extensions>
    </trkpt>
    <trkpt lat="33.396995" lon="126.538929">
      <ele>1031.431421</ele>
      <time>2019-06-05T13:36:08Z</time>
      <extensions>
        <dbm>-95</dbm>
        <cellinfo>mcc=450 mnc=5 ci=32159751 pci=274 tac=9553 rssi=-58 rsrp=-95 rsrq=-10 rssnr=102 cqi=NA</cellinfo>
      </extensions>
    </trkpt>
    <trkpt lat="33.397068" lon="126.538966">
      <ele>1029.309326</ele>
      <time>2019-06-05T13:36:17Z</time>
      <extensions>
        <dbm>-97</dbm>
        <cellinfo>mcc=450 mnc=5 ci=32159751 pci=274 tac=9553 rssi=-59 rsrp=-97 rsrq=-8 rssnr=102 cqi=NA</cellinfo>
      </extensions>
    </trkpt>
    <trkpt lat="33.397153" lon="126.538966">
      <ele>1027.098633</ele>
      <time>2019-06-05T13:36:26Z</time>
      <extensions>
        <dbm>-95</dbm>
        <cellinfo>mcc=450 mnc=5 ci=32159751 pci=274 tac=9553 rssi=-58 rsrp=-95 rsrq=-9 rssnr=102 cqi=NA</cellinfo>
      </extensions>
    </trkpt>
    <trkpt lat="33.397246" lon="126.538978">
      <ele>1025.138062</ele>
      <time>2019-06-05T13:36:38Z</time>
      <extensions>
        <dbm>-94</dbm>
        <cellinfo>mcc=450 mnc=5 ci=32158991 pci=90 tac=9553 rssi=-58 rsrp=-94 rsrq=-9 rssnr=66 cqi=NA</cellinfo>
      </extensions>
    </trkpt>
    <trkpt lat="33.397341" lon="126.538997">
      <ele>1023.448242</ele>
      <time>2019-06-05T13:36:46Z</time>
      <extensions>
        <dbm>-89</dbm>
        <cellinfo>mcc=450 mnc=5 ci=32158991 pci=90 tac=9553 rssi=-58 rsrp=-89 rsrq=-10 rssnr=80 cqi=NA</cellinfo>
      </extensions>
    </trkpt>
    <trkpt lat="33.397441" lon="126.539030">
      <ele>1021.734656</ele>
      <time>2019-06-05T13:36:54Z</time>
      <extensions>
        <dbm>-90</dbm>
        <cellinfo>mcc=450 mnc=5 ci=32158991 pci=90 tac=9553 rssi=-58 rsrp=-90 rsrq=-9 rssnr=58 cqi=NA</cellinfo>
      </extensions>
    </trkpt>
    <trkpt lat="33.397515" lon="126.539092">
      <ele>1019.626160</ele>
      <time>2019-06-05T13:37:02Z</time>
      <extensions>
        <dbm>-90</dbm>
        <cellinfo>mcc=450 mnc=5 ci=32158991 pci=90 tac=9553 rssi=-57 rsrp=-90 rsrq=-8 rssnr=66 cqi=NA</cellinfo>
      </extensions>
    </trkpt>
    <trkpt lat="33.397592" lon="126.539141">
      <ele>1017.390552</ele>
      <time>2019-06-05T13:37:15Z</time>
      <extensions>
        <dbm>-91</dbm>
        <cellinfo>mcc=450 mnc=5 ci=32158991 pci=90 tac=9553 rssi=-57 rsrp=-91 rsrq=-10 rssnr=98 cqi=NA</cellinfo>
      </extensions>
    </trkpt>
    <trkpt lat="33.397664" lon="126.539179">
      <ele>1015.968428</ele>
      <time>2019-06-05T13:37:23Z</time>
      <extensions>
        <dbm>-87</dbm>
        <cellinfo>mcc=450 mnc=5 ci=32158987 pci=90 tac=9553 rssi=-56 rsrp=-87 rsrq=-6 rssnr=168 cqi=NA</cellinfo>
      </extensions>
    </trkpt>
    <trkpt lat="33.397748" lon="126.539190">
      <ele>1013.458307</ele>
      <time>2019-06-05T13:37:29Z</time>
      <extensions>
        <dbm>-85</dbm>
        <cellinfo>mcc=450 mnc=5 ci=32158987 pci=90 tac=9553 rssi=-55 rsrp=-85 rsrq=-6 rssnr=156 cqi=NA</cellinfo>
      </extensions>
    </trkpt>
    <trkpt lat="33.397823" lon="126.539221">
      <ele>1011.202115</ele>
      <time>2019-06-05T13:37:35Z</time>
      <extensions>
        <dbm>-90</dbm>
        <cellinfo>mcc=450 mnc=5 ci=32158987 pci=90 tac=9553 rssi=-58 rsrp=-90 rsrq=-6 rssnr=156 cqi=NA</cellinfo>
      </extensions>
    </trkpt>
    <trkpt lat="33.397903" lon="126.539256">
      <ele>1008.928900</ele>
      <time>2019-06-05T13:37:51Z</time>
      <extensions>
        <dbm>-87</dbm>
        <cellinfo>mcc=450 mnc=5 ci=32158987 pci=90 tac=9553 rssi=-58 rsrp=-87 rsrq=-8 rssnr=120 cqi=NA</cellinfo>
      </extensions>
    </trkpt>
    <trkpt lat="33.397982" lon="126.539313">
      <ele>1006.435558</ele>
      <time>2019-06-05T13:38:00Z</time>
      <extensions>
        <dbm>-81</dbm>
        <cellinfo>mcc=450 mnc=5 ci=32158987 pci=90 tac=9553 rssi=-56 rsrp=-81 rsrq=-10 rssnr=208 cqi=NA</cellinfo>
      </extensions>
    </trkpt>
    <trkpt lat="33.398074" lon="126.539351">
      <ele>1004.179144</ele>
      <time>2019-06-05T13:38:09Z</time>
      <extensions>
        <dbm>-80</dbm>
        <cellinfo>mcc=450 mnc=5 ci=32158987 pci=90 tac=9553 rssi=-55 rsrp=-80 rsrq=-7 rssnr=208 cqi=NA</cellinfo>
      </extensions>
    </trkpt>
    <trkpt lat="33.398161" lon="126.539384">
      <ele>1001.473189</ele>
      <time>2019-06-05T13:38:23Z</time>
      <extensions>
        <dbm>-74</dbm>
        <cellinfo>mcc=450 mnc=5 ci=32158987 pci=90 tac=9553 rssi=-52 rsrp=-74 rsrq=-6 rssnr=208 cqi=NA</cellinfo>
      </extensions>
    </trkpt>
    <trkpt lat="33.398252" lon="126.539379">
      <ele>998.579113</ele>
      <time>2019-06-05T13:38:34Z</time>
      <extensions>
        <dbm>-75</dbm>
        <cellinfo>mcc=450 mnc=5 ci=32158987 pci=90 tac=9553 rssi=-51 rsrp=-75 rsrq=-5 rssnr=208 cqi=NA</cellinfo>
      </extensions>
    </trkpt>
    <trkpt lat="33.398341" lon="126.539362">
      <ele>995.587646</ele>
      <time>2019-06-05T13:38:41Z</time>
      <extensions>
        <dbm>-71</dbm>
        <cellinfo>mcc=450 mnc=5 ci=32158987 pci=90 tac=9553 rssi=-51 rsrp=-71 rsrq=-5 rssnr=208 cqi=NA</cellinfo>
      </extensions>
    </trkpt>
    <trkpt lat="33.398426" lon="126.539332">
      <ele>993.332031</ele>
      <time>2019-06-05T13:38:49Z</time>
      <extensions>
        <dbm>-77</dbm>
        <cellinfo>mcc=450 mnc=5 ci=32158987 pci=90 tac=9553 rssi=-53 rsrp=-77 rsrq=-5 rssnr=208 cqi=NA</cellinfo>
      </extensions>
    </trkpt>
    <trkpt lat="33.398495" lon="126.539285">
      <ele>991.079102</ele>
      <time>2019-06-05T13:38:58Z</time>
      <extensions>
        <dbm>-79</dbm>
        <cellinfo>mcc=450 mnc=5 ci=32158987 pci=90 tac=9553 rssi=-55 rsrp=-79 rsrq=-4 rssnr=208 cqi=NA</cellinfo>
      </extensions>
    </trkpt>
    <trkpt lat="33.398566" lon="126.539259">
      <ele>988.656705</ele>
      <time>2019-06-05T13:39:06Z</time>
      <extensions>
        <dbm>-78</dbm>
        <cellinfo>mcc=450 mnc=5 ci=32158987 pci=90 tac=9553 rssi=-53 rsrp=-78 rsrq=-6 rssnr=208 cqi=NA</cellinfo>
      </extensions>
    </trkpt>
    <trkpt lat="33.398641" lon="126.539245">
      <ele>986.331843</ele>
      <time>2019-06-05T13:39:15Z</time>
      <extensions>
        <dbm>-82</dbm>
        <cellinfo>mcc=450 mnc=5 ci=32158987 pci=90 tac=9553 rssi=-55 rsrp=-82 rsrq=-6 rssnr=208 cqi=NA</cellinfo>
      </extensions>
    </trkpt>
    <trkpt lat="33.398721" lon="126.539290">
      <ele>983.741189</ele>
      <time>2019-06-05T13:39:27Z</time>
      <extensions>
        <dbm>-80</dbm>
        <cellinfo>mcc=450 mnc=5 ci=32158987 pci=90 tac=9553 rssi=-55 rsrp=-80 rsrq=-5 rssnr=208 cqi=NA</cellinfo>
      </extensions>
    </trkpt>
    <trkpt lat="33.398795" lon="126.539350">
      <ele>981.116832</ele>
      <time>2019-06-05T13:39:33Z</time>
      <extensions>
        <dbm>-83</dbm>
        <cellinfo>mcc=450 mnc=5 ci=32158987 pci=90 tac=9553 rssi=-56 rsrp=-83 rsrq=-5 rssnr=208 cqi=NA</cellinfo>
      </extensions>
    </trkpt>
    <trkpt lat="33.398869" lon="126.539415">
      <ele>978.314875</ele>
      <time>2019-06-05T13:39:43Z</time>
      <extensions>
        <dbm>-81</dbm>
        <cellinfo>mcc=450 mnc=5 ci=32158987 pci=90 tac=9553 rssi=-56 rsrp=-81 rsrq=-5 rssnr=208 cqi=NA</cellinfo>
      </extensions>
    </trkpt>
    <trkpt lat="33.398956" lon="126.539442">
      <ele>975.521551</ele>
      <time>2019-06-05T13:39:57Z</time>
      <extensions>
        <dbm>-77</dbm>
        <cellinfo>mcc=450 mnc=5 ci=32158987 pci=90 tac=9553 rssi=-54 rsrp=-77 rsrq=-7 rssnr=208 cqi=NA</cellinfo>
      </extensions>
    </trkpt>
    <trkpt lat="33.399049" lon="126.539441">
      <ele>973.125788</ele>
      <time>2019-06-05T13:40:05Z</time>
      <extensions>
        <dbm>-78</dbm>
        <cellinfo>mcc=450 mnc=5 ci=32158987 pci=90 tac=9553 rssi=-54 rsrp=-78 rsrq=-4 rssnr=208 cqi=NA</cellinfo>
      </extensions>
    </trkpt>
    <trkpt lat="33.399146" lon="126.539439">
      <ele>970.812877</ele>
      <time>2019-06-05T13:40:12Z</time>
      <extensions>
        <dbm>-82</dbm>
        <cellinfo>mcc=450 mnc=5 ci=32158987 pci=90 tac=9553 rssi=-55 rsrp=-82 rsrq=-6 rssnr=208 cqi=NA</cellinfo>
      </extensions>
    </trkpt>
    <trkpt lat="33.399249" lon="126.539448">
      <ele>968.669578</ele>
      <time>2019-06-05T13:40:20Z</time>
      <extensions>
        <dbm>-76</dbm>
        <cellinfo>mcc=450 mnc=5 ci=32158987 pci=90 tac=9553 rssi=-53 rsrp=-76 rsrq=-4 rssnr=208 cqi=NA</cellinfo>
      </extensions>
    </trkpt>
    <trkpt lat="33.399349" lon="126.539461">
      <ele>964.851794</ele>
      <time>2019-06-05T13:40:31Z</time>
      <extensions>
        <dbm>-80</dbm>
        <cellinfo>mcc=450 mnc=5 ci=32158987 pci=90 tac=9553 rssi=-54 rsrp=-80 rsrq=-5 rssnr=208 cqi=NA</cellinfo>
      </extensions>
    </trkpt>
    <trkpt lat="33.399415" lon="126.539507">
      <ele>962.902063</ele>
      <time>2019-06-05T13:40:42Z</time>
      <extensions>
        <dbm>-84</dbm>
        <cellinfo>mcc=450 mnc=5 ci=32158987 pci=90 tac=9553 rssi=-54 rsrp=-84 rsrq=-5 rssnr=208 cqi=NA</cellinfo>
      </extensions>
    </trkpt>
    <trkpt lat="33.399461" lon="126.539574">
      <ele>961.971713</ele>
      <time>2019-06-05T13:40:48Z</time>
      <extensions>
        <dbm>-84</dbm>
        <cellinfo>mcc=450 mnc=5 ci=32158987 pci=90 tac=9553 rssi=-55 rsrp=-84 rsrq=-6 rssnr=208 cqi=NA</cellinfo>
      </extensions>
    </trkpt>
    <trkpt lat="33.399498" lon="126.539661">
      <ele>959.921043</ele>
      <time>2019-06-05T13:40:57Z</time>
      <extensions>
        <dbm>-86</dbm>
        <cellinfo>mcc=450 mnc=5 ci=32158987 pci=90 tac=9553 rssi=-55 rsrp=-86 rsrq=-5 rssnr=208 cqi=NA</cellinfo>
      </extensions>
    </trkpt>
    <trkpt lat="33.399566" lon="126.539712">
      <ele>958.010487</ele>
      <time>2019-06-05T13:41:07Z</time>
      <extensions>
        <dbm>-81</dbm>
        <cellinfo>mcc=450 mnc=5 ci=32158987 pci=90 tac=9553 rssi=-55 rsrp=-81 rsrq=-5 rssnr=230 cqi=NA</cellinfo>
      </extensions>
    </trkpt>
    <trkpt lat="33.399650" lon="126.539760">
      <ele>955.931408</ele>
      <time>2019-06-05T13:41:16Z</time>
      <extensions>
        <dbm>-85</dbm>
        <cellinfo>mcc=450 mnc=5 ci=32158987 pci=90 tac=9553 rssi=-56 rsrp=-85 rsrq=-6 rssnr=230 cqi=NA</cellinfo>
      </extensions>
    </trkpt>
    <trkpt lat="33.399751" lon="126.539778">
      <ele>953.987360</ele>
      <time>2019-06-05T13:41:23Z</time>
      <extensions>
        <dbm>-81</dbm>
        <cellinfo>mcc=450 mnc=5 ci=32158987 pci=90 tac=9553 rssi=-55 rsrp=-81 rsrq=-7 rssnr=230 cqi=NA</cellinfo>
      </extensions>
    </trkpt>
    <trkpt lat="33.399840" lon="126.539768">
      <ele>951.560125</ele>
      <time>2019-06-05T13:41:31Z</time>
      <extensions>
        <dbm>-86</dbm>
        <cellinfo>mcc=450 mnc=5 ci=32158987 pci=90 tac=9553 rssi=-55 rsrp=-86 rsrq=-7 rssnr=230 cqi=NA</cellinfo>
      </extensions>
    </trkpt>
    <trkpt lat="33.399929" lon="126.539740">
      <ele>948.958774</ele>
      <time>2019-06-05T13:41:38Z</time>
      <extensions>
        <dbm>-85</dbm>
        <cellinfo>mcc=450 mnc=5 ci=32158987 pci=90 tac=9553 rssi=-56 rsrp=-85 rsrq=-6 rssnr=230 cqi=NA</cellinfo>
      </extensions>
    </trkpt>
    <trkpt lat="33.399989" lon="126.539747">
      <ele>946.479825</ele>
      <time>2019-06-05T13:41:45Z</time>
      <extensions>
        <dbm>-86</dbm>
        <cellinfo>mcc=450 mnc=5 ci=32158987 pci=90 tac=9553 rssi=-56 rsrp=-86 rsrq=-6 rssnr=230 cqi=NA</cellinfo>
      </extensions>
    </trkpt>
    <trkpt lat="33.400055" lon="126.539801">
      <ele>943.763761</ele>
      <time>2019-06-05T13:41:53Z</time>
      <extensions>
        <dbm>-83</dbm>
        <cellinfo>mcc=450 mnc=5 ci=32158987 pci=90 tac=9553 rssi=-55 rsrp=-83 rsrq=-6 rssnr=194 cqi=NA</cellinfo>
      </extensions>
    </trkpt>
    <trkpt lat="33.400088" lon="126.539823">
      <ele>941.285645</ele>
      <time>2019-06-05T13:42:09Z</time>
      <extensions>
        <dbm>-86</dbm>
        <cellinfo>mcc=450 mnc=5 ci=32158987 pci=90 tac=9553 rssi=-56 rsrp=-86 rsrq=-5 rssnr=194 cqi=NA</cellinfo>
      </extensions>
    </trkpt>
    <trkpt lat="33.400121" lon="126.539777">
      <ele>940.104980</ele>
      <time>2019-06-05T13:42:21Z</time>
      <extensions>
        <dbm>-89</dbm>
        <cellinfo>mcc=450 mnc=5 ci=51064068 pci=NA tac=8578 rssi=-89 rsrp=NA rsrq=NA rssnr=NA cqi=NA</cellinfo>
      </extensions>
    </trkpt>
    <trkpt lat="33.400107" lon="126.539702">
      <ele>937.677012</ele>
      <time>2019-06-05T13:42:28Z</time>
      <extensions>
        <dbm>-89</dbm>
        <cellinfo>mcc=450 mnc=5 ci=51064068 pci=NA tac=8578 rssi=-89 rsrp=NA rsrq=NA rssnr=NA cqi=NA</cellinfo>
      </extensions>
    </trkpt>
    <trkpt lat="33.400115" lon="126.539678">
      <ele>936.770855</ele>
      <time>2019-06-05T13:42:58Z</time>
      <extensions>
        <dbm>-83</dbm>
        <cellinfo>mcc=450 mnc=5 ci=51064068 pci=NA tac=8578 rssi=-83 rsrp=NA rsrq=NA rssnr=NA cqi=NA</cellinfo>
      </extensions>
    </trkpt>
    <trkpt lat="33.400103" lon="126.539725">
      <ele>935.446075</ele>
      <time>2019-06-05T13:43:35Z</time>
      <extensions>
        <dbm>-89</dbm>
        <cellinfo>mcc=450 mnc=5 ci=51064068 pci=NA tac=8578 rssi=-89 rsrp=NA rsrq=NA rssnr=NA cqi=NA</cellinfo>
      </extensions>
    </trkpt>
    <trkpt lat="33.400136" lon="126.539808">
      <ele>933.368724</ele>
      <time>2019-06-05T13:43:44Z</time>
      <extensions>
        <dbm>-91</dbm>
        <cellinfo>mcc=450 mnc=5 ci=51064068 pci=NA tac=8578 rssi=-91 rsrp=NA rsrq=NA rssnr=NA cqi=NA</cellinfo>
      </extensions>
    </trkpt>
    <trkpt lat="33.400180" lon="126.539872">
      <ele>931.124196</ele>
      <time>2019-06-05T13:43:57Z</time>
      <extensions>
        <dbm>-91</dbm>
        <cellinfo>mcc=450 mnc=5 ci=51064068 pci=NA tac=8578 rssi=-91 rsrp=NA rsrq=NA rssnr=NA cqi=NA</cellinfo>
      </extensions>
    </trkpt>
    <trkpt lat="33.400263" lon="126.539922">
      <ele>928.893545</ele>
      <time>2019-06-05T13:44:06Z</time>
      <extensions>
        <dbm>-97</dbm>
        <cellinfo>mcc=450 mnc=5 ci=51064068 pci=NA tac=8578 rssi=-97 rsrp=NA rsrq=NA rssnr=NA cqi=NA</cellinfo>
      </extensions>
    </trkpt>
    <trkpt lat="33.400335" lon="126.539981">
      <ele>926.860870</ele>
      <time>2019-06-05T13:44:20Z</time>
      <extensions>
        <dbm>-95</dbm>
        <cellinfo>mcc=450 mnc=5 ci=51064068 pci=NA tac=8578 rssi=-95 rsrp=NA rsrq=NA rssnr=NA cqi=NA</cellinfo>
      </extensions>
    </trkpt>
    <trkpt lat="33.400388" lon="126.540067">
      <ele>925.115662</ele>
      <time>2019-06-05T13:44:32Z</time>
      <extensions>
        <dbm>-85</dbm>
        <cellinfo>mcc=450 mnc=5 ci=51064068 pci=NA tac=8578 rssi=-85 rsrp=NA rsrq=NA rssnr=NA cqi=NA</cellinfo>
      </extensions>
    </trkpt>
    <trkpt lat="33.400443" lon="126.540150">
      <ele>923.539673</ele>
      <time>2019-06-05T13:44:48Z</time>
      <extensions>
        <dbm>-91</dbm>
        <cellinfo>mcc=450 mnc=5 ci=51064068 pci=NA tac=8578 rssi=-91 rsrp=NA rsrq=NA rssnr=NA cqi=NA</cellinfo>
      </extensions>
    </trkpt>
    <trkpt lat="33.400515" lon="126.540200">
      <ele>921.952932</ele>
      <time>2019-06-05T13:44:59Z</time>
      <extensions>
        <dbm>-79</dbm>
        <cellinfo>mcc=450 mnc=5 ci=51064068 pci=NA tac=8578 rssi=-79 rsrp=NA rsrq=NA rssnr=NA cqi=NA</cellinfo>
      </extensions>
    </trkpt>
    <trkpt lat="33.400600" lon="126.540222">
      <ele>920.679637</ele>
      <time>2019-06-05T13:45:11Z</time>
      <extensions>
        <dbm>-93</dbm>
        <cellinfo>mcc=450 mnc=5 ci=51064068 pci=NA tac=8578 rssi=-93 rsrp=NA rsrq=NA rssnr=NA cqi=NA</cellinfo>
      </extensions>
    </trkpt>
    <trkpt lat="33.400685" lon="126.540228">
      <ele>919.076141</ele>
      <time>2019-06-05T13:45:23Z</time>
      <extensions>
        <dbm>-83</dbm>
        <cellinfo>mcc=450 mnc=5 ci=51064068 pci=NA tac=8578 rssi=-83 rsrp=NA rsrq=NA rssnr=NA cqi=NA</cellinfo>
      </extensions>
    </trkpt>
    <trkpt lat="33.400757" lon="126.540256">
      <ele>917.418549</ele>
      <time>2019-06-05T13:45:33Z</time>
      <extensions>
        <dbm>-91</dbm>
        <cellinfo>mcc=450 mnc=5 ci=51064068 pci=NA tac=8578 rssi=-91 rsrp=NA rsrq=NA rssnr=NA cqi=NA</cellinfo>
      </extensions>
    </trkpt>
    <trkpt lat="33.400835" lon="126.540291">
      <ele>915.636251</ele>
      <time>2019-06-05T13:45:47Z</time>
      <extensions>
        <dbm>-103</dbm>
        <cellinfo>mcc=450 mnc=5 ci=51064068 pci=NA tac=8578 rssi=-103 rsrp=NA rsrq=NA rssnr=NA cqi=NA</cellinfo>
      </extensions>
    </trkpt>
    <trkpt lat="33.400915" lon="126.540318">
      <ele>913.854553</ele>
      <time>2019-06-05T13:45:56Z</time>
      <extensions>
        <dbm>-97</dbm>
        <cellinfo>mcc=450 mnc=5 ci=51064068 pci=NA tac=8578 rssi=-97 rsrp=NA rsrq=NA rssnr=NA cqi=NA</cellinfo>
      </extensions>
    </trkpt>
    <trkpt lat="33.401012" lon="126.540322">
      <ele>912.083700</ele>
      <time>2019-06-05T13:46:04Z</time>
      <extensions>
        <dbm>-99</dbm>
        <cellinfo>mcc=450 mnc=5 ci=51064068 pci=NA tac=8578 rssi=-99 rsrp=NA rsrq=NA rssnr=NA cqi=NA</cellinfo>
      </extensions>
    </trkpt>
    <trkpt lat="33.401105" lon="126.540318">
      <ele>910.422129</ele>
      <time>2019-06-05T13:46:12Z</time>
      <extensions>
        <dbm>-86</dbm>
        <cellinfo>mcc=450 mnc=5 ci=32158991 pci=90 tac=9553 rssi=-55 rsrp=-86 rsrq=-6 rssnr=300 cqi=NA</cellinfo>
      </extensions>
    </trkpt>
    <trkpt lat="33.401193" lon="126.540285">
      <ele>908.283620</ele>
      <time>2019-06-05T13:46:21Z</time>
      <extensions>
        <dbm>-95</dbm>
        <cellinfo>mcc=450 mnc=5 ci=32158991 pci=90 tac=9553 rssi=-58 rsrp=-95 rsrq=-6 rssnr=300 cqi=NA</cellinfo>
      </extensions>
    </trkpt>
    <trkpt lat="33.401280" lon="126.540248">
      <ele>905.499705</ele>
      <time>2019-06-05T13:46:47Z</time>
      <extensions>
        <dbm>-91</dbm>
        <cellinfo>mcc=450 mnc=5 ci=32158991 pci=90 tac=9553 rssi=-56 rsrp=-91 rsrq=-5 rssnr=240 cqi=NA</cellinfo>
      </extensions>
    </trkpt>
    <trkpt lat="33.401358" lon="126.540177">
      <ele>900.417753</ele>
      <time>2019-06-05T13:46:59Z</time>
      <extensions>
        <dbm>-106</dbm>
        <cellinfo>mcc=450 mnc=5 ci=32158987 pci=90 tac=9553 rssi=-62 rsrp=-106 rsrq=-7 rssnr=210 cqi=NA</cellinfo>
      </extensions>
    </trkpt>
    <trkpt lat="33.401432" lon="126.540109">
      <ele>895.877655</ele>
      <time>2019-06-05T13:47:14Z</time>
      <extensions>
        <dbm>-107</dbm>
        <cellinfo>mcc=450 mnc=5 ci=32158987 pci=90 tac=9553 rssi=-62 rsrp=-107 rsrq=-7 rssnr=210 cqi=NA</cellinfo>
      </extensions>
    </trkpt>
    <trkpt lat="33.401514" lon="126.540054">
      <ele>890.647161</ele>
      <time>2019-06-05T13:47:20Z</time>
      <extensions>
        <dbm>-106</dbm>
        <cellinfo>mcc=450 mnc=5 ci=32158987 pci=90 tac=9553 rssi=-61 rsrp=-106 rsrq=-6 rssnr=210 cqi=NA</cellinfo>
      </extensions>
    </trkpt>
    <trkpt lat="33.401601" lon="126.540047">
      <ele>885.316101</ele>
      <time>2019-06-05T13:47:26Z</time>
      <extensions>
        <dbm>-90</dbm>
        <cellinfo>mcc=450 mnc=5 ci=32158991 pci=90 tac=9553 rssi=-56 rsrp=-90 rsrq=-5 rssnr=224 cqi=NA</cellinfo>
      </extensions>
    </trkpt>
    <trkpt lat="33.401695" lon="126.540091">
      <ele>881.971143</ele>
      <time>2019-06-05T13:47:33Z</time>
      <extensions>
        <dbm>-95</dbm>
        <cellinfo>mcc=450 mnc=5 ci=32158991 pci=90 tac=9553 rssi=-58 rsrp=-95 rsrq=-6 rssnr=214 cqi=NA</cellinfo>
      </extensions>
    </trkpt>
    <trkpt lat="33.401776" lon="126.540106">
      <ele>878.782227</ele>
      <time>2019-06-05T13:47:43Z</time>
      <extensions>
        <dbm>-94</dbm>
        <cellinfo>mcc=450 mnc=5 ci=32158991 pci=90 tac=9553 rssi=-57 rsrp=-94 rsrq=-7 rssnr=214 cqi=NA</cellinfo>
      </extensions>
    </trkpt>
    <trkpt lat="33.401854" lon="126.540083">
      <ele>877.831765</ele>
      <time>2019-06-05T13:47:56Z</time>
      <extensions>
        <dbm>-93</dbm>
        <cellinfo>mcc=450 mnc=5 ci=32158991 pci=90 tac=9553 rssi=-57 rsrp=-93 rsrq=-6 rssnr=214 cqi=NA</cellinfo>
      </extensions>
    </trkpt>
    <trkpt lat="33.401933" lon="126.540025">
      <ele>873.238989</ele>
      <time>2019-06-05T13:48:05Z</time>
      <extensions>
        <dbm>-105</dbm>
        <cellinfo>mcc=450 mnc=5 ci=32158987 pci=90 tac=9553 rssi=-61 rsrp=-105 rsrq=-7 rssnr=152 cqi=NA</cellinfo>
      </extensions>
    </trkpt>
    <trkpt lat="33.402002" lon="126.539965">
      <ele>873.348256</ele>
      <time>2019-06-05T13:48:23Z</time>
      <extensions>
        <dbm>-104</dbm>
        <cellinfo>mcc=450 mnc=5 ci=32158987 pci=90 tac=9553 rssi=-61 rsrp=-104 rsrq=-7 rssnr=152 cqi=NA</cellinfo>
      </extensions>
    </trkpt>
    <trkpt lat="33.402062" lon="126.539892">
      <ele>872.515048</ele>
      <time>2019-06-05T13:48:36Z</time>
      <extensions>
        <dbm>-94</dbm>
        <cellinfo>mcc=450 mnc=5 ci=32158991 pci=90 tac=9553 rssi=-58 rsrp=-94 rsrq=-7 rssnr=152 cqi=NA</cellinfo>
      </extensions>
    </trkpt>
    <trkpt lat="33.402124" lon="126.539829">
      <ele>872.117509</ele>
      <time>2019-06-05T13:48:47Z</time>
      <extensions>
        <dbm>-98</dbm>
        <cellinfo>mcc=450 mnc=5 ci=32158991 pci=90 tac=9553 rssi=-59 rsrp=-98 rsrq=-9 rssnr=116 cqi=NA</cellinfo>
      </extensions>
    </trkpt>
    <trkpt lat="33.402199" lon="126.539785">
      <ele>871.993042</ele>
      <time>2019-06-05T13:48:56Z</time>
      <extensions>
        <dbm>-96</dbm>
        <cellinfo>mcc=450 mnc=5 ci=32158991 pci=90 tac=9553 rssi=-58 rsrp=-96 rsrq=-11 rssnr=124 cqi=NA</cellinfo>
      </extensions>
    </trkpt>
    <trkpt lat="33.402290" lon="126.539764">
      <ele>871.894276</ele>
      <time>2019-06-05T13:49:06Z</time>
      <extensions>
        <dbm>-97</dbm>
        <cellinfo>mcc=450 mnc=5 ci=32158991 pci=90 tac=9553 rssi=-60 rsrp=-97 rsrq=-10 rssnr=52 cqi=NA</cellinfo>
      </extensions>
    </trkpt>
    <trkpt lat="33.402388" lon="126.539738">
      <ele>871.608118</ele>
      <time>2019-06-05T13:49:13Z</time>
      <extensions>
        <dbm>-101</dbm>
        <cellinfo>mcc=450 mnc=5 ci=32158991 pci=90 tac=9553 rssi=-61 rsrp=-101 rsrq=-14 rssnr=52 cqi=NA</cellinfo>
      </extensions>
    </trkpt>
    <trkpt lat="33.402483" lon="126.539708">
      <ele>871.539880</ele>
      <time>2019-06-05T13:49:20Z</time>
      <extensions>
        <dbm>-100</dbm>
        <cellinfo>mcc=450 mnc=5 ci=32158991 pci=90 tac=9553 rssi=-60 rsrp=-100 rsrq=-12 rssnr=32 cqi=NA</cellinfo>
      </extensions>
    </trkpt>
    <trkpt lat="33.402564" lon="126.539720">
      <ele>871.539880</ele>
      <time>2019-06-05T13:49:28Z</time>
      <extensions>
        <dbm>-97</dbm>
        <cellinfo>mcc=450 mnc=5 ci=32158991 pci=90 tac=9553 rssi=-59 rsrp=-97 rsrq=-10 rssnr=10 cqi=NA</cellinfo>
      </extensions>
    </trkpt>
    <trkpt lat="33.402632" lon="126.539767">
      <ele>871.609075</ele>
      <time>2019-06-05T13:49:43Z</time>
      <extensions>
        <dbm>-101</dbm>
        <cellinfo>mcc=450 mnc=5 ci=32158991 pci=90 tac=9553 rssi=-61 rsrp=-101 rsrq=-12 rssnr=-12 cqi=NA</cellinfo>
      </extensions>
    </trkpt>
    <trkpt lat="33.402705" lon="126.539836">
      <ele>871.262806</ele>
      <time>2019-06-05T13:49:51Z</time>
      <extensions>
        <dbm>-101</dbm>
        <cellinfo>mcc=450 mnc=5 ci=32158991 pci=90 tac=9553 rssi=-61 rsrp=-101 rsrq=-11 rssnr=2 cqi=NA</cellinfo>
      </extensions>
    </trkpt>
    <trkpt lat="33.402787" lon="126.539900">
      <ele>871.322554</ele>
      <time>2019-06-05T13:50:01Z</time>
      <extensions>
        <dbm>-105</dbm>
        <cellinfo>mcc=450 mnc=5 ci=32158987 pci=90 tac=9553 rssi=-62 rsrp=-105 rsrq=-11 rssnr=-16 cqi=NA</cellinfo>
      </extensions>
    </trkpt>
    <trkpt lat="33.402874" lon="126.539953">
      <ele>871.302524</ele>
      <time>2019-06-05T13:50:09Z</time>
      <extensions>
        <dbm>-102</dbm>
        <cellinfo>mcc=450 mnc=5 ci=32158987 pci=90 tac=9553 rssi=-61 rsrp=-102 rsrq=-8 rssnr=-16 cqi=NA</cellinfo>
      </extensions>
    </trkpt>
    <trkpt lat="33.402953" lon="126.540022">
      <ele>871.361606</ele>
      <time>2019-06-05T13:50:18Z</time>
      <extensions>
        <dbm>-100</dbm>
        <cellinfo>mcc=450 mnc=5 ci=32158987 pci=90 tac=9553 rssi=-60 rsrp=-100 rsrq=-6 rssnr=112 cqi=NA</cellinfo>
      </extensions>
    </trkpt>
    <trkpt lat="33.403011" lon="126.540098">
      <ele>871.361606</ele>
      <time>2019-06-05T13:50:25Z</time>
      <extensions>
        <dbm>-100</dbm>
        <cellinfo>mcc=450 mnc=5 ci=32158987 pci=90 tac=9553 rssi=-60 rsrp=-100 rsrq=-7 rssnr=112 cqi=NA</cellinfo>
      </extensions>
    </trkpt>
    <trkpt lat="33.403025" lon="126.540194">
      <ele>871.361606</ele>
      <time>2019-06-05T13:50:35Z</time>
      <extensions>
        <dbm>-93</dbm>
        <cellinfo>mcc=450 mnc=5 ci=32158991 pci=90 tac=9553 rssi=-58 rsrp=-93 rsrq=-7 rssnr=88 cqi=NA</cellinfo>
      </extensions>
    </trkpt>
    <trkpt lat="33.403018" lon="126.540302">
      <ele>871.361606</ele>
      <time>2019-06-05T13:50:43Z</time>
      <extensions>
        <dbm>-95</dbm>
        <cellinfo>mcc=450 mnc=5 ci=32158991 pci=90 tac=9553 rssi=-57 rsrp=-95 rsrq=-6 rssnr=88 cqi=NA</cellinfo>
      </extensions>
    </trkpt>
    <trkpt lat="33.403029" lon="126.540396">
      <ele>871.361606</ele>
      <time>2019-06-05T13:50:53Z</time>
      <extensions>
        <dbm>-92</dbm>
        <cellinfo>mcc=450 mnc=5 ci=32158991 pci=90 tac=9553 rssi=-57 rsrp=-92 rsrq=-6 rssnr=88 cqi=NA</cellinfo>
      </extensions>
    </trkpt>
    <trkpt lat="33.403063" lon="126.540495">
      <ele>870.986506</ele>
      <time>2019-06-05T13:51:02Z</time>
      <extensions>
        <dbm>-105</dbm>
        <cellinfo>mcc=450 mnc=5 ci=32158987 pci=90 tac=9553 rssi=-61 rsrp=-105 rsrq=-6 rssnr=180 cqi=NA</cellinfo>
      </extensions>
    </trkpt>
    <trkpt lat="33.403125" lon="126.540569">
      <ele>870.517722</ele>
      <time>2019-06-05T13:51:10Z</time>
      <extensions>
        <dbm>-106</dbm>
        <cellinfo>mcc=450 mnc=5 ci=32158987 pci=90 tac=9553 rssi=-61 rsrp=-106 rsrq=-6 rssnr=180 cqi=NA</cellinfo>
      </extensions>
    </trkpt>
    <trkpt lat="33.403193" lon="126.540638">
      <ele>870.517722</ele>
      <time>2019-06-05T13:51:18Z</time>
      <extensions>
        <dbm>-100</dbm>
        <cellinfo>mcc=450 mnc=5 ci=32158987 pci=90 tac=9553 rssi=-60 rsrp=-100 rsrq=-7 rssnr=202 cqi=NA</cellinfo>
      </extensions>
    </trkpt>
    <trkpt lat="33.403261" lon="126.540699">
      <ele>870.108310</ele>
      <time>2019-06-05T13:51:26Z</time>
      <extensions>
        <dbm>-97</dbm>
        <cellinfo>mcc=450 mnc=5 ci=32158987 pci=90 tac=9553 rssi=-59 rsrp=-97 rsrq=-7 rssnr=202 cqi=NA</cellinfo>
      </extensions>
    </trkpt>
    <trkpt lat="33.403324" lon="126.540768">
      <ele>868.958374</ele>
      <time>2019-06-05T13:51:51Z</time>
      <extensions>
        <dbm>-87</dbm>
        <cellinfo>mcc=450 mnc=5 ci=32158991 pci=90 tac=9553 rssi=-55 rsrp=-87 rsrq=-5 rssnr=246 cqi=NA</cellinfo>
      </extensions>
    </trkpt>
    <trkpt lat="33.403373" lon="126.540864">
      <ele>867.772283</ele>
      <time>2019-06-05T13:51:58Z</time>
      <extensions>
        <dbm>-99</dbm>
        <cellinfo>mcc=450 mnc=5 ci=32158987 pci=90 tac=9553 rssi=-59 rsrp=-99 rsrq=-5 rssnr=202 cqi=NA</cellinfo>
      </extensions>
    </trkpt>
    <trkpt lat="33.403443" lon="126.540950">
      <ele>866.459295</ele>
      <time>2019-06-05T13:52:05Z</time>
      <extensions>
        <dbm>-99</dbm>
        <cellinfo>mcc=450 mnc=5 ci=32158987 pci=90 tac=9553 rssi=-59 rsrp=-99 rsrq=-5 rssnr=202 cqi=NA</cellinfo>
      </extensions>
    </trkpt>
    <trkpt lat="33.403502" lon="126.541049">
      <ele>865.087380</ele>
      <time>2019-06-05T13:52:12Z</time>
      <extensions>
        <dbm>-88</dbm>
        <cellinfo>mcc=450 mnc=5 ci=32158991 pci=90 tac=9553 rssi=-55 rsrp=-88 rsrq=-6 rssnr=206 cqi=NA</cellinfo>
      </extensions>
    </trkpt>
    <trkpt lat="33.403561" lon="126.541139">
      <ele>863.479781</ele>
      <time>2019-06-05T13:52:20Z</time>
      <extensions>
        <dbm>-89</dbm>
        <cellinfo>mcc=450 mnc=5 ci=32158991 pci=90 tac=9553 rssi=-55 rsrp=-89 rsrq=-5 rssnr=256 cqi=NA</cellinfo>
      </extensions>
    </trkpt>
    <trkpt lat="33.403623" lon="126.541224">
      <ele>861.872692</ele>
      <time>2019-06-05T13:52:27Z</time>
      <extensions>
        <dbm>-86</dbm>
        <cellinfo>mcc=450 mnc=5 ci=32158991 pci=90 tac=9553 rssi=-56 rsrp=-86 rsrq=-8 rssnr=256 cqi=NA</cellinfo>
      </extensions>
    </trkpt>
    <trkpt lat="33.403692" lon="126.541291">
      <ele>860.297696</ele>
      <time>2019-06-05T13:52:35Z</time>
      <extensions>
        <dbm>-84</dbm>
        <cellinfo>mcc=450 mnc=5 ci=32158991 pci=90 tac=9553 rssi=-56 rsrp=-84 rsrq=-7 rssnr=256 cqi=NA</cellinfo>
      </extensions>
    </trkpt>
    <trkpt lat="33.403759" lon="126.541358">
      <ele>858.745949</ele>
      <time>2019-06-05T13:52:45Z</time>
      <extensions>
        <dbm>-86</dbm>
        <cellinfo>mcc=450 mnc=5 ci=32158991 pci=90 tac=9553 rssi=-56 rsrp=-86 rsrq=-8 rssnr=256 cqi=NA</cellinfo>
      </extensions>
    </trkpt>
    <trkpt lat="33.403813" lon="126.541441">
      <ele>857.232045</ele>
      <time>2019-06-05T13:52:54Z</time>
      <extensions>
        <dbm>-87</dbm>
        <cellinfo>mcc=450 mnc=5 ci=32158991 pci=90 tac=9553 rssi=-55 rsrp=-87 rsrq=-5 rssnr=256 cqi=NA</cellinfo>
      </extensions>
    </trkpt>
    <trkpt lat="33.403851" lon="126.541546">
      <ele>855.732289</ele>
      <time>2019-06-05T13:53:01Z</time>
      <extensions>
        <dbm>-83</dbm>
        <cellinfo>mcc=450 mnc=5 ci=32158991 pci=90 tac=9553 rssi=-54 rsrp=-83 rsrq=-5 rssnr=256 cqi=NA</cellinfo>
      </extensions>
    </trkpt>
    <trkpt lat="33.403903" lon="126.541637">
      <ele>854.278442</ele>
      <time>2019-06-05T13:53:08Z</time>
      <extensions>
        <dbm>-101</dbm>
        <cellinfo>mcc=450 mnc=5 ci=32158987 pci=90 tac=9553 rssi=-60 rsrp=-101 rsrq=-6 rssnr=208 cqi=NA</cellinfo>
      </extensions>
    </trkpt>
    <trkpt lat="33.403958" lon="126.541725">
      <ele>853.409502</ele>
      <time>2019-06-05T13:53:15Z</time>
      <extensions>
        <dbm>-81</dbm>
        <cellinfo>mcc=450 mnc=5 ci=32158991 pci=90 tac=9553 rssi=-54 rsrp=-81 rsrq=-5 rssnr=208 cqi=NA</cellinfo>
      </extensions>
    </trkpt>
    <trkpt lat="33.404029" lon="126.541793">
      <ele>852.315174</ele>
      <time>2019-06-05T13:53:24Z</time>
      <extensions>
        <dbm>-93</dbm>
        <cellinfo>mcc=450 mnc=5 ci=32158987 pci=90 tac=9553 rssi=-58 rsrp=-93 rsrq=-7 rssnr=208 cqi=NA</cellinfo>
      </extensions>
    </trkpt>
    <trkpt lat="33.404099" lon="126.541858">
      <ele>851.931496</ele>
      <time>2019-06-05T13:53:33Z</time>
      <extensions>
        <dbm>-84</dbm>
        <cellinfo>mcc=450 mnc=5 ci=32158991 pci=90 tac=9553 rssi=-55 rsrp=-84 rsrq=-5 rssnr=276 cqi=NA</cellinfo>
      </extensions>
    </trkpt>
    <trkpt lat="33.404171" lon="126.541907">
      <ele>851.151068</ele>
      <time>2019-06-05T13:53:40Z</time>
      <extensions>
        <dbm>-95</dbm>
        <cellinfo>mcc=450 mnc=5 ci=32158987 pci=90 tac=9553 rssi=-59 rsrp=-95 rsrq=-7 rssnr=276 cqi=NA</cellinfo>
      </extensions>
    </trkpt>
    <trkpt lat="33.404253" lon="126.541942">
      <ele>850.550637</ele>
      <time>2019-06-05T13:53:48Z</time>
      <extensions>
        <dbm>-83</dbm>
        <cellinfo>mcc=450 mnc=5 ci=32158991 pci=90 tac=9553 rssi=-55 rsrp=-83 rsrq=-6 rssnr=276 cqi=NA</cellinfo>
      </extensions>
    </trkpt>
    <trkpt lat="33.404342" lon="126.541972">
      <ele>850.271296</ele>
      <time>2019-06-05T13:53:59Z</time>
      <extensions>
        <dbm>-92</dbm>
        <cellinfo>mcc=450 mnc=5 ci=32158987 pci=90 tac=9553 rssi=-58 rsrp=-92 rsrq=-6 rssnr=284 cqi=NA</cellinfo>
      </extensions>
    </trkpt>
    <trkpt lat="33.404428" lon="126.542026">
      <ele>849.777433</ele>
      <time>2019-06-05T13:54:06Z</time>
      <extensions>
        <dbm>-93</dbm>
        <cellinfo>mcc=450 mnc=5 ci=32158987 pci=90 tac=9553 rssi=-57 rsrp=-93 rsrq=-6 rssnr=284 cqi=NA</cellinfo>
      </extensions>
    </trkpt>
    <trkpt lat="33.404509" lon="126.542082">
      <ele>849.548540</ele>
      <time>2019-06-05T13:54:14Z</time>
      <extensions>
        <dbm>-93</dbm>
        <cellinfo>mcc=450 mnc=5 ci=32158987 pci=90 tac=9553 rssi=-58 rsrp=-93 rsrq=-6 rssnr=284 cqi=NA</cellinfo>
      </extensions>
    </trkpt>
    <trkpt lat="33.404594" lon="126.542123">
      <ele>849.236528</ele>
      <time>2019-06-05T13:54:27Z</time>
      <extensions>
        <dbm>-94</dbm>
        <cellinfo>mcc=450 mnc=5 ci=32158987 pci=90 tac=9553 rssi=-59 rsrp=-94 rsrq=-6 rssnr=284 cqi=NA</cellinfo>
      </extensions>
    </trkpt>
    <trkpt lat="33.404693" lon="126.542114">
      <ele>849.236528</ele>
      <time>2019-06-05T13:54:39Z</time>
      <extensions>
        <dbm>-83</dbm>
        <cellinfo>mcc=450 mnc=5 ci=32158991 pci=90 tac=9553 rssi=-55 rsrp=-83 rsrq=-6 rssnr=226 cqi=NA</cellinfo>
      </extensions>
    </trkpt>
    <trkpt lat="33.404792" lon="126.542078">
      <ele>848.873313</ele>
      <time>2019-06-05T13:54:52Z</time>
      <extensions>
        <dbm>-94</dbm>
        <cellinfo>mcc=450 mnc=5 ci=32158987 pci=90 tac=9553 rssi=-58 rsrp=-94 rsrq=-6 rssnr=226 cqi=NA</cellinfo>
      </extensions>
    </trkpt>
    <trkpt lat="33.404887" lon="126.542053">
      <ele>848.571189</ele>
      <time>2019-06-05T13:55:01Z</time>
      <extensions>
        <dbm>-95</dbm>
        <cellinfo>mcc=450 mnc=5 ci=32158987 pci=90 tac=9553 rssi=-58 rsrp=-95 rsrq=-6 rssnr=246 cqi=NA</cellinfo>
      </extensions>
    </trkpt>
    <trkpt lat="33.404976" lon="126.542030">
      <ele>848.240723</ele>
      <time>2019-06-05T13:55:09Z</time>
      <extensions>
        <dbm>-92</dbm>
        <cellinfo>mcc=450 mnc=5 ci=32158987 pci=90 tac=9553 rssi=-59 rsrp=-92 rsrq=-10 rssnr=246 cqi=NA</cellinfo>
      </extensions>
    </trkpt>
    <trkpt lat="33.405066" lon="126.542016">
      <ele>848.240723</ele>
      <time>2019-06-05T13:55:18Z</time>
      <extensions>
        <dbm>-88</dbm>
        <cellinfo>mcc=450 mnc=5 ci=32158987 pci=90 tac=9553 rssi=-57 rsrp=-88 rsrq=-6 rssnr=246 cqi=NA</cellinfo>
      </extensions>
    </trkpt>
    <trkpt lat="33.405159" lon="126.541993">
      <ele>848.240723</ele>
      <time>2019-06-05T13:55:26Z</time>
      <extensions>
        <dbm>-85</dbm>
        <cellinfo>mcc=450 mnc=5 ci=32158987 pci=90 tac=9553 rssi=-56 rsrp=-85 rsrq=-5 rssnr=290 cqi=NA</cellinfo>
      </extensions>
    </trkpt>
    <trkpt lat="33.405259" lon="126.541989">
      <ele>848.075854</ele>
      <time>2019-06-05T13:55:34Z</time>
      <extensions>
        <dbm>-88</dbm>
        <cellinfo>mcc=450 mnc=5 ci=32158987 pci=90 tac=9553 rssi=-57 rsrp=-88 rsrq=-7 rssnr=290 cqi=NA</cellinfo>
      </extensions>
    </trkpt>
    <trkpt lat="33.405357" lon="126.541987">
      <ele>847.682085</ele>
      <time>2019-06-05T13:55:42Z</time>
      <extensions>
        <dbm>-90</dbm>
        <cellinfo>mcc=450 mnc=5 ci=32158987 pci=90 tac=9553 rssi=-57 rsrp=-90 rsrq=-6 rssnr=290 cqi=NA</cellinfo>
      </extensions>
    </trkpt>
    <trkpt lat="33.405455" lon="126.541987">
      <ele>846.808691</ele>
      <time>2019-06-05T13:55:48Z</time>
      <extensions>
        <dbm>-88</dbm>
        <cellinfo>mcc=450 mnc=5 ci=32158987 pci=90 tac=9553 rssi=-56 rsrp=-88 rsrq=-5 rssnr=296 cqi=NA</cellinfo>
      </extensions>
    </trkpt>
    <trkpt lat="33.405546" lon="126.541963">
      <ele>846.022021</ele>
      <time>2019-06-05T13:55:57Z</time>
      <extensions>
        <dbm>-86</dbm>
        <cellinfo>mcc=450 mnc=5 ci=32158987 pci=90 tac=9553 rssi=-56 rsrp=-86 rsrq=-7 rssnr=296 cqi=NA</cellinfo>
      </extensions>
    </trkpt>
    <trkpt lat="33.405637" lon="126.541952">
      <ele>845.460742</ele>
      <time>2019-06-05T13:56:04Z</time>
      <extensions>
        <dbm>-86</dbm>
        <cellinfo>mcc=450 mnc=5 ci=32158987 pci=90 tac=9553 rssi=-56 rsrp=-86 rsrq=-5 rssnr=296 cqi=NA</cellinfo>
      </extensions>
    </trkpt>
    <trkpt lat="33.405726" lon="126.541947">
      <ele>844.634460</ele>
      <time>2019-06-05T13:56:12Z</time>
      <extensions>
        <dbm>-92</dbm>
        <cellinfo>mcc=450 mnc=5 ci=32158987 pci=90 tac=9553 rssi=-58 rsrp=-92 rsrq=-5 rssnr=224 cqi=NA</cellinfo>
      </extensions>
    </trkpt>
    <trkpt lat="33.405820" lon="126.541951">
      <ele>843.748718</ele>
      <time>2019-06-05T13:56:20Z</time>
      <extensions>
        <dbm>-88</dbm>
        <cellinfo>mcc=450 mnc=5 ci=32158987 pci=90 tac=9553 rssi=-58 rsrp=-88 rsrq=-10 rssnr=222 cqi=NA</cellinfo>
      </extensions>
    </trkpt>
    <trkpt lat="33.405920" lon="126.541948">
      <ele>842.851172</ele>
      <time>2019-06-05T13:56:30Z</time>
      <extensions>
        <dbm>-89</dbm>
        <cellinfo>mcc=450 mnc=5 ci=32158987 pci=90 tac=9553 rssi=-56 rsrp=-89 rsrq=-5 rssnr=208 cqi=NA</cellinfo>
      </extensions>
    </trkpt>
    <trkpt lat="33.406024" lon="126.541960">
      <ele>842.014282</ele>
      <time>2019-06-05T13:56:40Z</time>
      <extensions>
        <dbm>-94</dbm>
        <cellinfo>mcc=450 mnc=5 ci=32158987 pci=90 tac=9553 rssi=-58 rsrp=-94 rsrq=-5 rssnr=154 cqi=NA</cellinfo>
      </extensions>
    </trkpt>
    <trkpt lat="33.406130" lon="126.541979">
      <ele>841.026587</ele>
      <time>2019-06-05T13:56:49Z</time>
      <extensions>
        <dbm>-91</dbm>
        <cellinfo>mcc=450 mnc=5 ci=32158991 pci=90 tac=9553 rssi=-56 rsrp=-91 rsrq=-6 rssnr=154 cqi=NA</cellinfo>
      </extensions>
    </trkpt>
    <trkpt lat="33.406236" lon="126.541996">
      <ele>840.057617</ele>
      <time>2019-06-05T13:56:58Z</time>
      <extensions>
        <dbm>-95</dbm>
        <cellinfo>mcc=450 mnc=5 ci=32158991 pci=90 tac=9553 rssi=-59 rsrp=-95 rsrq=-8 rssnr=134 cqi=NA</cellinfo>
      </extensions>
    </trkpt>
    <trkpt lat="33.406346" lon="126.542000">
      <ele>838.971080</ele>
      <time>2019-06-05T13:57:07Z</time>
      <extensions>
        <dbm>-95</dbm>
        <cellinfo>mcc=450 mnc=5 ci=32158987 pci=90 tac=9553 rssi=-59 rsrp=-95 rsrq=-7 rssnr=74 cqi=NA</cellinfo>
      </extensions>
    </trkpt>
    <trkpt lat="33.406455" lon="126.542015">
      <ele>838.368286</ele>
      <time>2019-06-05T13:57:19Z</time>
      <extensions>
        <dbm>-102</dbm>
        <cellinfo>mcc=450 mnc=5 ci=32158987 pci=90 tac=9553 rssi=-61 rsrp=-102 rsrq=-8 rssnr=74 cqi=NA</cellinfo>
      </extensions>
    </trkpt>
    <trkpt lat="33.406561" lon="126.542036">
      <ele>837.806064</ele>
      <time>2019-06-05T13:57:26Z</time>
      <extensions>
        <dbm>-98</dbm>
        <cellinfo>mcc=450 mnc=5 ci=32158987 pci=90 tac=9553 rssi=-59 rsrp=-98 rsrq=-7 rssnr=56 cqi=NA</cellinfo>
      </extensions>
    </trkpt>
    <trkpt lat="33.406655" lon="126.542057">
      <ele>837.031172</ele>
      <time>2019-06-05T13:57:35Z</time>
      <extensions>
        <dbm>-99</dbm>
        <cellinfo>mcc=450 mnc=5 ci=32158987 pci=90 tac=9553 rssi=-60 rsrp=-99 rsrq=-7 rssnr=70 cqi=NA</cellinfo>
      </extensions>
    </trkpt>
    <trkpt lat="33.406747" lon="126.542072">
      <ele>836.198042</ele>
      <time>2019-06-05T13:57:43Z</time>
      <extensions>
        <dbm>-98</dbm>
        <cellinfo>mcc=450 mnc=5 ci=32158987 pci=90 tac=9553 rssi=-60 rsrp=-98 rsrq=-6 rssnr=76 cqi=NA</cellinfo>
      </extensions>
    </trkpt>
    <trkpt lat="33.406837" lon="126.542090">
      <ele>835.309670</ele>
      <time>2019-06-05T13:57:52Z</time>
      <extensions>
        <dbm>-96</dbm>
        <cellinfo>mcc=450 mnc=5 ci=32158987 pci=90 tac=9553 rssi=-59 rsrp=-96 rsrq=-7 rssnr=76 cqi=NA</cellinfo>
      </extensions>
    </trkpt>
    <trkpt lat="33.406933" lon="126.542102">
      <ele>834.321345</ele>
      <time>2019-06-05T13:57:59Z</time>
      <extensions>
        <dbm>-100</dbm>
        <cellinfo>mcc=450 mnc=5 ci=32158987 pci=90 tac=9553 rssi=-61 rsrp=-100 rsrq=-7 rssnr=76 cqi=NA</cellinfo>
      </extensions>
    </trkpt>
    <trkpt lat="33.407031" lon="126.542101">
      <ele>833.035756</ele>
      <time>2019-06-05T13:58:07Z</time>
      <extensions>
        <dbm>-99</dbm>
        <cellinfo>mcc=450 mnc=5 ci=32158987 pci=90 tac=9553 rssi=-60 rsrp=-99 rsrq=-8 rssnr=76 cqi=NA</cellinfo>
      </extensions>
    </trkpt>
    <trkpt lat="33.407134" lon="126.542086">
      <ele>831.657382</ele>
      <time>2019-06-05T13:58:14Z</time>
      <extensions>
        <dbm>-100</dbm>
        <cellinfo>mcc=450 mnc=5 ci=32158987 pci=90 tac=9553 rssi=-60 rsrp=-100 rsrq=-9 rssnr=60 cqi=NA</cellinfo>
      </extensions>
    </trkpt>
    <trkpt lat="33.407234" lon="126.542071">
      <ele>830.286532</ele>
      <time>2019-06-05T13:58:30Z</time>
      <extensions>
        <dbm>-109</dbm>
        <cellinfo>mcc=450 mnc=5 ci=32158987 pci=90 tac=9553 rssi=-63 rsrp=-109 rsrq=-9 rssnr=28 cqi=NA</cellinfo>
      </extensions>
    </trkpt>
    <trkpt lat="33.407334" lon="126.542074">
      <ele>828.977195</ele>
      <time>2019-06-05T13:58:39Z</time>
      <extensions>
        <dbm>-102</dbm>
        <cellinfo>mcc=450 mnc=5 ci=32158991 pci=90 tac=9553 rssi=-60 rsrp=-102 rsrq=-8 rssnr=28 cqi=NA</cellinfo>
      </extensions>
    </trkpt>
    <trkpt lat="33.407423" lon="126.542113">
      <ele>827.600819</ele>
      <time>2019-06-05T13:58:49Z</time>
      <extensions>
        <dbm>-100</dbm>
        <cellinfo>mcc=450 mnc=5 ci=32158991 pci=90 tac=9553 rssi=-59 rsrp=-100 rsrq=-7 rssnr=38 cqi=NA</cellinfo>
      </extensions>
    </trkpt>
    <trkpt lat="33.407486" lon="126.542192">
      <ele>825.972235</ele>
      <time>2019-06-05T13:58:57Z</time>
      <extensions>
        <dbm>-97</dbm>
        <cellinfo>mcc=450 mnc=5 ci=32158987 pci=90 tac=9553 rssi=-59 rsrp=-97 rsrq=-7 rssnr=122 cqi=NA</cellinfo>
      </extensions>
    </trkpt>
    <trkpt lat="33.407541" lon="126.542287">
      <ele>824.289739</ele>
      <time>2019-06-05T13:59:06Z</time>
      <extensions>
        <dbm>-101</dbm>
        <cellinfo>mcc=450 mnc=5 ci=32158987 pci=90 tac=9553 rssi=-60 rsrp=-101 rsrq=-4 rssnr=198 cqi=NA</cellinfo>
      </extensions>
    </trkpt>
    <trkpt lat="33.407582" lon="126.542396">
      <ele>822.712092</ele>
      <time>2019-06-05T13:59:18Z</time>
      <extensions>
        <dbm>-101</dbm>
        <cellinfo>mcc=450 mnc=5 ci=32158987 pci=90 tac=9553 rssi=-61 rsrp=-101 rsrq=-9 rssnr=160 cqi=NA</cellinfo>
      </extensions>
    </trkpt>
    <trkpt lat="33.407606" lon="126.542501">
      <ele>821.277965</ele>
      <time>2019-06-05T13:59:27Z</time>
      <extensions>
        <dbm>-101</dbm>
        <cellinfo>mcc=450 mnc=5 ci=32158991 pci=90 tac=9553 rssi=-60 rsrp=-101 rsrq=-7 rssnr=136 cqi=NA</cellinfo>
      </extensions>
    </trkpt>
    <trkpt lat="33.407615" lon="126.542623">
      <ele>819.966198</ele>
      <time>2019-06-05T13:59:39Z</time>
      <extensions>
        <dbm>-97</dbm>
        <cellinfo>mcc=450 mnc=5 ci=32158991 pci=90 tac=9553 rssi=-57 rsrp=-97 rsrq=-7 rssnr=164 cqi=NA</cellinfo>
      </extensions>
    </trkpt>
    <trkpt lat="33.407632" lon="126.542729">
      <ele>819.560625</ele>
      <time>2019-06-05T13:59:51Z</time>
      <extensions>
        <dbm>-98</dbm>
        <cellinfo>mcc=450 mnc=5 ci=32158991 pci=90 tac=9553 rssi=-60 rsrp=-98 rsrq=-9 rssnr=164 cqi=NA</cellinfo>
      </extensions>
    </trkpt>
    <trkpt lat="33.407695" lon="126.542821">
      <ele>818.668446</ele>
      <time>2019-06-05T13:59:58Z</time>
      <extensions>
        <dbm>-101</dbm>
        <cellinfo>mcc=450 mnc=5 ci=32158987 pci=90 tac=9553 rssi=-60 rsrp=-101 rsrq=-6 rssnr=164 cqi=NA</cellinfo>
      </extensions>
    </trkpt>
    <trkpt lat="33.407781" lon="126.542883">
      <ele>818.144128</ele>
      <time>2019-06-05T14:00:05Z</time>
      <extensions>
        <dbm>-94</dbm>
        <cellinfo>mcc=450 mnc=5 ci=32158991 pci=90 tac=9553 rssi=-58 rsrp=-94 rsrq=-6 rssnr=164 cqi=NA</cellinfo>
      </extensions>
    </trkpt>
    <trkpt lat="33.407871" lon="126.542959">
      <ele>817.824918</ele>
      <time>2019-06-05T14:00:10Z</time>
      <extensions>
        <dbm>-96</dbm>
        <cellinfo>mcc=450 mnc=5 ci=32158991 pci=90 tac=9553 rssi=-58 rsrp=-96 rsrq=-6 rssnr=164 cqi=NA</cellinfo>
      </extensions>
    </trkpt>
    <trkpt lat="33.407926" lon="126.543045">
      <ele>817.797552</ele>
      <time>2019-06-05T14:00:21Z</time>
      <extensions>
        <dbm>-97</dbm>
        <cellinfo>mcc=450 mnc=5 ci=32158991 pci=90 tac=9553 rssi=-58 rsrp=-97 rsrq=-5 rssnr=150 cqi=NA</cellinfo>
      </extensions>
    </trkpt>
    <trkpt lat="33.407964" lon="126.543153">
      <ele>817.670349</ele>
      <time>2019-06-05T14:00:26Z</time>
      <extensions>
        <dbm>-100</dbm>
        <cellinfo>mcc=450 mnc=5 ci=32158987 pci=90 tac=9553 rssi=-60 rsrp=-100 rsrq=-8 rssnr=134 cqi=NA</cellinfo>
      </extensions>
    </trkpt>
    <trkpt lat="33.408006" lon="126.543251">
      <ele>816.971179</ele>
      <time>2019-06-05T14:00:32Z</time>
      <extensions>
        <dbm>-96</dbm>
        <cellinfo>mcc=450 mnc=5 ci=32158991 pci=90 tac=9553 rssi=-58 rsrp=-96 rsrq=-6 rssnr=124 cqi=NA</cellinfo>
      </extensions>
    </trkpt>
    <trkpt lat="33.408080" lon="126.543330">
      <ele>816.234680</ele>
      <time>2019-06-05T14:00:42Z</time>
      <extensions>
        <dbm>-99</dbm>
        <cellinfo>mcc=450 mnc=5 ci=32158991 pci=90 tac=9553 rssi=-59 rsrp=-99 rsrq=-8 rssnr=124 cqi=NA</cellinfo>
      </extensions>
    </trkpt>
    <trkpt lat="33.408160" lon="126.543377">
      <ele>816.234680</ele>
      <time>2019-06-05T14:00:49Z</time>
      <extensions>
        <dbm>-94</dbm>
        <cellinfo>mcc=450 mnc=5 ci=32158727 pci=216 tac=9553 rssi=-58 rsrp=-94 rsrq=-8 rssnr=34 cqi=NA</cellinfo>
      </extensions>
    </trkpt>
    <trkpt lat="33.408247" lon="126.543397">
      <ele>815.526489</ele>
      <time>2019-06-05T14:00:54Z</time>
      <extensions>
        <dbm>-99</dbm>
        <cellinfo>mcc=450 mnc=5 ci=32158727 pci=216 tac=9553 rssi=-60 rsrp=-99 rsrq=-10 rssnr=34 cqi=NA</cellinfo>
      </extensions>
    </trkpt>
    <trkpt lat="33.408320" lon="126.543421">
      <ele>815.117542</ele>
      <time>2019-06-05T14:01:03Z</time>
      <extensions>
        <dbm>-93</dbm>
        <cellinfo>mcc=450 mnc=5 ci=32158727 pci=216 tac=9553 rssi=-58 rsrp=-93 rsrq=-8 rssnr=34 cqi=NA</cellinfo>
      </extensions>
    </trkpt>
    <trkpt lat="33.408393" lon="126.543465">
      <ele>814.710461</ele>
      <time>2019-06-05T14:01:11Z</time>
      <extensions>
        <dbm>-92</dbm>
        <cellinfo>mcc=450 mnc=5 ci=32158727 pci=216 tac=9553 rssi=-58 rsrp=-92 rsrq=-9 rssnr=34 cqi=NA</cellinfo>
      </extensions>
    </trkpt>
    <trkpt lat="33.408453" lon="126.543521">
      <ele>814.764197</ele>
      <time>2019-06-05T14:01:21Z</time>
      <extensions>
        <dbm>-100</dbm>
        <cellinfo>mcc=450 mnc=5 ci=32158727 pci=216 tac=9553 rssi=-60 rsrp=-100 rsrq=-10 rssnr=34 cqi=NA</cellinfo>
      </extensions>
    </trkpt>
    <trkpt lat="33.408521" lon="126.543574">
      <ele>814.531091</ele>
      <time>2019-06-05T14:01:34Z</time>
      <extensions>
        <dbm>-93</dbm>
        <cellinfo>mcc=450 mnc=5 ci=32158727 pci=216 tac=9553 rssi=-57 rsrp=-93 rsrq=-7 rssnr=4 cqi=NA</cellinfo>
      </extensions>
    </trkpt>
    <trkpt lat="33.408600" lon="126.543614">
      <ele>814.289995</ele>
      <time>2019-06-05T14:01:42Z</time>
      <extensions>
        <dbm>-97</dbm>
        <cellinfo>mcc=450 mnc=5 ci=32158727 pci=216 tac=9553 rssi=-59 rsrp=-97 rsrq=-8 rssnr=110 cqi=NA</cellinfo>
      </extensions>
    </trkpt>
    <trkpt lat="33.408685" lon="126.543663">
      <ele>813.812223</ele>
      <time>2019-06-05T14:01:50Z</time>
      <extensions>
        <dbm>-101</dbm>
        <cellinfo>mcc=450 mnc=5 ci=32158727 pci=216 tac=9553 rssi=-60 rsrp=-101 rsrq=-8 rssnr=62 cqi=NA</cellinfo>
      </extensions>
    </trkpt>
    <trkpt lat="33.408756" lon="126.543732">
      <ele>813.437223</ele>
      <time>2019-06-05T14:01:58Z</time>
      <extensions>
        <dbm>-106</dbm>
        <cellinfo>mcc=450 mnc=5 ci=32158727 pci=216 tac=9553 rssi=-62 rsrp=-106 rsrq=-8 rssnr=62 cqi=NA</cellinfo>
      </extensions>
    </trkpt>
    <trkpt lat="33.408822" lon="126.543800">
      <ele>812.747869</ele>
      <time>2019-06-05T14:02:05Z</time>
      <extensions>
        <dbm>-105</dbm>
        <cellinfo>mcc=450 mnc=5 ci=32158727 pci=216 tac=9553 rssi=-61 rsrp=-105 rsrq=-8 rssnr=62 cqi=NA</cellinfo>
      </extensions>
    </trkpt>
    <trkpt lat="33.408885" lon="126.543866">
      <ele>811.737848</ele>
      <time>2019-06-05T14:02:14Z</time>
      <extensions>
        <dbm>-107</dbm>
        <cellinfo>mcc=450 mnc=5 ci=32158727 pci=216 tac=9553 rssi=-61 rsrp=-107 rsrq=-9 rssnr=62 cqi=NA</cellinfo>
      </extensions>
    </trkpt>
    <trkpt lat="33.408953" lon="126.543931">
      <ele>810.665694</ele>
      <time>2019-06-05T14:02:23Z</time>
      <extensions>
        <dbm>-106</dbm>
        <cellinfo>mcc=450 mnc=5 ci=32158727 pci=216 tac=9553 rssi=-61 rsrp=-106 rsrq=-9 rssnr=54 cqi=NA</cellinfo>
      </extensions>
    </trkpt>
    <trkpt lat="33.409019" lon="126.544010">
      <ele>809.460305</ele>
      <time>2019-06-05T14:02:33Z</time>
      <extensions>
        <dbm>-105</dbm>
        <cellinfo>mcc=450 mnc=5 ci=32158991 pci=90 tac=9553 rssi=-61 rsrp=-105 rsrq=-9 rssnr=54 cqi=NA</cellinfo>
      </extensions>
    </trkpt>
    <trkpt lat="33.409089" lon="126.544091">
      <ele>807.996349</ele>
      <time>2019-06-05T14:02:44Z</time>
      <extensions>
        <dbm>-108</dbm>
        <cellinfo>mcc=450 mnc=5 ci=32158991 pci=90 tac=9553 rssi=-62 rsrp=-108 rsrq=-11 rssnr=20 cqi=NA</cellinfo>
      </extensions>
    </trkpt>
    <trkpt lat="33.409163" lon="126.544165">
      <ele>806.624612</ele>
      <time>2019-06-05T14:02:54Z</time>
      <extensions>
        <dbm>-110</dbm>
        <cellinfo>mcc=450 mnc=5 ci=32158991 pci=90 tac=9553 rssi=-62 rsrp=-110 rsrq=-9 rssnr=56 cqi=NA</cellinfo>
      </extensions>
    </trkpt>
    <trkpt lat="33.409216" lon="126.544251">
      <ele>805.182861</ele>
      <time>2019-06-05T14:03:03Z</time>
      <extensions>
        <dbm>-106</dbm>
        <cellinfo>mcc=450 mnc=5 ci=32158991 pci=90 tac=9553 rssi=-61 rsrp=-106 rsrq=-9 rssnr=44 cqi=NA</cellinfo>
      </extensions>
    </trkpt>
    <trkpt lat="33.409268" lon="126.544343">
      <ele>803.600220</ele>
      <time>2019-06-05T14:03:11Z</time>
      <extensions>
        <dbm>-107</dbm>
        <cellinfo>mcc=450 mnc=5 ci=32158991 pci=90 tac=9553 rssi=-62 rsrp=-107 rsrq=-9 rssnr=60 cqi=NA</cellinfo>
      </extensions>
    </trkpt>
    <trkpt lat="33.409329" lon="126.544420">
      <ele>801.980103</ele>
      <time>2019-06-05T14:03:28Z</time>
      <extensions>
        <dbm>-108</dbm>
        <cellinfo>mcc=450 mnc=5 ci=32158991 pci=90 tac=9553 rssi=-63 rsrp=-108 rsrq=-13 rssnr=38 cqi=NA</cellinfo>
      </extensions>
    </trkpt>
    <trkpt lat="33.409411" lon="126.544459">
      <ele>800.702537</ele>
      <time>2019-06-05T14:03:37Z</time>
      <extensions>
        <dbm>-108</dbm>
        <cellinfo>mcc=450 mnc=5 ci=32158991 pci=90 tac=9553 rssi=-62 rsrp=-108 rsrq=-11 rssnr=38 cqi=NA</cellinfo>
      </extensions>
    </trkpt>
    <trkpt lat="33.409498" lon="126.544470">
      <ele>800.120453</ele>
      <time>2019-06-05T14:03:46Z</time>
      <extensions>
        <dbm>-108</dbm>
        <cellinfo>mcc=450 mnc=5 ci=32158991 pci=90 tac=9553 rssi=-62 rsrp=-108 rsrq=-10 rssnr=38 cqi=NA</cellinfo>
      </extensions>
    </trkpt>
    <trkpt lat="33.409581" lon="126.544471">
      <ele>799.250366</ele>
      <time>2019-06-05T14:03:54Z</time>
      <extensions>
        <dbm>-106</dbm>
        <cellinfo>mcc=450 mnc=5 ci=32158991 pci=90 tac=9553 rssi=-62 rsrp=-106 rsrq=-9 rssnr=38 cqi=NA</cellinfo>
      </extensions>
    </trkpt>
    <trkpt lat="33.409665" lon="126.544454">
      <ele>799.250366</ele>
      <time>2019-06-05T14:04:00Z</time>
      <extensions>
        <dbm>-109</dbm>
        <cellinfo>mcc=450 mnc=5 ci=32158983 pci=389 tac=9553 rssi=-63 rsrp=-109 rsrq=-11 rssnr=-24 cqi=NA</cellinfo>
      </extensions>
    </trkpt>
    <trkpt lat="33.409742" lon="126.544415">
      <ele>799.250366</ele>
      <time>2019-06-05T14:04:07Z</time>
      <extensions>
        <dbm>-105</dbm>
        <cellinfo>mcc=450 mnc=5 ci=32158983 pci=389 tac=9553 rssi=-61 rsrp=-105 rsrq=-8 rssnr=-24 cqi=NA</cellinfo>
      </extensions>
    </trkpt>
    <trkpt lat="33.409819" lon="126.544392">
      <ele>799.250366</ele>
      <time>2019-06-05T14:04:13Z</time>
      <extensions>
        <dbm>-107</dbm>
        <cellinfo>mcc=450 mnc=5 ci=32159747 pci=219 tac=9553 rssi=-62 rsrp=-107 rsrq=-9 rssnr=-24 cqi=NA</cellinfo>
      </extensions>
    </trkpt>
    <trkpt lat="33.409889" lon="126.544398">
      <ele>799.250366</ele>
      <time>2019-06-05T14:04:19Z</time>
      <extensions>
        <dbm>-104</dbm>
        <cellinfo>mcc=450 mnc=5 ci=32158983 pci=389 tac=9553 rssi=-60 rsrp=-104 rsrq=-8 rssnr=-24 cqi=NA</cellinfo>
      </extensions>
    </trkpt>
    <trkpt lat="33.409943" lon="126.544446">
      <ele>799.069631</ele>
      <time>2019-06-05T14:04:26Z</time>
      <extensions>
        <dbm>-102</dbm>
        <cellinfo>mcc=450 mnc=5 ci=32158983 pci=389 tac=9553 rssi=-61 rsrp=-102 rsrq=-7 rssnr=-24 cqi=NA</cellinfo>
      </extensions>
    </trkpt>
    <trkpt lat="33.409994" lon="126.544495">
      <ele>797.901550</ele>
      <time>2019-06-05T14:04:32Z</time>
      <extensions>
        <dbm>-96</dbm>
        <cellinfo>mcc=450 mnc=5 ci=32158983 pci=389 tac=9553 rssi=-58 rsrp=-96 rsrq=-6 rssnr=134 cqi=NA</cellinfo>
      </extensions>
    </trkpt>
    <trkpt lat="33.410041" lon="126.544567">
      <ele>796.661784</ele>
      <time>2019-06-05T14:04:37Z</time>
      <extensions>
        <dbm>-99</dbm>
        <cellinfo>mcc=450 mnc=5 ci=32158983 pci=389 tac=9553 rssi=-59 rsrp=-99 rsrq=-7 rssnr=28 cqi=NA</cellinfo>
      </extensions>
    </trkpt>
    <trkpt lat="33.410104" lon="126.544644">
      <ele>795.430929</ele>
      <time>2019-06-05T14:04:45Z</time>
      <extensions>
        <dbm>-96</dbm>
        <cellinfo>mcc=450 mnc=5 ci=32158983 pci=389 tac=9553 rssi=-58 rsrp=-96 rsrq=-7 rssnr=176 cqi=NA</cellinfo>
      </extensions>
    </trkpt>
    <trkpt lat="33.410164" lon="126.544742">
      <ele>794.336100</ele>
      <time>2019-06-05T14:04:54Z</time>
      <extensions>
        <dbm>-107</dbm>
        <cellinfo>mcc=450 mnc=5 ci=32158979 pci=389 tac=9553 rssi=-62 rsrp=-107 rsrq=-8 rssnr=126 cqi=NA</cellinfo>
      </extensions>
    </trkpt>
    <trkpt lat="33.410213" lon="126.544843">
      <ele>793.108602</ele>
      <time>2019-06-05T14:05:03Z</time>
      <extensions>
        <dbm>-102</dbm>
        <cellinfo>mcc=450 mnc=5 ci=32158979 pci=389 tac=9553 rssi=-60 rsrp=-102 rsrq=-6 rssnr=126 cqi=NA</cellinfo>
      </extensions>
    </trkpt>
    <trkpt lat="33.410253" lon="126.544952">
      <ele>792.053253</ele>
      <time>2019-06-05T14:05:12Z</time>
      <extensions>
        <dbm>-83</dbm>
        <cellinfo>mcc=450 mnc=5 ci=32158983 pci=389 tac=9553 rssi=-54 rsrp=-83 rsrq=-6 rssnr=96 cqi=NA</cellinfo>
      </extensions>
    </trkpt>
    <trkpt lat="33.410293" lon="126.545056">
      <ele>791.114441</ele>
      <time>2019-06-05T14:05:21Z</time>
      <extensions>
        <dbm>-98</dbm>
        <cellinfo>mcc=450 mnc=5 ci=32158979 pci=389 tac=9553 rssi=-59 rsrp=-98 rsrq=-6 rssnr=122 cqi=NA</cellinfo>
      </extensions>
    </trkpt>
    <trkpt lat="33.410328" lon="126.545160">
      <ele>789.789296</ele>
      <time>2019-06-05T14:05:30Z</time>
      <extensions>
        <dbm>-82</dbm>
        <cellinfo>mcc=450 mnc=5 ci=32158983 pci=389 tac=9553 rssi=-54 rsrp=-82 rsrq=-5 rssnr=128 cqi=NA</cellinfo>
      </extensions>
    </trkpt>
    <trkpt lat="33.410345" lon="126.545272">
      <ele>788.489960</ele>
      <time>2019-06-05T14:05:39Z</time>
      <extensions>
        <dbm>-94</dbm>
        <cellinfo>mcc=450 mnc=5 ci=32158979 pci=389 tac=9553 rssi=-59 rsrp=-94 rsrq=-7 rssnr=156 cqi=NA</cellinfo>
      </extensions>
    </trkpt>
    <trkpt lat="33.410348" lon="126.545393">
      <ele>787.146627</ele>
      <time>2019-06-05T14:05:51Z</time>
      <extensions>
        <dbm>-84</dbm>
        <cellinfo>mcc=450 mnc=5 ci=32158983 pci=389 tac=9553 rssi=-55 rsrp=-84 rsrq=-5 rssnr=178 cqi=NA</cellinfo>
      </extensions>
    </trkpt>
    <trkpt lat="33.410358" lon="126.545512">
      <ele>786.193868</ele>
      <time>2019-06-05T14:05:59Z</time>
      <extensions>
        <dbm>-98</dbm>
        <cellinfo>mcc=450 mnc=5 ci=32158979 pci=389 tac=9553 rssi=-59 rsrp=-98 rsrq=-5 rssnr=158 cqi=NA</cellinfo>
      </extensions>
    </trkpt>
    <trkpt lat="33.410395" lon="126.545602">
      <ele>784.570890</ele>
      <time>2019-06-05T14:06:05Z</time>
      <extensions>
        <dbm>-96</dbm>
        <cellinfo>mcc=450 mnc=5 ci=32158979 pci=389 tac=9553 rssi=-59 rsrp=-96 rsrq=-7 rssnr=158 cqi=NA</cellinfo>
      </extensions>
    </trkpt>
    <trkpt lat="33.410458" lon="126.545669">
      <ele>784.048197</ele>
      <time>2019-06-05T14:06:19Z</time>
      <extensions>
        <dbm>-91</dbm>
        <cellinfo>mcc=450 mnc=5 ci=32158979 pci=389 tac=9553 rssi=-58 rsrp=-91 rsrq=-7 rssnr=236 cqi=NA</cellinfo>
      </extensions>
    </trkpt>
    <trkpt lat="33.410533" lon="126.545732">
      <ele>783.117487</ele>
      <time>2019-06-05T14:06:26Z</time>
      <extensions>
        <dbm>-91</dbm>
        <cellinfo>mcc=450 mnc=5 ci=32158979 pci=389 tac=9553 rssi=-58 rsrp=-91 rsrq=-7 rssnr=208 cqi=NA</cellinfo>
      </extensions>
    </trkpt>
    <trkpt lat="33.410601" lon="126.545808">
      <ele>782.377763</ele>
      <time>2019-06-05T14:06:34Z</time>
      <extensions>
        <dbm>-90</dbm>
        <cellinfo>mcc=450 mnc=5 ci=32158979 pci=389 tac=9553 rssi=-57 rsrp=-90 rsrq=-5 rssnr=208 cqi=NA</cellinfo>
      </extensions>
    </trkpt>
    <trkpt lat="33.410653" lon="126.545903">
      <ele>780.359963</ele>
      <time>2019-06-05T14:06:42Z</time>
      <extensions>
        <dbm>-92</dbm>
        <cellinfo>mcc=450 mnc=5 ci=32158979 pci=389 tac=9553 rssi=-58 rsrp=-92 rsrq=-6 rssnr=258 cqi=NA</cellinfo>
      </extensions>
    </trkpt>
    <trkpt lat="33.410710" lon="126.545997">
      <ele>778.803300</ele>
      <time>2019-06-05T14:06:49Z</time>
      <extensions>
        <dbm>-90</dbm>
        <cellinfo>mcc=450 mnc=5 ci=32158979 pci=389 tac=9553 rssi=-57 rsrp=-90 rsrq=-4 rssnr=186 cqi=NA</cellinfo>
      </extensions>
    </trkpt>
    <trkpt lat="33.410761" lon="126.546101">
      <ele>777.376365</ele>
      <time>2019-06-05T14:07:00Z</time>
      <extensions>
        <dbm>-89</dbm>
        <cellinfo>mcc=450 mnc=5 ci=32158979 pci=389 tac=9553 rssi=-57 rsrp=-89 rsrq=-8 rssnr=230 cqi=NA</cellinfo>
      </extensions>
    </trkpt>
    <trkpt lat="33.410800" lon="126.546208">
      <ele>775.924194</ele>
      <time>2019-06-05T14:07:09Z</time>
      <extensions>
        <dbm>-89</dbm>
        <cellinfo>mcc=450 mnc=5 ci=32158979 pci=389 tac=9553 rssi=-57 rsrp=-89 rsrq=-5 rssnr=272 cqi=NA</cellinfo>
      </extensions>
    </trkpt>
    <trkpt lat="33.410835" lon="126.546310">
      <ele>775.022034</ele>
      <time>2019-06-05T14:07:18Z</time>
      <extensions>
        <dbm>-87</dbm>
        <cellinfo>mcc=450 mnc=5 ci=32158979 pci=389 tac=9553 rssi=-56 rsrp=-87 rsrq=-6 rssnr=272 cqi=NA</cellinfo>
      </extensions>
    </trkpt>
    <trkpt lat="33.410883" lon="126.546394">
      <ele>774.107141</ele>
      <time>2019-06-05T14:07:24Z</time>
      <extensions>
        <dbm>-89</dbm>
        <cellinfo>mcc=450 mnc=5 ci=32158979 pci=389 tac=9553 rssi=-57 rsrp=-89 rsrq=-6 rssnr=272 cqi=NA</cellinfo>
      </extensions>
    </trkpt>
    <trkpt lat="33.410949" lon="126.546470">
      <ele>773.169617</ele>
      <time>2019-06-05T14:07:33Z</time>
      <extensions>
        <dbm>-88</dbm>
        <cellinfo>mcc=450 mnc=5 ci=32158979 pci=389 tac=9553 rssi=-56 rsrp=-88 rsrq=-5 rssnr=272 cqi=NA</cellinfo>
      </extensions>
    </trkpt>
    <trkpt lat="33.411017" lon="126.546543">
      <ele>772.296741</ele>
      <time>2019-06-05T14:07:41Z</time>
      <extensions>
        <dbm>-89</dbm>
        <cellinfo>mcc=450 mnc=5 ci=32158979 pci=389 tac=9553 rssi=-57 rsrp=-89 rsrq=-7 rssnr=224 cqi=NA</cellinfo>
      </extensions>
    </trkpt>
    <trkpt lat="33.411084" lon="126.546622">
      <ele>771.397009</ele>
      <time>2019-06-05T14:07:51Z</time>
      <extensions>
        <dbm>-91</dbm>
        <cellinfo>mcc=450 mnc=5 ci=32158979 pci=389 tac=9553 rssi=-59 rsrp=-91 rsrq=-5 rssnr=182 cqi=NA</cellinfo>
      </extensions>
    </trkpt>
    <trkpt lat="33.411143" lon="126.546705">
      <ele>770.550195</ele>
      <time>2019-06-05T14:08:04Z</time>
      <extensions>
        <dbm>-88</dbm>
        <cellinfo>mcc=450 mnc=5 ci=32158979 pci=389 tac=9553 rssi=-58 rsrp=-88 rsrq=-6 rssnr=182 cqi=NA</cellinfo>
      </extensions>
    </trkpt>
    <trkpt lat="33.411180" lon="126.546809">
      <ele>769.697266</ele>
      <time>2019-06-05T14:08:17Z</time>
      <extensions>
        <dbm>-91</dbm>
        <cellinfo>mcc=450 mnc=5 ci=32158979 pci=389 tac=9553 rssi=-57 rsrp=-91 rsrq=-6 rssnr=214 cqi=NA</cellinfo>
      </extensions>
    </trkpt>
    <trkpt lat="33.411178" lon="126.546926">
      <ele>769.121948</ele>
      <time>2019-06-05T14:08:29Z</time>
      <extensions>
        <dbm>-89</dbm>
        <cellinfo>mcc=450 mnc=5 ci=32158979 pci=389 tac=9553 rssi=-57 rsrp=-89 rsrq=-6 rssnr=230 cqi=NA</cellinfo>
      </extensions>
    </trkpt>
    <trkpt lat="33.411167" lon="126.547044">
      <ele>768.156055</ele>
      <time>2019-06-05T14:08:38Z</time>
      <extensions>
        <dbm>-92</dbm>
        <cellinfo>mcc=450 mnc=5 ci=32158979 pci=389 tac=9553 rssi=-57 rsrp=-92 rsrq=-6 rssnr=170 cqi=NA</cellinfo>
      </extensions>
    </trkpt>
    <trkpt lat="33.411156" lon="126.547159">
      <ele>767.229309</ele>
      <time>2019-06-05T14:08:49Z</time>
      <extensions>
        <dbm>-71</dbm>
        <cellinfo>mcc=450 mnc=5 ci=32158983 pci=389 tac=9553 rssi=-51 rsrp=-71 rsrq=-5 rssnr=166 cqi=NA</cellinfo>
      </extensions>
    </trkpt>
    <trkpt lat="33.411170" lon="126.547268">
      <ele>765.986365</ele>
      <time>2019-06-05T14:08:58Z</time>
      <extensions>
        <dbm>-75</dbm>
        <cellinfo>mcc=450 mnc=5 ci=32158983 pci=389 tac=9553 rssi=-53 rsrp=-75 rsrq=-6 rssnr=300 cqi=NA</cellinfo>
      </extensions>
    </trkpt>
    <trkpt lat="33.411202" lon="126.547375">
      <ele>764.619165</ele>
      <time>2019-06-05T14:09:06Z</time>
      <extensions>
        <dbm>-79</dbm>
        <cellinfo>mcc=450 mnc=5 ci=32158983 pci=389 tac=9553 rssi=-53 rsrp=-79 rsrq=-6 rssnr=300 cqi=NA</cellinfo>
      </extensions>
    </trkpt>
    <trkpt lat="33.411254" lon="126.547467">
      <ele>763.282117</ele>
      <time>2019-06-05T14:09:15Z</time>
      <extensions>
        <dbm>-102</dbm>
        <cellinfo>mcc=450 mnc=5 ci=32158979 pci=389 tac=9553 rssi=-61 rsrp=-102 rsrq=-8 rssnr=146 cqi=NA</cellinfo>
      </extensions>
    </trkpt>
    <trkpt lat="33.411318" lon="126.547555">
      <ele>761.845740</ele>
      <time>2019-06-05T14:09:24Z</time>
      <extensions>
        <dbm>-102</dbm>
        <cellinfo>mcc=450 mnc=5 ci=32158979 pci=389 tac=9553 rssi=-61 rsrp=-102 rsrq=-7 rssnr=158 cqi=NA</cellinfo>
      </extensions>
    </trkpt>
    <trkpt lat="33.411392" lon="126.547625">
      <ele>760.321069</ele>
      <time>2019-06-05T14:09:34Z</time>
      <extensions>
        <dbm>-79</dbm>
        <cellinfo>mcc=450 mnc=5 ci=32158983 pci=389 tac=9553 rssi=-54 rsrp=-79 rsrq=-6 rssnr=200 cqi=NA</cellinfo>
      </extensions>
    </trkpt>
    <trkpt lat="33.411449" lon="126.547712">
      <ele>758.397534</ele>
      <time>2019-06-05T14:09:43Z</time>
      <extensions>
        <dbm>-78</dbm>
        <cellinfo>mcc=450 mnc=5 ci=32158983 pci=389 tac=9553 rssi=-53 rsrp=-78 rsrq=-5 rssnr=200 cqi=NA</cellinfo>
      </extensions>
    </trkpt>
    <trkpt lat="33.411493" lon="126.547806">
      <ele>756.710571</ele>
      <time>2019-06-05T14:09:52Z</time>
      <extensions>
        <dbm>-79</dbm>
        <cellinfo>mcc=450 mnc=5 ci=32158983 pci=389 tac=9553 rssi=-53 rsrp=-79 rsrq=-5 rssnr=200 cqi=NA</cellinfo>
      </extensions>
    </trkpt>
    <trkpt lat="33.411524" lon="126.547914">
      <ele>754.996802</ele>
      <time>2019-06-05T14:10:03Z</time>
      <extensions>
        <dbm>-79</dbm>
        <cellinfo>mcc=450 mnc=5 ci=32158983 pci=389 tac=9553 rssi=-54 rsrp=-79 rsrq=-5 rssnr=166 cqi=NA</cellinfo>
      </extensions>
    </trkpt>
    <trkpt lat="33.411579" lon="126.547993">
      <ele>753.360730</ele>
      <time>2019-06-05T14:10:13Z</time>
      <extensions>
        <dbm>-82</dbm>
        <cellinfo>mcc=450 mnc=5 ci=32158983 pci=389 tac=9553 rssi=-54 rsrp=-82 rsrq=-5 rssnr=166 cqi=NA</cellinfo>
      </extensions>
    </trkpt>
    <trkpt lat="33.411654" lon="126.548049">
      <ele>751.544556</ele>
      <time>2019-06-05T14:10:21Z</time>
      <extensions>
        <dbm>-81</dbm>
        <cellinfo>mcc=450 mnc=5 ci=32158983 pci=389 tac=9553 rssi=-54 rsrp=-81 rsrq=-5 rssnr=166 cqi=NA</cellinfo>
      </extensions>
    </trkpt>
    <trkpt lat="33.411745" lon="126.548084">
      <ele>750.045947</ele>
      <time>2019-06-05T14:10:30Z</time>
      <extensions>
        <dbm>-81</dbm>
        <cellinfo>mcc=450 mnc=5 ci=32158983 pci=389 tac=9553 rssi=-54 rsrp=-81 rsrq=-5 rssnr=166 cqi=NA</cellinfo>
      </extensions>
    </trkpt>
    <trkpt lat="33.411836" lon="126.548109">
      <ele>748.514636</ele>
      <time>2019-06-05T14:10:42Z</time>
      <extensions>
        <dbm>-94</dbm>
        <cellinfo>mcc=450 mnc=5 ci=32158979 pci=389 tac=9553 rssi=-58 rsrp=-94 rsrq=-7 rssnr=186 cqi=NA</cellinfo>
      </extensions>
    </trkpt>
    <trkpt lat="33.411918" lon="126.548138">
      <ele>746.919055</ele>
      <time>2019-06-05T14:10:55Z</time>
      <extensions>
        <dbm>-96</dbm>
        <cellinfo>mcc=450 mnc=5 ci=32158979 pci=389 tac=9553 rssi=-59 rsrp=-96 rsrq=-7 rssnr=186 cqi=NA</cellinfo>
      </extensions>
    </trkpt>
    <trkpt lat="33.411995" lon="126.548165">
      <ele>746.305897</ele>
      <time>2019-06-05T14:11:02Z</time>
      <extensions>
        <dbm>-93</dbm>
        <cellinfo>mcc=450 mnc=5 ci=32158979 pci=389 tac=9553 rssi=-58 rsrp=-93 rsrq=-7 rssnr=210 cqi=NA</cellinfo>
      </extensions>
    </trkpt>
    <trkpt lat="33.412077" lon="126.548191">
      <ele>743.873828</ele>
      <time>2019-06-05T14:11:09Z</time>
      <extensions>
        <dbm>-101</dbm>
        <cellinfo>mcc=450 mnc=5 ci=32158979 pci=389 tac=9553 rssi=-60 rsrp=-101 rsrq=-5 rssnr=152 cqi=NA</cellinfo>
      </extensions>
    </trkpt>
    <trkpt lat="33.412175" lon="126.548198">
      <ele>742.590161</ele>
      <time>2019-06-05T14:11:18Z</time>
      <extensions>
        <dbm>-97</dbm>
        <cellinfo>mcc=450 mnc=5 ci=32158979 pci=389 tac=9553 rssi=-59 rsrp=-97 rsrq=-5 rssnr=166 cqi=NA</cellinfo>
      </extensions>
    </trkpt>
    <trkpt lat="33.412267" lon="126.548213">
      <ele>741.179761</ele>
      <time>2019-06-05T14:11:29Z</time>
      <extensions>
        <dbm>-102</dbm>
        <cellinfo>mcc=450 mnc=5 ci=32158979 pci=389 tac=9553 rssi=-60 rsrp=-102 rsrq=-6 rssnr=174 cqi=NA</cellinfo>
      </extensions>
    </trkpt>
    <trkpt lat="33.412337" lon="126.548253">
      <ele>740.852694</ele>
      <time>2019-06-05T14:11:37Z</time>
      <extensions>
        <dbm>-82</dbm>
        <cellinfo>mcc=450 mnc=5 ci=32158983 pci=389 tac=9553 rssi=-55 rsrp=-82 rsrq=-5 rssnr=174 cqi=NA</cellinfo>
      </extensions>
    </trkpt>
    <trkpt lat="33.412373" lon="126.548325">
      <ele>739.337780</ele>
      <time>2019-06-05T14:11:43Z</time>
      <extensions>
        <dbm>-83</dbm>
        <cellinfo>mcc=450 mnc=5 ci=32158983 pci=389 tac=9553 rssi=-55 rsrp=-83 rsrq=-5 rssnr=174 cqi=NA</cellinfo>
      </extensions>
    </trkpt>
    <trkpt lat="33.412408" lon="126.548408">
      <ele>738.013983</ele>
      <time>2019-06-05T14:11:49Z</time>
      <extensions>
        <dbm>-83</dbm>
        <cellinfo>mcc=450 mnc=5 ci=32158983 pci=389 tac=9553 rssi=-54 rsrp=-83 rsrq=-6 rssnr=174 cqi=NA</cellinfo>
      </extensions>
    </trkpt>
    <trkpt lat="33.412445" lon="126.548502">
      <ele>736.820268</ele>
      <time>2019-06-05T14:11:57Z</time>
      <extensions>
        <dbm>-86</dbm>
        <cellinfo>mcc=450 mnc=5 ci=32158983 pci=389 tac=9553 rssi=-56 rsrp=-86 rsrq=-7 rssnr=174 cqi=NA</cellinfo>
      </extensions>
    </trkpt>
    <trkpt lat="33.412512" lon="126.548578">
      <ele>735.520819</ele>
      <time>2019-06-05T14:12:06Z</time>
      <extensions>
        <dbm>-103</dbm>
        <cellinfo>mcc=450 mnc=5 ci=32158979 pci=389 tac=9553 rssi=-61 rsrp=-103 rsrq=-6 rssnr=72 cqi=NA</cellinfo>
      </extensions>
    </trkpt>
    <trkpt lat="33.412587" lon="126.548641">
      <ele>734.324463</ele>
      <time>2019-06-05T14:12:15Z</time>
      <extensions>
        <dbm>-101</dbm>
        <cellinfo>mcc=450 mnc=5 ci=32158979 pci=389 tac=9553 rssi=-61 rsrp=-101 rsrq=-9 rssnr=72 cqi=NA</cellinfo>
      </extensions>
    </trkpt>
    <trkpt lat="33.412669" lon="126.548704">
      <ele>733.178855</ele>
      <time>2019-06-05T14:12:27Z</time>
      <extensions>
        <dbm>-91</dbm>
        <cellinfo>mcc=450 mnc=5 ci=32158983 pci=389 tac=9553 rssi=-57 rsrp=-91 rsrq=-6 rssnr=46 cqi=NA</cellinfo>
      </extensions>
    </trkpt>
    <trkpt lat="33.412749" lon="126.548772">
      <ele>732.049217</ele>
      <time>2019-06-05T14:12:38Z</time>
      <extensions>
        <dbm>-93</dbm>
        <cellinfo>mcc=450 mnc=5 ci=32158983 pci=389 tac=9553 rssi=-58 rsrp=-93 rsrq=-7 rssnr=46 cqi=NA</cellinfo>
      </extensions>
    </trkpt>
    <trkpt lat="33.412827" lon="126.548842">
      <ele>731.003718</ele>
      <time>2019-06-05T14:12:47Z</time>
      <extensions>
        <dbm>-96</dbm>
        <cellinfo>mcc=450 mnc=5 ci=32158983 pci=389 tac=9553 rssi=-58 rsrp=-96 rsrq=-7 rssnr=46 cqi=NA</cellinfo>
      </extensions>
    </trkpt>
    <trkpt lat="33.412913" lon="126.548888">
      <ele>729.950584</ele>
      <time>2019-06-05T14:12:55Z</time>
      <extensions>
        <dbm>-97</dbm>
        <cellinfo>mcc=450 mnc=5 ci=32158983 pci=389 tac=9553 rssi=-59 rsrp=-97 rsrq=-7 rssnr=46 cqi=NA</cellinfo>
      </extensions>
    </trkpt>
    <trkpt lat="33.413001" lon="126.548925">
      <ele>728.794234</ele>
      <time>2019-06-05T14:13:06Z</time>
      <extensions>
        <dbm>-99</dbm>
        <cellinfo>mcc=450 mnc=5 ci=32158983 pci=389 tac=9553 rssi=-59 rsrp=-99 rsrq=-8 rssnr=46 cqi=NA</cellinfo>
      </extensions>
    </trkpt>
    <trkpt lat="33.413092" lon="126.548948">
      <ele>727.779142</ele>
      <time>2019-06-05T14:13:17Z</time>
      <extensions>
        <dbm>-95</dbm>
        <cellinfo>mcc=450 mnc=5 ci=32158983 pci=389 tac=9553 rssi=-58 rsrp=-95 rsrq=-7 rssnr=46 cqi=NA</cellinfo>
      </extensions>
    </trkpt>
    <trkpt lat="33.413185" lon="126.548977">
      <ele>726.942760</ele>
      <time>2019-06-05T14:13:24Z</time>
      <extensions>
        <dbm>-98</dbm>
        <cellinfo>mcc=450 mnc=5 ci=32158983 pci=389 tac=9553 rssi=-59 rsrp=-98 rsrq=-8 rssnr=62 cqi=NA</cellinfo>
      </extensions>
    </trkpt>
    <trkpt lat="33.413273" lon="126.549018">
      <ele>726.068326</ele>
      <time>2019-06-05T14:13:34Z</time>
      <extensions>
        <dbm>-96</dbm>
        <cellinfo>mcc=450 mnc=5 ci=32158983 pci=389 tac=9553 rssi=-58 rsrp=-96 rsrq=-6 rssnr=130 cqi=NA</cellinfo>
      </extensions>
    </trkpt>
    <trkpt lat="33.413345" lon="126.549085">
      <ele>724.811013</ele>
      <time>2019-06-05T14:13:45Z</time>
      <extensions>
        <dbm>-96</dbm>
        <cellinfo>mcc=450 mnc=5 ci=32158983 pci=389 tac=9553 rssi=-58 rsrp=-96 rsrq=-7 rssnr=130 cqi=NA</cellinfo>
      </extensions>
    </trkpt>
    <trkpt lat="33.413410" lon="126.549160">
      <ele>723.543768</ele>
      <time>2019-06-05T14:13:54Z</time>
      <extensions>
        <dbm>-95</dbm>
        <cellinfo>mcc=450 mnc=5 ci=32158983 pci=389 tac=9553 rssi=-58 rsrp=-95 rsrq=-7 rssnr=130 cqi=NA</cellinfo>
      </extensions>
    </trkpt>
    <trkpt lat="33.413483" lon="126.549234">
      <ele>722.259566</ele>
      <time>2019-06-05T14:14:06Z</time>
      <extensions>
        <dbm>-102</dbm>
        <cellinfo>mcc=450 mnc=5 ci=32158983 pci=389 tac=9553 rssi=-60 rsrp=-102 rsrq=-7 rssnr=80 cqi=NA</cellinfo>
      </extensions>
    </trkpt>
    <trkpt lat="33.413567" lon="126.549299">
      <ele>720.918390</ele>
      <time>2019-06-05T14:14:17Z</time>
      <extensions>
        <dbm>-101</dbm>
        <cellinfo>mcc=450 mnc=5 ci=32158983 pci=389 tac=9553 rssi=-60 rsrp=-101 rsrq=-8 rssnr=106 cqi=NA</cellinfo>
      </extensions>
    </trkpt>
    <trkpt lat="33.413656" lon="126.549325">
      <ele>718.641296</ele>
      <time>2019-06-05T14:14:27Z</time>
      <extensions>
        <dbm>-100</dbm>
        <cellinfo>mcc=450 mnc=5 ci=32158983 pci=389 tac=9553 rssi=-59 rsrp=-100 rsrq=-6 rssnr=106 cqi=NA</cellinfo>
      </extensions>
    </trkpt>
    <trkpt lat="33.413741" lon="126.549355">
      <ele>716.951843</ele>
      <time>2019-06-05T14:14:35Z</time>
      <extensions>
        <dbm>-98</dbm>
        <cellinfo>mcc=450 mnc=5 ci=32158983 pci=389 tac=9553 rssi=-58 rsrp=-98 rsrq=-6 rssnr=178 cqi=NA</cellinfo>
      </extensions>
    </trkpt>
    <trkpt lat="33.413832" lon="126.549375">
      <ele>714.999866</ele>
      <time>2019-06-05T14:14:41Z</time>
      <extensions>
        <dbm>-97</dbm>
        <cellinfo>mcc=450 mnc=5 ci=32158983 pci=389 tac=9553 rssi=-59 rsrp=-97 rsrq=-6 rssnr=178 cqi=NA</cellinfo>
      </extensions>
    </trkpt>
    <trkpt lat="33.413925" lon="126.549395">
      <ele>712.880176</ele>
      <time>2019-06-05T14:14:49Z</time>
      <extensions>
        <dbm>-93</dbm>
        <cellinfo>mcc=450 mnc=5 ci=32158983 pci=389 tac=9553 rssi=-58 rsrp=-93 rsrq=-6 rssnr=178 cqi=NA</cellinfo>
      </extensions>
    </trkpt>
    <trkpt lat="33.414020" lon="126.549385">
      <ele>710.576904</ele>
      <time>2019-06-05T14:14:59Z</time>
      <extensions>
        <dbm>-102</dbm>
        <cellinfo>mcc=450 mnc=5 ci=32158979 pci=389 tac=9553 rssi=-61 rsrp=-102 rsrq=-9 rssnr=198 cqi=NA</cellinfo>
      </extensions>
    </trkpt>
    <trkpt lat="33.414117" lon="126.549341">
      <ele>708.233374</ele>
      <time>2019-06-05T14:15:07Z</time>
      <extensions>
        <dbm>-96</dbm>
        <cellinfo>mcc=450 mnc=5 ci=32158979 pci=389 tac=9553 rssi=-59 rsrp=-96 rsrq=-6 rssnr=208 cqi=NA</cellinfo>
      </extensions>
    </trkpt>
    <trkpt lat="33.414216" lon="126.549293">
      <ele>706.327148</ele>
      <time>2019-06-05T14:15:20Z</time>
      <extensions>
        <dbm>-97</dbm>
        <cellinfo>mcc=450 mnc=5 ci=32158979 pci=389 tac=9553 rssi=-59 rsrp=-97 rsrq=-7 rssnr=242 cqi=NA</cellinfo>
      </extensions>
    </trkpt>
    <trkpt lat="33.414311" lon="126.549250">
      <ele>704.581824</ele>
      <time>2019-06-05T14:15:27Z</time>
      <extensions>
        <dbm>-97</dbm>
        <cellinfo>mcc=450 mnc=5 ci=32158979 pci=389 tac=9553 rssi=-59 rsrp=-97 rsrq=-5 rssnr=214 cqi=NA</cellinfo>
      </extensions>
    </trkpt>
    <trkpt lat="33.414394" lon="126.549220">
      <ele>703.838220</ele>
      <time>2019-06-05T14:15:35Z</time>
      <extensions>
        <dbm>-91</dbm>
        <cellinfo>mcc=450 mnc=5 ci=32158983 pci=389 tac=9553 rssi=-57 rsrp=-91 rsrq=-5 rssnr=220 cqi=NA</cellinfo>
      </extensions>
    </trkpt>
    <trkpt lat="33.414468" lon="126.549190">
      <ele>702.135559</ele>
      <time>2019-06-05T14:15:45Z</time>
      <extensions>
        <dbm>-90</dbm>
        <cellinfo>mcc=450 mnc=5 ci=32158983 pci=389 tac=9553 rssi=-57 rsrp=-90 rsrq=-6 rssnr=220 cqi=NA</cellinfo>
      </extensions>
    </trkpt>
    <trkpt lat="33.414535" lon="126.549159">
      <ele>700.832727</ele>
      <time>2019-06-05T14:15:52Z</time>
      <extensions>
        <dbm>-90</dbm>
        <cellinfo>mcc=450 mnc=5 ci=32158983 pci=389 tac=9553 rssi=-56 rsrp=-90 rsrq=-5 rssnr=220 cqi=NA</cellinfo>
      </extensions>
    </trkpt>
    <trkpt lat="33.414598" lon="126.549117">
      <ele>700.391402</ele>
      <time>2019-06-05T14:15:58Z</time>
      <extensions>
        <dbm>-98</dbm>
        <cellinfo>mcc=450 mnc=5 ci=32158979 pci=389 tac=9553 rssi=-59 rsrp=-98 rsrq=-5 rssnr=248 cqi=NA</cellinfo>
      </extensions>
    </trkpt>
    <trkpt lat="33.414646" lon="126.549064">
      <ele>700.391402</ele>
      <time>2019-06-05T14:16:04Z</time>
      <extensions>
        <dbm>-99</dbm>
        <cellinfo>mcc=450 mnc=5 ci=32158979 pci=389 tac=9553 rssi=-60 rsrp=-99 rsrq=-8 rssnr=248 cqi=NA</cellinfo>
      </extensions>
    </trkpt>
    <trkpt lat="33.414695" lon="126.549000">
      <ele>699.098455</ele>
      <time>2019-06-05T14:16:11Z</time>
      <extensions>
        <dbm>-98</dbm>
        <cellinfo>mcc=450 mnc=5 ci=32158983 pci=389 tac=9553 rssi=-59 rsrp=-98 rsrq=-5 rssnr=248 cqi=NA</cellinfo>
      </extensions>
    </trkpt>
    <trkpt lat="33.414758" lon="126.548954">
      <ele>698.050360</ele>
      <time>2019-06-05T14:16:18Z</time>
      <extensions>
        <dbm>-97</dbm>
        <cellinfo>mcc=450 mnc=5 ci=32158983 pci=389 tac=9553 rssi=-59 rsrp=-97 rsrq=-5 rssnr=210 cqi=NA</cellinfo>
      </extensions>
    </trkpt>
    <trkpt lat="33.414838" lon="126.548907">
      <ele>696.708674</ele>
      <time>2019-06-05T14:16:25Z</time>
      <extensions>
        <dbm>-101</dbm>
        <cellinfo>mcc=450 mnc=5 ci=32158979 pci=389 tac=9553 rssi=-60 rsrp=-101 rsrq=-5 rssnr=210 cqi=NA</cellinfo>
      </extensions>
    </trkpt>
    <trkpt lat="33.414911" lon="126.548856">
      <ele>696.708674</ele>
      <time>2019-06-05T14:16:32Z</time>
      <extensions>
        <dbm>-101</dbm>
        <cellinfo>mcc=450 mnc=5 ci=32158983 pci=389 tac=9553 rssi=-59 rsrp=-101 rsrq=-6 rssnr=210 cqi=NA</cellinfo>
      </extensions>
    </trkpt>
    <trkpt lat="33.414977" lon="126.548802">
      <ele>695.641713</ele>
      <time>2019-06-05T14:16:39Z</time>
      <extensions>
        <dbm>-99</dbm>
        <cellinfo>mcc=450 mnc=5 ci=32158979 pci=389 tac=9553 rssi=-60 rsrp=-99 rsrq=-8 rssnr=210 cqi=NA</cellinfo>
      </extensions>
    </trkpt>
    <trkpt lat="33.415046" lon="126.548767">
      <ele>695.249512</ele>
      <time>2019-06-05T14:16:46Z</time>
      <extensions>
        <dbm>-101</dbm>
        <cellinfo>mcc=450 mnc=5 ci=32158979 pci=389 tac=9553 rssi=-61 rsrp=-101 rsrq=-7 rssnr=194 cqi=NA</cellinfo>
      </extensions>
    </trkpt>
    <trkpt lat="33.415119" lon="126.548727">
      <ele>694.479340</ele>
      <time>2019-06-05T14:16:56Z</time>
      <extensions>
        <dbm>-97</dbm>
        <cellinfo>mcc=450 mnc=5 ci=32158979 pci=389 tac=9553 rssi=-60 rsrp=-97 rsrq=-7 rssnr=230 cqi=NA</cellinfo>
      </extensions>
    </trkpt>
    <trkpt lat="33.415184" lon="126.548657">
      <ele>694.452922</ele>
      <time>2019-06-05T14:17:04Z</time>
      <extensions>
        <dbm>-99</dbm>
        <cellinfo>mcc=450 mnc=5 ci=32158979 pci=389 tac=9553 rssi=-59 rsrp=-99 rsrq=-5 rssnr=202 cqi=NA</cellinfo>
      </extensions>
    </trkpt>
    <trkpt lat="33.415221" lon="126.548568">
      <ele>693.865865</ele>
      <time>2019-06-05T14:17:12Z</time>
      <extensions>
        <dbm>-100</dbm>
        <cellinfo>mcc=450 mnc=5 ci=32158983 pci=389 tac=9553 rssi=-59 rsrp=-100 rsrq=-7 rssnr=202 cqi=NA</cellinfo>
      </extensions>
    </trkpt>
    <trkpt lat="33.415246" lon="126.548470">
      <ele>693.353872</ele>
      <time>2019-06-05T14:17:18Z</time>
      <extensions>
        <dbm>-102</dbm>
        <cellinfo>mcc=450 mnc=5 ci=32158983 pci=389 tac=9553 rssi=-60 rsrp=-102 rsrq=-7 rssnr=202 cqi=NA</cellinfo>
      </extensions>
    </trkpt>
    <trkpt lat="33.415277" lon="126.548375">
      <ele>692.713135</ele>
      <time>2019-06-05T14:17:29Z</time>
      <extensions>
        <dbm>-100</dbm>
        <cellinfo>mcc=450 mnc=5 ci=32158983 pci=389 tac=9553 rssi=-59 rsrp=-100 rsrq=-6 rssnr=96 cqi=NA</cellinfo>
      </extensions>
    </trkpt>
    <trkpt lat="33.415319" lon="126.548278">
      <ele>692.001322</ele>
      <time>2019-06-05T14:17:38Z</time>
      <extensions>
        <dbm>-102</dbm>
        <cellinfo>mcc=450 mnc=5 ci=32158983 pci=389 tac=9553 rssi=-59 rsrp=-102 rsrq=-7 rssnr=96 cqi=NA</cellinfo>
      </extensions>
    </trkpt>
    <trkpt lat="33.415377" lon="126.548189">
      <ele>691.151774</ele>
      <time>2019-06-05T14:17:45Z</time>
      <extensions>
        <dbm>-101</dbm>
        <cellinfo>mcc=450 mnc=5 ci=32158983 pci=389 tac=9553 rssi=-59 rsrp=-101 rsrq=-6 rssnr=116 cqi=NA</cellinfo>
      </extensions>
    </trkpt>
    <trkpt lat="33.415429" lon="126.548088">
      <ele>690.656738</ele>
      <time>2019-06-05T14:18:01Z</time>
      <extensions>
        <dbm>-95</dbm>
        <cellinfo>mcc=450 mnc=5 ci=32158983 pci=389 tac=9553 rssi=-58 rsrp=-95 rsrq=-6 rssnr=128 cqi=NA</cellinfo>
      </extensions>
    </trkpt>
    <trkpt lat="33.415479" lon="126.547982">
      <ele>689.900279</ele>
      <time>2019-06-05T14:18:10Z</time>
      <extensions>
        <dbm>-102</dbm>
        <cellinfo>mcc=450 mnc=5 ci=32158983 pci=389 tac=9553 rssi=-60 rsrp=-102 rsrq=-9 rssnr=172 cqi=NA</cellinfo>
      </extensions>
    </trkpt>
    <trkpt lat="33.415525" lon="126.547894">
      <ele>690.125824</ele>
      <time>2019-06-05T14:18:20Z</time>
      <extensions>
        <dbm>-103</dbm>
        <cellinfo>mcc=450 mnc=5 ci=32158983 pci=389 tac=9553 rssi=-60 rsrp=-103 rsrq=-8 rssnr=140 cqi=NA</cellinfo>
      </extensions>
    </trkpt>
    <trkpt lat="33.415581" lon="126.547833">
      <ele>689.450993</ele>
      <time>2019-06-05T14:18:32Z</time>
      <extensions>
        <dbm>-98</dbm>
        <cellinfo>mcc=450 mnc=5 ci=32158983 pci=389 tac=9553 rssi=-59 rsrp=-98 rsrq=-6 rssnr=136 cqi=NA</cellinfo>
      </extensions>
    </trkpt>
    <trkpt lat="33.415651" lon="126.547780">
      <ele>687.627218</ele>
      <time>2019-06-05T14:18:40Z</time>
      <extensions>
        <dbm>-98</dbm>
        <cellinfo>mcc=450 mnc=5 ci=32158983 pci=389 tac=9553 rssi=-58 rsrp=-98 rsrq=-6 rssnr=152 cqi=NA</cellinfo>
      </extensions>
    </trkpt>
    <trkpt lat="33.415728" lon="126.547728">
      <ele>687.961670</ele>
      <time>2019-06-05T14:18:48Z</time>
      <extensions>
        <dbm>-100</dbm>
        <cellinfo>mcc=450 mnc=5 ci=32158983 pci=389 tac=9553 rssi=-59 rsrp=-100 rsrq=-7 rssnr=152 cqi=NA</cellinfo>
      </extensions>
    </trkpt>
    <trkpt lat="33.415804" lon="126.547685">
      <ele>686.630758</ele>
      <time>2019-06-05T14:18:55Z</time>
      <extensions>
        <dbm>-102</dbm>
        <cellinfo>mcc=450 mnc=5 ci=32158979 pci=389 tac=9553 rssi=-60 rsrp=-102 rsrq=-6 rssnr=152 cqi=NA</cellinfo>
      </extensions>
    </trkpt>
    <trkpt lat="33.415881" lon="126.547689">
      <ele>685.627289</ele>
      <time>2019-06-05T14:19:00Z</time>
      <extensions>
        <dbm>-103</dbm>
        <cellinfo>mcc=450 mnc=5 ci=32158979 pci=389 tac=9553 rssi=-60 rsrp=-103 rsrq=-5 rssnr=172 cqi=NA</cellinfo>
      </extensions>
    </trkpt>
    <trkpt lat="33.415963" lon="126.547709">
      <ele>684.282216</ele>
      <time>2019-06-05T14:19:09Z</time>
      <extensions>
        <dbm>-102</dbm>
        <cellinfo>mcc=450 mnc=5 ci=32158979 pci=389 tac=9553 rssi=-61 rsrp=-102 rsrq=-7 rssnr=172 cqi=NA</cellinfo>
      </extensions>
    </trkpt>
    <trkpt lat="33.416055" lon="126.547724">
      <ele>682.964020</ele>
      <time>2019-06-05T14:19:19Z</time>
      <extensions>
        <dbm>-102</dbm>
        <cellinfo>mcc=450 mnc=5 ci=32158979 pci=389 tac=9553 rssi=-60 rsrp=-102 rsrq=-6 rssnr=172 cqi=NA</cellinfo>
      </extensions>
    </trkpt>
    <trkpt lat="33.416140" lon="126.547737">
      <ele>682.009866</ele>
      <time>2019-06-05T14:19:26Z</time>
      <extensions>
        <dbm>-103</dbm>
        <cellinfo>mcc=450 mnc=5 ci=32158979 pci=389 tac=9553 rssi=-61 rsrp=-103 rsrq=-8 rssnr=172 cqi=NA</cellinfo>
      </extensions>
    </trkpt>
    <trkpt lat="33.416215" lon="126.547760">
      <ele>681.513092</ele>
      <time>2019-06-05T14:19:32Z</time>
      <extensions>
        <dbm>-98</dbm>
        <cellinfo>mcc=450 mnc=5 ci=32158983 pci=389 tac=9553 rssi=-59 rsrp=-98 rsrq=-7 rssnr=132 cqi=NA</cellinfo>
      </extensions>
    </trkpt>
    <trkpt lat="33.416290" lon="126.547803">
      <ele>680.404978</ele>
      <time>2019-06-05T14:19:41Z</time>
      <extensions>
        <dbm>-99</dbm>
        <cellinfo>mcc=450 mnc=5 ci=32158983 pci=389 tac=9553 rssi=-59 rsrp=-99 rsrq=-7 rssnr=98 cqi=NA</cellinfo>
      </extensions>
    </trkpt>
    <trkpt lat="33.416382" lon="126.547832">
      <ele>679.807939</ele>
      <time>2019-06-05T14:19:51Z</time>
      <extensions>
        <dbm>-97</dbm>
        <cellinfo>mcc=450 mnc=5 ci=32159239 pci=406 tac=9553 rssi=-59 rsrp=-97 rsrq=-8 rssnr=98 cqi=NA</cellinfo>
      </extensions>
    </trkpt>
    <trkpt lat="33.416472" lon="126.547861">
      <ele>679.807939</ele>
      <time>2019-06-05T14:19:59Z</time>
      <extensions>
        <dbm>-103</dbm>
        <cellinfo>mcc=450 mnc=5 ci=32158979 pci=389 tac=9553 rssi=-61 rsrp=-103 rsrq=-7 rssnr=112 cqi=NA</cellinfo>
      </extensions>
    </trkpt>
    <trkpt lat="33.416534" lon="126.547907">
      <ele>679.326864</ele>
      <time>2019-06-05T14:20:04Z</time>
      <extensions>
        <dbm>-100</dbm>
        <cellinfo>mcc=450 mnc=5 ci=32159239 pci=406 tac=9553 rssi=-60 rsrp=-100 rsrq=-9 rssnr=112 cqi=NA</cellinfo>
      </extensions>
    </trkpt>
    <trkpt lat="33.416586" lon="126.547966">
      <ele>678.163493</ele>
      <time>2019-06-05T14:20:10Z</time>
      <extensions>
        <dbm>-101</dbm>
        <cellinfo>mcc=450 mnc=5 ci=32158983 pci=389 tac=9553 rssi=-60 rsrp=-101 rsrq=-9 rssnr=96 cqi=NA</cellinfo>
      </extensions>
    </trkpt>
    <trkpt lat="33.416651" lon="126.548029">
      <ele>676.990560</ele>
      <time>2019-06-05T14:20:19Z</time>
      <extensions>
        <dbm>-100</dbm>
        <cellinfo>mcc=450 mnc=5 ci=32158983 pci=389 tac=9553 rssi=-59 rsrp=-100 rsrq=-9 rssnr=38 cqi=NA</cellinfo>
      </extensions>
    </trkpt>
    <trkpt lat="33.416736" lon="126.548063">
      <ele>677.011709</ele>
      <time>2019-06-05T14:20:29Z</time>
      <extensions>
        <dbm>-100</dbm>
        <cellinfo>mcc=450 mnc=5 ci=32158983 pci=389 tac=9553 rssi=-59 rsrp=-100 rsrq=-8 rssnr=86 cqi=NA</cellinfo>
      </extensions>
    </trkpt>
    <trkpt lat="33.416817" lon="126.548085">
      <ele>676.063904</ele>
      <time>2019-06-05T14:20:35Z</time>
      <extensions>
        <dbm>-100</dbm>
        <cellinfo>mcc=450 mnc=5 ci=32159239 pci=406 tac=9553 rssi=-60 rsrp=-100 rsrq=-10 rssnr=56 cqi=NA</cellinfo>
      </extensions>
    </trkpt>
    <trkpt lat="33.416903" lon="126.548091">
      <ele>675.017639</ele>
      <time>2019-06-05T14:20:42Z</time>
      <extensions>
        <dbm>-97</dbm>
        <cellinfo>mcc=450 mnc=5 ci=32159239 pci=406 tac=9553 rssi=-59 rsrp=-97 rsrq=-8 rssnr=98 cqi=NA</cellinfo>
      </extensions>
    </trkpt>
    <trkpt lat="33.416981" lon="126.548088">
      <ele>674.250926</ele>
      <time>2019-06-05T14:20:50Z</time>
      <extensions>
        <dbm>-97</dbm>
        <cellinfo>mcc=450 mnc=5 ci=32159239 pci=406 tac=9553 rssi=-59 rsrp=-97 rsrq=-9 rssnr=98 cqi=NA</cellinfo>
      </extensions>
    </trkpt>
    <trkpt lat="33.417061" lon="126.548078">
      <ele>673.461848</ele>
      <time>2019-06-05T14:20:56Z</time>
      <extensions>
        <dbm>-102</dbm>
        <cellinfo>mcc=450 mnc=5 ci=32158979 pci=389 tac=9553 rssi=-60 rsrp=-102 rsrq=-7 rssnr=80 cqi=NA</cellinfo>
      </extensions>
    </trkpt>
    <trkpt lat="33.417130" lon="126.548050">
      <ele>672.419011</ele>
      <time>2019-06-05T14:21:04Z</time>
      <extensions>
        <dbm>-102</dbm>
        <cellinfo>mcc=450 mnc=5 ci=32158979 pci=389 tac=9553 rssi=-61 rsrp=-102 rsrq=-7 rssnr=96 cqi=NA</cellinfo>
      </extensions>
    </trkpt>
    <trkpt lat="33.417208" lon="126.548042">
      <ele>671.340154</ele>
      <time>2019-06-05T14:21:14Z</time>
      <extensions>
        <dbm>-98</dbm>
        <cellinfo>mcc=450 mnc=5 ci=32159239 pci=406 tac=9553 rssi=-59 rsrp=-98 rsrq=-9 rssnr=54 cqi=NA</cellinfo>
      </extensions>
    </trkpt>
    <trkpt lat="33.417278" lon="126.548058">
      <ele>671.340154</ele>
      <time>2019-06-05T14:21:22Z</time>
      <extensions>
        <dbm>-105</dbm>
        <cellinfo>mcc=450 mnc=5 ci=32158979 pci=389 tac=9553 rssi=-62 rsrp=-105 rsrq=-9 rssnr=66 cqi=NA</cellinfo>
      </extensions>
    </trkpt>
    <trkpt lat="33.417345" lon="126.548104">
      <ele>670.250714</ele>
      <time>2019-06-05T14:21:29Z</time>
      <extensions>
        <dbm>-93</dbm>
        <cellinfo>mcc=450 mnc=5 ci=32159239 pci=406 tac=9553 rssi=-58 rsrp=-93 rsrq=-8 rssnr=44 cqi=NA</cellinfo>
      </extensions>
    </trkpt>
    <trkpt lat="33.417410" lon="126.548133">
      <ele>669.142559</ele>
      <time>2019-06-05T14:21:36Z</time>
      <extensions>
        <dbm>-95</dbm>
        <cellinfo>mcc=450 mnc=5 ci=32159239 pci=406 tac=9553 rssi=-58 rsrp=-95 rsrq=-8 rssnr=44 cqi=NA</cellinfo>
      </extensions>
    </trkpt>
    <trkpt lat="33.417491" lon="126.548134">
      <ele>667.360539</ele>
      <time>2019-06-05T14:21:44Z</time>
      <extensions>
        <dbm>-95</dbm>
        <cellinfo>mcc=450 mnc=5 ci=32159239 pci=406 tac=9553 rssi=-58 rsrp=-95 rsrq=-7 rssnr=44 cqi=NA</cellinfo>
      </extensions>
    </trkpt>
    <trkpt lat="33.417581" lon="126.548114">
      <ele>665.795692</ele>
      <time>2019-06-05T14:21:51Z</time>
      <extensions>
        <dbm>-96</dbm>
        <cellinfo>mcc=450 mnc=5 ci=32159239 pci=406 tac=9553 rssi=-58 rsrp=-96 rsrq=-7 rssnr=44 cqi=NA</cellinfo>
      </extensions>
    </trkpt>
    <trkpt lat="33.417679" lon="126.548097">
      <ele>664.503024</ele>
      <time>2019-06-05T14:21:59Z</time>
      <extensions>
        <dbm>-94</dbm>
        <cellinfo>mcc=450 mnc=5 ci=32159239 pci=406 tac=9553 rssi=-58 rsrp=-94 rsrq=-6 rssnr=44 cqi=NA</cellinfo>
      </extensions>
    </trkpt>
    <trkpt lat="33.417769" lon="126.548114">
      <ele>662.701681</ele>
      <time>2019-06-05T14:22:08Z</time>
      <extensions>
        <dbm>-100</dbm>
        <cellinfo>mcc=450 mnc=5 ci=32159239 pci=406 tac=9553 rssi=-60 rsrp=-100 rsrq=-9 rssnr=44 cqi=NA</cellinfo>
      </extensions>
    </trkpt>
    <trkpt lat="33.417854" lon="126.548155">
      <ele>661.927340</ele>
      <time>2019-06-05T14:22:20Z</time>
      <extensions>
        <dbm>-100</dbm>
        <cellinfo>mcc=450 mnc=5 ci=32159239 pci=406 tac=9553 rssi=-59 rsrp=-100 rsrq=-8 rssnr=76 cqi=NA</cellinfo>
      </extensions>
    </trkpt>
    <trkpt lat="33.417934" lon="126.548187">
      <ele>660.257287</ele>
      <time>2019-06-05T14:22:31Z</time>
      <extensions>
        <dbm>-100</dbm>
        <cellinfo>mcc=450 mnc=5 ci=32159239 pci=406 tac=9553 rssi=-59 rsrp=-100 rsrq=-7 rssnr=76 cqi=NA</cellinfo>
      </extensions>
    </trkpt>
    <trkpt lat="33.418027" lon="126.548191">
      <ele>658.571975</ele>
      <time>2019-06-05T14:22:39Z</time>
      <extensions>
        <dbm>-100</dbm>
        <cellinfo>mcc=450 mnc=5 ci=32159239 pci=406 tac=9553 rssi=-59 rsrp=-100 rsrq=-6 rssnr=76 cqi=NA</cellinfo>
      </extensions>
    </trkpt>
    <trkpt lat="33.418128" lon="126.548178">
      <ele>656.192769</ele>
      <time>2019-06-05T14:22:46Z</time>
      <extensions>
        <dbm>-102</dbm>
        <cellinfo>mcc=450 mnc=5 ci=32159239 pci=406 tac=9553 rssi=-59 rsrp=-102 rsrq=-7 rssnr=100 cqi=NA</cellinfo>
      </extensions>
    </trkpt>
    <trkpt lat="33.418230" lon="126.548187">
      <ele>654.612213</ele>
      <time>2019-06-05T14:22:53Z</time>
      <extensions>
        <dbm>-101</dbm>
        <cellinfo>mcc=450 mnc=5 ci=32159239 pci=406 tac=9553 rssi=-60 rsrp=-101 rsrq=-7 rssnr=94 cqi=NA</cellinfo>
      </extensions>
    </trkpt>
    <trkpt lat="33.418330" lon="126.548197">
      <ele>652.975464</ele>
      <time>2019-06-05T14:23:04Z</time>
      <extensions>
        <dbm>-98</dbm>
        <cellinfo>mcc=450 mnc=5 ci=32159239 pci=406 tac=9553 rssi=-59 rsrp=-98 rsrq=-6 rssnr=98 cqi=NA</cellinfo>
      </extensions>
    </trkpt>
    <trkpt lat="33.418423" lon="126.548198">
      <ele>651.570058</ele>
      <time>2019-06-05T14:23:14Z</time>
      <extensions>
        <dbm>-99</dbm>
        <cellinfo>mcc=450 mnc=5 ci=32159239 pci=406 tac=9553 rssi=-59 rsrp=-99 rsrq=-8 rssnr=114 cqi=NA</cellinfo>
      </extensions>
    </trkpt>
    <trkpt lat="33.418515" lon="126.548199">
      <ele>650.326589</ele>
      <time>2019-06-05T14:23:23Z</time>
      <extensions>
        <dbm>-97</dbm>
        <cellinfo>mcc=450 mnc=5 ci=32159239 pci=406 tac=9553 rssi=-59 rsrp=-97 rsrq=-8 rssnr=114 cqi=NA</cellinfo>
      </extensions>
    </trkpt>
    <trkpt lat="33.418604" lon="126.548221">
      <ele>647.737049</ele>
      <time>2019-06-05T14:23:33Z</time>
      <extensions>
        <dbm>-97</dbm>
        <cellinfo>mcc=450 mnc=5 ci=32159239 pci=406 tac=9553 rssi=-58 rsrp=-97 rsrq=-6 rssnr=100 cqi=NA</cellinfo>
      </extensions>
    </trkpt>
    <trkpt lat="33.418698" lon="126.548250">
      <ele>646.015392</ele>
      <time>2019-06-05T14:23:45Z</time>
      <extensions>
        <dbm>-99</dbm>
        <cellinfo>mcc=450 mnc=5 ci=32159239 pci=406 tac=9553 rssi=-58 rsrp=-99 rsrq=-6 rssnr=140 cqi=NA</cellinfo>
      </extensions>
    </trkpt>
    <trkpt lat="33.418796" lon="126.548280">
      <ele>644.440530</ele>
      <time>2019-06-05T14:23:55Z</time>
      <extensions>
        <dbm>-97</dbm>
        <cellinfo>mcc=450 mnc=5 ci=32159239 pci=406 tac=9553 rssi=-58 rsrp=-97 rsrq=-5 rssnr=122 cqi=NA</cellinfo>
      </extensions>
    </trkpt>
    <trkpt lat="33.418896" lon="126.548303">
      <ele>642.342102</ele>
      <time>2019-06-05T14:24:03Z</time>
      <extensions>
        <dbm>-99</dbm>
        <cellinfo>mcc=450 mnc=5 ci=32159239 pci=406 tac=9553 rssi=-59 rsrp=-99 rsrq=-6 rssnr=160 cqi=NA</cellinfo>
      </extensions>
    </trkpt>
    <trkpt lat="33.418991" lon="126.548346">
      <ele>641.245349</ele>
      <time>2019-06-05T14:24:11Z</time>
      <extensions>
        <dbm>-96</dbm>
        <cellinfo>mcc=450 mnc=5 ci=32159239 pci=406 tac=9553 rssi=-58 rsrp=-96 rsrq=-6 rssnr=174 cqi=NA</cellinfo>
      </extensions>
    </trkpt>
    <trkpt lat="33.419079" lon="126.548396">
      <ele>640.187451</ele>
      <time>2019-06-05T14:24:21Z</time>
      <extensions>
        <dbm>-102</dbm>
        <cellinfo>mcc=450 mnc=5 ci=32159239 pci=406 tac=9553 rssi=-60 rsrp=-102 rsrq=-9 rssnr=92 cqi=NA</cellinfo>
      </extensions>
    </trkpt>
    <trkpt lat="33.419165" lon="126.548450">
      <ele>639.062561</ele>
      <time>2019-06-05T14:24:29Z</time>
      <extensions>
        <dbm>-100</dbm>
        <cellinfo>mcc=450 mnc=5 ci=32159239 pci=406 tac=9553 rssi=-59 rsrp=-100 rsrq=-7 rssnr=116 cqi=NA</cellinfo>
      </extensions>
    </trkpt>
    <trkpt lat="33.419225" lon="126.548520">
      <ele>637.904358</ele>
      <time>2019-06-05T14:24:37Z</time>
      <extensions>
        <dbm>-100</dbm>
        <cellinfo>mcc=450 mnc=5 ci=32159239 pci=406 tac=9553 rssi=-59 rsrp=-100 rsrq=-6 rssnr=160 cqi=NA</cellinfo>
      </extensions>
    </trkpt>
    <trkpt lat="33.419278" lon="126.548611">
      <ele>636.637317</ele>
      <time>2019-06-05T14:24:43Z</time>
      <extensions>
        <dbm>-100</dbm>
        <cellinfo>mcc=450 mnc=5 ci=32159239 pci=406 tac=9553 rssi=-59 rsrp=-100 rsrq=-6 rssnr=160 cqi=NA</cellinfo>
      </extensions>
    </trkpt>
    <trkpt lat="33.419334" lon="126.548700">
      <ele>634.799719</ele>
      <time>2019-06-05T14:24:50Z</time>
      <extensions>
        <dbm>-95</dbm>
        <cellinfo>mcc=450 mnc=5 ci=32159239 pci=406 tac=9553 rssi=-59 rsrp=-95 rsrq=-6 rssnr=160 cqi=NA</cellinfo>
      </extensions>
    </trkpt>
    <trkpt lat="33.419421" lon="126.548770">
      <ele>632.143311</ele>
      <time>2019-06-05T14:24:58Z</time>
      <extensions>
        <dbm>-93</dbm>
        <cellinfo>mcc=450 mnc=5 ci=32159239 pci=406 tac=9553 rssi=-58 rsrp=-93 rsrq=-10 rssnr=160 cqi=NA</cellinfo>
      </extensions>
    </trkpt>
    <trkpt lat="33.419514" lon="126.548825">
      <ele>630.798773</ele>
      <time>2019-06-05T14:25:05Z</time>
      <extensions>
        <dbm>-92</dbm>
        <cellinfo>mcc=450 mnc=5 ci=32159239 pci=406 tac=9553 rssi=-57 rsrp=-92 rsrq=-5 rssnr=160 cqi=NA</cellinfo>
      </extensions>
    </trkpt>
    <trkpt lat="33.419603" lon="126.548880">
      <ele>630.757124</ele>
      <time>2019-06-05T14:25:12Z</time>
      <extensions>
        <dbm>-96</dbm>
        <cellinfo>mcc=450 mnc=5 ci=32159239 pci=406 tac=9553 rssi=-58 rsrp=-96 rsrq=-6 rssnr=160 cqi=NA</cellinfo>
      </extensions>
    </trkpt>
    <trkpt lat="33.419675" lon="126.548942">
      <ele>630.221204</ele>
      <time>2019-06-05T14:25:21Z</time>
      <extensions>
        <dbm>-109</dbm>
        <cellinfo>mcc=450 mnc=5 ci=32159235 pci=406 tac=9553 rssi=-63 rsrp=-109 rsrq=-7 rssnr=78 cqi=NA</cellinfo>
      </extensions>
    </trkpt>
    <trkpt lat="33.419733" lon="126.549015">
      <ele>628.773230</ele>
      <time>2019-06-05T14:25:29Z</time>
      <extensions>
        <dbm>-89</dbm>
        <cellinfo>mcc=450 mnc=5 ci=32159239 pci=406 tac=9553 rssi=-56 rsrp=-89 rsrq=-6 rssnr=102 cqi=NA</cellinfo>
      </extensions>
    </trkpt>
    <trkpt lat="33.419786" lon="126.549099">
      <ele>627.305554</ele>
      <time>2019-06-05T14:25:37Z</time>
      <extensions>
        <dbm>-86</dbm>
        <cellinfo>mcc=450 mnc=5 ci=32159239 pci=406 tac=9553 rssi=-56 rsrp=-86 rsrq=-6 rssnr=214 cqi=NA</cellinfo>
      </extensions>
    </trkpt>
    <trkpt lat="33.419845" lon="126.549186">
      <ele>626.069446</ele>
      <time>2019-06-05T14:25:46Z</time>
      <extensions>
        <dbm>-88</dbm>
        <cellinfo>mcc=450 mnc=5 ci=32159239 pci=406 tac=9553 rssi=-56 rsrp=-88 rsrq=-5 rssnr=198 cqi=NA</cellinfo>
      </extensions>
    </trkpt>
    <trkpt lat="33.419911" lon="126.549261">
      <ele>625.250305</ele>
      <time>2019-06-05T14:25:54Z</time>
      <extensions>
        <dbm>-86</dbm>
        <cellinfo>mcc=450 mnc=5 ci=32159239 pci=406 tac=9553 rssi=-55 rsrp=-86 rsrq=-6 rssnr=198 cqi=NA</cellinfo>
      </extensions>
    </trkpt>
    <trkpt lat="33.419971" lon="126.549332">
      <ele>624.291040</ele>
      <time>2019-06-05T14:26:01Z</time>
      <extensions>
        <dbm>-102</dbm>
        <cellinfo>mcc=450 mnc=5 ci=32159235 pci=406 tac=9553 rssi=-61 rsrp=-102 rsrq=-8 rssnr=198 cqi=NA</cellinfo>
      </extensions>
    </trkpt>
    <trkpt lat="33.420037" lon="126.549380">
      <ele>623.401538</ele>
      <time>2019-06-05T14:26:05Z</time>
      <extensions>
        <dbm>-99</dbm>
        <cellinfo>mcc=450 mnc=5 ci=32159235 pci=406 tac=9553 rssi=-60 rsrp=-99 rsrq=-6 rssnr=106 cqi=NA</cellinfo>
      </extensions>
    </trkpt>
    <trkpt lat="33.420120" lon="126.549413">
      <ele>622.894446</ele>
      <time>2019-06-05T14:26:14Z</time>
      <extensions>
        <dbm>-104</dbm>
        <cellinfo>mcc=450 mnc=5 ci=32159235 pci=406 tac=9553 rssi=-61 rsrp=-104 rsrq=-7 rssnr=104 cqi=NA</cellinfo>
      </extensions>
    </trkpt>
    <trkpt lat="33.420217" lon="126.549427">
      <ele>622.303308</ele>
      <time>2019-06-05T14:26:21Z</time>
      <extensions>
        <dbm>-106</dbm>
        <cellinfo>mcc=450 mnc=5 ci=32159235 pci=406 tac=9553 rssi=-62 rsrp=-106 rsrq=-7 rssnr=104 cqi=NA</cellinfo>
      </extensions>
    </trkpt>
    <trkpt lat="33.420323" lon="126.549447">
      <ele>621.573950</ele>
      <time>2019-06-05T14:26:29Z</time>
      <extensions>
        <dbm>-93</dbm>
        <cellinfo>mcc=450 mnc=5 ci=32159239 pci=406 tac=9553 rssi=-57 rsrp=-93 rsrq=-6 rssnr=82 cqi=NA</cellinfo>
      </extensions>
    </trkpt>
    <trkpt lat="33.420421" lon="126.549479">
      <ele>621.129506</ele>
      <time>2019-06-05T14:26:38Z</time>
      <extensions>
        <dbm>-94</dbm>
        <cellinfo>mcc=450 mnc=5 ci=32159239 pci=406 tac=9553 rssi=-58 rsrp=-94 rsrq=-6 rssnr=82 cqi=NA</cellinfo>
      </extensions>
    </trkpt>
    <trkpt lat="33.420517" lon="126.549497">
      <ele>620.856433</ele>
      <time>2019-06-05T14:26:45Z</time>
      <extensions>
        <dbm>-91</dbm>
        <cellinfo>mcc=450 mnc=5 ci=32159239 pci=406 tac=9553 rssi=-58 rsrp=-91 rsrq=-6 rssnr=168 cqi=NA</cellinfo>
      </extensions>
    </trkpt>
    <trkpt lat="33.420603" lon="126.549496">
      <ele>620.208057</ele>
      <time>2019-06-05T14:26:54Z</time>
      <extensions>
        <dbm>-95</dbm>
        <cellinfo>mcc=450 mnc=5 ci=32159235 pci=406 tac=9553 rssi=-59 rsrp=-95 rsrq=-7 rssnr=162 cqi=NA</cellinfo>
      </extensions>
    </trkpt>
    <trkpt lat="33.420690" lon="126.549465">
      <ele>619.555176</ele>
      <time>2019-06-05T14:27:00Z</time>
      <extensions>
        <dbm>-93</dbm>
        <cellinfo>mcc=450 mnc=5 ci=32159235 pci=406 tac=9553 rssi=-58 rsrp=-93 rsrq=-6 rssnr=176 cqi=NA</cellinfo>
      </extensions>
    </trkpt>
    <trkpt lat="33.420781" lon="126.549430">
      <ele>618.999512</ele>
      <time>2019-06-05T14:27:06Z</time>
      <extensions>
        <dbm>-92</dbm>
        <cellinfo>mcc=450 mnc=5 ci=32159235 pci=406 tac=9553 rssi=-58 rsrp=-92 rsrq=-6 rssnr=176 cqi=NA</cellinfo>
      </extensions>
    </trkpt>
    <trkpt lat="33.420878" lon="126.549421">
      <ele>618.120386</ele>
      <time>2019-06-05T14:27:13Z</time>
      <extensions>
        <dbm>-89</dbm>
        <cellinfo>mcc=450 mnc=5 ci=32159235 pci=406 tac=9553 rssi=-57 rsrp=-89 rsrq=-7 rssnr=228 cqi=NA</cellinfo>
      </extensions>
    </trkpt>
    <trkpt lat="33.420968" lon="126.549456">
      <ele>617.703946</ele>
      <time>2019-06-05T14:27:22Z</time>
      <extensions>
        <dbm>-82</dbm>
        <cellinfo>mcc=450 mnc=5 ci=32159235 pci=406 tac=9553 rssi=-55 rsrp=-82 rsrq=-5 rssnr=228 cqi=NA</cellinfo>
      </extensions>
    </trkpt>
    <trkpt lat="33.421037" lon="126.549535">
      <ele>616.674339</ele>
      <time>2019-06-05T14:27:31Z</time>
      <extensions>
        <dbm>-81</dbm>
        <cellinfo>mcc=450 mnc=5 ci=32159235 pci=406 tac=9553 rssi=-55 rsrp=-81 rsrq=-5 rssnr=228 cqi=NA</cellinfo>
      </extensions>
    </trkpt>
    <trkpt lat="33.421090" lon="126.549634">
      <ele>615.728849</ele>
      <time>2019-06-05T14:27:38Z</time>
      <extensions>
        <dbm>-82</dbm>
        <cellinfo>mcc=450 mnc=5 ci=32159235 pci=406 tac=9553 rssi=-55 rsrp=-82 rsrq=-5 rssnr=228 cqi=NA</cellinfo>
      </extensions>
    </trkpt>
    <trkpt lat="33.421135" lon="126.549737">
      <ele>614.840609</ele>
      <time>2019-06-05T14:27:45Z</time>
      <extensions>
        <dbm>-85</dbm>
        <cellinfo>mcc=450 mnc=5 ci=32159235 pci=406 tac=9553 rssi=-56 rsrp=-85 rsrq=-5 rssnr=228 cqi=NA</cellinfo>
      </extensions>
    </trkpt>
    <trkpt lat="33.421192" lon="126.549833">
      <ele>613.756677</ele>
      <time>2019-06-05T14:27:52Z</time>
      <extensions>
        <dbm>-81</dbm>
        <cellinfo>mcc=450 mnc=5 ci=32159235 pci=406 tac=9553 rssi=-55 rsrp=-81 rsrq=-5 rssnr=228 cqi=NA</cellinfo>
      </extensions>
    </trkpt>
    <trkpt lat="33.421251" lon="126.549924">
      <ele>613.130554</ele>
      <time>2019-06-05T14:28:00Z</time>
      <extensions>
        <dbm>-85</dbm>
        <cellinfo>mcc=450 mnc=5 ci=32159235 pci=406 tac=9553 rssi=-56 rsrp=-85 rsrq=-5 rssnr=228 cqi=NA</cellinfo>
      </extensions>
    </trkpt>
    <trkpt lat="33.421311" lon="126.550014">
      <ele>612.531982</ele>
      <time>2019-06-05T14:28:08Z</time>
      <extensions>
        <dbm>-81</dbm>
        <cellinfo>mcc=450 mnc=5 ci=32159235 pci=406 tac=9553 rssi=-55 rsrp=-81 rsrq=-6 rssnr=228 cqi=NA</cellinfo>
      </extensions>
    </trkpt>
    <trkpt lat="33.421380" lon="126.550081">
      <ele>612.025049</ele>
      <time>2019-06-05T14:28:17Z</time>
      <extensions>
        <dbm>-80</dbm>
        <cellinfo>mcc=450 mnc=5 ci=32159235 pci=406 tac=9553 rssi=-54 rsrp=-80 rsrq=-5 rssnr=228 cqi=NA</cellinfo>
      </extensions>
    </trkpt>
    <trkpt lat="33.421453" lon="126.550134">
      <ele>611.502063</ele>
      <time>2019-06-05T14:28:41Z</time>
      <extensions>
        <dbm>-81</dbm>
        <cellinfo>mcc=450 mnc=5 ci=32159235 pci=406 tac=9553 rssi=-54 rsrp=-81 rsrq=-5 rssnr=228 cqi=NA</cellinfo>
      </extensions>
    </trkpt>
    <trkpt lat="33.421533" lon="126.550220">
      <ele>610.862170</ele>
      <time>2019-06-05T14:29:56Z</time>
      <extensions>
        <dbm>-79</dbm>
        <cellinfo>mcc=450 mnc=5 ci=32159235 pci=406 tac=9553 rssi=-54 rsrp=-79 rsrq=-5 rssnr=228 cqi=NA</cellinfo>
      </extensions>
    </trkpt>
    <trkpt lat="33.421555" lon="126.550301">
      <ele>610.404053</ele>
      <time>2019-06-05T14:30:05Z</time>
      <extensions>
        <dbm>-80</dbm>
        <cellinfo>mcc=450 mnc=5 ci=32159235 pci=406 tac=9553 rssi=-55 rsrp=-80 rsrq=-7 rssnr=228 cqi=NA</cellinfo>
      </extensions>
    </trkpt>
    <trkpt lat="33.421590" lon="126.550364">
      <ele>610.187766</ele>
      <time>2019-06-05T14:30:32Z</time>
      <extensions>
        <dbm>-76</dbm>
        <cellinfo>mcc=450 mnc=5 ci=32159235 pci=406 tac=9553 rssi=-52 rsrp=-76 rsrq=-5 rssnr=228 cqi=NA</cellinfo>
      </extensions>
    </trkpt>
    <trkpt lat="33.421636" lon="126.550364">
      <ele>609.649392</ele>
      <time>2019-06-05T14:31:01Z</time>
      <extensions>
        <dbm>-63</dbm>
        <cellinfo>mcc=450 mnc=5 ci=32159235 pci=406 tac=9553 rssi=-47 rsrp=-63 rsrq=-7 rssnr=300 cqi=NA</cellinfo>
      </extensions>
    </trkpt>
    <trkpt lat="33.421741" lon="126.550364">
      <ele>609.143200</ele>
      <time>2019-06-05T14:31:11Z</time>
      <extensions>
        <dbm>-69</dbm>
        <cellinfo>mcc=450 mnc=5 ci=32159235 pci=406 tac=9553 rssi=-50 rsrp=-69 rsrq=-5 rssnr=300 cqi=NA</cellinfo>
      </extensions>
    </trkpt>
    <trkpt lat="33.421845" lon="126.550346">
      <ele>608.647983</ele>
      <time>2019-06-05T14:31:20Z</time>
      <extensions>
        <dbm>-67</dbm>
        <cellinfo>mcc=450 mnc=5 ci=32159235 pci=406 tac=9553 rssi=-49 rsrp=-67 rsrq=-5 rssnr=300 cqi=NA</cellinfo>
      </extensions>
    </trkpt>
    <trkpt lat="33.421937" lon="126.550302">
      <ele>607.891435</ele>
      <time>2019-06-05T14:31:28Z</time>
      <extensions>
        <dbm>-64</dbm>
        <cellinfo>mcc=450 mnc=5 ci=32159235 pci=406 tac=9553 rssi=-47 rsrp=-64 rsrq=-6 rssnr=300 cqi=NA</cellinfo>
      </extensions>
    </trkpt>
    <trkpt lat="33.422017" lon="126.550222">
      <ele>607.157071</ele>
      <time>2019-06-05T14:31:36Z</time>
      <extensions>
        <dbm>-63</dbm>
        <cellinfo>mcc=450 mnc=5 ci=32159235 pci=406 tac=9553 rssi=-47 rsrp=-63 rsrq=-5 rssnr=300 cqi=NA</cellinfo>
      </extensions>
    </trkpt>
    <trkpt lat="33.422071" lon="126.550121">
      <ele>606.391380</ele>
      <time>2019-06-05T14:31:46Z</time>
      <extensions>
        <dbm>-57</dbm>
        <cellinfo>mcc=450 mnc=5 ci=32159235 pci=406 tac=9553 rssi=-44 rsrp=-57 rsrq=-6 rssnr=300 cqi=NA</cellinfo>
      </extensions>
    </trkpt>
    <trkpt lat="33.422116" lon="126.549997">
      <ele>605.140283</ele>
      <time>2019-06-05T14:32:12Z</time>
      <extensions>
        <dbm>-52</dbm>
        <cellinfo>mcc=450 mnc=5 ci=32159235 pci=406 tac=9553 rssi=-41 rsrp=-52 rsrq=-4 rssnr=294 cqi=NA</cellinfo>
      </extensions>
    </trkpt>
    <trkpt lat="33.422151" lon="126.549866">
      <ele>604.351880</ele>
      <time>2019-06-05T14:32:18Z</time>
      <extensions>
        <dbm>-60</dbm>
        <cellinfo>mcc=450 mnc=5 ci=32159235 pci=406 tac=9553 rssi=-45 rsrp=-60 rsrq=-6 rssnr=294 cqi=NA</cellinfo>
      </extensions>
    </trkpt>
    <trkpt lat="33.422190" lon="126.549741">
      <ele>603.644653</ele>
      <time>2019-06-05T14:32:24Z</time>
      <extensions>
        <dbm>-55</dbm>
        <cellinfo>mcc=450 mnc=5 ci=32159235 pci=406 tac=9553 rssi=-43 rsrp=-55 rsrq=-6 rssnr=294 cqi=NA</cellinfo>
      </extensions>
    </trkpt>
    <trkpt lat="33.422236" lon="126.549638">
      <ele>602.851514</ele>
      <time>2019-06-05T14:32:30Z</time>
      <extensions>
        <dbm>-56</dbm>
        <cellinfo>mcc=450 mnc=5 ci=32159235 pci=406 tac=9553 rssi=-43 rsrp=-56 rsrq=-4 rssnr=294 cqi=NA</cellinfo>
      </extensions>
    </trkpt>
    <trkpt lat="33.422304" lon="126.549558">
      <ele>602.123767</ele>
      <time>2019-06-05T14:32:38Z</time>
      <extensions>
        <dbm>-58</dbm>
        <cellinfo>mcc=450 mnc=5 ci=32159235 pci=406 tac=9553 rssi=-44 rsrp=-58 rsrq=-6 rssnr=296 cqi=NA</cellinfo>
      </extensions>
    </trkpt>
    <trkpt lat="33.422388" lon="126.549492">
      <ele>601.589685</ele>
      <time>2019-06-05T14:32:47Z</time>
      <extensions>
        <dbm>-64</dbm>
        <cellinfo>mcc=450 mnc=5 ci=32159235 pci=406 tac=9553 rssi=-47 rsrp=-64 rsrq=-4 rssnr=296 cqi=NA</cellinfo>
      </extensions>
    </trkpt>
</trkseg>
  </trk>
  
  <extensions>

   <badge tag="candidates" msg="nearby L(33.37200, 126.56953)" gpsTime="2019-06-05T09:05:05Z" >
      <item id="2500104" dist="91.03226"/>
   </badge>
   <badge tag="candidates" msg="nearby L(33.37173, 126.56951)" gpsTime="2019-06-05T09:05:30Z" >
      <item id="2500104" dist="65.00087"/>
   </badge>
   <badge tag="registration (offline)" msg="code -1" badgeId="2500104" badgeUser="F291188211BF24A4" badgeTime="2019-06-05T09:05:47Z" />
   <badge tag="candidates" msg="nearby L(33.36089, 126.53653)" gpsTime="2019-06-05T11:15:56Z" >
      <item id="2500101" dist="87.04202"/>
   </badge>
   <badge tag="candidates" msg="nearby L(33.36086, 126.53620)" gpsTime="2019-06-05T11:16:38Z" >
      <item id="2500101" dist="56.255993"/>
   </badge>
   <badge tag="candidates" msg="nearby L(33.36085, 126.53652)" gpsTime="2019-06-05T11:16:39Z" >
      <item id="2500101" dist="86.3319"/>
   </badge>
   <badge tag="candidates" msg="nearby L(33.36086, 126.53619)" gpsTime="2019-06-05T11:16:39Z" >
      <item id="2500101" dist="55.495804"/>
   </badge>
   <badge tag="registration (offline)" msg="code -1" badgeId="2500101" badgeUser="F291188211BF24A4" badgeTime="2019-06-05T11:16:45Z" />
   <badge tag="candidates" msg="nearby L(33.37348, 126.52982)" gpsTime="2019-06-05T12:11:44Z" >
      <item id="610115" dist="70.98384"/>
   </badge>
   <badge tag="registration (offline)" msg="code -1" badgeId="610115" badgeUser="F291188211BF24A4" badgeTime="2019-06-05T12:12:03Z" />
     <badge tag="registration (online)" msg="code 0" badgeId="2500104" badgeUser="F291188211BF24A4" badgeTime="2019-06-05T09:05:47Z" />
   <badge tag="registration (online)" msg="code 0" badgeId="2500101" badgeUser="F291188211BF24A4" badgeTime="2019-06-05T11:16:45Z" />
   <badge tag="registration (online)" msg="code 0" badgeId="610115" badgeUser="F291188211BF24A4" badgeTime="2019-06-05T12:12:03Z" />

  </extensions>

</gpx>
