<?xml version="1.0" encoding="UTF-8" ?>
<gpx
  version="1.1"
  creator="Tranggle Track 1.1.0 - http://www.beaglemap.com"
  xmlns:xsi="http://www.w3.org/2001/XMLSchema-instance"
  xmlns="http://www.topografix.com/GPX/1/1"
  xsi:schemaLocation="http://www.topografix.com/GPX/1/1 http://www.topografix.com/GPX/1/1/gpx.xsd">
  <metadata>
    <link href="http://www.beaglemap.com">
      <text>iPhone Tranggle 3.5.0</text>
    </link>
    <time>2016-10-18T19:17:21Z</time>
    <bounds minlat="28.497357" minlon="83.876163" maxlat="28.531369" maxlon="83.908349"/>
    <desc><![CDATA[CREATOR: F291188211BF24A4, MODEL: iPad5,4, FIRMWARE: 10.0.2, CONSTANT: M22, CATEGORY: Hiking]]></desc>
  </metadata>
  <trk>
    <trkseg>
    <trkpt lat="28.497630" lon="83.897775">
      <ele>3078.845215</ele>
      <time>2016-10-18T09:50:57Z</time>
    </trkpt>
    <trkpt lat="28.497462" lon="83.897884">
      <ele>3078.845215</ele>
      <time>2016-10-18T09:51:01Z</time>
    </trkpt>
    <trkpt lat="28.497379" lon="83.897974">
      <ele>3099.407064</ele>
      <time>2016-10-18T09:51:06Z</time>
    </trkpt>
    <trkpt lat="28.497389" lon="83.898047">
      <ele>3109.687988</ele>
      <time>2016-10-18T09:51:28Z</time>
    </trkpt>
    <trkpt lat="28.497421" lon="83.898127">
      <ele>3120.460856</ele>
      <time>2016-10-18T09:51:41Z</time>
    </trkpt>
    <trkpt lat="28.497452" lon="83.898214">
      <ele>3125.867798</ele>
      <time>2016-10-18T09:52:06Z</time>
    </trkpt>
    <trkpt lat="28.497451" lon="83.898304">
      <ele>3130.489453</ele>
      <time>2016-10-18T09:52:20Z</time>
    </trkpt>
    <trkpt lat="28.497476" lon="83.898355">
      <ele>3137.974365</ele>
      <time>2016-10-18T09:52:32Z</time>
    </trkpt>
    <trkpt lat="28.497508" lon="83.898403">
      <ele>3140.934473</ele>
      <time>2016-10-18T09:52:42Z</time>
    </trkpt>
    <trkpt lat="28.497583" lon="83.898435">
      <ele>3143.310954</ele>
      <time>2016-10-18T09:53:33Z</time>
    </trkpt>
    <trkpt lat="28.497635" lon="83.898501">
      <ele>3144.857771</ele>
      <time>2016-10-18T09:53:51Z</time>
    </trkpt>
    <trkpt lat="28.497680" lon="83.898571">
      <ele>3149.196370</ele>
      <time>2016-10-18T09:54:18Z</time>
    </trkpt>
    <trkpt lat="28.497720" lon="83.898644">
      <ele>3150.159877</ele>
      <time>2016-10-18T09:55:05Z</time>
    </trkpt>
    <trkpt lat="28.497768" lon="83.898677">
      <ele>3151.021942</ele>
      <time>2016-10-18T09:55:37Z</time>
    </trkpt>
    <trkpt lat="28.497835" lon="83.898693">
      <ele>3152.713894</ele>
      <time>2016-10-18T09:56:33Z</time>
    </trkpt>
    <trkpt lat="28.497897" lon="83.898715">
      <ele>3154.052307</ele>
      <time>2016-10-18T09:57:36Z</time>
    </trkpt>
    <trkpt lat="28.497965" lon="83.898780">
      <ele>3155.426785</ele>
      <time>2016-10-18T09:58:18Z</time>
    </trkpt>
    <trkpt lat="28.498018" lon="83.898862">
      <ele>3156.869458</ele>
      <time>2016-10-18T09:58:33Z</time>
    </trkpt>
    <trkpt lat="28.498071" lon="83.898947">
      <ele>3159.397927</ele>
      <time>2016-10-18T09:58:43Z</time>
    </trkpt>
    <trkpt lat="28.498128" lon="83.899030">
      <ele>3161.128857</ele>
      <time>2016-10-18T09:58:58Z</time>
    </trkpt>
    <trkpt lat="28.498192" lon="83.899109">
      <ele>3164.966138</ele>
      <time>2016-10-18T09:59:14Z</time>
    </trkpt>
    <trkpt lat="28.498241" lon="83.899194">
      <ele>3167.295321</ele>
      <time>2016-10-18T09:59:24Z</time>
    </trkpt>
    <trkpt lat="28.498281" lon="83.899286">
      <ele>3170.668857</ele>
      <time>2016-10-18T09:59:36Z</time>
    </trkpt>
    <trkpt lat="28.498336" lon="83.899350">
      <ele>3173.878462</ele>
      <time>2016-10-18T10:00:24Z</time>
    </trkpt>
    <trkpt lat="28.498412" lon="83.899404">
      <ele>3175.417155</ele>
      <time>2016-10-18T10:00:38Z</time>
    </trkpt>
    <trkpt lat="28.498496" lon="83.899448">
      <ele>3178.835124</ele>
      <time>2016-10-18T10:00:49Z</time>
    </trkpt>
    <trkpt lat="28.498577" lon="83.899511">
      <ele>3184.666992</ele>
      <time>2016-10-18T10:01:01Z</time>
    </trkpt>
    <trkpt lat="28.498662" lon="83.899568">
      <ele>3187.770574</ele>
      <time>2016-10-18T10:01:12Z</time>
    </trkpt>
    <trkpt lat="28.498750" lon="83.899623">
      <ele>3190.612793</ele>
      <time>2016-10-18T10:01:22Z</time>
    </trkpt>
    <trkpt lat="28.498829" lon="83.899685">
      <ele>3194.053955</ele>
      <time>2016-10-18T10:01:30Z</time>
    </trkpt>
    <trkpt lat="28.498890" lon="83.899761">
      <ele>3194.382657</ele>
      <time>2016-10-18T10:01:40Z</time>
    </trkpt>
    <trkpt lat="28.498927" lon="83.899854">
      <ele>3195.880566</ele>
      <time>2016-10-18T10:01:51Z</time>
    </trkpt>
    <trkpt lat="28.498969" lon="83.899932">
      <ele>3196.566992</ele>
      <time>2016-10-18T10:02:02Z</time>
    </trkpt>
    <trkpt lat="28.499023" lon="83.900002">
      <ele>3196.960138</ele>
      <time>2016-10-18T10:02:14Z</time>
    </trkpt>
    <trkpt lat="28.499102" lon="83.900050">
      <ele>3197.186279</ele>
      <time>2016-10-18T10:02:24Z</time>
    </trkpt>
    <trkpt lat="28.499181" lon="83.900101">
      <ele>3197.153698</ele>
      <time>2016-10-18T10:02:34Z</time>
    </trkpt>
    <trkpt lat="28.499261" lon="83.900149">
      <ele>3196.592196</ele>
      <time>2016-10-18T10:02:45Z</time>
    </trkpt>
    <trkpt lat="28.499338" lon="83.900163">
      <ele>3195.514826</ele>
      <time>2016-10-18T10:03:04Z</time>
    </trkpt>
    <trkpt lat="28.499389" lon="83.900195">
      <ele>3195.297607</ele>
      <time>2016-10-18T10:03:15Z</time>
    </trkpt>
    <trkpt lat="28.499447" lon="83.900208">
      <ele>3194.561768</ele>
      <time>2016-10-18T10:04:54Z</time>
    </trkpt>
    <trkpt lat="28.499507" lon="83.900251">
      <ele>3193.393155</ele>
      <time>2016-10-18T10:05:18Z</time>
    </trkpt>
    <trkpt lat="28.499595" lon="83.900276">
      <ele>3192.086359</ele>
      <time>2016-10-18T10:05:38Z</time>
    </trkpt>
    <trkpt lat="28.499679" lon="83.900321">
      <ele>3189.972681</ele>
      <time>2016-10-18T10:05:50Z</time>
    </trkpt>
    <trkpt lat="28.499765" lon="83.900366">
      <ele>3188.431592</ele>
      <time>2016-10-18T10:06:01Z</time>
    </trkpt>
    <trkpt lat="28.499854" lon="83.900391">
      <ele>3186.597607</ele>
      <time>2016-10-18T10:06:09Z</time>
    </trkpt>
    <trkpt lat="28.499944" lon="83.900404">
      <ele>3185.704434</ele>
      <time>2016-10-18T10:06:39Z</time>
    </trkpt>
    <trkpt lat="28.500032" lon="83.900414">
      <ele>3184.083008</ele>
      <time>2016-10-18T10:07:05Z</time>
    </trkpt>
    <trkpt lat="28.500113" lon="83.900417">
      <ele>3182.392489</ele>
      <time>2016-10-18T10:07:19Z</time>
    </trkpt>
    <trkpt lat="28.500195" lon="83.900425">
      <ele>3180.934149</ele>
      <time>2016-10-18T10:07:44Z</time>
    </trkpt>
    <trkpt lat="28.500278" lon="83.900434">
      <ele>3179.830078</ele>
      <time>2016-10-18T10:08:09Z</time>
    </trkpt>
    <trkpt lat="28.500371" lon="83.900473">
      <ele>3178.927579</ele>
      <time>2016-10-18T10:08:25Z</time>
    </trkpt>
    <trkpt lat="28.500448" lon="83.900517">
      <ele>3178.600919</ele>
      <time>2016-10-18T10:08:42Z</time>
    </trkpt>
    <trkpt lat="28.500520" lon="83.900573">
      <ele>3178.666548</ele>
      <time>2016-10-18T10:09:15Z</time>
    </trkpt>
    <trkpt lat="28.500590" lon="83.900616">
      <ele>3179.333629</ele>
      <time>2016-10-18T10:09:26Z</time>
    </trkpt>
    <trkpt lat="28.500678" lon="83.900646">
      <ele>3180.203525</ele>
      <time>2016-10-18T10:09:40Z</time>
    </trkpt>
    <trkpt lat="28.500773" lon="83.900654">
      <ele>3181.773815</ele>
      <time>2016-10-18T10:09:51Z</time>
    </trkpt>
    <trkpt lat="28.500859" lon="83.900659">
      <ele>3183.651278</ele>
      <time>2016-10-18T10:10:05Z</time>
    </trkpt>
    <trkpt lat="28.500943" lon="83.900669">
      <ele>3186.185369</ele>
      <time>2016-10-18T10:11:01Z</time>
    </trkpt>
    <trkpt lat="28.501020" lon="83.900703">
      <ele>3189.952661</ele>
      <time>2016-10-18T10:12:12Z</time>
    </trkpt>
    <trkpt lat="28.501097" lon="83.900750">
      <ele>3192.639038</ele>
      <time>2016-10-18T10:12:25Z</time>
    </trkpt>
    <trkpt lat="28.501173" lon="83.900797">
      <ele>3195.136548</ele>
      <time>2016-10-18T10:15:04Z</time>
    </trkpt>
    <trkpt lat="28.501253" lon="83.900837">
      <ele>3197.133936</ele>
      <time>2016-10-18T10:15:18Z</time>
    </trkpt>
    <trkpt lat="28.501326" lon="83.900887">
      <ele>3199.517188</ele>
      <time>2016-10-18T10:15:30Z</time>
    </trkpt>
    <trkpt lat="28.501400" lon="83.900937">
      <ele>3201.591040</ele>
      <time>2016-10-18T10:15:54Z</time>
    </trkpt>
    <trkpt lat="28.501475" lon="83.900981">
      <ele>3202.185924</ele>
      <time>2016-10-18T10:16:19Z</time>
    </trkpt>
    <trkpt lat="28.501554" lon="83.900995">
      <ele>3204.224410</ele>
      <time>2016-10-18T10:16:37Z</time>
    </trkpt>
    <trkpt lat="28.501635" lon="83.900996">
      <ele>3206.060125</ele>
      <time>2016-10-18T10:17:02Z</time>
    </trkpt>
    <trkpt lat="28.501713" lon="83.901006">
      <ele>3207.967995</ele>
      <time>2016-10-18T10:17:45Z</time>
    </trkpt>
    <trkpt lat="28.501795" lon="83.901039">
      <ele>3209.479914</ele>
      <time>2016-10-18T10:18:07Z</time>
    </trkpt>
    <trkpt lat="28.501851" lon="83.901110">
      <ele>3210.872536</ele>
      <time>2016-10-18T10:18:41Z</time>
    </trkpt>
    <trkpt lat="28.501913" lon="83.901159">
      <ele>3212.629017</ele>
      <time>2016-10-18T10:18:55Z</time>
    </trkpt>
    <trkpt lat="28.501968" lon="83.901181">
      <ele>3215.072776</ele>
      <time>2016-10-18T10:19:19Z</time>
    </trkpt>
    <trkpt lat="28.502039" lon="83.901180">
      <ele>3217.638161</ele>
      <time>2016-10-18T10:19:59Z</time>
    </trkpt>
    <trkpt lat="28.502091" lon="83.901216">
      <ele>3218.659322</ele>
      <time>2016-10-18T10:20:38Z</time>
    </trkpt>
    <trkpt lat="28.502144" lon="83.901269">
      <ele>3220.630697</ele>
      <time>2016-10-18T10:20:59Z</time>
    </trkpt>
    <trkpt lat="28.502205" lon="83.901316">
      <ele>3222.555135</ele>
      <time>2016-10-18T10:21:43Z</time>
    </trkpt>
    <trkpt lat="28.502279" lon="83.901354">
      <ele>3224.665507</ele>
      <time>2016-10-18T10:22:05Z</time>
    </trkpt>
    <trkpt lat="28.502362" lon="83.901403">
      <ele>3227.053446</ele>
      <time>2016-10-18T10:22:22Z</time>
    </trkpt>
    <trkpt lat="28.502445" lon="83.901461">
      <ele>3229.939412</ele>
      <time>2016-10-18T10:22:36Z</time>
    </trkpt>
    <trkpt lat="28.502531" lon="83.901502">
      <ele>3232.650614</ele>
      <time>2016-10-18T10:22:48Z</time>
    </trkpt>
    <trkpt lat="28.502616" lon="83.901554">
      <ele>3234.439697</ele>
      <time>2016-10-18T10:23:04Z</time>
    </trkpt>
    <trkpt lat="28.502694" lon="83.901620">
      <ele>3236.760417</ele>
      <time>2016-10-18T10:23:25Z</time>
    </trkpt>
    <trkpt lat="28.502770" lon="83.901692">
      <ele>3238.629578</ele>
      <time>2016-10-18T10:23:38Z</time>
    </trkpt>
    <trkpt lat="28.502850" lon="83.901722">
      <ele>3239.737061</ele>
      <time>2016-10-18T10:23:52Z</time>
    </trkpt>
    <trkpt lat="28.502937" lon="83.901712">
      <ele>3240.568359</ele>
      <time>2016-10-18T10:24:11Z</time>
    </trkpt>
    <trkpt lat="28.503022" lon="83.901668">
      <ele>3242.102406</ele>
      <time>2016-10-18T10:24:22Z</time>
    </trkpt>
    <trkpt lat="28.503106" lon="83.901638">
      <ele>3242.553422</ele>
      <time>2016-10-18T10:24:35Z</time>
    </trkpt>
    <trkpt lat="28.503190" lon="83.901624">
      <ele>3243.029053</ele>
      <time>2016-10-18T10:26:30Z</time>
    </trkpt>
    <trkpt lat="28.503280" lon="83.901641">
      <ele>3243.023881</ele>
      <time>2016-10-18T10:26:40Z</time>
    </trkpt>
    <trkpt lat="28.503366" lon="83.901665">
      <ele>3242.594593</ele>
      <time>2016-10-18T10:26:50Z</time>
    </trkpt>
    <trkpt lat="28.503454" lon="83.901691">
      <ele>3242.154590</ele>
      <time>2016-10-18T10:27:00Z</time>
    </trkpt>
    <trkpt lat="28.503540" lon="83.901718">
      <ele>3242.071753</ele>
      <time>2016-10-18T10:27:15Z</time>
    </trkpt>
    <trkpt lat="28.503629" lon="83.901740">
      <ele>3242.535376</ele>
      <time>2016-10-18T10:27:24Z</time>
    </trkpt>
    <trkpt lat="28.503712" lon="83.901777">
      <ele>3243.742285</ele>
      <time>2016-10-18T10:27:36Z</time>
    </trkpt>
    <trkpt lat="28.503790" lon="83.901827">
      <ele>3245.212402</ele>
      <time>2016-10-18T10:27:48Z</time>
    </trkpt>
    <trkpt lat="28.503866" lon="83.901886">
      <ele>3246.962036</ele>
      <time>2016-10-18T10:28:03Z</time>
    </trkpt>
    <trkpt lat="28.503941" lon="83.901950">
      <ele>3249.003833</ele>
      <time>2016-10-18T10:28:17Z</time>
    </trkpt>
    <trkpt lat="28.504008" lon="83.902020">
      <ele>3251.114502</ele>
      <time>2016-10-18T10:28:29Z</time>
    </trkpt>
    <trkpt lat="28.504072" lon="83.902098">
      <ele>3252.919019</ele>
      <time>2016-10-18T10:28:39Z</time>
    </trkpt>
    <trkpt lat="28.504125" lon="83.902182">
      <ele>3254.595654</ele>
      <time>2016-10-18T10:28:51Z</time>
    </trkpt>
    <trkpt lat="28.504181" lon="83.902268">
      <ele>3255.773071</ele>
      <time>2016-10-18T10:29:01Z</time>
    </trkpt>
    <trkpt lat="28.504225" lon="83.902364">
      <ele>3257.187231</ele>
      <time>2016-10-18T10:29:14Z</time>
    </trkpt>
    <trkpt lat="28.504270" lon="83.902460">
      <ele>3258.165698</ele>
      <time>2016-10-18T10:29:25Z</time>
    </trkpt>
    <trkpt lat="28.504320" lon="83.902548">
      <ele>3258.544312</ele>
      <time>2016-10-18T10:29:35Z</time>
    </trkpt>
    <trkpt lat="28.504373" lon="83.902635">
      <ele>3258.769800</ele>
      <time>2016-10-18T10:29:47Z</time>
    </trkpt>
    <trkpt lat="28.504434" lon="83.902718">
      <ele>3259.130249</ele>
      <time>2016-10-18T10:29:56Z</time>
    </trkpt>
    <trkpt lat="28.504494" lon="83.902798">
      <ele>3259.167065</ele>
      <time>2016-10-18T10:30:06Z</time>
    </trkpt>
    <trkpt lat="28.504562" lon="83.902865">
      <ele>3258.949902</ele>
      <time>2016-10-18T10:30:16Z</time>
    </trkpt>
    <trkpt lat="28.504611" lon="83.902935">
      <ele>3258.470679</ele>
      <time>2016-10-18T10:30:39Z</time>
    </trkpt>
    <trkpt lat="28.504636" lon="83.903009">
      <ele>3258.054883</ele>
      <time>2016-10-18T10:31:41Z</time>
    </trkpt>
    <trkpt lat="28.504669" lon="83.903071">
      <ele>3257.965527</ele>
      <time>2016-10-18T10:32:12Z</time>
    </trkpt>
    <trkpt lat="28.504731" lon="83.903106">
      <ele>3257.878564</ele>
      <time>2016-10-18T10:32:37Z</time>
    </trkpt>
    <trkpt lat="28.504828" lon="83.903117">
      <ele>3258.072705</ele>
      <time>2016-10-18T10:32:50Z</time>
    </trkpt>
    <trkpt lat="28.504925" lon="83.903131">
      <ele>3258.539233</ele>
      <time>2016-10-18T10:33:02Z</time>
    </trkpt>
    <trkpt lat="28.505017" lon="83.903160">
      <ele>3259.986450</ele>
      <time>2016-10-18T10:33:11Z</time>
    </trkpt>
    <trkpt lat="28.505098" lon="83.903212">
      <ele>3262.806177</ele>
      <time>2016-10-18T10:33:22Z</time>
    </trkpt>
    <trkpt lat="28.505169" lon="83.903285">
      <ele>3265.654004</ele>
      <time>2016-10-18T10:33:32Z</time>
    </trkpt>
    <trkpt lat="28.505233" lon="83.903367">
      <ele>3268.566064</ele>
      <time>2016-10-18T10:33:42Z</time>
    </trkpt>
    <trkpt lat="28.505305" lon="83.903431">
      <ele>3271.964771</ele>
      <time>2016-10-18T10:33:52Z</time>
    </trkpt>
    <trkpt lat="28.505383" lon="83.903485">
      <ele>3275.275464</ele>
      <time>2016-10-18T10:34:02Z</time>
    </trkpt>
    <trkpt lat="28.505459" lon="83.903550">
      <ele>3278.554712</ele>
      <time>2016-10-18T10:34:11Z</time>
    </trkpt>
    <trkpt lat="28.505527" lon="83.903633">
      <ele>3281.797925</ele>
      <time>2016-10-18T10:34:21Z</time>
    </trkpt>
    <trkpt lat="28.505591" lon="83.903719">
      <ele>3284.834570</ele>
      <time>2016-10-18T10:34:31Z</time>
    </trkpt>
    <trkpt lat="28.505656" lon="83.903796">
      <ele>3287.704028</ele>
      <time>2016-10-18T10:34:41Z</time>
    </trkpt>
    <trkpt lat="28.505727" lon="83.903877">
      <ele>3289.556445</ele>
      <time>2016-10-18T10:34:49Z</time>
    </trkpt>
    <trkpt lat="28.505800" lon="83.903961">
      <ele>3289.731396</ele>
      <time>2016-10-18T10:35:01Z</time>
    </trkpt>
    <trkpt lat="28.505868" lon="83.904051">
      <ele>3289.852686</ele>
      <time>2016-10-18T10:35:11Z</time>
    </trkpt>
    <trkpt lat="28.505934" lon="83.904129">
      <ele>3289.835294</ele>
      <time>2016-10-18T10:35:22Z</time>
    </trkpt>
    <trkpt lat="28.506004" lon="83.904191">
      <ele>3289.672097</ele>
      <time>2016-10-18T10:35:33Z</time>
    </trkpt>
    <trkpt lat="28.506089" lon="83.904234">
      <ele>3289.440629</ele>
      <time>2016-10-18T10:35:41Z</time>
    </trkpt>
    <trkpt lat="28.506178" lon="83.904265">
      <ele>3289.237061</ele>
      <time>2016-10-18T10:35:52Z</time>
    </trkpt>
    <trkpt lat="28.506267" lon="83.904299">
      <ele>3289.039839</ele>
      <time>2016-10-18T10:36:02Z</time>
    </trkpt>
    <trkpt lat="28.506357" lon="83.904328">
      <ele>3288.774214</ele>
      <time>2016-10-18T10:36:12Z</time>
    </trkpt>
    <trkpt lat="28.506446" lon="83.904356">
      <ele>3288.333008</ele>
      <time>2016-10-18T10:36:23Z</time>
    </trkpt>
    <trkpt lat="28.506537" lon="83.904371">
      <ele>3287.948997</ele>
      <time>2016-10-18T10:36:34Z</time>
    </trkpt>
    <trkpt lat="28.506628" lon="83.904368">
      <ele>3287.473300</ele>
      <time>2016-10-18T10:36:52Z</time>
    </trkpt>
    <trkpt lat="28.506715" lon="83.904331">
      <ele>3287.062500</ele>
      <time>2016-10-18T10:37:01Z</time>
    </trkpt>
    <trkpt lat="28.506805" lon="83.904274">
      <ele>3286.699441</ele>
      <time>2016-10-18T10:37:07Z</time>
    </trkpt>
    <trkpt lat="28.506892" lon="83.904245">
      <ele>3286.273349</ele>
      <time>2016-10-18T10:37:18Z</time>
    </trkpt>
    <trkpt lat="28.506985" lon="83.904250">
      <ele>3285.900568</ele>
      <time>2016-10-18T10:37:30Z</time>
    </trkpt>
    <trkpt lat="28.507075" lon="83.904275">
      <ele>3285.505171</ele>
      <time>2016-10-18T10:37:42Z</time>
    </trkpt>
    <trkpt lat="28.507166" lon="83.904301">
      <ele>3285.020086</ele>
      <time>2016-10-18T10:37:53Z</time>
    </trkpt>
    <trkpt lat="28.507255" lon="83.904321">
      <ele>3284.556494</ele>
      <time>2016-10-18T10:38:11Z</time>
    </trkpt>
    <trkpt lat="28.507347" lon="83.904352">
      <ele>3284.068311</ele>
      <time>2016-10-18T10:38:20Z</time>
    </trkpt>
    <trkpt lat="28.507444" lon="83.904358">
      <ele>3283.802002</ele>
      <time>2016-10-18T10:38:33Z</time>
    </trkpt>
    <trkpt lat="28.507540" lon="83.904361">
      <ele>3283.441919</ele>
      <time>2016-10-18T10:38:42Z</time>
    </trkpt>
    <trkpt lat="28.507638" lon="83.904358">
      <ele>3283.260425</ele>
      <time>2016-10-18T10:38:50Z</time>
    </trkpt>
    <trkpt lat="28.507731" lon="83.904349">
      <ele>3283.129980</ele>
      <time>2016-10-18T10:38:59Z</time>
    </trkpt>
    <trkpt lat="28.507824" lon="83.904344">
      <ele>3282.956885</ele>
      <time>2016-10-18T10:39:06Z</time>
    </trkpt>
    <trkpt lat="28.507913" lon="83.904345">
      <ele>3282.789551</ele>
      <time>2016-10-18T10:39:18Z</time>
    </trkpt>
    <trkpt lat="28.508003" lon="83.904364">
      <ele>3282.579688</ele>
      <time>2016-10-18T10:39:31Z</time>
    </trkpt>
    <trkpt lat="28.508095" lon="83.904384">
      <ele>3282.425391</ele>
      <time>2016-10-18T10:39:41Z</time>
    </trkpt>
    <trkpt lat="28.508178" lon="83.904417">
      <ele>3282.145142</ele>
      <time>2016-10-18T10:39:53Z</time>
    </trkpt>
    <trkpt lat="28.508261" lon="83.904447">
      <ele>3281.985889</ele>
      <time>2016-10-18T10:40:11Z</time>
    </trkpt>
    <trkpt lat="28.508339" lon="83.904481">
      <ele>3281.717969</ele>
      <time>2016-10-18T10:40:24Z</time>
    </trkpt>
    <trkpt lat="28.508426" lon="83.904497">
      <ele>3281.522437</ele>
      <time>2016-10-18T10:40:37Z</time>
    </trkpt>
    <trkpt lat="28.508513" lon="83.904522">
      <ele>3281.279858</ele>
      <time>2016-10-18T10:40:51Z</time>
    </trkpt>
    <trkpt lat="28.508602" lon="83.904526">
      <ele>3280.752319</ele>
      <time>2016-10-18T10:41:06Z</time>
    </trkpt>
    <trkpt lat="28.508694" lon="83.904519">
      <ele>3280.371997</ele>
      <time>2016-10-18T10:41:20Z</time>
    </trkpt>
    <trkpt lat="28.508781" lon="83.904486">
      <ele>3280.419092</ele>
      <time>2016-10-18T10:41:40Z</time>
    </trkpt>
    <trkpt lat="28.508869" lon="83.904465">
      <ele>3280.277734</ele>
      <time>2016-10-18T10:41:51Z</time>
    </trkpt>
    <trkpt lat="28.508954" lon="83.904451">
      <ele>3280.200293</ele>
      <time>2016-10-18T10:42:04Z</time>
    </trkpt>
    <trkpt lat="28.509044" lon="83.904459">
      <ele>3280.337793</ele>
      <time>2016-10-18T10:42:15Z</time>
    </trkpt>
    <trkpt lat="28.509090" lon="83.904431">
      <ele>3280.507617</ele>
      <time>2016-10-18T10:43:08Z</time>
    </trkpt>
    <trkpt lat="28.509078" lon="83.904425">
      <ele>3280.608687</ele>
      <time>2016-10-18T10:45:13Z</time>
    </trkpt>
    <trkpt lat="28.509010" lon="83.904451">
      <ele>3280.868120</ele>
      <time>2016-10-18T10:45:21Z</time>
    </trkpt>
    <trkpt lat="28.508970" lon="83.904485">
      <ele>3281.557262</ele>
      <time>2016-10-18T10:45:25Z</time>
    </trkpt>
    <trkpt lat="28.508972" lon="83.904474">
      <ele>3282.071514</ele>
      <time>2016-10-18T10:45:56Z</time>
    </trkpt>
    <trkpt lat="28.509014" lon="83.904411">
      <ele>3287.708252</ele>
      <time>2016-10-18T10:46:41Z</time>
      <extensions>
        <pause>start</pause>
        <type>auto</type>
      </extensions>
    </trkpt>
    <trkpt lat="28.509055" lon="83.904705">
      <ele>3295.304688</ele>
      <time>2016-10-18T10:49:27Z</time>
      <extensions>
        <pause>end</pause>
        <type>manual</type>
      </extensions>
    </trkpt>
    <trkpt lat="28.509114" lon="83.904653">
      <ele>3286.138494</ele>
      <time>2016-10-18T10:51:17Z</time>
    </trkpt>
    <trkpt lat="28.509187" lon="83.904624">
      <ele>3287.345082</ele>
      <time>2016-10-18T10:51:28Z</time>
    </trkpt>
    <trkpt lat="28.509271" lon="83.904607">
      <ele>3287.552135</ele>
      <time>2016-10-18T10:51:37Z</time>
    </trkpt>
    <trkpt lat="28.509361" lon="83.904591">
      <ele>3288.108221</ele>
      <time>2016-10-18T10:51:52Z</time>
    </trkpt>
    <trkpt lat="28.509452" lon="83.904557">
      <ele>3289.132391</ele>
      <time>2016-10-18T10:52:05Z</time>
    </trkpt>
    <trkpt lat="28.509547" lon="83.904535">
      <ele>3289.811501</ele>
      <time>2016-10-18T10:52:20Z</time>
    </trkpt>
    <trkpt lat="28.509638" lon="83.904531">
      <ele>3290.741744</ele>
      <time>2016-10-18T10:52:31Z</time>
    </trkpt>
    <trkpt lat="28.509730" lon="83.904547">
      <ele>3291.755637</ele>
      <time>2016-10-18T10:52:42Z</time>
    </trkpt>
    <trkpt lat="28.509822" lon="83.904555">
      <ele>3292.895308</ele>
      <time>2016-10-18T10:52:57Z</time>
    </trkpt>
    <trkpt lat="28.509914" lon="83.904538">
      <ele>3293.457586</ele>
      <time>2016-10-18T10:53:09Z</time>
    </trkpt>
    <trkpt lat="28.510006" lon="83.904519">
      <ele>3294.127841</ele>
      <time>2016-10-18T10:53:20Z</time>
    </trkpt>
    <trkpt lat="28.510096" lon="83.904516">
      <ele>3294.883367</ele>
      <time>2016-10-18T10:53:32Z</time>
    </trkpt>
    <trkpt lat="28.510186" lon="83.904540">
      <ele>3296.729761</ele>
      <time>2016-10-18T10:53:47Z</time>
    </trkpt>
    <trkpt lat="28.510275" lon="83.904557">
      <ele>3297.722567</ele>
      <time>2016-10-18T10:54:00Z</time>
    </trkpt>
    <trkpt lat="28.510366" lon="83.904560">
      <ele>3298.907983</ele>
      <time>2016-10-18T10:54:13Z</time>
    </trkpt>
    <trkpt lat="28.510456" lon="83.904538">
      <ele>3299.396362</ele>
      <time>2016-10-18T10:54:33Z</time>
    </trkpt>
    <trkpt lat="28.510548" lon="83.904511">
      <ele>3299.556485</ele>
      <time>2016-10-18T10:54:45Z</time>
    </trkpt>
    <trkpt lat="28.510638" lon="83.904492">
      <ele>3299.616016</ele>
      <time>2016-10-18T10:55:01Z</time>
    </trkpt>
    <trkpt lat="28.510724" lon="83.904503">
      <ele>3299.477002</ele>
      <time>2016-10-18T10:55:20Z</time>
    </trkpt>
    <trkpt lat="28.510799" lon="83.904553">
      <ele>3299.566333</ele>
      <time>2016-10-18T10:55:43Z</time>
    </trkpt>
    <trkpt lat="28.510865" lon="83.904628">
      <ele>3299.547412</ele>
      <time>2016-10-18T10:55:53Z</time>
    </trkpt>
    <trkpt lat="28.510932" lon="83.904701">
      <ele>3299.649414</ele>
      <time>2016-10-18T10:56:04Z</time>
    </trkpt>
    <trkpt lat="28.511012" lon="83.904753">
      <ele>3300.105176</ele>
      <time>2016-10-18T10:56:13Z</time>
    </trkpt>
    <trkpt lat="28.511100" lon="83.904788">
      <ele>3300.673584</ele>
      <time>2016-10-18T10:56:27Z</time>
    </trkpt>
    <trkpt lat="28.511183" lon="83.904833">
      <ele>3301.599683</ele>
      <time>2016-10-18T10:56:41Z</time>
    </trkpt>
    <trkpt lat="28.511244" lon="83.904902">
      <ele>3302.281836</ele>
      <time>2016-10-18T10:56:55Z</time>
    </trkpt>
    <trkpt lat="28.511296" lon="83.904991">
      <ele>3302.796777</ele>
      <time>2016-10-18T10:57:06Z</time>
    </trkpt>
    <trkpt lat="28.511344" lon="83.905086">
      <ele>3303.159546</ele>
      <time>2016-10-18T10:57:19Z</time>
    </trkpt>
    <trkpt lat="28.511406" lon="83.905171">
      <ele>3303.600610</ele>
      <time>2016-10-18T10:57:33Z</time>
    </trkpt>
    <trkpt lat="28.511479" lon="83.905247">
      <ele>3304.015308</ele>
      <time>2016-10-18T10:57:45Z</time>
    </trkpt>
    <trkpt lat="28.511565" lon="83.905291">
      <ele>3304.260132</ele>
      <time>2016-10-18T10:57:58Z</time>
    </trkpt>
    <trkpt lat="28.511638" lon="83.905340">
      <ele>3304.312476</ele>
      <time>2016-10-18T10:58:11Z</time>
    </trkpt>
    <trkpt lat="28.511706" lon="83.905388">
      <ele>3304.243677</ele>
      <time>2016-10-18T10:58:27Z</time>
    </trkpt>
    <trkpt lat="28.511771" lon="83.905452">
      <ele>3304.237354</ele>
      <time>2016-10-18T10:58:40Z</time>
    </trkpt>
    <trkpt lat="28.511854" lon="83.905493">
      <ele>3303.860962</ele>
      <time>2016-10-18T10:58:51Z</time>
    </trkpt>
    <trkpt lat="28.511940" lon="83.905531">
      <ele>3303.753418</ele>
      <time>2016-10-18T10:59:03Z</time>
    </trkpt>
    <trkpt lat="28.512028" lon="83.905560">
      <ele>3303.461865</ele>
      <time>2016-10-18T10:59:15Z</time>
    </trkpt>
    <trkpt lat="28.512114" lon="83.905570">
      <ele>3303.576050</ele>
      <time>2016-10-18T10:59:28Z</time>
    </trkpt>
    <trkpt lat="28.512202" lon="83.905553">
      <ele>3303.744287</ele>
      <time>2016-10-18T10:59:38Z</time>
    </trkpt>
    <trkpt lat="28.512290" lon="83.905520">
      <ele>3303.919775</ele>
      <time>2016-10-18T10:59:49Z</time>
    </trkpt>
    <trkpt lat="28.512378" lon="83.905487">
      <ele>3304.275903</ele>
      <time>2016-10-18T11:00:01Z</time>
    </trkpt>
    <trkpt lat="28.512466" lon="83.905470">
      <ele>3304.698975</ele>
      <time>2016-10-18T11:00:11Z</time>
    </trkpt>
    <trkpt lat="28.512556" lon="83.905465">
      <ele>3305.203784</ele>
      <time>2016-10-18T11:00:28Z</time>
    </trkpt>
    <trkpt lat="28.512644" lon="83.905490">
      <ele>3305.863696</ele>
      <time>2016-10-18T11:00:46Z</time>
    </trkpt>
    <trkpt lat="28.512737" lon="83.905517">
      <ele>3306.776489</ele>
      <time>2016-10-18T11:01:06Z</time>
    </trkpt>
    <trkpt lat="28.512827" lon="83.905557">
      <ele>3307.810547</ele>
      <time>2016-10-18T11:01:21Z</time>
    </trkpt>
    <trkpt lat="28.512918" lon="83.905599">
      <ele>3309.228931</ele>
      <time>2016-10-18T11:01:36Z</time>
    </trkpt>
    <trkpt lat="28.513004" lon="83.905646">
      <ele>3310.602441</ele>
      <time>2016-10-18T11:01:52Z</time>
    </trkpt>
    <trkpt lat="28.513070" lon="83.905708">
      <ele>3312.112134</ele>
      <time>2016-10-18T11:02:04Z</time>
    </trkpt>
    <trkpt lat="28.513113" lon="83.905781">
      <ele>3313.898950</ele>
      <time>2016-10-18T11:02:19Z</time>
    </trkpt>
    <trkpt lat="28.513154" lon="83.905845">
      <ele>3315.664038</ele>
      <time>2016-10-18T11:02:42Z</time>
    </trkpt>
    <trkpt lat="28.513205" lon="83.905897">
      <ele>3317.505591</ele>
      <time>2016-10-18T11:03:10Z</time>
    </trkpt>
    <trkpt lat="28.513264" lon="83.905947">
      <ele>3318.176092</ele>
      <time>2016-10-18T11:03:27Z</time>
    </trkpt>
    <trkpt lat="28.513310" lon="83.906016">
      <ele>3319.766779</ele>
      <time>2016-10-18T11:03:43Z</time>
    </trkpt>
    <trkpt lat="28.513355" lon="83.906091">
      <ele>3321.577393</ele>
      <time>2016-10-18T11:03:59Z</time>
    </trkpt>
    <trkpt lat="28.513394" lon="83.906172">
      <ele>3323.808993</ele>
      <time>2016-10-18T11:04:14Z</time>
    </trkpt>
    <trkpt lat="28.513452" lon="83.906228">
      <ele>3326.302046</ele>
      <time>2016-10-18T11:04:32Z</time>
    </trkpt>
    <trkpt lat="28.513524" lon="83.906272">
      <ele>3329.245206</ele>
      <time>2016-10-18T11:04:45Z</time>
    </trkpt>
    <trkpt lat="28.513621" lon="83.906279">
      <ele>3332.284268</ele>
      <time>2016-10-18T11:05:06Z</time>
    </trkpt>
    <trkpt lat="28.513713" lon="83.906297">
      <ele>3335.656894</ele>
      <time>2016-10-18T11:05:21Z</time>
    </trkpt>
    <trkpt lat="28.513801" lon="83.906310">
      <ele>3339.274281</ele>
      <time>2016-10-18T11:05:48Z</time>
    </trkpt>
    <trkpt lat="28.513885" lon="83.906338">
      <ele>3343.056929</ele>
      <time>2016-10-18T11:06:21Z</time>
    </trkpt>
    <trkpt lat="28.513965" lon="83.906373">
      <ele>3346.680864</ele>
      <time>2016-10-18T11:06:42Z</time>
    </trkpt>
    <trkpt lat="28.514044" lon="83.906390">
      <ele>3350.524392</ele>
      <time>2016-10-18T11:07:12Z</time>
    </trkpt>
    <trkpt lat="28.514119" lon="83.906373">
      <ele>3354.294167</ele>
      <time>2016-10-18T11:07:34Z</time>
    </trkpt>
    <trkpt lat="28.514197" lon="83.906322">
      <ele>3357.794056</ele>
      <time>2016-10-18T11:07:59Z</time>
    </trkpt>
    <trkpt lat="28.514277" lon="83.906271">
      <ele>3360.962580</ele>
      <time>2016-10-18T11:08:14Z</time>
    </trkpt>
    <trkpt lat="28.514365" lon="83.906235">
      <ele>3364.055176</ele>
      <time>2016-10-18T11:08:42Z</time>
    </trkpt>
    <trkpt lat="28.514453" lon="83.906213">
      <ele>3366.947776</ele>
      <time>2016-10-18T11:09:01Z</time>
    </trkpt>
    <trkpt lat="28.514545" lon="83.906197">
      <ele>3370.902979</ele>
      <time>2016-10-18T11:09:21Z</time>
    </trkpt>
    <trkpt lat="28.514602" lon="83.906225">
      <ele>3373.161060</ele>
      <time>2016-10-18T11:09:46Z</time>
    </trkpt>
    <trkpt lat="28.514657" lon="83.906275">
      <ele>3374.679266</ele>
      <time>2016-10-18T11:09:57Z</time>
    </trkpt>
    <trkpt lat="28.514708" lon="83.906345">
      <ele>3378.504883</ele>
      <time>2016-10-18T11:10:09Z</time>
    </trkpt>
    <trkpt lat="28.514794" lon="83.906390">
      <ele>3381.328223</ele>
      <time>2016-10-18T11:10:18Z</time>
    </trkpt>
    <trkpt lat="28.514887" lon="83.906422">
      <ele>3384.536011</ele>
      <time>2016-10-18T11:10:28Z</time>
    </trkpt>
    <trkpt lat="28.514981" lon="83.906438">
      <ele>3388.012451</ele>
      <time>2016-10-18T11:10:36Z</time>
    </trkpt>
    <trkpt lat="28.515070" lon="83.906462">
      <ele>3391.387183</ele>
      <time>2016-10-18T11:10:43Z</time>
    </trkpt>
    <trkpt lat="28.515159" lon="83.906477">
      <ele>3394.223608</ele>
      <time>2016-10-18T11:10:52Z</time>
    </trkpt>
    <trkpt lat="28.515246" lon="83.906504">
      <ele>3396.575464</ele>
      <time>2016-10-18T11:11:01Z</time>
    </trkpt>
    <trkpt lat="28.515335" lon="83.906534">
      <ele>3398.524902</ele>
      <time>2016-10-18T11:11:11Z</time>
    </trkpt>
    <trkpt lat="28.515412" lon="83.906594">
      <ele>3400.392041</ele>
      <time>2016-10-18T11:11:22Z</time>
    </trkpt>
    <trkpt lat="28.515480" lon="83.906667">
      <ele>3402.160156</ele>
      <time>2016-10-18T11:11:37Z</time>
    </trkpt>
    <trkpt lat="28.515544" lon="83.906743">
      <ele>3403.501343</ele>
      <time>2016-10-18T11:11:55Z</time>
    </trkpt>
    <trkpt lat="28.515616" lon="83.906809">
      <ele>3404.811670</ele>
      <time>2016-10-18T11:12:16Z</time>
    </trkpt>
    <trkpt lat="28.515697" lon="83.906856">
      <ele>3405.747095</ele>
      <time>2016-10-18T11:12:32Z</time>
    </trkpt>
    <trkpt lat="28.515771" lon="83.906897">
      <ele>3406.243677</ele>
      <time>2016-10-18T11:12:54Z</time>
    </trkpt>
    <trkpt lat="28.515842" lon="83.906919">
      <ele>3406.578809</ele>
      <time>2016-10-18T11:13:17Z</time>
    </trkpt>
    <trkpt lat="28.515910" lon="83.906947">
      <ele>3407.055688</ele>
      <time>2016-10-18T11:16:39Z</time>
    </trkpt>
    <trkpt lat="28.515973" lon="83.906992">
      <ele>3407.699390</ele>
      <time>2016-10-18T11:16:45Z</time>
    </trkpt>
    <trkpt lat="28.516027" lon="83.907067">
      <ele>3408.306079</ele>
      <time>2016-10-18T11:17:00Z</time>
    </trkpt>
    <trkpt lat="28.516088" lon="83.907131">
      <ele>3409.099146</ele>
      <time>2016-10-18T11:17:15Z</time>
    </trkpt>
    <trkpt lat="28.516171" lon="83.907165">
      <ele>3410.295972</ele>
      <time>2016-10-18T11:17:26Z</time>
    </trkpt>
    <trkpt lat="28.516272" lon="83.907170">
      <ele>3412.467432</ele>
      <time>2016-10-18T11:17:40Z</time>
    </trkpt>
    <trkpt lat="28.516368" lon="83.907179">
      <ele>3414.865112</ele>
      <time>2016-10-18T11:17:54Z</time>
    </trkpt>
    <trkpt lat="28.516458" lon="83.907201">
      <ele>3417.272266</ele>
      <time>2016-10-18T11:18:09Z</time>
    </trkpt>
    <trkpt lat="28.516540" lon="83.907243">
      <ele>3419.427979</ele>
      <time>2016-10-18T11:18:23Z</time>
    </trkpt>
    <trkpt lat="28.516621" lon="83.907288">
      <ele>3421.302979</ele>
      <time>2016-10-18T11:18:40Z</time>
    </trkpt>
    <trkpt lat="28.516705" lon="83.907321">
      <ele>3423.172119</ele>
      <time>2016-10-18T11:18:56Z</time>
    </trkpt>
    <trkpt lat="28.516798" lon="83.907344">
      <ele>3425.198657</ele>
      <time>2016-10-18T11:19:14Z</time>
    </trkpt>
    <trkpt lat="28.516891" lon="83.907365">
      <ele>3427.098315</ele>
      <time>2016-10-18T11:19:35Z</time>
    </trkpt>
    <trkpt lat="28.516981" lon="83.907395">
      <ele>3428.841162</ele>
      <time>2016-10-18T11:19:51Z</time>
    </trkpt>
    <trkpt lat="28.517066" lon="83.907431">
      <ele>3430.186279</ele>
      <time>2016-10-18T11:20:07Z</time>
    </trkpt>
    <trkpt lat="28.517152" lon="83.907464">
      <ele>3430.543848</ele>
      <time>2016-10-18T11:20:23Z</time>
    </trkpt>
    <trkpt lat="28.517227" lon="83.907503">
      <ele>3430.738184</ele>
      <time>2016-10-18T11:20:41Z</time>
    </trkpt>
    <trkpt lat="28.517305" lon="83.907524">
      <ele>3431.023560</ele>
      <time>2016-10-18T11:20:57Z</time>
    </trkpt>
    <trkpt lat="28.517383" lon="83.907540">
      <ele>3431.865723</ele>
      <time>2016-10-18T11:21:17Z</time>
    </trkpt>
    <trkpt lat="28.517476" lon="83.907531">
      <ele>3433.040381</ele>
      <time>2016-10-18T11:21:32Z</time>
    </trkpt>
    <trkpt lat="28.517560" lon="83.907533">
      <ele>3434.257617</ele>
      <time>2016-10-18T11:21:45Z</time>
    </trkpt>
    <trkpt lat="28.517641" lon="83.907547">
      <ele>3435.450635</ele>
      <time>2016-10-18T11:22:01Z</time>
    </trkpt>
    <trkpt lat="28.517722" lon="83.907563">
      <ele>3437.350635</ele>
      <time>2016-10-18T11:22:24Z</time>
    </trkpt>
    <trkpt lat="28.517813" lon="83.907571">
      <ele>3439.460596</ele>
      <time>2016-10-18T11:22:50Z</time>
    </trkpt>
    <trkpt lat="28.517905" lon="83.907581">
      <ele>3441.506616</ele>
      <time>2016-10-18T11:23:07Z</time>
    </trkpt>
    <trkpt lat="28.517995" lon="83.907595">
      <ele>3443.763696</ele>
      <time>2016-10-18T11:23:22Z</time>
    </trkpt>
    <trkpt lat="28.518076" lon="83.907617">
      <ele>3446.523560</ele>
      <time>2016-10-18T11:23:38Z</time>
    </trkpt>
    <trkpt lat="28.518156" lon="83.907643">
      <ele>3449.570324</ele>
      <time>2016-10-18T11:23:56Z</time>
    </trkpt>
    <trkpt lat="28.518237" lon="83.907672">
      <ele>3452.465197</ele>
      <time>2016-10-18T11:24:18Z</time>
    </trkpt>
    <trkpt lat="28.518321" lon="83.907676">
      <ele>3455.175793</ele>
      <time>2016-10-18T11:24:43Z</time>
    </trkpt>
    <trkpt lat="28.518403" lon="83.907652">
      <ele>3457.910241</ele>
      <time>2016-10-18T11:25:04Z</time>
    </trkpt>
    <trkpt lat="28.518477" lon="83.907596">
      <ele>3459.083906</ele>
      <time>2016-10-18T11:25:21Z</time>
    </trkpt>
    <trkpt lat="28.518548" lon="83.907534">
      <ele>3462.286477</ele>
      <time>2016-10-18T11:25:34Z</time>
    </trkpt>
    <trkpt lat="28.518621" lon="83.907482">
      <ele>3465.229174</ele>
      <time>2016-10-18T11:25:45Z</time>
    </trkpt>
    <trkpt lat="28.518699" lon="83.907439">
      <ele>3468.187043</ele>
      <time>2016-10-18T11:26:05Z</time>
    </trkpt>
    <trkpt lat="28.518787" lon="83.907418">
      <ele>3472.374263</ele>
      <time>2016-10-18T11:26:24Z</time>
    </trkpt>
    <trkpt lat="28.518874" lon="83.907422">
      <ele>3474.764108</ele>
      <time>2016-10-18T11:26:47Z</time>
    </trkpt>
    <trkpt lat="28.518961" lon="83.907449">
      <ele>3476.783812</ele>
      <time>2016-10-18T11:27:26Z</time>
    </trkpt>
    <trkpt lat="28.519046" lon="83.907492">
      <ele>3478.883483</ele>
      <time>2016-10-18T11:27:37Z</time>
    </trkpt>
    <trkpt lat="28.519125" lon="83.907543">
      <ele>3481.416440</ele>
      <time>2016-10-18T11:27:51Z</time>
    </trkpt>
    <trkpt lat="28.519203" lon="83.907604">
      <ele>3484.137770</ele>
      <time>2016-10-18T11:28:07Z</time>
    </trkpt>
    <trkpt lat="28.519284" lon="83.907648">
      <ele>3486.685160</ele>
      <time>2016-10-18T11:28:16Z</time>
    </trkpt>
    <trkpt lat="28.519372" lon="83.907677">
      <ele>3488.625402</ele>
      <time>2016-10-18T11:28:35Z</time>
    </trkpt>
    <trkpt lat="28.519463" lon="83.907696">
      <ele>3490.231685</ele>
      <time>2016-10-18T11:28:58Z</time>
    </trkpt>
    <trkpt lat="28.519553" lon="83.907726">
      <ele>3491.417804</ele>
      <time>2016-10-18T11:29:23Z</time>
    </trkpt>
    <trkpt lat="28.519641" lon="83.907755">
      <ele>3492.999309</ele>
      <time>2016-10-18T11:30:06Z</time>
    </trkpt>
    <trkpt lat="28.519727" lon="83.907775">
      <ele>3494.307658</ele>
      <time>2016-10-18T11:30:29Z</time>
    </trkpt>
    <trkpt lat="28.519810" lon="83.907787">
      <ele>3495.631993</ele>
      <time>2016-10-18T11:30:49Z</time>
    </trkpt>
    <trkpt lat="28.519895" lon="83.907791">
      <ele>3496.963104</ele>
      <time>2016-10-18T11:31:28Z</time>
    </trkpt>
    <trkpt lat="28.519976" lon="83.907796">
      <ele>3498.256058</ele>
      <time>2016-10-18T11:31:52Z</time>
    </trkpt>
    <trkpt lat="28.520059" lon="83.907806">
      <ele>3499.644024</ele>
      <time>2016-10-18T11:32:33Z</time>
    </trkpt>
    <trkpt lat="28.520145" lon="83.907809">
      <ele>3501.123884</ele>
      <time>2016-10-18T11:33:15Z</time>
    </trkpt>
    <trkpt lat="28.520230" lon="83.907820">
      <ele>3502.700047</ele>
      <time>2016-10-18T11:33:34Z</time>
    </trkpt>
    <trkpt lat="28.520318" lon="83.907839">
      <ele>3504.831895</ele>
      <time>2016-10-18T11:33:56Z</time>
    </trkpt>
    <trkpt lat="28.520401" lon="83.907857">
      <ele>3507.352496</ele>
      <time>2016-10-18T11:34:29Z</time>
    </trkpt>
    <trkpt lat="28.520480" lon="83.907880">
      <ele>3510.032773</ele>
      <time>2016-10-18T11:34:55Z</time>
    </trkpt>
    <trkpt lat="28.520558" lon="83.907904">
      <ele>3513.141147</ele>
      <time>2016-10-18T11:35:20Z</time>
    </trkpt>
    <trkpt lat="28.520638" lon="83.907910">
      <ele>3516.527711</ele>
      <time>2016-10-18T11:36:27Z</time>
    </trkpt>
    <trkpt lat="28.520722" lon="83.907919">
      <ele>3520.012676</ele>
      <time>2016-10-18T11:36:34Z</time>
    </trkpt>
    <trkpt lat="28.520806" lon="83.907929">
      <ele>3523.326536</ele>
      <time>2016-10-18T11:36:55Z</time>
    </trkpt>
    <trkpt lat="28.520894" lon="83.907960">
      <ele>3526.676419</ele>
      <time>2016-10-18T11:37:10Z</time>
    </trkpt>
    <trkpt lat="28.520983" lon="83.907984">
      <ele>3530.341016</ele>
      <time>2016-10-18T11:37:24Z</time>
    </trkpt>
    <trkpt lat="28.521073" lon="83.907998">
      <ele>3534.061711</ele>
      <time>2016-10-18T11:37:40Z</time>
    </trkpt>
    <trkpt lat="28.521160" lon="83.907998">
      <ele>3537.299673</ele>
      <time>2016-10-18T11:37:58Z</time>
    </trkpt>
    <trkpt lat="28.521250" lon="83.907996">
      <ele>3540.456607</ele>
      <time>2016-10-18T11:38:16Z</time>
    </trkpt>
    <trkpt lat="28.521339" lon="83.907986">
      <ele>3543.367769</ele>
      <time>2016-10-18T11:38:36Z</time>
    </trkpt>
    <trkpt lat="28.521431" lon="83.907990">
      <ele>3545.757884</ele>
      <time>2016-10-18T11:38:56Z</time>
    </trkpt>
    <trkpt lat="28.521524" lon="83.907987">
      <ele>3548.262116</ele>
      <time>2016-10-18T11:39:24Z</time>
    </trkpt>
    <trkpt lat="28.521616" lon="83.907982">
      <ele>3550.459553</ele>
      <time>2016-10-18T11:39:50Z</time>
    </trkpt>
    <trkpt lat="28.521709" lon="83.907970">
      <ele>3552.596540</ele>
      <time>2016-10-18T11:40:12Z</time>
    </trkpt>
    <trkpt lat="28.521798" lon="83.907964">
      <ele>3554.447614</ele>
      <time>2016-10-18T11:40:39Z</time>
    </trkpt>
    <trkpt lat="28.521877" lon="83.907988">
      <ele>3555.989265</ele>
      <time>2016-10-18T11:41:02Z</time>
    </trkpt>
    <trkpt lat="28.521950" lon="83.908044">
      <ele>3557.486245</ele>
      <time>2016-10-18T11:41:25Z</time>
    </trkpt>
    <trkpt lat="28.522021" lon="83.908111">
      <ele>3559.063078</ele>
      <time>2016-10-18T11:43:22Z</time>
    </trkpt>
    <trkpt lat="28.522097" lon="83.908150">
      <ele>3560.647941</ele>
      <time>2016-10-18T11:43:36Z</time>
    </trkpt>
    <trkpt lat="28.522182" lon="83.908166">
      <ele>3562.212072</ele>
      <time>2016-10-18T11:43:56Z</time>
    </trkpt>
    <trkpt lat="28.522266" lon="83.908173">
      <ele>3565.270605</ele>
      <time>2016-10-18T11:44:28Z</time>
    </trkpt>
    <trkpt lat="28.522354" lon="83.908196">
      <ele>3565.984937</ele>
      <time>2016-10-18T11:46:14Z</time>
    </trkpt>
    <trkpt lat="28.522438" lon="83.908222">
      <ele>3568.156159</ele>
      <time>2016-10-18T11:47:27Z</time>
    </trkpt>
    <trkpt lat="28.522528" lon="83.908229">
      <ele>3570.455878</ele>
      <time>2016-10-18T11:47:47Z</time>
    </trkpt>
    <trkpt lat="28.522618" lon="83.908222">
      <ele>3573.062461</ele>
      <time>2016-10-18T11:48:06Z</time>
    </trkpt>
    <trkpt lat="28.522708" lon="83.908206">
      <ele>3575.773607</ele>
      <time>2016-10-18T11:48:21Z</time>
    </trkpt>
    <trkpt lat="28.522802" lon="83.908203">
      <ele>3579.341620</ele>
      <time>2016-10-18T11:48:33Z</time>
    </trkpt>
    <trkpt lat="28.522898" lon="83.908214">
      <ele>3582.709215</ele>
      <time>2016-10-18T11:48:41Z</time>
    </trkpt>
    <trkpt lat="28.522994" lon="83.908232">
      <ele>3585.979871</ele>
      <time>2016-10-18T11:48:52Z</time>
    </trkpt>
    <trkpt lat="28.523084" lon="83.908232">
      <ele>3589.211481</ele>
      <time>2016-10-18T11:49:06Z</time>
    </trkpt>
    <trkpt lat="28.523163" lon="83.908253">
      <ele>3591.999636</ele>
      <time>2016-10-18T11:49:19Z</time>
    </trkpt>
    <trkpt lat="28.523233" lon="83.908286">
      <ele>3594.468815</ele>
      <time>2016-10-18T11:49:39Z</time>
    </trkpt>
    <trkpt lat="28.523292" lon="83.908303">
      <ele>3596.614998</ele>
      <time>2016-10-18T11:51:16Z</time>
    </trkpt>
    <trkpt lat="28.523354" lon="83.908264">
      <ele>3598.771980</ele>
      <time>2016-10-18T11:51:27Z</time>
    </trkpt>
    <trkpt lat="28.523416" lon="83.908184">
      <ele>3600.710563</ele>
      <time>2016-10-18T11:51:39Z</time>
    </trkpt>
    <trkpt lat="28.523491" lon="83.908130">
      <ele>3602.407723</ele>
      <time>2016-10-18T11:52:07Z</time>
    </trkpt>
    <trkpt lat="28.523575" lon="83.908097">
      <ele>3603.039824</ele>
      <time>2016-10-18T11:52:30Z</time>
    </trkpt>
    <trkpt lat="28.523668" lon="83.908089">
      <ele>3604.150947</ele>
      <time>2016-10-18T11:53:18Z</time>
    </trkpt>
    <trkpt lat="28.523758" lon="83.908066">
      <ele>3605.218068</ele>
      <time>2016-10-18T11:53:34Z</time>
    </trkpt>
    <trkpt lat="28.523848" lon="83.908051">
      <ele>3606.216199</ele>
      <time>2016-10-18T11:54:18Z</time>
    </trkpt>
    <trkpt lat="28.523936" lon="83.908028">
      <ele>3607.460214</ele>
      <time>2016-10-18T11:54:32Z</time>
    </trkpt>
    <trkpt lat="28.524026" lon="83.908018">
      <ele>3609.092706</ele>
      <time>2016-10-18T11:54:43Z</time>
    </trkpt>
    <trkpt lat="28.524116" lon="83.908001">
      <ele>3610.928243</ele>
      <time>2016-10-18T11:55:00Z</time>
    </trkpt>
    <trkpt lat="28.524206" lon="83.907986">
      <ele>3612.764135</ele>
      <time>2016-10-18T11:55:16Z</time>
    </trkpt>
    <trkpt lat="28.524299" lon="83.907983">
      <ele>3614.582859</ele>
      <time>2016-10-18T11:55:39Z</time>
    </trkpt>
    <trkpt lat="28.524390" lon="83.908000">
      <ele>3616.348377</ele>
      <time>2016-10-18T11:56:01Z</time>
    </trkpt>
    <trkpt lat="28.524481" lon="83.908032">
      <ele>3618.293038</ele>
      <time>2016-10-18T11:56:13Z</time>
    </trkpt>
    <trkpt lat="28.524568" lon="83.908051">
      <ele>3619.785448</ele>
      <time>2016-10-18T11:56:54Z</time>
    </trkpt>
    <trkpt lat="28.524653" lon="83.908039">
      <ele>3621.168592</ele>
      <time>2016-10-18T11:57:07Z</time>
    </trkpt>
    <trkpt lat="28.524737" lon="83.907997">
      <ele>3622.711792</ele>
      <time>2016-10-18T11:57:24Z</time>
    </trkpt>
    <trkpt lat="28.524804" lon="83.907931">
      <ele>3624.175869</ele>
      <time>2016-10-18T11:57:35Z</time>
    </trkpt>
    <trkpt lat="28.524848" lon="83.907847">
      <ele>3625.361131</ele>
      <time>2016-10-18T11:57:55Z</time>
    </trkpt>
    <trkpt lat="28.524888" lon="83.907754">
      <ele>3626.226845</ele>
      <time>2016-10-18T11:58:10Z</time>
    </trkpt>
    <trkpt lat="28.524946" lon="83.907682">
      <ele>3626.988116</ele>
      <time>2016-10-18T11:58:36Z</time>
    </trkpt>
    <trkpt lat="28.525027" lon="83.907628">
      <ele>3627.681866</ele>
      <time>2016-10-18T11:58:51Z</time>
    </trkpt>
    <trkpt lat="28.525111" lon="83.907608">
      <ele>3628.366509</ele>
      <time>2016-10-18T11:59:56Z</time>
    </trkpt>
    <trkpt lat="28.525187" lon="83.907581">
      <ele>3629.056826</ele>
      <time>2016-10-18T12:01:31Z</time>
    </trkpt>
    <trkpt lat="28.525264" lon="83.907563">
      <ele>3629.855718</ele>
      <time>2016-10-18T12:01:54Z</time>
    </trkpt>
    <trkpt lat="28.525336" lon="83.907510">
      <ele>3630.831976</ele>
      <time>2016-10-18T12:02:30Z</time>
    </trkpt>
    <trkpt lat="28.525412" lon="83.907464">
      <ele>3631.630068</ele>
      <time>2016-10-18T12:02:54Z</time>
    </trkpt>
    <trkpt lat="28.525490" lon="83.907408">
      <ele>3632.494218</ele>
      <time>2016-10-18T12:03:22Z</time>
    </trkpt>
    <trkpt lat="28.525576" lon="83.907360">
      <ele>3633.579707</ele>
      <time>2016-10-18T12:03:43Z</time>
    </trkpt>
    <trkpt lat="28.525648" lon="83.907295">
      <ele>3634.957678</ele>
      <time>2016-10-18T12:04:10Z</time>
    </trkpt>
    <trkpt lat="28.525718" lon="83.907236">
      <ele>3636.651849</ele>
      <time>2016-10-18T12:04:29Z</time>
    </trkpt>
    <trkpt lat="28.525790" lon="83.907193">
      <ele>3638.403798</ele>
      <time>2016-10-18T12:06:13Z</time>
    </trkpt>
    <trkpt lat="28.525880" lon="83.907182">
      <ele>3640.404863</ele>
      <time>2016-10-18T12:06:35Z</time>
    </trkpt>
    <trkpt lat="28.525969" lon="83.907202">
      <ele>3642.430399</ele>
      <time>2016-10-18T12:06:43Z</time>
    </trkpt>
    <trkpt lat="28.526054" lon="83.907241">
      <ele>3644.484424</ele>
      <time>2016-10-18T12:06:56Z</time>
    </trkpt>
    <trkpt lat="28.526138" lon="83.907282">
      <ele>3646.614382</ele>
      <time>2016-10-18T12:07:08Z</time>
    </trkpt>
    <trkpt lat="28.526226" lon="83.907299">
      <ele>3648.997809</ele>
      <time>2016-10-18T12:07:26Z</time>
    </trkpt>
    <trkpt lat="28.526317" lon="83.907307">
      <ele>3651.283225</ele>
      <time>2016-10-18T12:07:53Z</time>
    </trkpt>
    <trkpt lat="28.526397" lon="83.907313">
      <ele>3652.167760</ele>
      <time>2016-10-18T12:08:16Z</time>
    </trkpt>
    <trkpt lat="28.526467" lon="83.907323">
      <ele>3670.472804</ele>
      <time>2016-10-18T12:12:27Z</time>
      <extensions>
        <pause>start</pause>
        <type>auto</type>
      </extensions>
    </trkpt>
    <trkpt lat="28.526639" lon="83.907563">
      <ele>3672.074537</ele>
      <time>2016-10-18T12:15:53Z</time>
      <extensions>
        <pause>end</pause>
        <type>manual</type>
      </extensions>
    </trkpt>
    <trkpt lat="28.526682" lon="83.907612">
      <ele>3658.825499</ele>
      <time>2016-10-18T12:19:20Z</time>
    </trkpt>
    <trkpt lat="28.526704" lon="83.907637">
      <ele>3673.793244</ele>
      <time>2016-10-18T12:20:54Z</time>
      <extensions>
        <pause>start</pause>
        <type>auto</type>
      </extensions>
    </trkpt>
    <trkpt lat="28.526751" lon="83.907643">
      <ele>3671.440522</ele>
      <time>2016-10-18T12:33:52Z</time>
      <extensions>
        <pause>end</pause>
        <type>manual</type>
      </extensions>
    </trkpt>
    <trkpt lat="28.526751" lon="83.907643">
      <ele>0.000000</ele>
      <time>2016-10-18T12:33:59Z</time>
      <extensions>
        <pause>start</pause>
        <type>manual</type>
      </extensions>
    </trkpt>
    <trkpt lat="28.526922" lon="83.906640">
      <ele>3684.451740</ele>
      <time>2016-10-18T13:00:08Z</time>
      <extensions>
        <pause>end</pause>
        <type>manual</type>
      </extensions>
    </trkpt>
    <trkpt lat="28.526929" lon="83.906538">
      <ele>3671.624108</ele>
      <time>2016-10-18T13:00:24Z</time>
    </trkpt>
    <trkpt lat="28.526941" lon="83.906438">
      <ele>3675.110658</ele>
      <time>2016-10-18T13:00:43Z</time>
    </trkpt>
    <trkpt lat="28.526938" lon="83.906338">
      <ele>3677.771491</ele>
      <time>2016-10-18T13:00:59Z</time>
    </trkpt>
    <trkpt lat="28.526931" lon="83.906236">
      <ele>3679.342808</ele>
      <time>2016-10-18T13:01:17Z</time>
    </trkpt>
    <trkpt lat="28.526916" lon="83.906134">
      <ele>3680.569427</ele>
      <time>2016-10-18T13:01:29Z</time>
    </trkpt>
    <trkpt lat="28.526924" lon="83.906032">
      <ele>3681.698791</ele>
      <time>2016-10-18T13:01:48Z</time>
    </trkpt>
    <trkpt lat="28.526947" lon="83.905930">
      <ele>3684.266392</ele>
      <time>2016-10-18T13:02:03Z</time>
    </trkpt>
    <trkpt lat="28.526971" lon="83.905825">
      <ele>3687.273018</ele>
      <time>2016-10-18T13:02:20Z</time>
    </trkpt>
    <trkpt lat="28.526979" lon="83.905718">
      <ele>3687.727529</ele>
      <time>2016-10-18T13:02:38Z</time>
    </trkpt>
    <trkpt lat="28.526986" lon="83.905614">
      <ele>3688.119000</ele>
      <time>2016-10-18T13:02:54Z</time>
    </trkpt>
    <trkpt lat="28.527009" lon="83.905517">
      <ele>3687.936039</ele>
      <time>2016-10-18T13:03:13Z</time>
    </trkpt>
    <trkpt lat="28.527049" lon="83.905424">
      <ele>3687.979767</ele>
      <time>2016-10-18T13:03:29Z</time>
    </trkpt>
    <trkpt lat="28.527084" lon="83.905332">
      <ele>3688.133738</ele>
      <time>2016-10-18T13:03:51Z</time>
    </trkpt>
    <trkpt lat="28.527105" lon="83.905236">
      <ele>3688.250531</ele>
      <time>2016-10-18T13:04:13Z</time>
    </trkpt>
    <trkpt lat="28.527128" lon="83.905147">
      <ele>3688.553790</ele>
      <time>2016-10-18T13:04:36Z</time>
    </trkpt>
    <trkpt lat="28.527166" lon="83.905063">
      <ele>3688.812302</ele>
      <time>2016-10-18T13:06:20Z</time>
    </trkpt>
    <trkpt lat="28.527208" lon="83.904978">
      <ele>3689.130672</ele>
      <time>2016-10-18T13:06:43Z</time>
    </trkpt>
    <trkpt lat="28.527249" lon="83.904894">
      <ele>3689.250825</ele>
      <time>2016-10-18T13:07:10Z</time>
    </trkpt>
    <trkpt lat="28.527285" lon="83.904808">
      <ele>3689.854342</ele>
      <time>2016-10-18T13:07:48Z</time>
    </trkpt>
    <trkpt lat="28.527315" lon="83.904722">
      <ele>3690.740047</ele>
      <time>2016-10-18T13:08:19Z</time>
    </trkpt>
    <trkpt lat="28.527324" lon="83.904624">
      <ele>3692.189808</ele>
      <time>2016-10-18T13:08:43Z</time>
    </trkpt>
    <trkpt lat="28.527312" lon="83.904519">
      <ele>3693.961084</ele>
      <time>2016-10-18T13:09:05Z</time>
    </trkpt>
    <trkpt lat="28.527306" lon="83.904412">
      <ele>3696.062727</ele>
      <time>2016-10-18T13:09:22Z</time>
    </trkpt>
    <trkpt lat="28.527311" lon="83.904308">
      <ele>3698.487148</ele>
      <time>2016-10-18T13:09:47Z</time>
    </trkpt>
    <trkpt lat="28.527336" lon="83.904208">
      <ele>3701.081834</ele>
      <time>2016-10-18T13:10:08Z</time>
    </trkpt>
    <trkpt lat="28.527373" lon="83.904113">
      <ele>3703.776905</ele>
      <time>2016-10-18T13:10:26Z</time>
    </trkpt>
    <trkpt lat="28.527393" lon="83.904016">
      <ele>3706.673766</ele>
      <time>2016-10-18T13:10:43Z</time>
    </trkpt>
    <trkpt lat="28.527379" lon="83.903929">
      <ele>3709.591957</ele>
      <time>2016-10-18T13:11:07Z</time>
    </trkpt>
    <trkpt lat="28.527361" lon="83.903842">
      <ele>3712.475800</ele>
      <time>2016-10-18T13:12:15Z</time>
    </trkpt>
    <trkpt lat="28.527358" lon="83.903757">
      <ele>3713.753423</ele>
      <time>2016-10-18T13:14:20Z</time>
    </trkpt>
    <trkpt lat="28.527392" lon="83.903664">
      <ele>3716.512119</ele>
      <time>2016-10-18T13:14:42Z</time>
    </trkpt>
    <trkpt lat="28.527431" lon="83.903571">
      <ele>3720.302560</ele>
      <time>2016-10-18T13:14:58Z</time>
    </trkpt>
    <trkpt lat="28.527457" lon="83.903479">
      <ele>3722.539939</ele>
      <time>2016-10-18T13:15:24Z</time>
    </trkpt>
    <trkpt lat="28.527473" lon="83.903384">
      <ele>3723.529228</ele>
      <time>2016-10-18T13:15:40Z</time>
    </trkpt>
    <trkpt lat="28.527479" lon="83.903285">
      <ele>3726.823769</ele>
      <time>2016-10-18T13:15:57Z</time>
    </trkpt>
    <trkpt lat="28.527484" lon="83.903185">
      <ele>3729.130458</ele>
      <time>2016-10-18T13:16:12Z</time>
    </trkpt>
    <trkpt lat="28.527488" lon="83.903083">
      <ele>3731.437313</ele>
      <time>2016-10-18T13:16:25Z</time>
    </trkpt>
    <trkpt lat="28.527476" lon="83.902980">
      <ele>3733.955782</ele>
      <time>2016-10-18T13:16:48Z</time>
    </trkpt>
    <trkpt lat="28.527472" lon="83.902872">
      <ele>3736.456935</ele>
      <time>2016-10-18T13:17:03Z</time>
    </trkpt>
    <trkpt lat="28.527459" lon="83.902764">
      <ele>3738.963480</ele>
      <time>2016-10-18T13:17:19Z</time>
    </trkpt>
    <trkpt lat="28.527454" lon="83.902655">
      <ele>3741.555247</ele>
      <time>2016-10-18T13:17:38Z</time>
    </trkpt>
    <trkpt lat="28.527429" lon="83.902561">
      <ele>3744.216755</ele>
      <time>2016-10-18T13:18:00Z</time>
    </trkpt>
    <trkpt lat="28.527408" lon="83.902467">
      <ele>3747.069687</ele>
      <time>2016-10-18T13:18:17Z</time>
    </trkpt>
    <trkpt lat="28.527383" lon="83.902373">
      <ele>3749.615666</ele>
      <time>2016-10-18T13:18:46Z</time>
    </trkpt>
    <trkpt lat="28.527366" lon="83.902272">
      <ele>3751.924685</ele>
      <time>2016-10-18T13:19:01Z</time>
    </trkpt>
    <trkpt lat="28.527351" lon="83.902173">
      <ele>3753.841071</ele>
      <time>2016-10-18T13:19:22Z</time>
    </trkpt>
    <trkpt lat="28.527327" lon="83.902078">
      <ele>3755.729252</ele>
      <time>2016-10-18T13:19:50Z</time>
    </trkpt>
    <trkpt lat="28.527334" lon="83.901988">
      <ele>3757.473418</ele>
      <time>2016-10-18T13:20:10Z</time>
    </trkpt>
    <trkpt lat="28.527358" lon="83.901905">
      <ele>3759.002606</ele>
      <time>2016-10-18T13:21:26Z</time>
    </trkpt>
    <trkpt lat="28.527417" lon="83.901824">
      <ele>3760.423749</ele>
      <time>2016-10-18T13:22:04Z</time>
    </trkpt>
    <trkpt lat="28.527474" lon="83.901742">
      <ele>3761.874757</ele>
      <time>2016-10-18T13:22:33Z</time>
    </trkpt>
    <trkpt lat="28.527514" lon="83.901654">
      <ele>3763.415322</ele>
      <time>2016-10-18T13:23:00Z</time>
    </trkpt>
    <trkpt lat="28.527533" lon="83.901558">
      <ele>3764.887543</ele>
      <time>2016-10-18T13:23:24Z</time>
    </trkpt>
    <trkpt lat="28.527536" lon="83.901457">
      <ele>3766.443349</ele>
      <time>2016-10-18T13:23:46Z</time>
    </trkpt>
    <trkpt lat="28.527551" lon="83.901358">
      <ele>3768.188469</ele>
      <time>2016-10-18T13:24:05Z</time>
    </trkpt>
    <trkpt lat="28.527584" lon="83.901266">
      <ele>3770.250817</ele>
      <time>2016-10-18T13:24:24Z</time>
    </trkpt>
    <trkpt lat="28.527624" lon="83.901174">
      <ele>3772.271737</ele>
      <time>2016-10-18T13:24:55Z</time>
    </trkpt>
    <trkpt lat="28.527657" lon="83.901078">
      <ele>3774.409514</ele>
      <time>2016-10-18T13:25:10Z</time>
    </trkpt>
    <trkpt lat="28.527680" lon="83.900973">
      <ele>3776.778913</ele>
      <time>2016-10-18T13:25:22Z</time>
    </trkpt>
    <trkpt lat="28.527700" lon="83.900869">
      <ele>3779.131022</ele>
      <time>2016-10-18T13:25:36Z</time>
    </trkpt>
    <trkpt lat="28.527724" lon="83.900768">
      <ele>3781.374794</ele>
      <time>2016-10-18T13:25:54Z</time>
    </trkpt>
    <trkpt lat="28.527742" lon="83.900669">
      <ele>3783.429818</ele>
      <time>2016-10-18T13:28:25Z</time>
    </trkpt>
    <trkpt lat="28.527758" lon="83.900574">
      <ele>3785.474349</ele>
      <time>2016-10-18T13:28:48Z</time>
    </trkpt>
    <trkpt lat="28.527770" lon="83.900477">
      <ele>3787.464914</ele>
      <time>2016-10-18T13:29:15Z</time>
    </trkpt>
    <trkpt lat="28.527797" lon="83.900385">
      <ele>3789.144358</ele>
      <time>2016-10-18T13:29:45Z</time>
    </trkpt>
    <trkpt lat="28.527828" lon="83.900288">
      <ele>3790.753019</ele>
      <time>2016-10-18T13:30:04Z</time>
    </trkpt>
    <trkpt lat="28.527849" lon="83.900188">
      <ele>3792.545159</ele>
      <time>2016-10-18T13:30:24Z</time>
    </trkpt>
    <trkpt lat="28.527871" lon="83.900095">
      <ele>3794.265438</ele>
      <time>2016-10-18T13:30:44Z</time>
    </trkpt>
    <trkpt lat="28.527894" lon="83.900008">
      <ele>3796.135367</ele>
      <time>2016-10-18T13:31:33Z</time>
    </trkpt>
    <trkpt lat="28.527926" lon="83.899924">
      <ele>3798.186599</ele>
      <time>2016-10-18T13:32:14Z</time>
    </trkpt>
    <trkpt lat="28.527954" lon="83.899832">
      <ele>3800.279535</ele>
      <time>2016-10-18T13:32:39Z</time>
    </trkpt>
    <trkpt lat="28.527977" lon="83.899735">
      <ele>3802.422770</ele>
      <time>2016-10-18T13:33:14Z</time>
    </trkpt>
    <trkpt lat="28.528001" lon="83.899634">
      <ele>3804.596801</ele>
      <time>2016-10-18T13:33:33Z</time>
    </trkpt>
    <trkpt lat="28.528025" lon="83.899529">
      <ele>3807.237541</ele>
      <time>2016-10-18T13:34:12Z</time>
    </trkpt>
    <trkpt lat="28.528054" lon="83.899422">
      <ele>3810.338793</ele>
      <time>2016-10-18T13:36:52Z</time>
    </trkpt>
    <trkpt lat="28.528075" lon="83.899317">
      <ele>3813.523865</ele>
      <time>2016-10-18T13:37:05Z</time>
    </trkpt>
    <trkpt lat="28.528081" lon="83.899211">
      <ele>3816.483759</ele>
      <time>2016-10-18T13:37:17Z</time>
    </trkpt>
    <trkpt lat="28.528077" lon="83.899104">
      <ele>3819.397479</ele>
      <time>2016-10-18T13:37:33Z</time>
    </trkpt>
    <trkpt lat="28.528086" lon="83.899000">
      <ele>3822.082475</ele>
      <time>2016-10-18T13:37:47Z</time>
    </trkpt>
    <trkpt lat="28.528107" lon="83.898900">
      <ele>3824.439830</ele>
      <time>2016-10-18T13:37:59Z</time>
    </trkpt>
    <trkpt lat="28.528137" lon="83.898800">
      <ele>3826.772810</ele>
      <time>2016-10-18T13:38:12Z</time>
    </trkpt>
    <trkpt lat="28.528160" lon="83.898699">
      <ele>3828.967622</ele>
      <time>2016-10-18T13:38:30Z</time>
    </trkpt>
    <trkpt lat="28.528184" lon="83.898601">
      <ele>3830.989383</ele>
      <time>2016-10-18T13:38:50Z</time>
    </trkpt>
    <trkpt lat="28.528225" lon="83.898517">
      <ele>3832.613850</ele>
      <time>2016-10-18T13:39:15Z</time>
    </trkpt>
    <trkpt lat="28.528293" lon="83.898466">
      <ele>3833.792255</ele>
      <time>2016-10-18T13:39:37Z</time>
    </trkpt>
    <trkpt lat="28.528373" lon="83.898423">
      <ele>3834.741635</ele>
      <time>2016-10-18T13:39:58Z</time>
    </trkpt>
    <trkpt lat="28.528450" lon="83.898374">
      <ele>3835.812461</ele>
      <time>2016-10-18T13:40:13Z</time>
    </trkpt>
    <trkpt lat="28.528511" lon="83.898299">
      <ele>3837.412874</ele>
      <time>2016-10-18T13:40:29Z</time>
    </trkpt>
    <trkpt lat="28.528556" lon="83.898209">
      <ele>3838.588846</ele>
      <time>2016-10-18T13:40:43Z</time>
    </trkpt>
    <trkpt lat="28.528591" lon="83.898114">
      <ele>3839.106381</ele>
      <time>2016-10-18T13:40:59Z</time>
    </trkpt>
    <trkpt lat="28.528620" lon="83.898016">
      <ele>3840.277157</ele>
      <time>2016-10-18T13:41:15Z</time>
    </trkpt>
    <trkpt lat="28.528655" lon="83.897920">
      <ele>3841.321420</ele>
      <time>2016-10-18T13:41:34Z</time>
    </trkpt>
    <trkpt lat="28.528698" lon="83.897830">
      <ele>3842.386124</ele>
      <time>2016-10-18T13:41:51Z</time>
    </trkpt>
    <trkpt lat="28.528748" lon="83.897742">
      <ele>3843.388121</ele>
      <time>2016-10-18T13:42:13Z</time>
    </trkpt>
    <trkpt lat="28.528803" lon="83.897659">
      <ele>3844.366131</ele>
      <time>2016-10-18T13:42:30Z</time>
    </trkpt>
    <trkpt lat="28.528856" lon="83.897578">
      <ele>3845.425758</ele>
      <time>2016-10-18T13:42:50Z</time>
    </trkpt>
    <trkpt lat="28.528913" lon="83.897499">
      <ele>3846.334990</ele>
      <time>2016-10-18T13:43:12Z</time>
    </trkpt>
    <trkpt lat="28.528957" lon="83.897415">
      <ele>3847.348347</ele>
      <time>2016-10-18T13:43:40Z</time>
    </trkpt>
    <trkpt lat="28.528977" lon="83.897323">
      <ele>3848.253992</ele>
      <time>2016-10-18T13:44:01Z</time>
    </trkpt>
    <trkpt lat="28.528991" lon="83.897229">
      <ele>3848.856276</ele>
      <time>2016-10-18T13:44:17Z</time>
    </trkpt>
    <trkpt lat="28.529016" lon="83.897140">
      <ele>3849.614169</ele>
      <time>2016-10-18T13:44:38Z</time>
    </trkpt>
    <trkpt lat="28.529042" lon="83.897049">
      <ele>3850.826187</ele>
      <time>2016-10-18T13:45:04Z</time>
    </trkpt>
    <trkpt lat="28.529066" lon="83.896953">
      <ele>3852.235708</ele>
      <time>2016-10-18T13:46:40Z</time>
    </trkpt>
    <trkpt lat="28.529076" lon="83.896851">
      <ele>3853.989981</ele>
      <time>2016-10-18T13:47:03Z</time>
    </trkpt>
    <trkpt lat="28.529092" lon="83.896750">
      <ele>3856.021710</ele>
      <time>2016-10-18T13:47:26Z</time>
    </trkpt>
    <trkpt lat="28.529089" lon="83.896647">
      <ele>3858.304054</ele>
      <time>2016-10-18T13:47:48Z</time>
    </trkpt>
    <trkpt lat="28.529101" lon="83.896551">
      <ele>3860.719484</ele>
      <time>2016-10-18T13:48:09Z</time>
    </trkpt>
    <trkpt lat="28.529120" lon="83.896452">
      <ele>3862.930979</ele>
      <time>2016-10-18T13:48:43Z</time>
    </trkpt>
    <trkpt lat="28.529161" lon="83.896356">
      <ele>3865.188198</ele>
      <time>2016-10-18T13:49:15Z</time>
    </trkpt>
    <trkpt lat="28.529174" lon="83.896254">
      <ele>3867.694137</ele>
      <time>2016-10-18T13:49:39Z</time>
    </trkpt>
    <trkpt lat="28.529182" lon="83.896154">
      <ele>3870.175960</ele>
      <time>2016-10-18T13:50:04Z</time>
    </trkpt>
    <trkpt lat="28.529161" lon="83.896055">
      <ele>3872.422696</ele>
      <time>2016-10-18T13:50:21Z</time>
    </trkpt>
    <trkpt lat="28.529163" lon="83.895956">
      <ele>3874.719953</ele>
      <time>2016-10-18T13:50:36Z</time>
    </trkpt>
    <trkpt lat="28.529160" lon="83.895858">
      <ele>3876.712625</ele>
      <time>2016-10-18T13:50:58Z</time>
    </trkpt>
    <trkpt lat="28.529179" lon="83.895755">
      <ele>3878.662052</ele>
      <time>2016-10-18T13:51:25Z</time>
    </trkpt>
    <trkpt lat="28.529182" lon="83.895651">
      <ele>3880.384919</ele>
      <time>2016-10-18T13:51:40Z</time>
    </trkpt>
    <trkpt lat="28.529203" lon="83.895559">
      <ele>3881.911231</ele>
      <time>2016-10-18T13:51:59Z</time>
    </trkpt>
    <trkpt lat="28.529224" lon="83.895464">
      <ele>3883.439780</ele>
      <time>2016-10-18T13:52:23Z</time>
    </trkpt>
    <trkpt lat="28.529242" lon="83.895368">
      <ele>3885.148177</ele>
      <time>2016-10-18T13:52:37Z</time>
    </trkpt>
    <trkpt lat="28.529235" lon="83.895256">
      <ele>3886.741826</ele>
      <time>2016-10-18T13:52:50Z</time>
    </trkpt>
    <trkpt lat="28.529224" lon="83.895143">
      <ele>3888.167731</ele>
      <time>2016-10-18T13:53:00Z</time>
    </trkpt>
    <trkpt lat="28.529215" lon="83.895032">
      <ele>3889.585851</ele>
      <time>2016-10-18T13:53:15Z</time>
    </trkpt>
    <trkpt lat="28.529214" lon="83.894925">
      <ele>3891.009972</ele>
      <time>2016-10-18T13:53:31Z</time>
    </trkpt>
    <trkpt lat="28.529222" lon="83.894823">
      <ele>3892.317275</ele>
      <time>2016-10-18T13:53:46Z</time>
    </trkpt>
    <trkpt lat="28.529232" lon="83.894721">
      <ele>3893.556073</ele>
      <time>2016-10-18T13:53:59Z</time>
    </trkpt>
    <trkpt lat="28.529244" lon="83.894618">
      <ele>3894.576929</ele>
      <time>2016-10-18T13:54:15Z</time>
    </trkpt>
    <trkpt lat="28.529255" lon="83.894514">
      <ele>3895.490854</ele>
      <time>2016-10-18T13:54:27Z</time>
    </trkpt>
    <trkpt lat="28.529271" lon="83.894412">
      <ele>3896.507715</ele>
      <time>2016-10-18T13:54:41Z</time>
    </trkpt>
    <trkpt lat="28.529287" lon="83.894311">
      <ele>3897.375302</ele>
      <time>2016-10-18T13:55:07Z</time>
    </trkpt>
    <trkpt lat="28.529300" lon="83.894205">
      <ele>3898.906816</ele>
      <time>2016-10-18T13:55:27Z</time>
    </trkpt>
    <trkpt lat="28.529317" lon="83.894098">
      <ele>3900.087754</ele>
      <time>2016-10-18T13:55:41Z</time>
    </trkpt>
    <trkpt lat="28.529330" lon="83.893989">
      <ele>3901.250908</ele>
      <time>2016-10-18T13:55:53Z</time>
    </trkpt>
    <trkpt lat="28.529340" lon="83.893881">
      <ele>3902.440721</ele>
      <time>2016-10-18T13:56:05Z</time>
    </trkpt>
    <trkpt lat="28.529353" lon="83.893773">
      <ele>3903.860761</ele>
      <time>2016-10-18T13:56:16Z</time>
    </trkpt>
    <trkpt lat="28.529375" lon="83.893671">
      <ele>3905.119181</ele>
      <time>2016-10-18T13:56:30Z</time>
    </trkpt>
    <trkpt lat="28.529402" lon="83.893571">
      <ele>3906.409238</ele>
      <time>2016-10-18T13:56:45Z</time>
    </trkpt>
    <trkpt lat="28.529422" lon="83.893470">
      <ele>3907.902058</ele>
      <time>2016-10-18T13:57:02Z</time>
    </trkpt>
    <trkpt lat="28.529430" lon="83.893366">
      <ele>3909.364557</ele>
      <time>2016-10-18T13:57:17Z</time>
    </trkpt>
    <trkpt lat="28.529436" lon="83.893261">
      <ele>3910.823445</ele>
      <time>2016-10-18T13:57:32Z</time>
    </trkpt>
    <trkpt lat="28.529436" lon="83.893157">
      <ele>3912.186393</ele>
      <time>2016-10-18T13:57:54Z</time>
    </trkpt>
    <trkpt lat="28.529435" lon="83.893050">
      <ele>3913.577035</ele>
      <time>2016-10-18T13:58:09Z</time>
    </trkpt>
    <trkpt lat="28.529442" lon="83.892944">
      <ele>3914.876540</ele>
      <time>2016-10-18T13:58:24Z</time>
    </trkpt>
    <trkpt lat="28.529452" lon="83.892839">
      <ele>3916.235026</ele>
      <time>2016-10-18T13:58:42Z</time>
    </trkpt>
    <trkpt lat="28.529463" lon="83.892733">
      <ele>3917.518959</ele>
      <time>2016-10-18T13:58:52Z</time>
    </trkpt>
    <trkpt lat="28.529458" lon="83.892623">
      <ele>3918.705363</ele>
      <time>2016-10-18T13:59:08Z</time>
    </trkpt>
    <trkpt lat="28.529454" lon="83.892513">
      <ele>3919.903789</ele>
      <time>2016-10-18T13:59:31Z</time>
    </trkpt>
    <trkpt lat="28.529463" lon="83.892409">
      <ele>3921.164942</ele>
      <time>2016-10-18T13:59:44Z</time>
    </trkpt>
    <trkpt lat="28.529477" lon="83.892306">
      <ele>3922.331878</ele>
      <time>2016-10-18T14:00:00Z</time>
    </trkpt>
    <trkpt lat="28.529491" lon="83.892205">
      <ele>3923.471492</ele>
      <time>2016-10-18T14:00:16Z</time>
    </trkpt>
    <trkpt lat="28.529499" lon="83.892101">
      <ele>3924.439831</ele>
      <time>2016-10-18T14:00:38Z</time>
    </trkpt>
    <trkpt lat="28.529521" lon="83.892002">
      <ele>3925.340618</ele>
      <time>2016-10-18T14:00:59Z</time>
    </trkpt>
    <trkpt lat="28.529554" lon="83.891907">
      <ele>3926.353363</ele>
      <time>2016-10-18T14:01:17Z</time>
    </trkpt>
    <trkpt lat="28.529582" lon="83.891813">
      <ele>3927.409838</ele>
      <time>2016-10-18T14:03:44Z</time>
    </trkpt>
    <trkpt lat="28.529599" lon="83.891714">
      <ele>3927.926537</ele>
      <time>2016-10-18T14:03:57Z</time>
    </trkpt>
    <trkpt lat="28.529607" lon="83.891611">
      <ele>3929.647663</ele>
      <time>2016-10-18T14:04:10Z</time>
    </trkpt>
    <trkpt lat="28.529620" lon="83.891503">
      <ele>3930.781792</ele>
      <time>2016-10-18T14:04:23Z</time>
    </trkpt>
    <trkpt lat="28.529634" lon="83.891393">
      <ele>3932.157799</ele>
      <time>2016-10-18T14:04:38Z</time>
    </trkpt>
    <trkpt lat="28.529645" lon="83.891282">
      <ele>3933.638083</ele>
      <time>2016-10-18T14:04:50Z</time>
    </trkpt>
    <trkpt lat="28.529642" lon="83.891178">
      <ele>3935.249825</ele>
      <time>2016-10-18T14:05:02Z</time>
    </trkpt>
    <trkpt lat="28.529637" lon="83.891072">
      <ele>3936.982599</ele>
      <time>2016-10-18T14:05:17Z</time>
    </trkpt>
    <trkpt lat="28.529629" lon="83.890964">
      <ele>3938.986867</ele>
      <time>2016-10-18T14:05:34Z</time>
    </trkpt>
    <trkpt lat="28.529624" lon="83.890857">
      <ele>3941.096574</ele>
      <time>2016-10-18T14:05:47Z</time>
    </trkpt>
    <trkpt lat="28.529622" lon="83.890747">
      <ele>3943.103221</ele>
      <time>2016-10-18T14:06:05Z</time>
    </trkpt>
    <trkpt lat="28.529630" lon="83.890642">
      <ele>3945.055486</ele>
      <time>2016-10-18T14:06:19Z</time>
    </trkpt>
    <trkpt lat="28.529639" lon="83.890532">
      <ele>3946.850995</ele>
      <time>2016-10-18T14:06:32Z</time>
    </trkpt>
    <trkpt lat="28.529640" lon="83.890424">
      <ele>3948.448124</ele>
      <time>2016-10-18T14:06:41Z</time>
    </trkpt>
    <trkpt lat="28.529635" lon="83.890314">
      <ele>3950.117925</ele>
      <time>2016-10-18T14:06:58Z</time>
    </trkpt>
    <trkpt lat="28.529626" lon="83.890209">
      <ele>3951.714075</ele>
      <time>2016-10-18T14:07:14Z</time>
    </trkpt>
    <trkpt lat="28.529627" lon="83.890107">
      <ele>3953.186198</ele>
      <time>2016-10-18T14:07:27Z</time>
    </trkpt>
    <trkpt lat="28.529639" lon="83.890004">
      <ele>3954.546818</ele>
      <time>2016-10-18T14:07:43Z</time>
    </trkpt>
    <trkpt lat="28.529657" lon="83.889899">
      <ele>3955.923602</ele>
      <time>2016-10-18T14:07:57Z</time>
    </trkpt>
    <trkpt lat="28.529664" lon="83.889794">
      <ele>3957.034337</ele>
      <time>2016-10-18T14:08:06Z</time>
    </trkpt>
    <trkpt lat="28.529684" lon="83.889699">
      <ele>3958.115412</ele>
      <time>2016-10-18T14:08:29Z</time>
    </trkpt>
    <trkpt lat="28.529708" lon="83.889604">
      <ele>3959.188572</ele>
      <time>2016-10-18T14:09:55Z</time>
    </trkpt>
    <trkpt lat="28.529735" lon="83.889507">
      <ele>3960.271089</ele>
      <time>2016-10-18T14:10:21Z</time>
    </trkpt>
    <trkpt lat="28.529738" lon="83.889402">
      <ele>3961.298882</ele>
      <time>2016-10-18T14:10:34Z</time>
    </trkpt>
    <trkpt lat="28.529750" lon="83.889301">
      <ele>3962.420289</ele>
      <time>2016-10-18T14:10:44Z</time>
    </trkpt>
    <trkpt lat="28.529765" lon="83.889201">
      <ele>3963.494254</ele>
      <time>2016-10-18T14:10:59Z</time>
    </trkpt>
    <trkpt lat="28.529781" lon="83.889101">
      <ele>3964.419067</ele>
      <time>2016-10-18T14:11:15Z</time>
    </trkpt>
    <trkpt lat="28.529786" lon="83.888998">
      <ele>3964.899709</ele>
      <time>2016-10-18T14:11:32Z</time>
    </trkpt>
    <trkpt lat="28.529788" lon="83.888894">
      <ele>3965.948887</ele>
      <time>2016-10-18T14:11:47Z</time>
    </trkpt>
    <trkpt lat="28.529804" lon="83.888793">
      <ele>3966.821795</ele>
      <time>2016-10-18T14:12:07Z</time>
    </trkpt>
    <trkpt lat="28.529831" lon="83.888694">
      <ele>3967.735879</ele>
      <time>2016-10-18T14:12:20Z</time>
    </trkpt>
    <trkpt lat="28.529878" lon="83.888602">
      <ele>3968.696536</ele>
      <time>2016-10-18T14:12:32Z</time>
    </trkpt>
    <trkpt lat="28.529922" lon="83.888510">
      <ele>3969.610651</ele>
      <time>2016-10-18T14:12:43Z</time>
    </trkpt>
    <trkpt lat="28.529976" lon="83.888424">
      <ele>3970.540455</ele>
      <time>2016-10-18T14:13:06Z</time>
    </trkpt>
    <trkpt lat="28.530011" lon="83.888332">
      <ele>3971.598928</ele>
      <time>2016-10-18T14:13:19Z</time>
    </trkpt>
    <trkpt lat="28.530055" lon="83.888244">
      <ele>3972.542720</ele>
      <time>2016-10-18T14:13:36Z</time>
    </trkpt>
    <trkpt lat="28.530075" lon="83.888147">
      <ele>3973.413354</ele>
      <time>2016-10-18T14:13:52Z</time>
    </trkpt>
    <trkpt lat="28.530095" lon="83.888049">
      <ele>3974.320359</ele>
      <time>2016-10-18T14:14:09Z</time>
    </trkpt>
    <trkpt lat="28.530096" lon="83.887944">
      <ele>3975.304280</ele>
      <time>2016-10-18T14:14:30Z</time>
    </trkpt>
    <trkpt lat="28.530105" lon="83.887863">
      <ele>3976.353284</ele>
      <time>2016-10-18T14:14:55Z</time>
    </trkpt>
    <trkpt lat="28.530118" lon="83.887805">
      <ele>3991.966580</ele>
      <time>2016-10-18T14:19:10Z</time>
      <extensions>
        <pause>start</pause>
        <type>auto</type>
      </extensions>
    </trkpt>
    <trkpt lat="28.530238" lon="83.887523">
      <ele>3995.279563</ele>
      <time>2016-10-18T14:24:23Z</time>
      <extensions>
        <pause>end</pause>
        <type>manual</type>
      </extensions>
    </trkpt>
    <trkpt lat="28.530246" lon="83.887418">
      <ele>3980.840198</ele>
      <time>2016-10-18T14:24:39Z</time>
    </trkpt>
    <trkpt lat="28.530262" lon="83.887314">
      <ele>3982.799483</ele>
      <time>2016-10-18T14:24:53Z</time>
    </trkpt>
    <trkpt lat="28.530279" lon="83.887211">
      <ele>3984.317692</ele>
      <time>2016-10-18T14:25:09Z</time>
    </trkpt>
    <trkpt lat="28.530297" lon="83.887107">
      <ele>3986.086230</ele>
      <time>2016-10-18T14:25:21Z</time>
    </trkpt>
    <trkpt lat="28.530306" lon="83.887001">
      <ele>3987.977908</ele>
      <time>2016-10-18T14:25:35Z</time>
    </trkpt>
    <trkpt lat="28.530310" lon="83.886894">
      <ele>3989.771706</ele>
      <time>2016-10-18T14:25:53Z</time>
    </trkpt>
    <trkpt lat="28.530312" lon="83.886789">
      <ele>3991.439792</ele>
      <time>2016-10-18T14:26:04Z</time>
    </trkpt>
    <trkpt lat="28.530316" lon="83.886683">
      <ele>3992.977221</ele>
      <time>2016-10-18T14:26:21Z</time>
    </trkpt>
    <trkpt lat="28.530340" lon="83.886586">
      <ele>3994.327710</ele>
      <time>2016-10-18T14:26:34Z</time>
    </trkpt>
    <trkpt lat="28.530373" lon="83.886490">
      <ele>3995.578485</ele>
      <time>2016-10-18T14:26:49Z</time>
    </trkpt>
    <trkpt lat="28.530410" lon="83.886397">
      <ele>3996.757706</ele>
      <time>2016-10-18T14:27:00Z</time>
    </trkpt>
    <trkpt lat="28.530440" lon="83.886299">
      <ele>3997.925371</ele>
      <time>2016-10-18T14:27:14Z</time>
    </trkpt>
    <trkpt lat="28.530471" lon="83.886201">
      <ele>3998.955098</ele>
      <time>2016-10-18T14:27:28Z</time>
    </trkpt>
    <trkpt lat="28.530505" lon="83.886105">
      <ele>4000.014186</ele>
      <time>2016-10-18T14:27:43Z</time>
    </trkpt>
    <trkpt lat="28.530546" lon="83.886012">
      <ele>4000.635842</ele>
      <time>2016-10-18T14:28:00Z</time>
    </trkpt>
    <trkpt lat="28.530583" lon="83.885918">
      <ele>4001.042581</ele>
      <time>2016-10-18T14:28:24Z</time>
    </trkpt>
    <trkpt lat="28.530597" lon="83.885823">
      <ele>4001.544576</ele>
      <time>2016-10-18T14:28:38Z</time>
    </trkpt>
    <trkpt lat="28.530598" lon="83.885722">
      <ele>4002.392200</ele>
      <time>2016-10-18T14:28:52Z</time>
    </trkpt>
    <trkpt lat="28.530603" lon="83.885622">
      <ele>4002.775499</ele>
      <time>2016-10-18T14:29:05Z</time>
    </trkpt>
    <trkpt lat="28.530631" lon="83.885524">
      <ele>4003.724314</ele>
      <time>2016-10-18T14:29:18Z</time>
    </trkpt>
    <trkpt lat="28.530646" lon="83.885426">
      <ele>4004.708378</ele>
      <time>2016-10-18T14:29:33Z</time>
    </trkpt>
    <trkpt lat="28.530644" lon="83.885327">
      <ele>4005.750701</ele>
      <time>2016-10-18T14:29:50Z</time>
    </trkpt>
    <trkpt lat="28.530632" lon="83.885223">
      <ele>4006.756244</ele>
      <time>2016-10-18T14:30:02Z</time>
    </trkpt>
    <trkpt lat="28.530642" lon="83.885125">
      <ele>4007.756556</ele>
      <time>2016-10-18T14:30:21Z</time>
    </trkpt>
    <trkpt lat="28.530674" lon="83.885029">
      <ele>4008.844681</ele>
      <time>2016-10-18T14:30:35Z</time>
    </trkpt>
    <trkpt lat="28.530713" lon="83.884935">
      <ele>4010.074916</ele>
      <time>2016-10-18T14:30:50Z</time>
    </trkpt>
    <trkpt lat="28.530737" lon="83.884834">
      <ele>4011.313384</ele>
      <time>2016-10-18T14:31:05Z</time>
    </trkpt>
    <trkpt lat="28.530752" lon="83.884732">
      <ele>4012.423413</ele>
      <time>2016-10-18T14:31:22Z</time>
    </trkpt>
    <trkpt lat="28.530763" lon="83.884628">
      <ele>4013.588140</ele>
      <time>2016-10-18T14:31:37Z</time>
    </trkpt>
    <trkpt lat="28.530789" lon="83.884528">
      <ele>4014.917720</ele>
      <time>2016-10-18T14:31:50Z</time>
    </trkpt>
    <trkpt lat="28.530822" lon="83.884431">
      <ele>4016.372718</ele>
      <time>2016-10-18T14:32:04Z</time>
    </trkpt>
    <trkpt lat="28.530852" lon="83.884334">
      <ele>4017.905173</ele>
      <time>2016-10-18T14:32:17Z</time>
    </trkpt>
    <trkpt lat="28.530875" lon="83.884234">
      <ele>4019.530025</ele>
      <time>2016-10-18T14:32:30Z</time>
    </trkpt>
    <trkpt lat="28.530898" lon="83.884132">
      <ele>4021.287647</ele>
      <time>2016-10-18T14:32:44Z</time>
    </trkpt>
    <trkpt lat="28.530917" lon="83.884025">
      <ele>4023.013033</ele>
      <time>2016-10-18T14:33:05Z</time>
    </trkpt>
    <trkpt lat="28.530926" lon="83.883920">
      <ele>4024.671406</ele>
      <time>2016-10-18T14:33:18Z</time>
    </trkpt>
    <trkpt lat="28.530929" lon="83.883813">
      <ele>4026.444943</ele>
      <time>2016-10-18T14:33:32Z</time>
    </trkpt>
    <trkpt lat="28.530933" lon="83.883710">
      <ele>4028.201705</ele>
      <time>2016-10-18T14:33:50Z</time>
    </trkpt>
    <trkpt lat="28.530934" lon="83.883607">
      <ele>4029.934232</ele>
      <time>2016-10-18T14:34:04Z</time>
    </trkpt>
    <trkpt lat="28.530934" lon="83.883503">
      <ele>4031.686139</ele>
      <time>2016-10-18T14:34:28Z</time>
    </trkpt>
    <trkpt lat="28.530936" lon="83.883398">
      <ele>4034.125319</ele>
      <time>2016-10-18T14:34:42Z</time>
    </trkpt>
    <trkpt lat="28.530940" lon="83.883293">
      <ele>4035.767354</ele>
      <time>2016-10-18T14:34:59Z</time>
    </trkpt>
    <trkpt lat="28.530945" lon="83.883189">
      <ele>4037.333098</ele>
      <time>2016-10-18T14:35:12Z</time>
    </trkpt>
    <trkpt lat="28.530949" lon="83.883087">
      <ele>4038.902043</ele>
      <time>2016-10-18T14:35:27Z</time>
    </trkpt>
    <trkpt lat="28.530966" lon="83.882985">
      <ele>4040.439228</ele>
      <time>2016-10-18T14:38:48Z</time>
    </trkpt>
    <trkpt lat="28.530982" lon="83.882882">
      <ele>4041.960031</ele>
      <time>2016-10-18T14:39:05Z</time>
    </trkpt>
    <trkpt lat="28.530994" lon="83.882778">
      <ele>4043.472780</ele>
      <time>2016-10-18T14:39:22Z</time>
    </trkpt>
    <trkpt lat="28.530998" lon="83.882670">
      <ele>4044.976780</ele>
      <time>2016-10-18T14:39:45Z</time>
    </trkpt>
    <trkpt lat="28.530996" lon="83.882560">
      <ele>4046.840299</ele>
      <time>2016-10-18T14:40:00Z</time>
    </trkpt>
    <trkpt lat="28.530999" lon="83.882450">
      <ele>4048.619078</ele>
      <time>2016-10-18T14:40:18Z</time>
    </trkpt>
    <trkpt lat="28.530995" lon="83.882345">
      <ele>4050.439396</ele>
      <time>2016-10-18T14:40:28Z</time>
    </trkpt>
    <trkpt lat="28.531003" lon="83.882244">
      <ele>4052.200447</ele>
      <time>2016-10-18T14:40:40Z</time>
    </trkpt>
    <trkpt lat="28.531009" lon="83.882140">
      <ele>4053.899105</ele>
      <time>2016-10-18T14:41:07Z</time>
    </trkpt>
    <trkpt lat="28.531027" lon="83.882032">
      <ele>4055.643922</ele>
      <time>2016-10-18T14:41:21Z</time>
    </trkpt>
    <trkpt lat="28.531034" lon="83.881922">
      <ele>4057.302370</ele>
      <time>2016-10-18T14:41:36Z</time>
    </trkpt>
    <trkpt lat="28.531034" lon="83.881816">
      <ele>4058.948945</ele>
      <time>2016-10-18T14:41:54Z</time>
    </trkpt>
    <trkpt lat="28.531016" lon="83.881715">
      <ele>4060.603709</ele>
      <time>2016-10-18T14:42:08Z</time>
    </trkpt>
    <trkpt lat="28.531005" lon="83.881615">
      <ele>4062.182873</ele>
      <time>2016-10-18T14:42:22Z</time>
    </trkpt>
    <trkpt lat="28.530983" lon="83.881516">
      <ele>4063.795688</ele>
      <time>2016-10-18T14:42:39Z</time>
    </trkpt>
    <trkpt lat="28.530953" lon="83.881426">
      <ele>4065.099127</ele>
      <time>2016-10-18T14:43:01Z</time>
    </trkpt>
    <trkpt lat="28.530902" lon="83.881336">
      <ele>4066.274041</ele>
      <time>2016-10-18T14:43:32Z</time>
    </trkpt>
    <trkpt lat="28.530865" lon="83.881243">
      <ele>4067.379106</ele>
      <time>2016-10-18T14:43:43Z</time>
    </trkpt>
    <trkpt lat="28.530849" lon="83.881138">
      <ele>4068.522022</ele>
      <time>2016-10-18T14:43:56Z</time>
    </trkpt>
    <trkpt lat="28.530856" lon="83.881033">
      <ele>4069.653845</ele>
      <time>2016-10-18T14:44:07Z</time>
    </trkpt>
    <trkpt lat="28.530872" lon="83.880932">
      <ele>4070.824167</ele>
      <time>2016-10-18T14:44:35Z</time>
    </trkpt>
    <trkpt lat="28.530884" lon="83.880829">
      <ele>4071.891602</ele>
      <time>2016-10-18T14:44:52Z</time>
    </trkpt>
    <trkpt lat="28.530894" lon="83.880726">
      <ele>4072.970855</ele>
      <time>2016-10-18T14:45:10Z</time>
    </trkpt>
    <trkpt lat="28.530888" lon="83.880623">
      <ele>4073.490022</ele>
      <time>2016-10-18T14:45:33Z</time>
    </trkpt>
    <trkpt lat="28.530884" lon="83.880522">
      <ele>4074.573564</ele>
      <time>2016-10-18T14:45:50Z</time>
    </trkpt>
    <trkpt lat="28.530883" lon="83.880418">
      <ele>4075.746094</ele>
      <time>2016-10-18T14:46:07Z</time>
    </trkpt>
    <trkpt lat="28.530883" lon="83.880312">
      <ele>4077.459061</ele>
      <time>2016-10-18T14:46:29Z</time>
    </trkpt>
    <trkpt lat="28.530875" lon="83.880208">
      <ele>4078.047887</ele>
      <time>2016-10-18T14:46:42Z</time>
    </trkpt>
    <trkpt lat="28.530858" lon="83.880106">
      <ele>4079.305857</ele>
      <time>2016-10-18T14:46:56Z</time>
    </trkpt>
    <trkpt lat="28.530851" lon="83.880029">
      <ele>4080.487939</ele>
      <time>2016-10-18T14:48:19Z</time>
    </trkpt>
    <trkpt lat="28.530858" lon="83.879975">
      <ele>4095.413058</ele>
      <time>2016-10-18T14:51:43Z</time>
      <extensions>
        <pause>start</pause>
        <type>auto</type>
      </extensions>
    </trkpt>
    <trkpt lat="28.530869" lon="83.879675">
      <ele>4101.279289</ele>
      <time>2016-10-18T14:58:10Z</time>
      <extensions>
        <pause>end</pause>
        <type>manual</type>
      </extensions>
    </trkpt>
    <trkpt lat="28.530837" lon="83.879566">
      <ele>4085.401563</ele>
      <time>2016-10-18T14:58:22Z</time>
    </trkpt>
    <trkpt lat="28.530808" lon="83.879461">
      <ele>4086.691189</ele>
      <time>2016-10-18T14:58:28Z</time>
    </trkpt>
    <trkpt lat="28.530779" lon="83.879362">
      <ele>4088.108224</ele>
      <time>2016-10-18T14:58:48Z</time>
    </trkpt>
    <trkpt lat="28.530753" lon="83.879260">
      <ele>4090.009008</ele>
      <time>2016-10-18T14:59:03Z</time>
    </trkpt>
    <trkpt lat="28.530717" lon="83.879164">
      <ele>4092.011169</ele>
      <time>2016-10-18T14:59:38Z</time>
    </trkpt>
    <trkpt lat="28.530701" lon="83.879068">
      <ele>4093.866384</ele>
      <time>2016-10-18T14:59:52Z</time>
    </trkpt>
    <trkpt lat="28.530702" lon="83.878971">
      <ele>4095.779001</ele>
      <time>2016-10-18T15:00:05Z</time>
    </trkpt>
    <trkpt lat="28.530714" lon="83.878869">
      <ele>4097.619487</ele>
      <time>2016-10-18T15:00:22Z</time>
    </trkpt>
    <trkpt lat="28.530692" lon="83.878779">
      <ele>4099.600355</ele>
      <time>2016-10-18T15:01:05Z</time>
    </trkpt>
    <trkpt lat="28.530638" lon="83.878702">
      <ele>4101.560001</ele>
      <time>2016-10-18T15:01:34Z</time>
    </trkpt>
    <trkpt lat="28.530578" lon="83.878626">
      <ele>4103.514321</ele>
      <time>2016-10-18T15:01:55Z</time>
    </trkpt>
    <trkpt lat="28.530540" lon="83.878541">
      <ele>4105.391404</ele>
      <time>2016-10-18T15:02:37Z</time>
    </trkpt>
    <trkpt lat="28.530548" lon="83.878446">
      <ele>4107.139959</ele>
      <time>2016-10-18T15:03:16Z</time>
    </trkpt>
    <trkpt lat="28.530578" lon="83.878389">
      <ele>4107.898024</ele>
      <time>2016-10-18T15:05:45Z</time>
    </trkpt>
    <trkpt lat="28.530619" lon="83.878366">
      <ele>4130.119415</ele>
      <time>2016-10-18T15:06:56Z</time>
      <extensions>
        <pause>start</pause>
        <type>auto</type>
      </extensions>
    </trkpt>
    <trkpt lat="28.531052" lon="83.878087">
      <ele>4137.248645</ele>
      <time>2016-10-18T15:16:32Z</time>
      <extensions>
        <pause>end</pause>
        <type>manual</type>
      </extensions>
    </trkpt>
    <trkpt lat="28.531093" lon="83.878223">
      <ele>4115.264670</ele>
      <time>2016-10-18T15:16:33Z</time>
    </trkpt>
    <trkpt lat="28.531094" lon="83.878359">
      <ele>4120.325260</ele>
      <time>2016-10-18T15:16:44Z</time>
    </trkpt>
    <trkpt lat="28.531058" lon="83.878393">
      <ele>4123.564234</ele>
      <time>2016-10-18T15:16:47Z</time>
    </trkpt>
    <trkpt lat="28.531022" lon="83.878341">
      <ele>4125.108424</ele>
      <time>2016-10-18T15:16:50Z</time>
    </trkpt>
    <trkpt lat="28.530967" lon="83.878267">
      <ele>4127.807226</ele>
      <time>2016-10-18T15:16:53Z</time>
    </trkpt>
    <trkpt lat="28.530905" lon="83.878280">
      <ele>4129.348294</ele>
      <time>2016-10-18T15:17:00Z</time>
    </trkpt>
    <trkpt lat="28.530830" lon="83.878355">
      <ele>4131.775996</ele>
      <time>2016-10-18T15:17:12Z</time>
    </trkpt>
    <trkpt lat="28.530759" lon="83.878401">
      <ele>4133.842183</ele>
      <time>2016-10-18T15:18:06Z</time>
    </trkpt>
    <trkpt lat="28.530687" lon="83.878446">
      <ele>4135.350326</ele>
      <time>2016-10-18T15:18:27Z</time>
    </trkpt>
    <trkpt lat="28.530640" lon="83.878447">
      <ele>4135.604654</ele>
      <time>2016-10-18T15:19:25Z</time>
    </trkpt>
    <trkpt lat="28.530623" lon="83.878434">
      <ele>4136.728968</ele>
      <time>2016-10-18T15:22:14Z</time>
      <extensions>
        <pause>start</pause>
        <type>auto</type>
      </extensions>
    </trkpt>
    <trkpt lat="28.530451" lon="83.878684">
      <ele>4138.150391</ele>
      <time>2016-10-18T15:33:32Z</time>
      <extensions>
        <pause>end</pause>
        <type>manual</type>
      </extensions>
    </trkpt>
    <trkpt lat="28.530531" lon="83.878584">
      <ele>4138.199531</ele>
      <time>2016-10-18T15:36:28Z</time>
      <extensions>
        <pause>start</pause>
        <type>manual</type>
      </extensions>
    </trkpt>
    <trkpt lat="28.530808" lon="83.877608">
      <ele>4130.252851</ele>
      <time>2016-10-18T17:12:35Z</time>
      <extensions>
        <pause>end</pause>
        <type>manual</type>
      </extensions>
    </trkpt>
    <trkpt lat="28.530863" lon="83.877529">
      <ele>4136.936690</ele>
      <time>2016-10-18T17:12:45Z</time>
    </trkpt>
    <trkpt lat="28.530903" lon="83.877441">
      <ele>4135.972132</ele>
      <time>2016-10-18T17:12:57Z</time>
    </trkpt>
    <trkpt lat="28.530930" lon="83.877341">
      <ele>4134.960457</ele>
      <time>2016-10-18T17:13:17Z</time>
    </trkpt>
    <trkpt lat="28.530970" lon="83.877253">
      <ele>4132.766633</ele>
      <time>2016-10-18T17:13:30Z</time>
    </trkpt>
    <trkpt lat="28.531028" lon="83.877184">
      <ele>4130.643225</ele>
      <time>2016-10-18T17:14:35Z</time>
    </trkpt>
    <trkpt lat="28.531076" lon="83.877137">
      <ele>4130.262574</ele>
      <time>2016-10-18T17:16:10Z</time>
    </trkpt>
    <trkpt lat="28.531094" lon="83.877093">
      <ele>4120.270785</ele>
      <time>2016-10-18T17:18:31Z</time>
      <extensions>
        <pause>start</pause>
        <type>auto</type>
      </extensions>
    </trkpt>
    <trkpt lat="28.531344" lon="83.877153">
      <ele>4131.402462</ele>
      <time>2016-10-18T17:29:38Z</time>
      <extensions>
        <pause>end</pause>
        <type>manual</type>
      </extensions>
    </trkpt>
    <trkpt lat="28.531355" lon="83.877050">
      <ele>4126.202462</ele>
      <time>2016-10-18T17:31:33Z</time>
    </trkpt>
    <trkpt lat="28.531358" lon="83.876947">
      <ele>4125.448991</ele>
      <time>2016-10-18T17:31:46Z</time>
    </trkpt>
    <trkpt lat="28.531335" lon="83.876855">
      <ele>4126.299487</ele>
      <time>2016-10-18T17:32:03Z</time>
    </trkpt>
    <trkpt lat="28.531280" lon="83.876781">
      <ele>4126.726544</ele>
      <time>2016-10-18T17:32:37Z</time>
    </trkpt>
    <trkpt lat="28.531205" lon="83.876714">
      <ele>4127.324166</ele>
      <time>2016-10-18T17:32:49Z</time>
    </trkpt>
    <trkpt lat="28.531124" lon="83.876660">
      <ele>4127.426299</ele>
      <time>2016-10-18T17:33:02Z</time>
    </trkpt>
    <trkpt lat="28.531040" lon="83.876626">
      <ele>4128.004657</ele>
      <time>2016-10-18T17:33:26Z</time>
    </trkpt>
    <trkpt lat="28.530951" lon="83.876608">
      <ele>4128.338234</ele>
      <time>2016-10-18T17:33:43Z</time>
    </trkpt>
    <trkpt lat="28.530865" lon="83.876585">
      <ele>4128.636638</ele>
      <time>2016-10-18T17:33:57Z</time>
    </trkpt>
    <trkpt lat="28.530798" lon="83.876521">
      <ele>4128.993653</ele>
      <time>2016-10-18T17:34:08Z</time>
    </trkpt>
    <trkpt lat="28.530733" lon="83.876452">
      <ele>4129.361513</ele>
      <time>2016-10-18T17:34:17Z</time>
    </trkpt>
    <trkpt lat="28.530688" lon="83.876367">
      <ele>4129.535969</ele>
      <time>2016-10-18T17:34:40Z</time>
    </trkpt>
    <trkpt lat="28.530657" lon="83.876283">
      <ele>4130.374887</ele>
      <time>2016-10-18T17:34:55Z</time>
    </trkpt>
    <trkpt lat="28.530652" lon="83.876210">
      <ele>4131.385297</ele>
      <time>2016-10-18T17:35:33Z</time>
    </trkpt>
    <trkpt lat="28.530652" lon="83.876163">
      <ele>4139.073186</ele>
      <time>2016-10-18T17:39:18Z</time>
      <extensions>
        <pause>start</pause>
        <type>auto</type>
      </extensions>
    </trkpt>
    <trkpt lat="28.530678" lon="83.876463">
      <ele>4133.186716</ele>
      <time>2016-10-18T17:40:31Z</time>
      <extensions>
        <pause>end</pause>
        <type>manual</type>
      </extensions>
    </trkpt>
    <trkpt lat="28.530732" lon="83.876549">
      <ele>4132.185329</ele>
      <time>2016-10-18T17:40:49Z</time>
    </trkpt>
    <trkpt lat="28.530759" lon="83.876643">
      <ele>4132.669564</ele>
      <time>2016-10-18T17:41:07Z</time>
    </trkpt>
    <trkpt lat="28.530752" lon="83.876742">
      <ele>4133.372541</ele>
      <time>2016-10-18T17:41:27Z</time>
    </trkpt>
    <trkpt lat="28.530722" lon="83.876845">
      <ele>4133.514909</ele>
      <time>2016-10-18T17:41:43Z</time>
    </trkpt>
    <trkpt lat="28.530697" lon="83.876949">
      <ele>4133.677710</ele>
      <time>2016-10-18T17:41:55Z</time>
    </trkpt>
    <trkpt lat="28.530694" lon="83.877053">
      <ele>4133.755338</ele>
      <time>2016-10-18T17:42:07Z</time>
    </trkpt>
    <trkpt lat="28.530709" lon="83.877156">
      <ele>4133.958706</ele>
      <time>2016-10-18T17:42:20Z</time>
    </trkpt>
    <trkpt lat="28.530731" lon="83.877262">
      <ele>4133.952266</ele>
      <time>2016-10-18T17:42:32Z</time>
    </trkpt>
    <trkpt lat="28.530758" lon="83.877366">
      <ele>4133.831697</ele>
      <time>2016-10-18T17:42:40Z</time>
    </trkpt>
    <trkpt lat="28.530782" lon="83.877471">
      <ele>4133.577810</ele>
      <time>2016-10-18T17:42:49Z</time>
    </trkpt>
    <trkpt lat="28.530800" lon="83.877574">
      <ele>4133.032081</ele>
      <time>2016-10-18T17:42:58Z</time>
    </trkpt>
    <trkpt lat="28.530790" lon="83.877676">
      <ele>4132.408396</ele>
      <time>2016-10-18T17:43:09Z</time>
    </trkpt>
    <trkpt lat="28.530763" lon="83.877778">
      <ele>4131.424700</ele>
      <time>2016-10-18T17:43:22Z</time>
    </trkpt>
    <trkpt lat="28.530730" lon="83.877881">
      <ele>4130.023960</ele>
      <time>2016-10-18T17:43:35Z</time>
    </trkpt>
    <trkpt lat="28.530704" lon="83.877986">
      <ele>4129.331665</ele>
      <time>2016-10-18T17:43:45Z</time>
    </trkpt>
    <trkpt lat="28.530677" lon="83.878089">
      <ele>4128.660559</ele>
      <time>2016-10-18T17:44:01Z</time>
    </trkpt>
    <trkpt lat="28.530650" lon="83.878189">
      <ele>4128.377839</ele>
      <time>2016-10-18T17:44:09Z</time>
    </trkpt>
    <trkpt lat="28.530639" lon="83.878289">
      <ele>4127.993967</ele>
      <time>2016-10-18T17:44:19Z</time>
    </trkpt>
    <trkpt lat="28.530635" lon="83.878359">
      <ele>4127.750393</ele>
      <time>2016-10-18T17:44:39Z</time>
    </trkpt>
    <trkpt lat="28.530634" lon="83.878396">
      <ele>4128.226082</ele>
      <time>2016-10-18T17:49:10Z</time>
      <extensions>
        <pause>start</pause>
        <type>auto</type>
      </extensions>
    </trkpt>
    <trkpt lat="28.530485" lon="83.878337">
      <ele>4129.296111</ele>
      <time>2016-10-18T17:51:42Z</time>
      <extensions>
        <pause>end</pause>
        <type>manual</type>
      </extensions>
    </trkpt>
    <trkpt lat="28.530485" lon="83.878337">
      <ele>0.000000</ele>
      <time>2016-10-18T17:51:44Z</time>
      <extensions>
        <pause>start</pause>
        <type>manual</type>
      </extensions>
    </trkpt>
    <trkpt lat="28.530740" lon="83.879311">
      <ele>4108.071210</ele>
      <time>2016-10-18T18:06:35Z</time>
      <extensions>
        <pause>end</pause>
        <type>manual</type>
      </extensions>
    </trkpt>
    <trkpt lat="28.530759" lon="83.879417">
      <ele>4126.527566</ele>
      <time>2016-10-18T18:06:45Z</time>
    </trkpt>
    <trkpt lat="28.530783" lon="83.879523">
      <ele>4123.953279</ele>
      <time>2016-10-18T18:06:57Z</time>
    </trkpt>
    <trkpt lat="28.530807" lon="83.879631">
      <ele>4121.315841</ele>
      <time>2016-10-18T18:07:08Z</time>
    </trkpt>
    <trkpt lat="28.530823" lon="83.879738">
      <ele>4118.608255</ele>
      <time>2016-10-18T18:07:15Z</time>
    </trkpt>
    <trkpt lat="28.530826" lon="83.879844">
      <ele>4115.398891</ele>
      <time>2016-10-18T18:07:23Z</time>
    </trkpt>
    <trkpt lat="28.530824" lon="83.879913">
      <ele>4115.398891</ele>
      <time>2016-10-18T18:07:53Z</time>
    </trkpt>
    <trkpt lat="28.530823" lon="83.879948">
      <ele>4105.395431</ele>
      <time>2016-10-18T18:12:16Z</time>
      <extensions>
        <pause>start</pause>
        <type>auto</type>
      </extensions>
    </trkpt>
    <trkpt lat="28.530804" lon="83.880254">
      <ele>4103.334961</ele>
      <time>2016-10-18T18:21:58Z</time>
      <extensions>
        <pause>end</pause>
        <type>manual</type>
      </extensions>
    </trkpt>
    <trkpt lat="28.530815" lon="83.880358">
      <ele>4107.245281</ele>
      <time>2016-10-18T18:22:06Z</time>
    </trkpt>
    <trkpt lat="28.530834" lon="83.880460">
      <ele>4106.809477</ele>
      <time>2016-10-18T18:22:14Z</time>
    </trkpt>
    <trkpt lat="28.530858" lon="83.880561">
      <ele>4106.313118</ele>
      <time>2016-10-18T18:22:21Z</time>
    </trkpt>
    <trkpt lat="28.530877" lon="83.880666">
      <ele>4105.662101</ele>
      <time>2016-10-18T18:22:29Z</time>
    </trkpt>
    <trkpt lat="28.530903" lon="83.880768">
      <ele>4104.814825</ele>
      <time>2016-10-18T18:22:41Z</time>
    </trkpt>
    <trkpt lat="28.530918" lon="83.880874">
      <ele>4104.267792</ele>
      <time>2016-10-18T18:22:48Z</time>
    </trkpt>
    <trkpt lat="28.530929" lon="83.880974">
      <ele>4103.547499</ele>
      <time>2016-10-18T18:22:59Z</time>
    </trkpt>
    <trkpt lat="28.530924" lon="83.881080">
      <ele>4102.858667</ele>
      <time>2016-10-18T18:23:07Z</time>
    </trkpt>
    <trkpt lat="28.530923" lon="83.881190">
      <ele>4101.508402</ele>
      <time>2016-10-18T18:23:14Z</time>
    </trkpt>
    <trkpt lat="28.530936" lon="83.881295">
      <ele>4100.134911</ele>
      <time>2016-10-18T18:23:23Z</time>
    </trkpt>
    <trkpt lat="28.530956" lon="83.881398">
      <ele>4098.673422</ele>
      <time>2016-10-18T18:23:33Z</time>
    </trkpt>
    <trkpt lat="28.530977" lon="83.881498">
      <ele>4097.186125</ele>
      <time>2016-10-18T18:24:31Z</time>
    </trkpt>
    <trkpt lat="28.530997" lon="83.881598">
      <ele>4095.715088</ele>
      <time>2016-10-18T18:24:39Z</time>
    </trkpt>
    <trkpt lat="28.531015" lon="83.881700">
      <ele>4094.206592</ele>
      <time>2016-10-18T18:24:47Z</time>
    </trkpt>
    <trkpt lat="28.531024" lon="83.881801">
      <ele>4092.055284</ele>
      <time>2016-10-18T18:24:55Z</time>
    </trkpt>
    <trkpt lat="28.531037" lon="83.881903">
      <ele>4091.269336</ele>
      <time>2016-10-18T18:25:05Z</time>
    </trkpt>
    <trkpt lat="28.531053" lon="83.882005">
      <ele>4090.386719</ele>
      <time>2016-10-18T18:25:13Z</time>
    </trkpt>
    <trkpt lat="28.531062" lon="83.882102">
      <ele>4088.684703</ele>
      <time>2016-10-18T18:25:22Z</time>
    </trkpt>
    <trkpt lat="28.531058" lon="83.882202">
      <ele>4087.887256</ele>
      <time>2016-10-18T18:25:29Z</time>
    </trkpt>
    <trkpt lat="28.531032" lon="83.882299">
      <ele>4086.364404</ele>
      <time>2016-10-18T18:25:36Z</time>
    </trkpt>
    <trkpt lat="28.531013" lon="83.882396">
      <ele>4084.860205</ele>
      <time>2016-10-18T18:25:41Z</time>
    </trkpt>
    <trkpt lat="28.530985" lon="83.882492">
      <ele>4083.518164</ele>
      <time>2016-10-18T18:25:49Z</time>
    </trkpt>
    <trkpt lat="28.530977" lon="83.882591">
      <ele>4082.138281</ele>
      <time>2016-10-18T18:25:58Z</time>
    </trkpt>
    <trkpt lat="28.530981" lon="83.882697">
      <ele>4080.688721</ele>
      <time>2016-10-18T18:26:06Z</time>
    </trkpt>
    <trkpt lat="28.530995" lon="83.882804">
      <ele>4079.343018</ele>
      <time>2016-10-18T18:26:16Z</time>
    </trkpt>
    <trkpt lat="28.530995" lon="83.882912">
      <ele>4078.073779</ele>
      <time>2016-10-18T18:26:24Z</time>
    </trkpt>
    <trkpt lat="28.530982" lon="83.883021">
      <ele>4076.552295</ele>
      <time>2016-10-18T18:26:34Z</time>
    </trkpt>
    <trkpt lat="28.530958" lon="83.883134">
      <ele>4074.443404</ele>
      <time>2016-10-18T18:26:42Z</time>
    </trkpt>
    <trkpt lat="28.530968" lon="83.883235">
      <ele>4073.176935</ele>
      <time>2016-10-18T18:26:50Z</time>
    </trkpt>
    <trkpt lat="28.530986" lon="83.883332">
      <ele>4072.592871</ele>
      <time>2016-10-18T18:26:56Z</time>
    </trkpt>
    <trkpt lat="28.531019" lon="83.883423">
      <ele>4071.331689</ele>
      <time>2016-10-18T18:27:06Z</time>
    </trkpt>
    <trkpt lat="28.531029" lon="83.883528">
      <ele>4069.926074</ele>
      <time>2016-10-18T18:27:17Z</time>
    </trkpt>
    <trkpt lat="28.531034" lon="83.883639">
      <ele>4068.489746</ele>
      <time>2016-10-18T18:27:26Z</time>
    </trkpt>
    <trkpt lat="28.531019" lon="83.883746">
      <ele>4066.927295</ele>
      <time>2016-10-18T18:27:34Z</time>
    </trkpt>
    <trkpt lat="28.530989" lon="83.883851">
      <ele>4065.198908</ele>
      <time>2016-10-18T18:27:41Z</time>
    </trkpt>
    <trkpt lat="28.530954" lon="83.883956">
      <ele>4064.218617</ele>
      <time>2016-10-18T18:27:49Z</time>
    </trkpt>
    <trkpt lat="28.530917" lon="83.884062">
      <ele>4063.506392</ele>
      <time>2016-10-18T18:27:58Z</time>
    </trkpt>
    <trkpt lat="28.530887" lon="83.884164">
      <ele>4062.765403</ele>
      <time>2016-10-18T18:28:05Z</time>
    </trkpt>
    <trkpt lat="28.530867" lon="83.884269">
      <ele>4061.742631</ele>
      <time>2016-10-18T18:28:12Z</time>
    </trkpt>
    <trkpt lat="28.530851" lon="83.884376">
      <ele>4060.728516</ele>
      <time>2016-10-18T18:28:21Z</time>
    </trkpt>
    <trkpt lat="28.530820" lon="83.884483">
      <ele>4059.404519</ele>
      <time>2016-10-18T18:28:30Z</time>
    </trkpt>
    <trkpt lat="28.530789" lon="83.884585">
      <ele>4057.941983</ele>
      <time>2016-10-18T18:28:39Z</time>
    </trkpt>
    <trkpt lat="28.530759" lon="83.884684">
      <ele>4056.208407</ele>
      <time>2016-10-18T18:28:48Z</time>
    </trkpt>
    <trkpt lat="28.530733" lon="83.884785">
      <ele>4054.369229</ele>
      <time>2016-10-18T18:28:55Z</time>
    </trkpt>
    <trkpt lat="28.530697" lon="83.884884">
      <ele>4052.426847</ele>
      <time>2016-10-18T18:29:03Z</time>
    </trkpt>
    <trkpt lat="28.530657" lon="83.884981">
      <ele>4050.660511</ele>
      <time>2016-10-18T18:29:13Z</time>
    </trkpt>
    <trkpt lat="28.530632" lon="83.885085">
      <ele>4048.367010</ele>
      <time>2016-10-18T18:29:18Z</time>
    </trkpt>
    <trkpt lat="28.530625" lon="83.885190">
      <ele>4046.124956</ele>
      <time>2016-10-18T18:29:25Z</time>
    </trkpt>
    <trkpt lat="28.530646" lon="83.885295">
      <ele>4043.874157</ele>
      <time>2016-10-18T18:29:34Z</time>
    </trkpt>
    <trkpt lat="28.530653" lon="83.885392">
      <ele>4041.738592</ele>
      <time>2016-10-18T18:29:43Z</time>
    </trkpt>
    <trkpt lat="28.530641" lon="83.885487">
      <ele>4039.538397</ele>
      <time>2016-10-18T18:29:54Z</time>
    </trkpt>
    <trkpt lat="28.530615" lon="83.885589">
      <ele>4037.436657</ele>
      <time>2016-10-18T18:30:01Z</time>
    </trkpt>
    <trkpt lat="28.530606" lon="83.885692">
      <ele>4035.521396</ele>
      <time>2016-10-18T18:30:07Z</time>
    </trkpt>
    <trkpt lat="28.530605" lon="83.885798">
      <ele>4033.941317</ele>
      <time>2016-10-18T18:30:13Z</time>
    </trkpt>
    <trkpt lat="28.530584" lon="83.885898">
      <ele>4032.619052</ele>
      <time>2016-10-18T18:30:23Z</time>
    </trkpt>
    <trkpt lat="28.530551" lon="83.886004">
      <ele>4030.783869</ele>
      <time>2016-10-18T18:30:31Z</time>
    </trkpt>
    <trkpt lat="28.530509" lon="83.886111">
      <ele>4028.830344</ele>
      <time>2016-10-18T18:30:40Z</time>
    </trkpt>
    <trkpt lat="28.530476" lon="83.886217">
      <ele>4027.030984</ele>
      <time>2016-10-18T18:30:49Z</time>
    </trkpt>
    <trkpt lat="28.530432" lon="83.886315">
      <ele>4025.280318</ele>
      <time>2016-10-18T18:30:57Z</time>
    </trkpt>
    <trkpt lat="28.530380" lon="83.886404">
      <ele>4023.457253</ele>
      <time>2016-10-18T18:31:04Z</time>
    </trkpt>
    <trkpt lat="28.530318" lon="83.886487">
      <ele>4021.826216</ele>
      <time>2016-10-18T18:31:11Z</time>
    </trkpt>
    <trkpt lat="28.530275" lon="83.886574">
      <ele>4020.385875</ele>
      <time>2016-10-18T18:31:18Z</time>
    </trkpt>
    <trkpt lat="28.530259" lon="83.886672">
      <ele>4018.765225</ele>
      <time>2016-10-18T18:31:26Z</time>
    </trkpt>
    <trkpt lat="28.530262" lon="83.886779">
      <ele>4017.133212</ele>
      <time>2016-10-18T18:31:34Z</time>
    </trkpt>
    <trkpt lat="28.530277" lon="83.886886">
      <ele>4015.273659</ele>
      <time>2016-10-18T18:31:42Z</time>
    </trkpt>
    <trkpt lat="28.530292" lon="83.886994">
      <ele>4013.245428</ele>
      <time>2016-10-18T18:31:51Z</time>
    </trkpt>
    <trkpt lat="28.530299" lon="83.887100">
      <ele>4011.592196</ele>
      <time>2016-10-18T18:32:00Z</time>
    </trkpt>
    <trkpt lat="28.530289" lon="83.887207">
      <ele>4009.823242</ele>
      <time>2016-10-18T18:32:09Z</time>
    </trkpt>
    <trkpt lat="28.530268" lon="83.887315">
      <ele>4008.219105</ele>
      <time>2016-10-18T18:32:21Z</time>
    </trkpt>
    <trkpt lat="28.530247" lon="83.887419">
      <ele>4006.431641</ele>
      <time>2016-10-18T18:32:35Z</time>
    </trkpt>
    <trkpt lat="28.530223" lon="83.887520">
      <ele>4004.840110</ele>
      <time>2016-10-18T18:32:45Z</time>
    </trkpt>
    <trkpt lat="28.530204" lon="83.887618">
      <ele>4003.153986</ele>
      <time>2016-10-18T18:32:54Z</time>
    </trkpt>
    <trkpt lat="28.530182" lon="83.887716">
      <ele>4001.338379</ele>
      <time>2016-10-18T18:33:09Z</time>
    </trkpt>
    <trkpt lat="28.530150" lon="83.887808">
      <ele>4000.015137</ele>
      <time>2016-10-18T18:33:18Z</time>
    </trkpt>
    <trkpt lat="28.530111" lon="83.887898">
      <ele>3998.503374</ele>
      <time>2016-10-18T18:33:28Z</time>
    </trkpt>
    <trkpt lat="28.530098" lon="83.887990">
      <ele>3997.253462</ele>
      <time>2016-10-18T18:33:47Z</time>
    </trkpt>
    <trkpt lat="28.530108" lon="83.888090">
      <ele>3996.630957</ele>
      <time>2016-10-18T18:33:56Z</time>
    </trkpt>
    <trkpt lat="28.530112" lon="83.888187">
      <ele>3995.555566</ele>
      <time>2016-10-18T18:34:05Z</time>
    </trkpt>
    <trkpt lat="28.530079" lon="83.888277">
      <ele>3994.887939</ele>
      <time>2016-10-18T18:34:13Z</time>
    </trkpt>
    <trkpt lat="28.530012" lon="83.888352">
      <ele>3993.870557</ele>
      <time>2016-10-18T18:34:21Z</time>
    </trkpt>
    <trkpt lat="28.529946" lon="83.888428">
      <ele>3992.736768</ele>
      <time>2016-10-18T18:34:30Z</time>
    </trkpt>
    <trkpt lat="28.529887" lon="83.888510">
      <ele>3991.546143</ele>
      <time>2016-10-18T18:34:39Z</time>
    </trkpt>
    <trkpt lat="28.529852" lon="83.888605">
      <ele>3990.214063</ele>
      <time>2016-10-18T18:34:48Z</time>
    </trkpt>
    <trkpt lat="28.529813" lon="83.888703">
      <ele>3988.815137</ele>
      <time>2016-10-18T18:35:01Z</time>
    </trkpt>
    <trkpt lat="28.529788" lon="83.888796">
      <ele>3987.205273</ele>
      <time>2016-10-18T18:35:17Z</time>
    </trkpt>
    <trkpt lat="28.529764" lon="83.888887">
      <ele>3985.645850</ele>
      <time>2016-10-18T18:35:30Z</time>
    </trkpt>
    <trkpt lat="28.529753" lon="83.888977">
      <ele>3984.089063</ele>
      <time>2016-10-18T18:35:40Z</time>
    </trkpt>
    <trkpt lat="28.529742" lon="83.889076">
      <ele>3982.556641</ele>
      <time>2016-10-18T18:35:50Z</time>
    </trkpt>
    <trkpt lat="28.529727" lon="83.889182">
      <ele>3981.216162</ele>
      <time>2016-10-18T18:35:56Z</time>
    </trkpt>
    <trkpt lat="28.529720" lon="83.889288">
      <ele>3980.205908</ele>
      <time>2016-10-18T18:36:04Z</time>
    </trkpt>
    <trkpt lat="28.529715" lon="83.889396">
      <ele>3980.751719</ele>
      <time>2016-10-18T18:36:11Z</time>
    </trkpt>
    <trkpt lat="28.529709" lon="83.889503">
      <ele>3979.915684</ele>
      <time>2016-10-18T18:36:23Z</time>
    </trkpt>
    <trkpt lat="28.529692" lon="83.889609">
      <ele>3979.393467</ele>
      <time>2016-10-18T18:36:32Z</time>
    </trkpt>
    <trkpt lat="28.529666" lon="83.889712">
      <ele>3978.968174</ele>
      <time>2016-10-18T18:36:42Z</time>
    </trkpt>
    <trkpt lat="28.529651" lon="83.889812">
      <ele>3978.311191</ele>
      <time>2016-10-18T18:36:53Z</time>
    </trkpt>
    <trkpt lat="28.529635" lon="83.889915">
      <ele>3977.883799</ele>
      <time>2016-10-18T18:37:02Z</time>
    </trkpt>
    <trkpt lat="28.529625" lon="83.890019">
      <ele>3977.373984</ele>
      <time>2016-10-18T18:37:16Z</time>
    </trkpt>
    <trkpt lat="28.529607" lon="83.890124">
      <ele>3976.748350</ele>
      <time>2016-10-18T18:37:27Z</time>
    </trkpt>
    <trkpt lat="28.529601" lon="83.890234">
      <ele>3974.703977</ele>
      <time>2016-10-18T18:37:36Z</time>
    </trkpt>
    <trkpt lat="28.529599" lon="83.890345">
      <ele>3973.444744</ele>
      <time>2016-10-18T18:37:46Z</time>
    </trkpt>
    <trkpt lat="28.529600" lon="83.890456">
      <ele>3971.135565</ele>
      <time>2016-10-18T18:37:55Z</time>
    </trkpt>
    <trkpt lat="28.529601" lon="83.890565">
      <ele>3970.042037</ele>
      <time>2016-10-18T18:38:07Z</time>
    </trkpt>
    <trkpt lat="28.529599" lon="83.890671">
      <ele>3968.657404</ele>
      <time>2016-10-18T18:38:20Z</time>
    </trkpt>
    <trkpt lat="28.529601" lon="83.890777">
      <ele>3967.206854</ele>
      <time>2016-10-18T18:38:31Z</time>
    </trkpt>
    <trkpt lat="28.529605" lon="83.890881">
      <ele>3965.936612</ele>
      <time>2016-10-18T18:38:41Z</time>
    </trkpt>
    <trkpt lat="28.529607" lon="83.890985">
      <ele>3964.601296</ele>
      <time>2016-10-18T18:38:51Z</time>
    </trkpt>
    <trkpt lat="28.529607" lon="83.891091">
      <ele>3963.388583</ele>
      <time>2016-10-18T18:39:02Z</time>
    </trkpt>
    <trkpt lat="28.529600" lon="83.891198">
      <ele>3962.303134</ele>
      <time>2016-10-18T18:39:11Z</time>
    </trkpt>
    <trkpt lat="28.529587" lon="83.891303">
      <ele>3961.357955</ele>
      <time>2016-10-18T18:39:20Z</time>
    </trkpt>
    <trkpt lat="28.529577" lon="83.891411">
      <ele>3960.474254</ele>
      <time>2016-10-18T18:39:30Z</time>
    </trkpt>
    <trkpt lat="28.529569" lon="83.891526">
      <ele>3959.708407</ele>
      <time>2016-10-18T18:39:41Z</time>
    </trkpt>
    <trkpt lat="28.529568" lon="83.891645">
      <ele>3958.925781</ele>
      <time>2016-10-18T18:39:53Z</time>
    </trkpt>
    <trkpt lat="28.529570" lon="83.891756">
      <ele>3958.070401</ele>
      <time>2016-10-18T18:40:02Z</time>
    </trkpt>
    <trkpt lat="28.529572" lon="83.891859">
      <ele>3957.504972</ele>
      <time>2016-10-18T18:40:13Z</time>
    </trkpt>
    <trkpt lat="28.529563" lon="83.891959">
      <ele>3957.188388</ele>
      <time>2016-10-18T18:40:22Z</time>
    </trkpt>
    <trkpt lat="28.529538" lon="83.892058">
      <ele>3956.843528</ele>
      <time>2016-10-18T18:40:35Z</time>
    </trkpt>
    <trkpt lat="28.529503" lon="83.892153">
      <ele>3956.715421</ele>
      <time>2016-10-18T18:40:47Z</time>
    </trkpt>
    <trkpt lat="28.529467" lon="83.892255">
      <ele>3956.300115</ele>
      <time>2016-10-18T18:40:59Z</time>
    </trkpt>
    <trkpt lat="28.529448" lon="83.892361">
      <ele>3955.287158</ele>
      <time>2016-10-18T18:41:11Z</time>
    </trkpt>
    <trkpt lat="28.529447" lon="83.892472">
      <ele>3954.575328</ele>
      <time>2016-10-18T18:41:22Z</time>
    </trkpt>
    <trkpt lat="28.529460" lon="83.892571">
      <ele>3953.557440</ele>
      <time>2016-10-18T18:41:32Z</time>
    </trkpt>
    <trkpt lat="28.529469" lon="83.892667">
      <ele>3952.271440</ele>
      <time>2016-10-18T18:41:42Z</time>
    </trkpt>
    <trkpt lat="28.529468" lon="83.892764">
      <ele>3950.900169</ele>
      <time>2016-10-18T18:41:52Z</time>
    </trkpt>
    <trkpt lat="28.529466" lon="83.892870">
      <ele>3950.842580</ele>
      <time>2016-10-18T18:42:04Z</time>
    </trkpt>
    <trkpt lat="28.529462" lon="83.892977">
      <ele>3950.138038</ele>
      <time>2016-10-18T18:42:14Z</time>
    </trkpt>
    <trkpt lat="28.529461" lon="83.893085">
      <ele>3948.823763</ele>
      <time>2016-10-18T18:42:25Z</time>
    </trkpt>
    <trkpt lat="28.529464" lon="83.893195">
      <ele>3947.664317</ele>
      <time>2016-10-18T18:42:39Z</time>
    </trkpt>
    <trkpt lat="28.529461" lon="83.893303">
      <ele>3946.359096</ele>
      <time>2016-10-18T18:42:47Z</time>
    </trkpt>
    <trkpt lat="28.529453" lon="83.893407">
      <ele>3945.211325</ele>
      <time>2016-10-18T18:43:00Z</time>
    </trkpt>
    <trkpt lat="28.529431" lon="83.893511">
      <ele>3944.286209</ele>
      <time>2016-10-18T18:43:09Z</time>
    </trkpt>
    <trkpt lat="28.529412" lon="83.893616">
      <ele>3943.321144</ele>
      <time>2016-10-18T18:43:21Z</time>
    </trkpt>
    <trkpt lat="28.529387" lon="83.893719">
      <ele>3942.358075</ele>
      <time>2016-10-18T18:43:29Z</time>
    </trkpt>
    <trkpt lat="28.529362" lon="83.893821">
      <ele>3941.585393</ele>
      <time>2016-10-18T18:43:38Z</time>
    </trkpt>
    <trkpt lat="28.529338" lon="83.893914">
      <ele>3940.404995</ele>
      <time>2016-10-18T18:43:49Z</time>
    </trkpt>
    <trkpt lat="28.529325" lon="83.894001">
      <ele>3938.982817</ele>
      <time>2016-10-18T18:43:59Z</time>
    </trkpt>
    <trkpt lat="28.529315" lon="83.894093">
      <ele>3937.039160</ele>
      <time>2016-10-18T18:44:08Z</time>
    </trkpt>
    <trkpt lat="28.529295" lon="83.894194">
      <ele>3935.745020</ele>
      <time>2016-10-18T18:44:18Z</time>
    </trkpt>
    <trkpt lat="28.529272" lon="83.894301">
      <ele>3934.179102</ele>
      <time>2016-10-18T18:44:30Z</time>
    </trkpt>
    <trkpt lat="28.529258" lon="83.894410">
      <ele>3932.594775</ele>
      <time>2016-10-18T18:44:40Z</time>
    </trkpt>
    <trkpt lat="28.529254" lon="83.894518">
      <ele>3931.633918</ele>
      <time>2016-10-18T18:44:53Z</time>
    </trkpt>
    <trkpt lat="28.529253" lon="83.894627">
      <ele>3930.516552</ele>
      <time>2016-10-18T18:45:04Z</time>
    </trkpt>
    <trkpt lat="28.529251" lon="83.894734">
      <ele>3929.436430</ele>
      <time>2016-10-18T18:45:16Z</time>
    </trkpt>
    <trkpt lat="28.529246" lon="83.894839">
      <ele>3928.854145</ele>
      <time>2016-10-18T18:45:26Z</time>
    </trkpt>
    <trkpt lat="28.529239" lon="83.894945">
      <ele>3927.739155</ele>
      <time>2016-10-18T18:45:34Z</time>
    </trkpt>
    <trkpt lat="28.529235" lon="83.895047">
      <ele>3926.745210</ele>
      <time>2016-10-18T18:45:41Z</time>
    </trkpt>
    <trkpt lat="28.529239" lon="83.895149">
      <ele>3925.930757</ele>
      <time>2016-10-18T18:45:48Z</time>
    </trkpt>
    <trkpt lat="28.529253" lon="83.895254">
      <ele>3925.139546</ele>
      <time>2016-10-18T18:45:55Z</time>
    </trkpt>
    <trkpt lat="28.529262" lon="83.895359">
      <ele>3924.606001</ele>
      <time>2016-10-18T18:46:02Z</time>
    </trkpt>
    <trkpt lat="28.529254" lon="83.895463">
      <ele>3924.224946</ele>
      <time>2016-10-18T18:46:12Z</time>
    </trkpt>
    <trkpt lat="28.529241" lon="83.895568">
      <ele>3922.840430</ele>
      <time>2016-10-18T18:46:22Z</time>
    </trkpt>
    <trkpt lat="28.529229" lon="83.895672">
      <ele>3922.204004</ele>
      <time>2016-10-18T18:46:34Z</time>
    </trkpt>
    <trkpt lat="28.529221" lon="83.895776">
      <ele>3921.693750</ele>
      <time>2016-10-18T18:46:44Z</time>
    </trkpt>
    <trkpt lat="28.529213" lon="83.895878">
      <ele>3921.251611</ele>
      <time>2016-10-18T18:46:57Z</time>
    </trkpt>
    <trkpt lat="28.529204" lon="83.895985">
      <ele>3920.590199</ele>
      <time>2016-10-18T18:47:08Z</time>
    </trkpt>
    <trkpt lat="28.529190" lon="83.896091">
      <ele>3920.682520</ele>
      <time>2016-10-18T18:47:18Z</time>
    </trkpt>
    <trkpt lat="28.529172" lon="83.896193">
      <ele>3920.525879</ele>
      <time>2016-10-18T18:47:27Z</time>
    </trkpt>
    <trkpt lat="28.529146" lon="83.896288">
      <ele>3919.553089</ele>
      <time>2016-10-18T18:47:35Z</time>
    </trkpt>
    <trkpt lat="28.529123" lon="83.896384">
      <ele>3919.371924</ele>
      <time>2016-10-18T18:47:43Z</time>
    </trkpt>
    <trkpt lat="28.529093" lon="83.896483">
      <ele>3918.569971</ele>
      <time>2016-10-18T18:47:51Z</time>
    </trkpt>
    <trkpt lat="28.529076" lon="83.896586">
      <ele>3918.146338</ele>
      <time>2016-10-18T18:48:00Z</time>
    </trkpt>
    <trkpt lat="28.529058" lon="83.896689">
      <ele>3917.393896</ele>
      <time>2016-10-18T18:48:12Z</time>
    </trkpt>
    <trkpt lat="28.529048" lon="83.896791">
      <ele>3916.293799</ele>
      <time>2016-10-18T18:48:21Z</time>
    </trkpt>
    <trkpt lat="28.529042" lon="83.896894">
      <ele>3914.471191</ele>
      <time>2016-10-18T18:48:33Z</time>
    </trkpt>
    <trkpt lat="28.529036" lon="83.896986">
      <ele>3912.389697</ele>
      <time>2016-10-18T18:48:45Z</time>
    </trkpt>
    <trkpt lat="28.529029" lon="83.897080">
      <ele>3910.511816</ele>
      <time>2016-10-18T18:48:55Z</time>
    </trkpt>
    <trkpt lat="28.529010" lon="83.897175">
      <ele>3908.150488</ele>
      <time>2016-10-18T18:49:09Z</time>
    </trkpt>
    <trkpt lat="28.528992" lon="83.897269">
      <ele>3905.953809</ele>
      <time>2016-10-18T18:50:21Z</time>
    </trkpt>
    <trkpt lat="28.528965" lon="83.897355">
      <ele>3904.119727</ele>
      <time>2016-10-18T18:50:28Z</time>
    </trkpt>
    <trkpt lat="28.528929" lon="83.897436">
      <ele>3902.168408</ele>
      <time>2016-10-18T18:50:36Z</time>
    </trkpt>
    <trkpt lat="28.528880" lon="83.897520">
      <ele>3899.109424</ele>
      <time>2016-10-18T18:50:45Z</time>
    </trkpt>
    <trkpt lat="28.528825" lon="83.897603">
      <ele>3896.003955</ele>
      <time>2016-10-18T18:50:53Z</time>
    </trkpt>
    <trkpt lat="28.528763" lon="83.897680">
      <ele>3893.511194</ele>
      <time>2016-10-18T18:51:01Z</time>
    </trkpt>
    <trkpt lat="28.528702" lon="83.897765">
      <ele>3891.087561</ele>
      <time>2016-10-18T18:51:07Z</time>
    </trkpt>
    <trkpt lat="28.528644" lon="83.897853">
      <ele>3888.572424</ele>
      <time>2016-10-18T18:51:14Z</time>
    </trkpt>
    <trkpt lat="28.528594" lon="83.897949">
      <ele>3886.112903</ele>
      <time>2016-10-18T18:51:22Z</time>
    </trkpt>
    <trkpt lat="28.528560" lon="83.898046">
      <ele>3883.663000</ele>
      <time>2016-10-18T18:51:32Z</time>
    </trkpt>
    <trkpt lat="28.528524" lon="83.898147">
      <ele>3881.272083</ele>
      <time>2016-10-18T18:51:41Z</time>
    </trkpt>
    <trkpt lat="28.528488" lon="83.898248">
      <ele>3878.459583</ele>
      <time>2016-10-18T18:51:50Z</time>
    </trkpt>
    <trkpt lat="28.528439" lon="83.898342">
      <ele>3875.841223</ele>
      <time>2016-10-18T18:51:57Z</time>
    </trkpt>
    <trkpt lat="28.528379" lon="83.898409">
      <ele>3874.010559</ele>
      <time>2016-10-18T18:52:02Z</time>
    </trkpt>
    <trkpt lat="28.528302" lon="83.898458">
      <ele>3872.363293</ele>
      <time>2016-10-18T18:52:09Z</time>
    </trkpt>
    <trkpt lat="28.528228" lon="83.898512">
      <ele>3870.508545</ele>
      <time>2016-10-18T18:52:20Z</time>
    </trkpt>
    <trkpt lat="28.528185" lon="83.898593">
      <ele>3869.419727</ele>
      <time>2016-10-18T18:52:31Z</time>
    </trkpt>
    <trkpt lat="28.528166" lon="83.898695">
      <ele>3868.680273</ele>
      <time>2016-10-18T18:52:43Z</time>
    </trkpt>
    <trkpt lat="28.528146" lon="83.898799">
      <ele>3867.084783</ele>
      <time>2016-10-18T18:53:06Z</time>
    </trkpt>
    <trkpt lat="28.528112" lon="83.898902">
      <ele>3866.033114</ele>
      <time>2016-10-18T18:53:13Z</time>
    </trkpt>
    <trkpt lat="28.528082" lon="83.899006">
      <ele>3865.170277</ele>
      <time>2016-10-18T18:53:21Z</time>
    </trkpt>
    <trkpt lat="28.528069" lon="83.899110">
      <ele>3864.219771</ele>
      <time>2016-10-18T18:53:29Z</time>
    </trkpt>
    <trkpt lat="28.528071" lon="83.899219">
      <ele>3863.191895</ele>
      <time>2016-10-18T18:53:36Z</time>
    </trkpt>
    <trkpt lat="28.528069" lon="83.899329">
      <ele>3862.450151</ele>
      <time>2016-10-18T18:53:46Z</time>
    </trkpt>
    <trkpt lat="28.528052" lon="83.899427">
      <ele>3861.640403</ele>
      <time>2016-10-18T18:53:57Z</time>
    </trkpt>
    <trkpt lat="28.528027" lon="83.899524">
      <ele>3860.702326</ele>
      <time>2016-10-18T18:54:06Z</time>
    </trkpt>
    <trkpt lat="28.527999" lon="83.899616">
      <ele>3859.339444</ele>
      <time>2016-10-18T18:54:17Z</time>
    </trkpt>
    <trkpt lat="28.527971" lon="83.899714">
      <ele>3858.620850</ele>
      <time>2016-10-18T18:54:26Z</time>
    </trkpt>
    <trkpt lat="28.527933" lon="83.899802">
      <ele>3857.353467</ele>
      <time>2016-10-18T18:54:34Z</time>
    </trkpt>
    <trkpt lat="28.527898" lon="83.899888">
      <ele>3856.402881</ele>
      <time>2016-10-18T18:54:45Z</time>
    </trkpt>
    <trkpt lat="28.527864" lon="83.899973">
      <ele>3854.989209</ele>
      <time>2016-10-18T18:54:58Z</time>
    </trkpt>
    <trkpt lat="28.527852" lon="83.900069">
      <ele>3853.478857</ele>
      <time>2016-10-18T18:55:12Z</time>
    </trkpt>
    <trkpt lat="28.527833" lon="83.900165">
      <ele>3852.064258</ele>
      <time>2016-10-18T18:55:21Z</time>
    </trkpt>
    <trkpt lat="28.527824" lon="83.900264">
      <ele>3850.327490</ele>
      <time>2016-10-18T18:55:31Z</time>
    </trkpt>
    <trkpt lat="28.527804" lon="83.900364">
      <ele>3848.826172</ele>
      <time>2016-10-18T18:55:41Z</time>
    </trkpt>
    <trkpt lat="28.527791" lon="83.900461">
      <ele>3846.983594</ele>
      <time>2016-10-18T18:55:51Z</time>
    </trkpt>
    <trkpt lat="28.527777" lon="83.900560">
      <ele>3844.930078</ele>
      <time>2016-10-18T18:56:03Z</time>
    </trkpt>
    <trkpt lat="28.527763" lon="83.900660">
      <ele>3842.937891</ele>
      <time>2016-10-18T18:56:11Z</time>
    </trkpt>
    <trkpt lat="28.527737" lon="83.900760">
      <ele>3840.815039</ele>
      <time>2016-10-18T18:56:24Z</time>
    </trkpt>
    <trkpt lat="28.527704" lon="83.900858">
      <ele>3838.743945</ele>
      <time>2016-10-18T18:56:33Z</time>
    </trkpt>
    <trkpt lat="28.527669" lon="83.900958">
      <ele>3837.216211</ele>
      <time>2016-10-18T18:56:40Z</time>
    </trkpt>
    <trkpt lat="28.527649" lon="83.901062">
      <ele>3835.110156</ele>
      <time>2016-10-18T18:56:53Z</time>
    </trkpt>
    <trkpt lat="28.527620" lon="83.901159">
      <ele>3832.888672</ele>
      <time>2016-10-18T18:57:02Z</time>
    </trkpt>
    <trkpt lat="28.527594" lon="83.901255">
      <ele>3830.974951</ele>
      <time>2016-10-18T18:57:10Z</time>
    </trkpt>
    <trkpt lat="28.527569" lon="83.901353">
      <ele>3828.206738</ele>
      <time>2016-10-18T18:57:20Z</time>
    </trkpt>
    <trkpt lat="28.527559" lon="83.901459">
      <ele>3825.843066</ele>
      <time>2016-10-18T18:57:33Z</time>
    </trkpt>
    <trkpt lat="28.527539" lon="83.901567">
      <ele>3822.901545</ele>
      <time>2016-10-18T18:57:41Z</time>
    </trkpt>
    <trkpt lat="28.527509" lon="83.901671">
      <ele>3821.964258</ele>
      <time>2016-10-18T18:57:56Z</time>
    </trkpt>
    <trkpt lat="28.527463" lon="83.901761">
      <ele>3820.082617</ele>
      <time>2016-10-18T18:58:10Z</time>
    </trkpt>
    <trkpt lat="28.527411" lon="83.901840">
      <ele>3817.913770</ele>
      <time>2016-10-18T18:58:21Z</time>
    </trkpt>
    <trkpt lat="28.527371" lon="83.901923">
      <ele>3815.602246</ele>
      <time>2016-10-18T18:58:43Z</time>
    </trkpt>
    <trkpt lat="28.527352" lon="83.902015">
      <ele>3813.574805</ele>
      <time>2016-10-18T18:59:00Z</time>
    </trkpt>
    <trkpt lat="28.527347" lon="83.902116">
      <ele>3811.178174</ele>
      <time>2016-10-18T18:59:17Z</time>
    </trkpt>
    <trkpt lat="28.527355" lon="83.902217">
      <ele>3808.638818</ele>
      <time>2016-10-18T18:59:30Z</time>
    </trkpt>
    <trkpt lat="28.527367" lon="83.902309">
      <ele>3804.563166</ele>
      <time>2016-10-18T18:59:43Z</time>
    </trkpt>
    <trkpt lat="28.527400" lon="83.902396">
      <ele>3803.424756</ele>
      <time>2016-10-18T19:00:00Z</time>
    </trkpt>
    <trkpt lat="28.527419" lon="83.902483">
      <ele>3800.604248</ele>
      <time>2016-10-18T19:00:08Z</time>
    </trkpt>
    <trkpt lat="28.527431" lon="83.902583">
      <ele>3797.524756</ele>
      <time>2016-10-18T19:00:19Z</time>
    </trkpt>
    <trkpt lat="28.527431" lon="83.902687">
      <ele>3794.755371</ele>
      <time>2016-10-18T19:00:26Z</time>
    </trkpt>
    <trkpt lat="28.527442" lon="83.902793">
      <ele>3791.901172</ele>
      <time>2016-10-18T19:00:36Z</time>
    </trkpt>
    <trkpt lat="28.527451" lon="83.902903">
      <ele>3788.439844</ele>
      <time>2016-10-18T19:00:56Z</time>
    </trkpt>
    <trkpt lat="28.527464" lon="83.903014">
      <ele>3783.538352</ele>
      <time>2016-10-18T19:01:08Z</time>
    </trkpt>
    <trkpt lat="28.527474" lon="83.903118">
      <ele>3781.163752</ele>
      <time>2016-10-18T19:01:24Z</time>
    </trkpt>
    <trkpt lat="28.527476" lon="83.903214">
      <ele>3779.740479</ele>
      <time>2016-10-18T19:01:36Z</time>
    </trkpt>
    <trkpt lat="28.527476" lon="83.903310">
      <ele>3777.704150</ele>
      <time>2016-10-18T19:01:47Z</time>
    </trkpt>
    <trkpt lat="28.527459" lon="83.903409">
      <ele>3775.876318</ele>
      <time>2016-10-18T19:01:59Z</time>
    </trkpt>
    <trkpt lat="28.527439" lon="83.903506">
      <ele>3774.492947</ele>
      <time>2016-10-18T19:02:11Z</time>
    </trkpt>
    <trkpt lat="28.527407" lon="83.903604">
      <ele>3773.216039</ele>
      <time>2016-10-18T19:02:27Z</time>
    </trkpt>
    <trkpt lat="28.527382" lon="83.903706">
      <ele>3771.330444</ele>
      <time>2016-10-18T19:02:41Z</time>
    </trkpt>
    <trkpt lat="28.527367" lon="83.903810">
      <ele>3769.436010</ele>
      <time>2016-10-18T19:02:55Z</time>
    </trkpt>
    <trkpt lat="28.527357" lon="83.903918">
      <ele>3767.290150</ele>
      <time>2016-10-18T19:03:08Z</time>
    </trkpt>
    <trkpt lat="28.527342" lon="83.904025">
      <ele>3766.285222</ele>
      <time>2016-10-18T19:03:19Z</time>
    </trkpt>
    <trkpt lat="28.527322" lon="83.904123">
      <ele>3764.852605</ele>
      <time>2016-10-18T19:03:32Z</time>
    </trkpt>
    <trkpt lat="28.527308" lon="83.904216">
      <ele>3764.210913</ele>
      <time>2016-10-18T19:03:40Z</time>
    </trkpt>
    <trkpt lat="28.527313" lon="83.904308">
      <ele>3762.434399</ele>
      <time>2016-10-18T19:03:55Z</time>
    </trkpt>
    <trkpt lat="28.527329" lon="83.904402">
      <ele>3759.710648</ele>
      <time>2016-10-18T19:04:08Z</time>
    </trkpt>
    <trkpt lat="28.527330" lon="83.904497">
      <ele>3758.348971</ele>
      <time>2016-10-18T19:04:20Z</time>
    </trkpt>
    <trkpt lat="28.527314" lon="83.904595">
      <ele>3756.728027</ele>
      <time>2016-10-18T19:04:34Z</time>
    </trkpt>
    <trkpt lat="28.527279" lon="83.904691">
      <ele>3755.197412</ele>
      <time>2016-10-18T19:04:55Z</time>
    </trkpt>
    <trkpt lat="28.527242" lon="83.904786">
      <ele>3753.491064</ele>
      <time>2016-10-18T19:05:08Z</time>
    </trkpt>
    <trkpt lat="28.527201" lon="83.904878">
      <ele>3751.661133</ele>
      <time>2016-10-18T19:05:21Z</time>
    </trkpt>
    <trkpt lat="28.527170" lon="83.904965">
      <ele>3749.349854</ele>
      <time>2016-10-18T19:05:32Z</time>
    </trkpt>
    <trkpt lat="28.527143" lon="83.905056">
      <ele>3746.949805</ele>
      <time>2016-10-18T19:05:40Z</time>
    </trkpt>
    <trkpt lat="28.527124" lon="83.905149">
      <ele>3744.731543</ele>
      <time>2016-10-18T19:05:49Z</time>
    </trkpt>
    <trkpt lat="28.527092" lon="83.905257">
      <ele>3742.503711</ele>
      <time>2016-10-18T19:06:03Z</time>
    </trkpt>
    <trkpt lat="28.527057" lon="83.905362">
      <ele>3740.139600</ele>
      <time>2016-10-18T19:06:13Z</time>
    </trkpt>
    <trkpt lat="28.527025" lon="83.905467">
      <ele>3737.473193</ele>
      <time>2016-10-18T19:06:26Z</time>
    </trkpt>
    <trkpt lat="28.527008" lon="83.905568">
      <ele>3733.917432</ele>
      <time>2016-10-18T19:06:36Z</time>
    </trkpt>
    <trkpt lat="28.526993" lon="83.905678">
      <ele>3729.750710</ele>
      <time>2016-10-18T19:06:46Z</time>
    </trkpt>
    <trkpt lat="28.526971" lon="83.905789">
      <ele>3727.065696</ele>
      <time>2016-10-18T19:06:57Z</time>
    </trkpt>
    <trkpt lat="28.526954" lon="83.905901">
      <ele>3724.613326</ele>
      <time>2016-10-18T19:07:05Z</time>
    </trkpt>
    <trkpt lat="28.526945" lon="83.906009">
      <ele>3722.439764</ele>
      <time>2016-10-18T19:07:16Z</time>
    </trkpt>
    <trkpt lat="28.526955" lon="83.906115">
      <ele>3720.168590</ele>
      <time>2016-10-18T19:07:29Z</time>
    </trkpt>
    <trkpt lat="28.526957" lon="83.906220">
      <ele>3717.358043</ele>
      <time>2016-10-18T19:07:39Z</time>
    </trkpt>
    <trkpt lat="28.526951" lon="83.906321">
      <ele>3714.640536</ele>
      <time>2016-10-18T19:07:49Z</time>
    </trkpt>
    <trkpt lat="28.526937" lon="83.906426">
      <ele>3711.888716</ele>
      <time>2016-10-18T19:07:59Z</time>
    </trkpt>
    <trkpt lat="28.526934" lon="83.906538">
      <ele>3709.161399</ele>
      <time>2016-10-18T19:08:10Z</time>
    </trkpt>
    <trkpt lat="28.526944" lon="83.906647">
      <ele>3706.086230</ele>
      <time>2016-10-18T19:08:24Z</time>
    </trkpt>
    <trkpt lat="28.526948" lon="83.906747">
      <ele>3705.517445</ele>
      <time>2016-10-18T19:08:55Z</time>
    </trkpt>
    <trkpt lat="28.526964" lon="83.906835">
      <ele>3704.029297</ele>
      <time>2016-10-18T19:10:07Z</time>
    </trkpt>
    <trkpt lat="28.526980" lon="83.906926">
      <ele>3702.615501</ele>
      <time>2016-10-18T19:10:18Z</time>
    </trkpt>
    <trkpt lat="28.526993" lon="83.907028">
      <ele>3701.000533</ele>
      <time>2016-10-18T19:10:29Z</time>
    </trkpt>
    <trkpt lat="28.526980" lon="83.907131">
      <ele>3701.184293</ele>
      <time>2016-10-18T19:10:40Z</time>
    </trkpt>
    <trkpt lat="28.526947" lon="83.907228">
      <ele>3700.690641</ele>
      <time>2016-10-18T19:10:52Z</time>
    </trkpt>
    <trkpt lat="28.526905" lon="83.907323">
      <ele>3700.765525</ele>
      <time>2016-10-18T19:11:00Z</time>
    </trkpt>
    <trkpt lat="28.526849" lon="83.907400">
      <ele>3700.928345</ele>
      <time>2016-10-18T19:11:19Z</time>
    </trkpt>
    <trkpt lat="28.526782" lon="83.907452">
      <ele>3701.308289</ele>
      <time>2016-10-18T19:11:40Z</time>
    </trkpt>
    <trkpt lat="28.526744" lon="83.907493">
      <ele>3702.041150</ele>
      <time>2016-10-18T19:12:13Z</time>
    </trkpt>
    <trkpt lat="28.526750" lon="83.907540">
      <ele>3697.477205</ele>
      <time>2016-10-18T19:16:01Z</time>
      <extensions>
        <pause>start</pause>
        <type>auto</type>
      </extensions>
    </trkpt>
    <trkpt lat="28.526750" lon="83.907540">
      <ele>3697.477205</ele>
      <time>2016-10-18T19:17:20Z</time>
      <extensions>
        <pause>end</pause>
        <type>manual</type>
      </extensions>
    </trkpt>
    </trkseg>
  </trk>
  <extensions>
   <badge tag="registration (offline)" msg="code -1" badgeId="20524216" badgeUser="F291188211BF24A4" badgeTime="2016-10-18T12:06:41Z" />
   <badge tag="candidates" msg="nearby L(28.52603, 83.90724)" gpsTime="2016-10-18T12:06:54Z" />
   <badge tag="candidates" msg="nearby L(28.52630, 83.90729)" gpsTime="2016-10-18T12:07:38Z" />
   <badge tag="candidates" msg="nearby L(28.52603, 83.90724)" gpsTime="2016-10-18T12:07:40Z" />
   <badge tag="candidates" msg="nearby L(28.52630, 83.90729)" gpsTime="2016-10-18T12:07:40Z" />
   <badge tag="candidates" msg="nearby L(28.52603, 83.90724)" gpsTime="2016-10-18T12:07:43Z" />
   <badge tag="candidates" msg="nearby L(28.52630, 83.90729)" gpsTime="2016-10-18T12:07:43Z" />
   <badge tag="candidates" msg="nearby L(28.52603, 83.90723)" gpsTime="2016-10-18T12:07:45Z" />
   <badge tag="candidates" msg="nearby L(28.52631, 83.90728)" gpsTime="2016-10-18T12:07:45Z" />
   <badge tag="candidates" msg="nearby L(28.52603, 83.90723)" gpsTime="2016-10-18T12:07:47Z" />
   <badge tag="candidates" msg="nearby L(28.52631, 83.90728)" gpsTime="2016-10-18T12:07:47Z" />
   <badge tag="candidates" msg="nearby L(28.52603, 83.90723)" gpsTime="2016-10-18T12:07:49Z" />
   <badge tag="candidates" msg="nearby L(28.52631, 83.90728)" gpsTime="2016-10-18T12:07:49Z" />
   <badge tag="candidates" msg="nearby L(28.52603, 83.90723)" gpsTime="2016-10-18T12:07:51Z" />
   <badge tag="candidates" msg="nearby L(28.52631, 83.90728)" gpsTime="2016-10-18T12:07:51Z" />
   <badge tag="candidates" msg="nearby L(28.52603, 83.90724)" gpsTime="2016-10-18T12:07:53Z" />
   <badge tag="candidates" msg="nearby L(28.52632, 83.90729)" gpsTime="2016-10-18T12:07:53Z" />
   <badge tag="candidates" msg="nearby L(28.52604, 83.90724)" gpsTime="2016-10-18T12:07:55Z" />
   <badge tag="candidates" msg="nearby L(28.52633, 83.90729)" gpsTime="2016-10-18T12:07:55Z" />
   <badge tag="candidates" msg="nearby L(28.52605, 83.90724)" gpsTime="2016-10-18T12:07:57Z" />
   <badge tag="candidates" msg="nearby L(28.52634, 83.90730)" gpsTime="2016-10-18T12:07:57Z" />
   <badge tag="candidates" msg="nearby L(28.52605, 83.90724)" gpsTime="2016-10-18T12:08:00Z" />
   <badge tag="candidates" msg="nearby L(28.52636, 83.90730)" gpsTime="2016-10-18T12:08:00Z" />
   <badge tag="candidates" msg="nearby L(28.52606, 83.90724)" gpsTime="2016-10-18T12:08:02Z" />
   <badge tag="candidates" msg="nearby L(28.52637, 83.90730)" gpsTime="2016-10-18T12:08:02Z" />
   <badge tag="candidates" msg="nearby L(28.52606, 83.90724)" gpsTime="2016-10-18T12:08:04Z" />
   <badge tag="candidates" msg="nearby L(28.52637, 83.90730)" gpsTime="2016-10-18T12:08:04Z" />
   <badge tag="candidates" msg="nearby L(28.52606, 83.90724)" gpsTime="2016-10-18T12:08:06Z" />
   <badge tag="candidates" msg="nearby L(28.52637, 83.90730)" gpsTime="2016-10-18T12:08:06Z" />
   <badge tag="candidates" msg="nearby L(28.52607, 83.90725)" gpsTime="2016-10-18T12:08:08Z" />
   <badge tag="candidates" msg="nearby L(28.52638, 83.90731)" gpsTime="2016-10-18T12:08:08Z" />
   <badge tag="candidates" msg="nearby L(28.52607, 83.90725)" gpsTime="2016-10-18T12:08:10Z" />
   <badge tag="candidates" msg="nearby L(28.52638, 83.90731)" gpsTime="2016-10-18T12:08:10Z" />
   <badge tag="candidates" msg="nearby L(28.52607, 83.90725)" gpsTime="2016-10-18T12:08:13Z" />
   <badge tag="candidates" msg="nearby L(28.52639, 83.90731)" gpsTime="2016-10-18T12:08:13Z" />
   <badge tag="candidates" msg="nearby L(28.52607, 83.90725)" gpsTime="2016-10-18T12:08:15Z" />
   <badge tag="candidates" msg="nearby L(28.52640, 83.90732)" gpsTime="2016-10-18T12:08:15Z" />
   <badge tag="candidates" msg="nearby L(28.52597, 83.90723)" gpsTime="2016-10-18T12:08:17Z" />
   <badge tag="candidates" msg="nearby L(28.52641, 83.90732)" gpsTime="2016-10-18T12:08:17Z" />
   <badge tag="candidates" msg="nearby L(28.52597, 83.90723)" gpsTime="2016-10-18T12:08:19Z" />
   <badge tag="candidates" msg="nearby L(28.52642, 83.90733)" gpsTime="2016-10-18T12:08:19Z" />
   <badge tag="candidates" msg="nearby L(28.52597, 83.90723)" gpsTime="2016-10-18T12:08:21Z" />
   <badge tag="candidates" msg="nearby L(28.52642, 83.90733)" gpsTime="2016-10-18T12:08:21Z" />
   <badge tag="candidates" msg="nearby L(28.52598, 83.90724)" gpsTime="2016-10-18T12:08:23Z" />
   <badge tag="candidates" msg="nearby L(28.52643, 83.90734)" gpsTime="2016-10-18T12:08:23Z" />
   <badge tag="candidates" msg="nearby L(28.52598, 83.90724)" gpsTime="2016-10-18T12:08:25Z" />
   <badge tag="candidates" msg="nearby L(28.52644, 83.90734)" gpsTime="2016-10-18T12:08:25Z" />
   <badge tag="candidates" msg="nearby L(28.52598, 83.90724)" gpsTime="2016-10-18T12:08:27Z" />
   <badge tag="candidates" msg="nearby L(28.52644, 83.90735)" gpsTime="2016-10-18T12:08:27Z" />
   <badge tag="candidates" msg="nearby L(28.52598, 83.90724)" gpsTime="2016-10-18T12:08:30Z" />
   <badge tag="candidates" msg="nearby L(28.52644, 83.90735)" gpsTime="2016-10-18T12:08:30Z" />
   <badge tag="candidates" msg="nearby L(28.52598, 83.90724)" gpsTime="2016-10-18T12:08:32Z" />
   <badge tag="candidates" msg="nearby L(28.52645, 83.90735)" gpsTime="2016-10-18T12:08:32Z" />
   <badge tag="candidates" msg="nearby L(28.52598, 83.90724)" gpsTime="2016-10-18T12:08:34Z" />
   <badge tag="candidates" msg="nearby L(28.52645, 83.90734)" gpsTime="2016-10-18T12:08:34Z" />
   <badge tag="candidates" msg="nearby L(28.52599, 83.90724)" gpsTime="2016-10-18T12:08:36Z" />
   <badge tag="candidates" msg="nearby L(28.52645, 83.90735)" gpsTime="2016-10-18T12:08:36Z" />
   <badge tag="candidates" msg="nearby L(28.52599, 83.90724)" gpsTime="2016-10-18T12:08:38Z" />
   <badge tag="candidates" msg="nearby L(28.52646, 83.90734)" gpsTime="2016-10-18T12:08:38Z" />
   <badge tag="candidates" msg="nearby L(28.52599, 83.90724)" gpsTime="2016-10-18T12:08:40Z" />
   <badge tag="candidates" msg="nearby L(28.52646, 83.90734)" gpsTime="2016-10-18T12:08:40Z" />
   <badge tag="candidates" msg="nearby L(28.52598, 83.90724)" gpsTime="2016-10-18T12:08:42Z" />
   <badge tag="candidates" msg="nearby L(28.52645, 83.90734)" gpsTime="2016-10-18T12:08:42Z" />
   <badge tag="candidates" msg="nearby L(28.52598, 83.90724)" gpsTime="2016-10-18T12:08:44Z" />
   <badge tag="candidates" msg="nearby L(28.52645, 83.90734)" gpsTime="2016-10-18T12:08:44Z" />
   <badge tag="candidates" msg="nearby L(28.52598, 83.90724)" gpsTime="2016-10-18T12:08:46Z" />
   <badge tag="candidates" msg="nearby L(28.52645, 83.90735)" gpsTime="2016-10-18T12:08:46Z" />
   <badge tag="candidates" msg="nearby L(28.52598, 83.90724)" gpsTime="2016-10-18T12:08:49Z" />
   <badge tag="candidates" msg="nearby L(28.52645, 83.90735)" gpsTime="2016-10-18T12:08:49Z" />
   <badge tag="candidates" msg="nearby L(28.52598, 83.90724)" gpsTime="2016-10-18T12:08:51Z" />
   <badge tag="candidates" msg="nearby L(28.52645, 83.90735)" gpsTime="2016-10-18T12:08:51Z" />
   <badge tag="candidates" msg="nearby L(28.52598, 83.90724)" gpsTime="2016-10-18T12:08:53Z" />
   <badge tag="candidates" msg="nearby L(28.52645, 83.90735)" gpsTime="2016-10-18T12:08:53Z" />
   <badge tag="candidates" msg="nearby L(28.52598, 83.90724)" gpsTime="2016-10-18T12:08:55Z" />
   <badge tag="candidates" msg="nearby L(28.52645, 83.90735)" gpsTime="2016-10-18T12:08:55Z" />
   <badge tag="candidates" msg="nearby L(28.52598, 83.90724)" gpsTime="2016-10-18T12:08:57Z" />
   <badge tag="candidates" msg="nearby L(28.52645, 83.90735)" gpsTime="2016-10-18T12:08:57Z" />
   <badge tag="candidates" msg="nearby L(28.52599, 83.90724)" gpsTime="2016-10-18T12:08:59Z" />
   <badge tag="candidates" msg="nearby L(28.52646, 83.90735)" gpsTime="2016-10-18T12:08:59Z" />
   <badge tag="candidates" msg="nearby L(28.52599, 83.90724)" gpsTime="2016-10-18T12:09:01Z" />
   <badge tag="candidates" msg="nearby L(28.52646, 83.90735)" gpsTime="2016-10-18T12:09:01Z" />
   <badge tag="candidates" msg="nearby L(28.52599, 83.90724)" gpsTime="2016-10-18T12:09:03Z" />
   <badge tag="candidates" msg="nearby L(28.52646, 83.90735)" gpsTime="2016-10-18T12:09:03Z" />
   <badge tag="candidates" msg="nearby L(28.52599, 83.90724)" gpsTime="2016-10-18T12:09:06Z" />
   <badge tag="candidates" msg="nearby L(28.52646, 83.90735)" gpsTime="2016-10-18T12:09:06Z" />
   <badge tag="candidates" msg="nearby L(28.52599, 83.90724)" gpsTime="2016-10-18T12:09:08Z" />
   <badge tag="candidates" msg="nearby L(28.52646, 83.90735)" gpsTime="2016-10-18T12:09:08Z" />
   <badge tag="candidates" msg="nearby L(28.52599, 83.90724)" gpsTime="2016-10-18T12:09:10Z" />
   <badge tag="candidates" msg="nearby L(28.52646, 83.90735)" gpsTime="2016-10-18T12:09:10Z" />
   <badge tag="candidates" msg="nearby L(28.52599, 83.90724)" gpsTime="2016-10-18T12:09:12Z" />
   <badge tag="candidates" msg="nearby L(28.52646, 83.90735)" gpsTime="2016-10-18T12:09:12Z" />
   <badge tag="candidates" msg="nearby L(28.52599, 83.90724)" gpsTime="2016-10-18T12:09:14Z" />
   <badge tag="candidates" msg="nearby L(28.52646, 83.90735)" gpsTime="2016-10-18T12:09:14Z" />
   <badge tag="candidates" msg="nearby L(28.52599, 83.90724)" gpsTime="2016-10-18T12:09:16Z" />
   <badge tag="candidates" msg="nearby L(28.52646, 83.90734)" gpsTime="2016-10-18T12:09:16Z" />
   <badge tag="candidates" msg="nearby L(28.52599, 83.90724)" gpsTime="2016-10-18T12:09:18Z" />
   <badge tag="candidates" msg="nearby L(28.52646, 83.90734)" gpsTime="2016-10-18T12:09:18Z" />
   <badge tag="candidates" msg="nearby L(28.52599, 83.90723)" gpsTime="2016-10-18T12:09:21Z" />
   <badge tag="candidates" msg="nearby L(28.52646, 83.90733)" gpsTime="2016-10-18T12:09:21Z" />
   <badge tag="candidates" msg="nearby L(28.52599, 83.90723)" gpsTime="2016-10-18T12:09:23Z" />
   <badge tag="candidates" msg="nearby L(28.52646, 83.90732)" gpsTime="2016-10-18T12:09:23Z" />
   <badge tag="candidates" msg="nearby L(28.52599, 83.90723)" gpsTime="2016-10-18T12:09:25Z" />
   <badge tag="candidates" msg="nearby L(28.52646, 83.90732)" gpsTime="2016-10-18T12:09:25Z" />
   <badge tag="candidates" msg="nearby L(28.52599, 83.90723)" gpsTime="2016-10-18T12:09:27Z" />
   <badge tag="candidates" msg="nearby L(28.52646, 83.90732)" gpsTime="2016-10-18T12:09:27Z" />
   <badge tag="candidates" msg="nearby L(28.52599, 83.90723)" gpsTime="2016-10-18T12:09:29Z" />
   <badge tag="candidates" msg="nearby L(28.52646, 83.90732)" gpsTime="2016-10-18T12:09:29Z" />
   <badge tag="candidates" msg="nearby L(28.52599, 83.90723)" gpsTime="2016-10-18T12:09:31Z" />
   <badge tag="candidates" msg="nearby L(28.52646, 83.90732)" gpsTime="2016-10-18T12:09:31Z" />
   <badge tag="candidates" msg="nearby L(28.52599, 83.90723)" gpsTime="2016-10-18T12:09:34Z" />
   <badge tag="candidates" msg="nearby L(28.52647, 83.90733)" gpsTime="2016-10-18T12:09:34Z" />
   <badge tag="candidates" msg="nearby L(28.52599, 83.90723)" gpsTime="2016-10-18T12:09:36Z" />
   <badge tag="candidates" msg="nearby L(28.52647, 83.90733)" gpsTime="2016-10-18T12:09:36Z" />
   <badge tag="candidates" msg="nearby L(28.52599, 83.90723)" gpsTime="2016-10-18T12:09:38Z" />
   <badge tag="candidates" msg="nearby L(28.52647, 83.90733)" gpsTime="2016-10-18T12:09:38Z" />
   <badge tag="candidates" msg="nearby L(28.52599, 83.90723)" gpsTime="2016-10-18T12:09:40Z" />
   <badge tag="candidates" msg="nearby L(28.52647, 83.90733)" gpsTime="2016-10-18T12:09:40Z" />
   <badge tag="candidates" msg="nearby L(28.52599, 83.90723)" gpsTime="2016-10-18T12:09:42Z" />
   <badge tag="candidates" msg="nearby L(28.52647, 83.90733)" gpsTime="2016-10-18T12:09:42Z" />
   <badge tag="candidates" msg="nearby L(28.52599, 83.90723)" gpsTime="2016-10-18T12:09:44Z" />
   <badge tag="candidates" msg="nearby L(28.52647, 83.90733)" gpsTime="2016-10-18T12:09:44Z" />
   <badge tag="candidates" msg="nearby L(28.52599, 83.90723)" gpsTime="2016-10-18T12:09:46Z" />
   <badge tag="candidates" msg="nearby L(28.52647, 83.90733)" gpsTime="2016-10-18T12:09:46Z" />
   <badge tag="candidates" msg="nearby L(28.52599, 83.90723)" gpsTime="2016-10-18T12:09:49Z" />
   <badge tag="candidates" msg="nearby L(28.52647, 83.90733)" gpsTime="2016-10-18T12:09:49Z" />
   <badge tag="candidates" msg="nearby L(28.52599, 83.90723)" gpsTime="2016-10-18T12:09:51Z" />
   <badge tag="candidates" msg="nearby L(28.52647, 83.90733)" gpsTime="2016-10-18T12:09:51Z" />
   <badge tag="candidates" msg="nearby L(28.52599, 83.90723)" gpsTime="2016-10-18T12:09:53Z" />
   <badge tag="candidates" msg="nearby L(28.52647, 83.90733)" gpsTime="2016-10-18T12:09:53Z" />
   <badge tag="candidates" msg="nearby L(28.52599, 83.90723)" gpsTime="2016-10-18T12:09:55Z" />
   <badge tag="candidates" msg="nearby L(28.52647, 83.90733)" gpsTime="2016-10-18T12:09:55Z" />
   <badge tag="candidates" msg="nearby L(28.52600, 83.90723)" gpsTime="2016-10-18T12:09:57Z" />
   <badge tag="candidates" msg="nearby L(28.52648, 83.90732)" gpsTime="2016-10-18T12:09:57Z" />
   <badge tag="candidates" msg="nearby L(28.52600, 83.90723)" gpsTime="2016-10-18T12:09:59Z" />
   <badge tag="candidates" msg="nearby L(28.52648, 83.90732)" gpsTime="2016-10-18T12:09:59Z" />
   <badge tag="candidates" msg="nearby L(28.52599, 83.90723)" gpsTime="2016-10-18T12:10:01Z" />
   <badge tag="candidates" msg="nearby L(28.52647, 83.90733)" gpsTime="2016-10-18T12:10:01Z" />
   <badge tag="candidates" msg="nearby L(28.52599, 83.90723)" gpsTime="2016-10-18T12:10:03Z" />
   <badge tag="candidates" msg="nearby L(28.52647, 83.90732)" gpsTime="2016-10-18T12:10:03Z" />
   <badge tag="candidates" msg="nearby L(28.52599, 83.90723)" gpsTime="2016-10-18T12:10:06Z" />
   <badge tag="candidates" msg="nearby L(28.52647, 83.90732)" gpsTime="2016-10-18T12:10:06Z" />
   <badge tag="candidates" msg="nearby L(28.52599, 83.90723)" gpsTime="2016-10-18T12:10:08Z" />
   <badge tag="candidates" msg="nearby L(28.52647, 83.90732)" gpsTime="2016-10-18T12:10:08Z" />
   <badge tag="candidates" msg="nearby L(28.52599, 83.90723)" gpsTime="2016-10-18T12:10:10Z" />
   <badge tag="candidates" msg="nearby L(28.52647, 83.90732)" gpsTime="2016-10-18T12:10:10Z" />
   <badge tag="candidates" msg="nearby L(28.52599, 83.90723)" gpsTime="2016-10-18T12:10:12Z" />
   <badge tag="candidates" msg="nearby L(28.52647, 83.90732)" gpsTime="2016-10-18T12:10:12Z" />
   <badge tag="candidates" msg="nearby L(28.52599, 83.90723)" gpsTime="2016-10-18T12:10:14Z" />
   <badge tag="candidates" msg="nearby L(28.52647, 83.90732)" gpsTime="2016-10-18T12:10:14Z" />
   <badge tag="candidates" msg="nearby L(28.52599, 83.90723)" gpsTime="2016-10-18T12:10:16Z" />
   <badge tag="candidates" msg="nearby L(28.52647, 83.90732)" gpsTime="2016-10-18T12:10:16Z" />
   <badge tag="candidates" msg="nearby L(28.52599, 83.90723)" gpsTime="2016-10-18T12:10:19Z" />
   <badge tag="candidates" msg="nearby L(28.52647, 83.90732)" gpsTime="2016-10-18T12:10:19Z" />
   <badge tag="candidates" msg="nearby L(28.52599, 83.90723)" gpsTime="2016-10-18T12:10:21Z" />
   <badge tag="candidates" msg="nearby L(28.52647, 83.90732)" gpsTime="2016-10-18T12:10:21Z" />
   <badge tag="candidates" msg="nearby L(28.52599, 83.90723)" gpsTime="2016-10-18T12:10:23Z" />
   <badge tag="candidates" msg="nearby L(28.52647, 83.90732)" gpsTime="2016-10-18T12:10:23Z" />
   <badge tag="candidates" msg="nearby L(28.52599, 83.90723)" gpsTime="2016-10-18T12:10:25Z" />
   <badge tag="candidates" msg="nearby L(28.52647, 83.90732)" gpsTime="2016-10-18T12:10:25Z" />
   <badge tag="candidates" msg="nearby L(28.52599, 83.90723)" gpsTime="2016-10-18T12:10:27Z" />
   <badge tag="candidates" msg="nearby L(28.52647, 83.90732)" gpsTime="2016-10-18T12:10:27Z" />
   <badge tag="candidates" msg="nearby L(28.52599, 83.90723)" gpsTime="2016-10-18T12:10:29Z" />
   <badge tag="candidates" msg="nearby L(28.52647, 83.90732)" gpsTime="2016-10-18T12:10:29Z" />
   <badge tag="candidates" msg="nearby L(28.52599, 83.90723)" gpsTime="2016-10-18T12:10:31Z" />
   <badge tag="candidates" msg="nearby L(28.52647, 83.90732)" gpsTime="2016-10-18T12:10:31Z" />
   <badge tag="candidates" msg="nearby L(28.52599, 83.90723)" gpsTime="2016-10-18T12:10:34Z" />
   <badge tag="candidates" msg="nearby L(28.52647, 83.90732)" gpsTime="2016-10-18T12:10:34Z" />
   <badge tag="candidates" msg="nearby L(28.52599, 83.90723)" gpsTime="2016-10-18T12:10:36Z" />
   <badge tag="candidates" msg="nearby L(28.52647, 83.90732)" gpsTime="2016-10-18T12:10:36Z" />
   <badge tag="candidates" msg="nearby L(28.52599, 83.90723)" gpsTime="2016-10-18T12:10:38Z" />
   <badge tag="candidates" msg="nearby L(28.52647, 83.90732)" gpsTime="2016-10-18T12:10:38Z" />
   <badge tag="candidates" msg="nearby L(28.52599, 83.90723)" gpsTime="2016-10-18T12:10:40Z" />
   <badge tag="candidates" msg="nearby L(28.52647, 83.90732)" gpsTime="2016-10-18T12:10:40Z" />
   <badge tag="candidates" msg="nearby L(28.52599, 83.90723)" gpsTime="2016-10-18T12:10:42Z" />
   <badge tag="candidates" msg="nearby L(28.52647, 83.90732)" gpsTime="2016-10-18T12:10:42Z" />
   <badge tag="candidates" msg="nearby L(28.52599, 83.90723)" gpsTime="2016-10-18T12:10:44Z" />
   <badge tag="candidates" msg="nearby L(28.52647, 83.90732)" gpsTime="2016-10-18T12:10:44Z" />
   <badge tag="candidates" msg="nearby L(28.52599, 83.90723)" gpsTime="2016-10-18T12:10:46Z" />
   <badge tag="candidates" msg="nearby L(28.52647, 83.90732)" gpsTime="2016-10-18T12:10:46Z" />
   <badge tag="candidates" msg="nearby L(28.52599, 83.90723)" gpsTime="2016-10-18T12:10:49Z" />
   <badge tag="candidates" msg="nearby L(28.52647, 83.90732)" gpsTime="2016-10-18T12:10:49Z" />
   <badge tag="candidates" msg="nearby L(28.52599, 83.90723)" gpsTime="2016-10-18T12:10:51Z" />
   <badge tag="candidates" msg="nearby L(28.52647, 83.90732)" gpsTime="2016-10-18T12:10:51Z" />
   <badge tag="candidates" msg="nearby L(28.52599, 83.90723)" gpsTime="2016-10-18T12:10:53Z" />
   <badge tag="candidates" msg="nearby L(28.52647, 83.90732)" gpsTime="2016-10-18T12:10:53Z" />
   <badge tag="candidates" msg="nearby L(28.52599, 83.90723)" gpsTime="2016-10-18T12:10:55Z" />
   <badge tag="candidates" msg="nearby L(28.52647, 83.90732)" gpsTime="2016-10-18T12:10:55Z" />
   <badge tag="candidates" msg="nearby L(28.52599, 83.90723)" gpsTime="2016-10-18T12:10:57Z" />
   <badge tag="candidates" msg="nearby L(28.52647, 83.90732)" gpsTime="2016-10-18T12:10:57Z" />
   <badge tag="candidates" msg="nearby L(28.52599, 83.90723)" gpsTime="2016-10-18T12:10:59Z" />
   <badge tag="candidates" msg="nearby L(28.52647, 83.90732)" gpsTime="2016-10-18T12:10:59Z" />
   <badge tag="candidates" msg="nearby L(28.52599, 83.90723)" gpsTime="2016-10-18T12:11:01Z" />
   <badge tag="candidates" msg="nearby L(28.52647, 83.90732)" gpsTime="2016-10-18T12:11:01Z" />
   <badge tag="candidates" msg="nearby L(28.52599, 83.90723)" gpsTime="2016-10-18T12:11:03Z" />
   <badge tag="candidates" msg="nearby L(28.52647, 83.90732)" gpsTime="2016-10-18T12:11:03Z" />
   <badge tag="candidates" msg="nearby L(28.52599, 83.90723)" gpsTime="2016-10-18T12:11:05Z" />
   <badge tag="candidates" msg="nearby L(28.52647, 83.90732)" gpsTime="2016-10-18T12:11:05Z" />
   <badge tag="candidates" msg="nearby L(28.52599, 83.90723)" gpsTime="2016-10-18T12:11:08Z" />
   <badge tag="candidates" msg="nearby L(28.52647, 83.90732)" gpsTime="2016-10-18T12:11:08Z" />
   <badge tag="candidates" msg="nearby L(28.52599, 83.90723)" gpsTime="2016-10-18T12:11:10Z" />
   <badge tag="candidates" msg="nearby L(28.52647, 83.90732)" gpsTime="2016-10-18T12:11:10Z" />
   <badge tag="candidates" msg="nearby L(28.52599, 83.90723)" gpsTime="2016-10-18T12:11:12Z" />
   <badge tag="candidates" msg="nearby L(28.52647, 83.90732)" gpsTime="2016-10-18T12:11:12Z" />
   <badge tag="candidates" msg="nearby L(28.52599, 83.90723)" gpsTime="2016-10-18T12:11:14Z" />
   <badge tag="candidates" msg="nearby L(28.52647, 83.90732)" gpsTime="2016-10-18T12:11:14Z" />
   <badge tag="candidates" msg="nearby L(28.52599, 83.90723)" gpsTime="2016-10-18T12:11:16Z" />
   <badge tag="candidates" msg="nearby L(28.52647, 83.90732)" gpsTime="2016-10-18T12:11:16Z" />
   <badge tag="candidates" msg="nearby L(28.52599, 83.90723)" gpsTime="2016-10-18T12:11:19Z" />
   <badge tag="candidates" msg="nearby L(28.52647, 83.90732)" gpsTime="2016-10-18T12:11:19Z" />
   <badge tag="candidates" msg="nearby L(28.52599, 83.90723)" gpsTime="2016-10-18T12:11:21Z" />
   <badge tag="candidates" msg="nearby L(28.52647, 83.90732)" gpsTime="2016-10-18T12:11:21Z" />
   <badge tag="candidates" msg="nearby L(28.52599, 83.90723)" gpsTime="2016-10-18T12:11:23Z" />
   <badge tag="candidates" msg="nearby L(28.52647, 83.90732)" gpsTime="2016-10-18T12:11:23Z" />
   <badge tag="candidates" msg="nearby L(28.52599, 83.90723)" gpsTime="2016-10-18T12:11:25Z" />
   <badge tag="candidates" msg="nearby L(28.52647, 83.90732)" gpsTime="2016-10-18T12:11:25Z" />
   <badge tag="candidates" msg="nearby L(28.52599, 83.90723)" gpsTime="2016-10-18T12:11:27Z" />
   <badge tag="candidates" msg="nearby L(28.52647, 83.90732)" gpsTime="2016-10-18T12:11:27Z" />
   <badge tag="candidates" msg="nearby L(28.52599, 83.90723)" gpsTime="2016-10-18T12:11:29Z" />
   <badge tag="candidates" msg="nearby L(28.52647, 83.90732)" gpsTime="2016-10-18T12:11:29Z" />
   <badge tag="candidates" msg="nearby L(28.52599, 83.90723)" gpsTime="2016-10-18T12:11:31Z" />
   <badge tag="candidates" msg="nearby L(28.52647, 83.90732)" gpsTime="2016-10-18T12:11:31Z" />
   <badge tag="candidates" msg="nearby L(28.52599, 83.90723)" gpsTime="2016-10-18T12:11:34Z" />
   <badge tag="candidates" msg="nearby L(28.52647, 83.90732)" gpsTime="2016-10-18T12:11:34Z" />
   <badge tag="candidates" msg="nearby L(28.52599, 83.90723)" gpsTime="2016-10-18T12:11:36Z" />
   <badge tag="candidates" msg="nearby L(28.52647, 83.90732)" gpsTime="2016-10-18T12:11:36Z" />
   <badge tag="candidates" msg="nearby L(28.52599, 83.90723)" gpsTime="2016-10-18T12:11:38Z" />
   <badge tag="candidates" msg="nearby L(28.52647, 83.90732)" gpsTime="2016-10-18T12:11:38Z" />
   <badge tag="candidates" msg="nearby L(28.52599, 83.90723)" gpsTime="2016-10-18T12:11:40Z" />
   <badge tag="candidates" msg="nearby L(28.52647, 83.90732)" gpsTime="2016-10-18T12:11:40Z" />
   <badge tag="candidates" msg="nearby L(28.52599, 83.90723)" gpsTime="2016-10-18T12:11:42Z" />
   <badge tag="candidates" msg="nearby L(28.52647, 83.90732)" gpsTime="2016-10-18T12:11:42Z" />
   <badge tag="candidates" msg="nearby L(28.52599, 83.90723)" gpsTime="2016-10-18T12:11:44Z" />
   <badge tag="candidates" msg="nearby L(28.52647, 83.90732)" gpsTime="2016-10-18T12:11:44Z" />
   <badge tag="candidates" msg="nearby L(28.52599, 83.90723)" gpsTime="2016-10-18T12:11:46Z" />
   <badge tag="candidates" msg="nearby L(28.52647, 83.90732)" gpsTime="2016-10-18T12:11:46Z" />
   <badge tag="candidates" msg="nearby L(28.52599, 83.90723)" gpsTime="2016-10-18T12:11:48Z" />
   <badge tag="candidates" msg="nearby L(28.52647, 83.90732)" gpsTime="2016-10-18T12:11:48Z" />
   <badge tag="candidates" msg="nearby L(28.52599, 83.90723)" gpsTime="2016-10-18T12:11:51Z" />
   <badge tag="candidates" msg="nearby L(28.52647, 83.90732)" gpsTime="2016-10-18T12:11:51Z" />
   <badge tag="candidates" msg="nearby L(28.52599, 83.90723)" gpsTime="2016-10-18T12:11:53Z" />
   <badge tag="candidates" msg="nearby L(28.52647, 83.90732)" gpsTime="2016-10-18T12:11:53Z" />
   <badge tag="candidates" msg="nearby L(28.52599, 83.90723)" gpsTime="2016-10-18T12:11:55Z" />
   <badge tag="candidates" msg="nearby L(28.52647, 83.90732)" gpsTime="2016-10-18T12:11:55Z" />
   <badge tag="candidates" msg="nearby L(28.52599, 83.90723)" gpsTime="2016-10-18T12:11:57Z" />
   <badge tag="candidates" msg="nearby L(28.52647, 83.90732)" gpsTime="2016-10-18T12:11:57Z" />
   <badge tag="candidates" msg="nearby L(28.52599, 83.90723)" gpsTime="2016-10-18T12:11:59Z" />
   <badge tag="candidates" msg="nearby L(28.52647, 83.90732)" gpsTime="2016-10-18T12:11:59Z" />
   <badge tag="candidates" msg="nearby L(28.52599, 83.90723)" gpsTime="2016-10-18T12:12:01Z" />
   <badge tag="candidates" msg="nearby L(28.52647, 83.90732)" gpsTime="2016-10-18T12:12:01Z" />
   <badge tag="candidates" msg="nearby L(28.52599, 83.90723)" gpsTime="2016-10-18T12:12:03Z" />
   <badge tag="candidates" msg="nearby L(28.52647, 83.90732)" gpsTime="2016-10-18T12:12:03Z" />
   <badge tag="candidates" msg="nearby L(28.52599, 83.90723)" gpsTime="2016-10-18T12:12:06Z" />
   <badge tag="candidates" msg="nearby L(28.52647, 83.90732)" gpsTime="2016-10-18T12:12:06Z" />
   <badge tag="candidates" msg="nearby L(28.52599, 83.90723)" gpsTime="2016-10-18T12:12:08Z" />
   <badge tag="candidates" msg="nearby L(28.52647, 83.90732)" gpsTime="2016-10-18T12:12:08Z" />
   <badge tag="candidates" msg="nearby L(28.52599, 83.90723)" gpsTime="2016-10-18T12:12:10Z" />
   <badge tag="candidates" msg="nearby L(28.52647, 83.90732)" gpsTime="2016-10-18T12:12:10Z" />
   <badge tag="candidates" msg="nearby L(28.52599, 83.90723)" gpsTime="2016-10-18T12:12:12Z" />
   <badge tag="candidates" msg="nearby L(28.52647, 83.90732)" gpsTime="2016-10-18T12:12:12Z" />
   <badge tag="candidates" msg="nearby L(28.52599, 83.90723)" gpsTime="2016-10-18T12:12:14Z" />
   <badge tag="candidates" msg="nearby L(28.52646, 83.90732)" gpsTime="2016-10-18T12:12:14Z" />
   <badge tag="candidates" msg="nearby L(28.52599, 83.90723)" gpsTime="2016-10-18T12:12:16Z" />
   <badge tag="candidates" msg="nearby L(28.52646, 83.90732)" gpsTime="2016-10-18T12:12:16Z" />
   <badge tag="candidates" msg="nearby L(28.52599, 83.90723)" gpsTime="2016-10-18T12:12:18Z" />
   <badge tag="candidates" msg="nearby L(28.52646, 83.90732)" gpsTime="2016-10-18T12:12:18Z" />
   <badge tag="candidates" msg="nearby L(28.52599, 83.90723)" gpsTime="2016-10-18T12:12:20Z" />
   <badge tag="candidates" msg="nearby L(28.52646, 83.90732)" gpsTime="2016-10-18T12:12:20Z" />
   <badge tag="candidates" msg="nearby L(28.52599, 83.90723)" gpsTime="2016-10-18T12:12:22Z" />
   <badge tag="candidates" msg="nearby L(28.52646, 83.90733)" gpsTime="2016-10-18T12:12:22Z" />
   <badge tag="candidates" msg="nearby L(28.52599, 83.90723)" gpsTime="2016-10-18T12:12:25Z" />
   <badge tag="candidates" msg="nearby L(28.52646, 83.90733)" gpsTime="2016-10-18T12:12:25Z" />
   <badge tag="candidates" msg="nearby L(28.52599, 83.90723)" gpsTime="2016-10-18T12:12:27Z" />
   <badge tag="candidates" msg="nearby L(28.52647, 83.90732)" gpsTime="2016-10-18T12:12:27Z" />
   <badge tag="candidates" msg="nearby L(28.52599, 83.90723)" gpsTime="2016-10-18T12:12:29Z" />
   <badge tag="candidates" msg="nearby L(28.52648, 83.90733)" gpsTime="2016-10-18T12:12:29Z" />
   <badge tag="candidates" msg="nearby L(28.52600, 83.90724)" gpsTime="2016-10-18T12:12:31Z" />
   <badge tag="candidates" msg="nearby L(28.52649, 83.90734)" gpsTime="2016-10-18T12:12:31Z" />
   <badge tag="candidates" msg="nearby L(28.52600, 83.90724)" gpsTime="2016-10-18T12:12:33Z" />
   <badge tag="candidates" msg="nearby L(28.52650, 83.90734)" gpsTime="2016-10-18T12:12:33Z" />
   <badge tag="candidates" msg="nearby L(28.52600, 83.90724)" gpsTime="2016-10-18T12:12:35Z" />
   <badge tag="candidates" msg="nearby L(28.52651, 83.90735)" gpsTime="2016-10-18T12:12:35Z" />
   <badge tag="candidates" msg="nearby L(28.52601, 83.90724)" gpsTime="2016-10-18T12:12:37Z" />
   <badge tag="candidates" msg="nearby L(28.52653, 83.90734)" gpsTime="2016-10-18T12:12:37Z" />
   <badge tag="candidates" msg="nearby L(28.52602, 83.90724)" gpsTime="2016-10-18T12:12:39Z" />
   <badge tag="candidates" msg="nearby L(28.52655, 83.90735)" gpsTime="2016-10-18T12:12:39Z" />
   <badge tag="candidates" msg="nearby L(28.52602, 83.90724)" gpsTime="2016-10-18T12:12:41Z" />
   <badge tag="candidates" msg="nearby L(28.52629, 83.90730)" gpsTime="2016-10-18T12:12:41Z" />
   <badge tag="candidates" msg="nearby L(28.52656, 83.90736)" gpsTime="2016-10-18T12:12:41Z" />
   <badge tag="candidates" msg="nearby L(28.52602, 83.90725)" gpsTime="2016-10-18T12:12:43Z" />
   <badge tag="candidates" msg="nearby L(28.52629, 83.90731)" gpsTime="2016-10-18T12:12:43Z" />
   <badge tag="candidates" msg="nearby L(28.52657, 83.90737)" gpsTime="2016-10-18T12:12:43Z" />
   <badge tag="candidates" msg="nearby L(28.52602, 83.90725)" gpsTime="2016-10-18T12:12:45Z" />
   <badge tag="candidates" msg="nearby L(28.52629, 83.90731)" gpsTime="2016-10-18T12:12:45Z" />
   <badge tag="candidates" msg="nearby L(28.52657, 83.90737)" gpsTime="2016-10-18T12:12:45Z" />
   <badge tag="candidates" msg="nearby L(28.52602, 83.90725)" gpsTime="2016-10-18T12:12:47Z" />
   <badge tag="candidates" msg="nearby L(28.52629, 83.90731)" gpsTime="2016-10-18T12:12:47Z" />
   <badge tag="candidates" msg="nearby L(28.52657, 83.90737)" gpsTime="2016-10-18T12:12:47Z" />
   <badge tag="candidates" msg="nearby L(28.52602, 83.90725)" gpsTime="2016-10-18T12:12:49Z" />
   <badge tag="candidates" msg="nearby L(28.52629, 83.90731)" gpsTime="2016-10-18T12:12:49Z" />
   <badge tag="candidates" msg="nearby L(28.52657, 83.90737)" gpsTime="2016-10-18T12:12:49Z" />
   <badge tag="candidates" msg="nearby L(28.52602, 83.90725)" gpsTime="2016-10-18T12:12:51Z" />
   <badge tag="candidates" msg="nearby L(28.52629, 83.90731)" gpsTime="2016-10-18T12:12:51Z" />
   <badge tag="candidates" msg="nearby L(28.52657, 83.90737)" gpsTime="2016-10-18T12:12:51Z" />
   <badge tag="candidates" msg="nearby L(28.52602, 83.90725)" gpsTime="2016-10-18T12:12:54Z" />
   <badge tag="candidates" msg="nearby L(28.52629, 83.90731)" gpsTime="2016-10-18T12:12:54Z" />
   <badge tag="candidates" msg="nearby L(28.52657, 83.90737)" gpsTime="2016-10-18T12:12:54Z" />
   <badge tag="candidates" msg="nearby L(28.52602, 83.90725)" gpsTime="2016-10-18T12:12:56Z" />
   <badge tag="candidates" msg="nearby L(28.52629, 83.90731)" gpsTime="2016-10-18T12:12:56Z" />
   <badge tag="candidates" msg="nearby L(28.52657, 83.90737)" gpsTime="2016-10-18T12:12:56Z" />
   <badge tag="candidates" msg="nearby L(28.52602, 83.90725)" gpsTime="2016-10-18T12:12:58Z" />
   <badge tag="candidates" msg="nearby L(28.52629, 83.90731)" gpsTime="2016-10-18T12:12:58Z" />
   <badge tag="candidates" msg="nearby L(28.52655, 83.90738)" gpsTime="2016-10-18T12:12:58Z" />
   <badge tag="candidates" msg="nearby L(28.52602, 83.90725)" gpsTime="2016-10-18T12:13:00Z" />
   <badge tag="candidates" msg="nearby L(28.52629, 83.90731)" gpsTime="2016-10-18T12:13:00Z" />
   <badge tag="candidates" msg="nearby L(28.52655, 83.90738)" gpsTime="2016-10-18T12:13:00Z" />
   <badge tag="candidates" msg="nearby L(28.52602, 83.90725)" gpsTime="2016-10-18T12:13:02Z" />
   <badge tag="candidates" msg="nearby L(28.52629, 83.90731)" gpsTime="2016-10-18T12:13:02Z" />
   <badge tag="candidates" msg="nearby L(28.52655, 83.90738)" gpsTime="2016-10-18T12:13:02Z" />
   <badge tag="candidates" msg="nearby L(28.52602, 83.90725)" gpsTime="2016-10-18T12:13:04Z" />
   <badge tag="candidates" msg="nearby L(28.52629, 83.90731)" gpsTime="2016-10-18T12:13:04Z" />
   <badge tag="candidates" msg="nearby L(28.52655, 83.90738)" gpsTime="2016-10-18T12:13:04Z" />
   <badge tag="candidates" msg="nearby L(28.52602, 83.90725)" gpsTime="2016-10-18T12:13:06Z" />
   <badge tag="candidates" msg="nearby L(28.52629, 83.90731)" gpsTime="2016-10-18T12:13:06Z" />
   <badge tag="candidates" msg="nearby L(28.52655, 83.90738)" gpsTime="2016-10-18T12:13:06Z" />
   <badge tag="candidates" msg="nearby L(28.52602, 83.90725)" gpsTime="2016-10-18T12:13:08Z" />
   <badge tag="candidates" msg="nearby L(28.52629, 83.90731)" gpsTime="2016-10-18T12:13:08Z" />
   <badge tag="candidates" msg="nearby L(28.52655, 83.90738)" gpsTime="2016-10-18T12:13:08Z" />
   <badge tag="candidates" msg="nearby L(28.52602, 83.90725)" gpsTime="2016-10-18T12:13:10Z" />
   <badge tag="candidates" msg="nearby L(28.52629, 83.90731)" gpsTime="2016-10-18T12:13:10Z" />
   <badge tag="candidates" msg="nearby L(28.52655, 83.90738)" gpsTime="2016-10-18T12:13:10Z" />
   <badge tag="candidates" msg="nearby L(28.52602, 83.90725)" gpsTime="2016-10-18T12:13:13Z" />
   <badge tag="candidates" msg="nearby L(28.52629, 83.90731)" gpsTime="2016-10-18T12:13:13Z" />
   <badge tag="candidates" msg="nearby L(28.52655, 83.90738)" gpsTime="2016-10-18T12:13:13Z" />
   <badge tag="candidates" msg="nearby L(28.52602, 83.90725)" gpsTime="2016-10-18T12:13:15Z" />
   <badge tag="candidates" msg="nearby L(28.52629, 83.90731)" gpsTime="2016-10-18T12:13:15Z" />
   <badge tag="candidates" msg="nearby L(28.52655, 83.90738)" gpsTime="2016-10-18T12:13:15Z" />
   <badge tag="candidates" msg="nearby L(28.52602, 83.90725)" gpsTime="2016-10-18T12:13:17Z" />
   <badge tag="candidates" msg="nearby L(28.52629, 83.90731)" gpsTime="2016-10-18T12:13:17Z" />
   <badge tag="candidates" msg="nearby L(28.52655, 83.90738)" gpsTime="2016-10-18T12:13:17Z" />
   <badge tag="candidates" msg="nearby L(28.52602, 83.90725)" gpsTime="2016-10-18T12:13:19Z" />
   <badge tag="candidates" msg="nearby L(28.52629, 83.90731)" gpsTime="2016-10-18T12:13:19Z" />
   <badge tag="candidates" msg="nearby L(28.52655, 83.90738)" gpsTime="2016-10-18T12:13:19Z" />
   <badge tag="candidates" msg="nearby L(28.52602, 83.90725)" gpsTime="2016-10-18T12:13:21Z" />
   <badge tag="candidates" msg="nearby L(28.52629, 83.90731)" gpsTime="2016-10-18T12:13:21Z" />
   <badge tag="candidates" msg="nearby L(28.52655, 83.90738)" gpsTime="2016-10-18T12:13:21Z" />
   <badge tag="candidates" msg="nearby L(28.52602, 83.90725)" gpsTime="2016-10-18T12:13:23Z" />
   <badge tag="candidates" msg="nearby L(28.52628, 83.90731)" gpsTime="2016-10-18T12:13:23Z" />
   <badge tag="candidates" msg="nearby L(28.52655, 83.90737)" gpsTime="2016-10-18T12:13:23Z" />
   <badge tag="candidates" msg="nearby L(28.52602, 83.90725)" gpsTime="2016-10-18T12:13:25Z" />
   <badge tag="candidates" msg="nearby L(28.52628, 83.90731)" gpsTime="2016-10-18T12:13:25Z" />
   <badge tag="candidates" msg="nearby L(28.52655, 83.90737)" gpsTime="2016-10-18T12:13:25Z" />
   <badge tag="candidates" msg="nearby L(28.52601, 83.90725)" gpsTime="2016-10-18T12:13:28Z" />
   <badge tag="candidates" msg="nearby L(28.52654, 83.90736)" gpsTime="2016-10-18T12:13:28Z" />
   <badge tag="candidates" msg="nearby L(28.52600, 83.90724)" gpsTime="2016-10-18T12:13:30Z" />
   <badge tag="candidates" msg="nearby L(28.52651, 83.90736)" gpsTime="2016-10-18T12:13:30Z" />
   <badge tag="candidates" msg="nearby L(28.52600, 83.90724)" gpsTime="2016-10-18T12:13:32Z" />
   <badge tag="candidates" msg="nearby L(28.52649, 83.90736)" gpsTime="2016-10-18T12:13:32Z" />
   <badge tag="candidates" msg="nearby L(28.52599, 83.90725)" gpsTime="2016-10-18T12:13:34Z" />
   <badge tag="candidates" msg="nearby L(28.52647, 83.90737)" gpsTime="2016-10-18T12:13:34Z" />
   <badge tag="candidates" msg="nearby L(28.52598, 83.90725)" gpsTime="2016-10-18T12:13:36Z" />
   <badge tag="candidates" msg="nearby L(28.52645, 83.90737)" gpsTime="2016-10-18T12:13:36Z" />
   <badge tag="candidates" msg="nearby L(28.52598, 83.90725)" gpsTime="2016-10-18T12:13:38Z" />
   <badge tag="candidates" msg="nearby L(28.52643, 83.90738)" gpsTime="2016-10-18T12:13:38Z" />
   <badge tag="candidates" msg="nearby L(28.52598, 83.90725)" gpsTime="2016-10-18T12:13:41Z" />
   <badge tag="candidates" msg="nearby L(28.52643, 83.90738)" gpsTime="2016-10-18T12:13:41Z" />
   <badge tag="candidates" msg="nearby L(28.52598, 83.90725)" gpsTime="2016-10-18T12:13:43Z" />
   <badge tag="candidates" msg="nearby L(28.52643, 83.90738)" gpsTime="2016-10-18T12:13:43Z" />
   <badge tag="candidates" msg="nearby L(28.52598, 83.90725)" gpsTime="2016-10-18T12:13:45Z" />
   <badge tag="candidates" msg="nearby L(28.52643, 83.90738)" gpsTime="2016-10-18T12:13:45Z" />
   <badge tag="candidates" msg="nearby L(28.52598, 83.90725)" gpsTime="2016-10-18T12:13:47Z" />
   <badge tag="candidates" msg="nearby L(28.52643, 83.90738)" gpsTime="2016-10-18T12:13:47Z" />
   <badge tag="candidates" msg="nearby L(28.52598, 83.90725)" gpsTime="2016-10-18T12:13:49Z" />
   <badge tag="candidates" msg="nearby L(28.52643, 83.90738)" gpsTime="2016-10-18T12:13:49Z" />
   <badge tag="candidates" msg="nearby L(28.52598, 83.90725)" gpsTime="2016-10-18T12:13:51Z" />
   <badge tag="candidates" msg="nearby L(28.52642, 83.90738)" gpsTime="2016-10-18T12:13:51Z" />
   <badge tag="candidates" msg="nearby L(28.52598, 83.90725)" gpsTime="2016-10-18T12:13:53Z" />
   <badge tag="candidates" msg="nearby L(28.52642, 83.90738)" gpsTime="2016-10-18T12:13:53Z" />
   <badge tag="candidates" msg="nearby L(28.52598, 83.90725)" gpsTime="2016-10-18T12:13:55Z" />
   <badge tag="candidates" msg="nearby L(28.52642, 83.90738)" gpsTime="2016-10-18T12:13:55Z" />
   <badge tag="candidates" msg="nearby L(28.52598, 83.90725)" gpsTime="2016-10-18T12:13:57Z" />
   <badge tag="candidates" msg="nearby L(28.52642, 83.90738)" gpsTime="2016-10-18T12:13:57Z" />
   <badge tag="candidates" msg="nearby L(28.52598, 83.90725)" gpsTime="2016-10-18T12:13:59Z" />
   <badge tag="candidates" msg="nearby L(28.52643, 83.90738)" gpsTime="2016-10-18T12:13:59Z" />
   <badge tag="candidates" msg="nearby L(28.52598, 83.90725)" gpsTime="2016-10-18T12:14:02Z" />
   <badge tag="candidates" msg="nearby L(28.52643, 83.90738)" gpsTime="2016-10-18T12:14:02Z" />
   <badge tag="candidates" msg="nearby L(28.52598, 83.90725)" gpsTime="2016-10-18T12:14:04Z" />
   <badge tag="candidates" msg="nearby L(28.52643, 83.90738)" gpsTime="2016-10-18T12:14:04Z" />
   <badge tag="candidates" msg="nearby L(28.52598, 83.90725)" gpsTime="2016-10-18T12:14:06Z" />
   <badge tag="candidates" msg="nearby L(28.52643, 83.90738)" gpsTime="2016-10-18T12:14:06Z" />
   <badge tag="candidates" msg="nearby L(28.52598, 83.90725)" gpsTime="2016-10-18T12:14:08Z" />
   <badge tag="candidates" msg="nearby L(28.52643, 83.90738)" gpsTime="2016-10-18T12:14:08Z" />
   <badge tag="candidates" msg="nearby L(28.52598, 83.90725)" gpsTime="2016-10-18T12:14:10Z" />
   <badge tag="candidates" msg="nearby L(28.52643, 83.90738)" gpsTime="2016-10-18T12:14:10Z" />
   <badge tag="candidates" msg="nearby L(28.52598, 83.90725)" gpsTime="2016-10-18T12:14:12Z" />
   <badge tag="candidates" msg="nearby L(28.52643, 83.90738)" gpsTime="2016-10-18T12:14:12Z" />
   <badge tag="candidates" msg="nearby L(28.52598, 83.90725)" gpsTime="2016-10-18T12:14:14Z" />
   <badge tag="candidates" msg="nearby L(28.52643, 83.90738)" gpsTime="2016-10-18T12:14:14Z" />
   <badge tag="candidates" msg="nearby L(28.52598, 83.90725)" gpsTime="2016-10-18T12:14:16Z" />
   <badge tag="candidates" msg="nearby L(28.52643, 83.90738)" gpsTime="2016-10-18T12:14:16Z" />
   <badge tag="candidates" msg="nearby L(28.52598, 83.90725)" gpsTime="2016-10-18T12:14:18Z" />
   <badge tag="candidates" msg="nearby L(28.52644, 83.90738)" gpsTime="2016-10-18T12:14:18Z" />
   <badge tag="candidates" msg="nearby L(28.52598, 83.90725)" gpsTime="2016-10-18T12:14:20Z" />
   <badge tag="candidates" msg="nearby L(28.52645, 83.90738)" gpsTime="2016-10-18T12:14:20Z" />
   <badge tag="candidates" msg="nearby L(28.52599, 83.90725)" gpsTime="2016-10-18T12:14:23Z" />
   <badge tag="candidates" msg="nearby L(28.52646, 83.90739)" gpsTime="2016-10-18T12:14:23Z" />
   <badge tag="candidates" msg="nearby L(28.52599, 83.90725)" gpsTime="2016-10-18T12:14:25Z" />
   <badge tag="candidates" msg="nearby L(28.52647, 83.90738)" gpsTime="2016-10-18T12:14:25Z" />
   <badge tag="candidates" msg="nearby L(28.52600, 83.90725)" gpsTime="2016-10-18T12:14:27Z" />
   <badge tag="candidates" msg="nearby L(28.52650, 83.90738)" gpsTime="2016-10-18T12:14:27Z" />
   <badge tag="candidates" msg="nearby L(28.52601, 83.90725)" gpsTime="2016-10-18T12:14:29Z" />
   <badge tag="candidates" msg="nearby L(28.52651, 83.90738)" gpsTime="2016-10-18T12:14:29Z" />
   <badge tag="candidates" msg="nearby L(28.52601, 83.90725)" gpsTime="2016-10-18T12:14:31Z" />
   <badge tag="candidates" msg="nearby L(28.52652, 83.90738)" gpsTime="2016-10-18T12:14:31Z" />
   <badge tag="candidates" msg="nearby L(28.52601, 83.90725)" gpsTime="2016-10-18T12:14:33Z" />
   <badge tag="candidates" msg="nearby L(28.52653, 83.90738)" gpsTime="2016-10-18T12:14:33Z" />
   <badge tag="candidates" msg="nearby L(28.52602, 83.90725)" gpsTime="2016-10-18T12:14:35Z" />
   <badge tag="candidates" msg="nearby L(28.52628, 83.90732)" gpsTime="2016-10-18T12:14:35Z" />
   <badge tag="candidates" msg="nearby L(28.52655, 83.90739)" gpsTime="2016-10-18T12:14:35Z" />
   <badge tag="candidates" msg="nearby L(28.52602, 83.90726)" gpsTime="2016-10-18T12:14:37Z" />
   <badge tag="candidates" msg="nearby L(28.52629, 83.90733)" gpsTime="2016-10-18T12:14:37Z" />
   <badge tag="candidates" msg="nearby L(28.52655, 83.90740)" gpsTime="2016-10-18T12:14:37Z" />
   <badge tag="candidates" msg="nearby L(28.52602, 83.90726)" gpsTime="2016-10-18T12:14:39Z" />
   <badge tag="candidates" msg="nearby L(28.52629, 83.90733)" gpsTime="2016-10-18T12:14:39Z" />
   <badge tag="candidates" msg="nearby L(28.52656, 83.90741)" gpsTime="2016-10-18T12:14:39Z" />
   <badge tag="candidates" msg="nearby L(28.52602, 83.90726)" gpsTime="2016-10-18T12:14:42Z" />
   <badge tag="candidates" msg="nearby L(28.52629, 83.90734)" gpsTime="2016-10-18T12:14:42Z" />
   <badge tag="candidates" msg="nearby L(28.52656, 83.90742)" gpsTime="2016-10-18T12:14:42Z" />
   <badge tag="candidates" msg="nearby L(28.52603, 83.90727)" gpsTime="2016-10-18T12:14:44Z" />
   <badge tag="candidates" msg="nearby L(28.52630, 83.90735)" gpsTime="2016-10-18T12:14:44Z" />
   <badge tag="candidates" msg="nearby L(28.52657, 83.90743)" gpsTime="2016-10-18T12:14:44Z" />
   <badge tag="candidates" msg="nearby L(28.52603, 83.90727)" gpsTime="2016-10-18T12:14:46Z" />
   <badge tag="candidates" msg="nearby L(28.52630, 83.90735)" gpsTime="2016-10-18T12:14:46Z" />
   <badge tag="candidates" msg="nearby L(28.52658, 83.90743)" gpsTime="2016-10-18T12:14:46Z" />
   <badge tag="candidates" msg="nearby L(28.52603, 83.90727)" gpsTime="2016-10-18T12:14:48Z" />
   <badge tag="candidates" msg="nearby L(28.52631, 83.90735)" gpsTime="2016-10-18T12:14:48Z" />
   <badge tag="candidates" msg="nearby L(28.52658, 83.90744)" gpsTime="2016-10-18T12:14:48Z" />
   <badge tag="candidates" msg="nearby L(28.52603, 83.90727)" gpsTime="2016-10-18T12:14:50Z" />
   <badge tag="candidates" msg="nearby L(28.52631, 83.90736)" gpsTime="2016-10-18T12:14:50Z" />
   <badge tag="candidates" msg="nearby L(28.52659, 83.90744)" gpsTime="2016-10-18T12:14:50Z" />
   <badge tag="candidates" msg="nearby L(28.52603, 83.90727)" gpsTime="2016-10-18T12:14:52Z" />
   <badge tag="candidates" msg="nearby L(28.52631, 83.90736)" gpsTime="2016-10-18T12:14:52Z" />
   <badge tag="candidates" msg="nearby L(28.52659, 83.90745)" gpsTime="2016-10-18T12:14:52Z" />
   <badge tag="candidates" msg="nearby L(28.52603, 83.90727)" gpsTime="2016-10-18T12:14:55Z" />
   <badge tag="candidates" msg="nearby L(28.52631, 83.90736)" gpsTime="2016-10-18T12:14:55Z" />
   <badge tag="candidates" msg="nearby L(28.52659, 83.90745)" gpsTime="2016-10-18T12:14:55Z" />
   <badge tag="candidates" msg="nearby L(28.52603, 83.90727)" gpsTime="2016-10-18T12:14:57Z" />
   <badge tag="candidates" msg="nearby L(28.52631, 83.90736)" gpsTime="2016-10-18T12:14:57Z" />
   <badge tag="candidates" msg="nearby L(28.52659, 83.90745)" gpsTime="2016-10-18T12:14:57Z" />
   <badge tag="candidates" msg="nearby L(28.52603, 83.90727)" gpsTime="2016-10-18T12:14:59Z" />
   <badge tag="candidates" msg="nearby L(28.52631, 83.90736)" gpsTime="2016-10-18T12:14:59Z" />
   <badge tag="candidates" msg="nearby L(28.52659, 83.90745)" gpsTime="2016-10-18T12:14:59Z" />
   <badge tag="candidates" msg="nearby L(28.52603, 83.90727)" gpsTime="2016-10-18T12:15:01Z" />
   <badge tag="candidates" msg="nearby L(28.52631, 83.90736)" gpsTime="2016-10-18T12:15:01Z" />
   <badge tag="candidates" msg="nearby L(28.52659, 83.90745)" gpsTime="2016-10-18T12:15:01Z" />
   <badge tag="candidates" msg="nearby L(28.52603, 83.90727)" gpsTime="2016-10-18T12:15:03Z" />
   <badge tag="candidates" msg="nearby L(28.52631, 83.90736)" gpsTime="2016-10-18T12:15:03Z" />
   <badge tag="candidates" msg="nearby L(28.52659, 83.90745)" gpsTime="2016-10-18T12:15:03Z" />
   <badge tag="candidates" msg="nearby L(28.52603, 83.90727)" gpsTime="2016-10-18T12:15:05Z" />
   <badge tag="candidates" msg="nearby L(28.52631, 83.90736)" gpsTime="2016-10-18T12:15:05Z" />
   <badge tag="candidates" msg="nearby L(28.52659, 83.90745)" gpsTime="2016-10-18T12:15:05Z" />
   <badge tag="candidates" msg="nearby L(28.52603, 83.90727)" gpsTime="2016-10-18T12:15:07Z" />
   <badge tag="candidates" msg="nearby L(28.52631, 83.90736)" gpsTime="2016-10-18T12:15:07Z" />
   <badge tag="candidates" msg="nearby L(28.52659, 83.90745)" gpsTime="2016-10-18T12:15:07Z" />
   <badge tag="candidates" msg="nearby L(28.52603, 83.90727)" gpsTime="2016-10-18T12:15:09Z" />
   <badge tag="candidates" msg="nearby L(28.52631, 83.90736)" gpsTime="2016-10-18T12:15:09Z" />
   <badge tag="candidates" msg="nearby L(28.52659, 83.90745)" gpsTime="2016-10-18T12:15:09Z" />
   <badge tag="candidates" msg="nearby L(28.52603, 83.90727)" gpsTime="2016-10-18T12:15:12Z" />
   <badge tag="candidates" msg="nearby L(28.52631, 83.90736)" gpsTime="2016-10-18T12:15:12Z" />
   <badge tag="candidates" msg="nearby L(28.52659, 83.90745)" gpsTime="2016-10-18T12:15:12Z" />
   <badge tag="candidates" msg="nearby L(28.52603, 83.90727)" gpsTime="2016-10-18T12:15:14Z" />
   <badge tag="candidates" msg="nearby L(28.52631, 83.90736)" gpsTime="2016-10-18T12:15:14Z" />
   <badge tag="candidates" msg="nearby L(28.52659, 83.90745)" gpsTime="2016-10-18T12:15:14Z" />
   <badge tag="candidates" msg="nearby L(28.52603, 83.90727)" gpsTime="2016-10-18T12:15:16Z" />
   <badge tag="candidates" msg="nearby L(28.52631, 83.90736)" gpsTime="2016-10-18T12:15:16Z" />
   <badge tag="candidates" msg="nearby L(28.52659, 83.90745)" gpsTime="2016-10-18T12:15:16Z" />
   <badge tag="candidates" msg="nearby L(28.52603, 83.90727)" gpsTime="2016-10-18T12:15:18Z" />
   <badge tag="candidates" msg="nearby L(28.52631, 83.90736)" gpsTime="2016-10-18T12:15:18Z" />
   <badge tag="candidates" msg="nearby L(28.52659, 83.90745)" gpsTime="2016-10-18T12:15:18Z" />
   <badge tag="candidates" msg="nearby L(28.52603, 83.90727)" gpsTime="2016-10-18T12:15:20Z" />
   <badge tag="candidates" msg="nearby L(28.52631, 83.90736)" gpsTime="2016-10-18T12:15:20Z" />
   <badge tag="candidates" msg="nearby L(28.52659, 83.90745)" gpsTime="2016-10-18T12:15:20Z" />
   <badge tag="candidates" msg="nearby L(28.52603, 83.90727)" gpsTime="2016-10-18T12:15:22Z" />
   <badge tag="candidates" msg="nearby L(28.52631, 83.90736)" gpsTime="2016-10-18T12:15:22Z" />
   <badge tag="candidates" msg="nearby L(28.52659, 83.90745)" gpsTime="2016-10-18T12:15:22Z" />
   <badge tag="candidates" msg="nearby L(28.52603, 83.90728)" gpsTime="2016-10-18T12:15:24Z" />
   <badge tag="candidates" msg="nearby L(28.52631, 83.90737)" gpsTime="2016-10-18T12:15:24Z" />
   <badge tag="candidates" msg="nearby L(28.52659, 83.90747)" gpsTime="2016-10-18T12:15:24Z" />
   <badge tag="candidates" msg="nearby L(28.52603, 83.90728)" gpsTime="2016-10-18T12:15:27Z" />
   <badge tag="candidates" msg="nearby L(28.52631, 83.90738)" gpsTime="2016-10-18T12:15:27Z" />
   <badge tag="candidates" msg="nearby L(28.52660, 83.90747)" gpsTime="2016-10-18T12:15:27Z" />
   <badge tag="candidates" msg="nearby L(28.52603, 83.90729)" gpsTime="2016-10-18T12:15:29Z" />
   <badge tag="candidates" msg="nearby L(28.52632, 83.90739)" gpsTime="2016-10-18T12:15:29Z" />
   <badge tag="candidates" msg="nearby L(28.52660, 83.90749)" gpsTime="2016-10-18T12:15:29Z" />
   <badge tag="candidates" msg="nearby L(28.52673, 83.90763)" gpsTime="2016-10-18T12:33:39Z" />
   <badge tag="candidates" msg="nearby L(28.52682, 83.90732)" gpsTime="2016-10-18T12:58:11Z" />
   <badge tag="candidates" msg="nearby L(28.52698, 83.90705)" gpsTime="2016-10-18T12:59:13Z" />
   <badge tag="candidates" msg="nearby L(28.52696, 83.90673)" gpsTime="2016-10-18T12:59:51Z" />
   <badge tag="candidates" msg="nearby L(28.52694, 83.90641)" gpsTime="2016-10-18T13:00:46Z" />
   <badge tag="candidates" msg="nearby L(28.52694, 83.90634)" gpsTime="2016-10-18T13:02:27Z" />
   <badge tag="candidates" msg="nearby L(28.52695, 83.90634)" gpsTime="2016-10-18T13:02:29Z" />
   <badge tag="candidates" msg="nearby L(28.52695, 83.90634)" gpsTime="2016-10-18T13:02:31Z" />
   <badge tag="candidates" msg="nearby L(28.52695, 83.90634)" gpsTime="2016-10-18T13:02:33Z" />
   <badge tag="candidates" msg="nearby L(28.52694, 83.90633)" gpsTime="2016-10-18T13:02:36Z" />
   <badge tag="candidates" msg="nearby L(28.52694, 83.90632)" gpsTime="2016-10-18T13:02:38Z" />
   <badge tag="candidates" msg="nearby L(28.52694, 83.90632)" gpsTime="2016-10-18T13:02:40Z" />
   <badge tag="candidates" msg="nearby L(28.52694, 83.90632)" gpsTime="2016-10-18T13:02:42Z" />
   <badge tag="candidates" msg="nearby L(28.52694, 83.90631)" gpsTime="2016-10-18T13:02:44Z" />
   <badge tag="candidates" msg="nearby L(28.52694, 83.90631)" gpsTime="2016-10-18T13:02:47Z" />
   <badge tag="candidates" msg="nearby L(28.52694, 83.90630)" gpsTime="2016-10-18T13:02:49Z" />
   <badge tag="candidates" msg="nearby L(28.52694, 83.90630)" gpsTime="2016-10-18T13:02:51Z" />
   <badge tag="registration (offline)" msg="code -1" badgeId="21524102" badgeUser="F291188211BF24A4" badgeTime="2016-10-18T15:02:39Z" />
   <badge tag="candidates" msg="nearby L(28.53078, 83.87840)" gpsTime="2016-10-18T15:14:40Z" />
   <badge tag="candidates" msg="nearby L(28.53105, 83.87809)" gpsTime="2016-10-18T15:16:31Z" />
   <badge tag="candidates" msg="nearby L(28.53107, 83.87845)" gpsTime="2016-10-18T15:16:46Z" />
   <badge tag="candidates" msg="nearby L(28.53081, 83.87838)" gpsTime="2016-10-18T15:17:16Z" />
   <badge tag="candidates" msg="nearby L(28.53055, 83.87853)" gpsTime="2016-10-18T15:32:51Z" />
   <badge tag="candidates" msg="nearby L(28.53053, 83.87884)" gpsTime="2016-10-18T15:52:51Z" />
   <badge tag="candidates" msg="nearby L(28.53052, 83.87853)" gpsTime="2016-10-18T16:15:51Z" />
   <badge tag="candidates" msg="nearby L(28.53074, 83.87827)" gpsTime="2016-10-18T16:49:47Z" />
   <badge tag="candidates" msg="nearby L(28.53105, 83.87853)" gpsTime="2016-10-18T16:51:24Z" />
   <badge tag="candidates" msg="nearby L(28.53104, 83.87820)" gpsTime="2016-10-18T16:51:32Z" />
   <badge tag="candidates" msg="nearby L(28.53131, 83.87827)" gpsTime="2016-10-18T16:54:11Z" />
   <badge tag="candidates" msg="nearby L(28.53017, 83.87823)" gpsTime="2016-10-18T16:55:38Z" />
   <badge tag="candidates" msg="nearby L(28.53085, 83.87854)" gpsTime="2016-10-18T16:55:40Z" />
   <badge tag="candidates" msg="nearby L(28.53062, 83.87834)" gpsTime="2016-10-18T17:11:19Z" />
   <badge tag="candidates" msg="nearby L(28.53066, 83.87804)" gpsTime="2016-10-18T17:11:40Z" />
   <badge tag="candidates" msg="nearby L(28.53071, 83.87771)" gpsTime="2016-10-18T17:12:20Z" />
   <badge tag="candidates" msg="nearby L(28.53091, 83.87748)" gpsTime="2016-10-18T17:12:52Z" />
   <badge tag="candidates" msg="nearby L(28.53099, 83.87718)" gpsTime="2016-10-18T17:13:40Z" />
   <badge tag="candidates" msg="nearby L(28.53126, 83.87724)" gpsTime="2016-10-18T17:27:53Z" />
   <badge tag="candidates" msg="nearby L(28.53137, 83.87695)" gpsTime="2016-10-18T17:31:46Z" />
   <badge tag="candidates" msg="nearby L(28.53120, 83.87670)" gpsTime="2016-10-18T17:32:53Z" />
   <badge tag="candidates" msg="nearby L(28.53092, 83.87663)" gpsTime="2016-10-18T17:33:47Z" />
   <badge tag="candidates" msg="nearby L(28.53074, 83.87639)" gpsTime="2016-10-18T17:34:23Z" />
   <badge tag="candidates" msg="nearby L(28.53076, 83.87670)" gpsTime="2016-10-18T17:41:20Z" />
   <badge tag="candidates" msg="nearby L(28.53068, 83.87701)" gpsTime="2016-10-18T17:42:02Z" />
   <badge tag="candidates" msg="nearby L(28.53074, 83.87735)" gpsTime="2016-10-18T17:42:39Z" />
   <badge tag="candidates" msg="nearby L(28.53077, 83.87682)" gpsTime="2016-10-18T17:42:41Z" />
   <badge tag="candidates" msg="nearby L(28.53076, 83.87739)" gpsTime="2016-10-18T17:42:41Z" />
   <badge tag="candidates" msg="nearby L(28.53078, 83.87683)" gpsTime="2016-10-18T17:42:43Z" />
   <badge tag="candidates" msg="nearby L(28.53077, 83.87742)" gpsTime="2016-10-18T17:42:43Z" />
   <badge tag="candidates" msg="nearby L(28.53078, 83.87684)" gpsTime="2016-10-18T17:42:45Z" />
   <badge tag="candidates" msg="nearby L(28.53077, 83.87744)" gpsTime="2016-10-18T17:42:45Z" />
   <badge tag="candidates" msg="nearby L(28.53078, 83.87684)" gpsTime="2016-10-18T17:42:47Z" />
   <badge tag="candidates" msg="nearby L(28.53078, 83.87745)" gpsTime="2016-10-18T17:42:47Z" />
   <badge tag="candidates" msg="nearby L(28.53079, 83.87685)" gpsTime="2016-10-18T17:42:49Z" />
   <badge tag="candidates" msg="nearby L(28.53079, 83.87716)" gpsTime="2016-10-18T17:42:49Z" />
   <badge tag="candidates" msg="nearby L(28.53079, 83.87747)" gpsTime="2016-10-18T17:42:49Z" />
   <badge tag="candidates" msg="nearby L(28.53079, 83.87685)" gpsTime="2016-10-18T17:42:52Z" />
   <badge tag="candidates" msg="nearby L(28.53079, 83.87717)" gpsTime="2016-10-18T17:42:52Z" />
   <badge tag="candidates" msg="nearby L(28.53080, 83.87748)" gpsTime="2016-10-18T17:42:52Z" />
   <badge tag="candidates" msg="nearby L(28.53079, 83.87686)" gpsTime="2016-10-18T17:42:54Z" />
   <badge tag="candidates" msg="nearby L(28.53080, 83.87719)" gpsTime="2016-10-18T17:42:54Z" />
   <badge tag="candidates" msg="nearby L(28.53080, 83.87752)" gpsTime="2016-10-18T17:42:54Z" />
   <badge tag="candidates" msg="nearby L(28.53079, 83.87688)" gpsTime="2016-10-18T17:42:56Z" />
   <badge tag="candidates" msg="nearby L(28.53080, 83.87721)" gpsTime="2016-10-18T17:42:56Z" />
   <badge tag="candidates" msg="nearby L(28.53080, 83.87755)" gpsTime="2016-10-18T17:42:56Z" />
   <badge tag="candidates" msg="nearby L(28.53079, 83.87688)" gpsTime="2016-10-18T17:42:58Z" />
   <badge tag="candidates" msg="nearby L(28.53080, 83.87723)" gpsTime="2016-10-18T17:42:58Z" />
   <badge tag="candidates" msg="nearby L(28.53081, 83.87757)" gpsTime="2016-10-18T17:42:58Z" />
   <badge tag="candidates" msg="nearby L(28.53072, 83.87790)" gpsTime="2016-10-18T17:43:37Z" />
   <badge tag="candidates" msg="nearby L(28.53064, 83.87821)" gpsTime="2016-10-18T17:44:11Z" />
   <badge tag="candidates" msg="nearby L(28.53072, 83.87789)" gpsTime="2016-10-18T17:44:13Z" />
   <badge tag="candidates" msg="nearby L(28.53064, 83.87822)" gpsTime="2016-10-18T17:44:13Z" />
   <badge tag="candidates" msg="nearby L(28.53072, 83.87790)" gpsTime="2016-10-18T17:44:15Z" />
   <badge tag="candidates" msg="nearby L(28.53063, 83.87823)" gpsTime="2016-10-18T17:44:15Z" />
   <badge tag="candidates" msg="nearby L(28.53072, 83.87792)" gpsTime="2016-10-18T17:44:17Z" />
   <badge tag="candidates" msg="nearby L(28.53062, 83.87826)" gpsTime="2016-10-18T17:44:17Z" />
   <badge tag="candidates" msg="nearby L(28.53071, 83.87793)" gpsTime="2016-10-18T17:44:20Z" />
   <badge tag="candidates" msg="nearby L(28.53062, 83.87829)" gpsTime="2016-10-18T17:44:20Z" />
   <badge tag="candidates" msg="nearby L(28.53074, 83.87782)" gpsTime="2016-10-18T17:44:22Z" />
   <badge tag="candidates" msg="nearby L(28.53062, 83.87830)" gpsTime="2016-10-18T17:44:22Z" />
   <badge tag="candidates" msg="nearby L(28.53074, 83.87782)" gpsTime="2016-10-18T17:44:24Z" />
   <badge tag="candidates" msg="nearby L(28.53061, 83.87831)" gpsTime="2016-10-18T17:44:24Z" />
   <badge tag="candidates" msg="nearby L(28.53075, 83.87782)" gpsTime="2016-10-18T17:44:26Z" />
   <badge tag="candidates" msg="nearby L(28.53063, 83.87832)" gpsTime="2016-10-18T17:44:26Z" />
   <badge tag="candidates" msg="nearby L(28.53075, 83.87783)" gpsTime="2016-10-18T17:44:28Z" />
   <badge tag="candidates" msg="nearby L(28.53063, 83.87833)" gpsTime="2016-10-18T17:44:28Z" />
   <badge tag="candidates" msg="nearby L(28.53075, 83.87783)" gpsTime="2016-10-18T17:44:30Z" />
   <badge tag="candidates" msg="nearby L(28.53064, 83.87834)" gpsTime="2016-10-18T17:44:30Z" />
   <badge tag="candidates" msg="nearby L(28.53075, 83.87783)" gpsTime="2016-10-18T17:44:32Z" />
   <badge tag="candidates" msg="nearby L(28.53063, 83.87835)" gpsTime="2016-10-18T17:44:32Z" />
   <badge tag="candidates" msg="nearby L(28.53075, 83.87783)" gpsTime="2016-10-18T17:44:34Z" />
   <badge tag="candidates" msg="nearby L(28.53064, 83.87836)" gpsTime="2016-10-18T17:44:34Z" />
   <badge tag="candidates" msg="nearby L(28.53075, 83.87784)" gpsTime="2016-10-18T17:44:37Z" />
   <badge tag="candidates" msg="nearby L(28.53064, 83.87836)" gpsTime="2016-10-18T17:44:37Z" />
   <badge tag="candidates" msg="nearby L(28.53075, 83.87785)" gpsTime="2016-10-18T17:44:39Z" />
   <badge tag="candidates" msg="nearby L(28.53065, 83.87839)" gpsTime="2016-10-18T17:44:39Z" />
   <badge tag="candidates" msg="nearby L(28.53075, 83.87785)" gpsTime="2016-10-18T17:44:41Z" />
   <badge tag="candidates" msg="nearby L(28.53064, 83.87842)" gpsTime="2016-10-18T17:44:41Z" />
   <badge tag="candidates" msg="nearby L(28.53074, 83.87786)" gpsTime="2016-10-18T17:44:43Z" />
   <badge tag="candidates" msg="nearby L(28.53062, 83.87843)" gpsTime="2016-10-18T17:44:43Z" />
   <badge tag="candidates" msg="nearby L(28.53074, 83.87786)" gpsTime="2016-10-18T17:44:45Z" />
   <badge tag="candidates" msg="nearby L(28.53061, 83.87842)" gpsTime="2016-10-18T17:44:45Z" />
   <badge tag="candidates" msg="nearby L(28.53074, 83.87785)" gpsTime="2016-10-18T17:44:47Z" />
   <badge tag="candidates" msg="nearby L(28.53059, 83.87840)" gpsTime="2016-10-18T17:44:47Z" />
   <badge tag="candidates" msg="nearby L(28.53074, 83.87784)" gpsTime="2016-10-18T17:44:50Z" />
   <badge tag="candidates" msg="nearby L(28.53060, 83.87836)" gpsTime="2016-10-18T17:44:50Z" />
   <badge tag="candidates" msg="nearby L(28.53074, 83.87784)" gpsTime="2016-10-18T17:44:52Z" />
   <badge tag="candidates" msg="nearby L(28.53060, 83.87836)" gpsTime="2016-10-18T17:44:52Z" />
   <badge tag="candidates" msg="nearby L(28.53074, 83.87784)" gpsTime="2016-10-18T17:44:54Z" />
   <badge tag="candidates" msg="nearby L(28.53060, 83.87836)" gpsTime="2016-10-18T17:44:54Z" />
   <badge tag="candidates" msg="nearby L(28.53074, 83.87783)" gpsTime="2016-10-18T17:44:56Z" />
   <badge tag="candidates" msg="nearby L(28.53060, 83.87834)" gpsTime="2016-10-18T17:44:56Z" />
   <badge tag="candidates" msg="nearby L(28.53074, 83.87783)" gpsTime="2016-10-18T17:44:58Z" />
   <badge tag="candidates" msg="nearby L(28.53061, 83.87834)" gpsTime="2016-10-18T17:44:58Z" />
   <badge tag="candidates" msg="nearby L(28.53074, 83.87783)" gpsTime="2016-10-18T17:45:00Z" />
   <badge tag="candidates" msg="nearby L(28.53061, 83.87835)" gpsTime="2016-10-18T17:45:00Z" />
   <badge tag="candidates" msg="nearby L(28.53075, 83.87783)" gpsTime="2016-10-18T17:45:02Z" />
   <badge tag="candidates" msg="nearby L(28.53063, 83.87836)" gpsTime="2016-10-18T17:45:02Z" />
   <badge tag="candidates" msg="nearby L(28.53075, 83.87783)" gpsTime="2016-10-18T17:45:04Z" />
   <badge tag="candidates" msg="nearby L(28.53063, 83.87836)" gpsTime="2016-10-18T17:45:04Z" />
   <badge tag="candidates" msg="nearby L(28.53075, 83.87783)" gpsTime="2016-10-18T17:45:07Z" />
   <badge tag="candidates" msg="nearby L(28.53063, 83.87836)" gpsTime="2016-10-18T17:45:07Z" />
   <badge tag="candidates" msg="nearby L(28.53075, 83.87783)" gpsTime="2016-10-18T17:45:09Z" />
   <badge tag="candidates" msg="nearby L(28.53063, 83.87836)" gpsTime="2016-10-18T17:45:09Z" />
   <badge tag="candidates" msg="nearby L(28.53075, 83.87783)" gpsTime="2016-10-18T17:45:11Z" />
   <badge tag="candidates" msg="nearby L(28.53063, 83.87836)" gpsTime="2016-10-18T17:45:11Z" />
   <badge tag="candidates" msg="nearby L(28.53075, 83.87783)" gpsTime="2016-10-18T17:45:13Z" />
   <badge tag="candidates" msg="nearby L(28.53063, 83.87836)" gpsTime="2016-10-18T17:45:13Z" />
   <badge tag="candidates" msg="nearby L(28.53075, 83.87783)" gpsTime="2016-10-18T17:45:15Z" />
   <badge tag="candidates" msg="nearby L(28.53063, 83.87836)" gpsTime="2016-10-18T17:45:15Z" />
   <badge tag="candidates" msg="nearby L(28.53075, 83.87783)" gpsTime="2016-10-18T17:45:17Z" />
   <badge tag="candidates" msg="nearby L(28.53063, 83.87836)" gpsTime="2016-10-18T17:45:17Z" />
   <badge tag="candidates" msg="nearby L(28.53075, 83.87783)" gpsTime="2016-10-18T17:45:19Z" />
   <badge tag="candidates" msg="nearby L(28.53063, 83.87836)" gpsTime="2016-10-18T17:45:19Z" />
   <badge tag="candidates" msg="nearby L(28.53075, 83.87783)" gpsTime="2016-10-18T17:45:22Z" />
   <badge tag="candidates" msg="nearby L(28.53063, 83.87836)" gpsTime="2016-10-18T17:45:22Z" />
   <badge tag="candidates" msg="nearby L(28.53075, 83.87783)" gpsTime="2016-10-18T17:45:24Z" />
   <badge tag="candidates" msg="nearby L(28.53063, 83.87836)" gpsTime="2016-10-18T17:45:24Z" />
   <badge tag="candidates" msg="nearby L(28.53075, 83.87783)" gpsTime="2016-10-18T17:45:26Z" />
   <badge tag="candidates" msg="nearby L(28.53063, 83.87836)" gpsTime="2016-10-18T17:45:26Z" />
   <badge tag="candidates" msg="nearby L(28.53075, 83.87783)" gpsTime="2016-10-18T17:45:28Z" />
   <badge tag="candidates" msg="nearby L(28.53063, 83.87836)" gpsTime="2016-10-18T17:45:28Z" />
   <badge tag="candidates" msg="nearby L(28.53075, 83.87783)" gpsTime="2016-10-18T17:45:30Z" />
   <badge tag="candidates" msg="nearby L(28.53063, 83.87836)" gpsTime="2016-10-18T17:45:30Z" />
   <badge tag="candidates" msg="nearby L(28.53075, 83.87783)" gpsTime="2016-10-18T17:45:32Z" />
   <badge tag="candidates" msg="nearby L(28.53063, 83.87836)" gpsTime="2016-10-18T17:45:32Z" />
   <badge tag="candidates" msg="nearby L(28.53075, 83.87783)" gpsTime="2016-10-18T17:45:34Z" />
   <badge tag="candidates" msg="nearby L(28.53063, 83.87836)" gpsTime="2016-10-18T17:45:34Z" />
   <badge tag="candidates" msg="nearby L(28.53075, 83.87783)" gpsTime="2016-10-18T17:45:37Z" />
   <badge tag="candidates" msg="nearby L(28.53063, 83.87836)" gpsTime="2016-10-18T17:45:37Z" />
   <badge tag="candidates" msg="nearby L(28.53075, 83.87783)" gpsTime="2016-10-18T17:45:39Z" />
   <badge tag="candidates" msg="nearby L(28.53063, 83.87836)" gpsTime="2016-10-18T17:45:39Z" />
   <badge tag="candidates" msg="nearby L(28.53075, 83.87783)" gpsTime="2016-10-18T17:45:41Z" />
   <badge tag="candidates" msg="nearby L(28.53063, 83.87836)" gpsTime="2016-10-18T17:45:41Z" />
   <badge tag="candidates" msg="nearby L(28.53075, 83.87783)" gpsTime="2016-10-18T17:45:43Z" />
   <badge tag="candidates" msg="nearby L(28.53063, 83.87836)" gpsTime="2016-10-18T17:45:43Z" />
   <badge tag="candidates" msg="nearby L(28.53075, 83.87783)" gpsTime="2016-10-18T17:45:45Z" />
   <badge tag="candidates" msg="nearby L(28.53063, 83.87836)" gpsTime="2016-10-18T17:45:45Z" />
   <badge tag="candidates" msg="nearby L(28.53075, 83.87783)" gpsTime="2016-10-18T17:45:47Z" />
   <badge tag="candidates" msg="nearby L(28.53063, 83.87836)" gpsTime="2016-10-18T17:45:47Z" />
   <badge tag="candidates" msg="nearby L(28.53075, 83.87783)" gpsTime="2016-10-18T17:45:49Z" />
   <badge tag="candidates" msg="nearby L(28.53063, 83.87836)" gpsTime="2016-10-18T17:45:49Z" />
   <badge tag="candidates" msg="nearby L(28.53075, 83.87783)" gpsTime="2016-10-18T17:45:52Z" />
   <badge tag="candidates" msg="nearby L(28.53063, 83.87836)" gpsTime="2016-10-18T17:45:52Z" />
   <badge tag="candidates" msg="nearby L(28.53075, 83.87783)" gpsTime="2016-10-18T17:45:54Z" />
   <badge tag="candidates" msg="nearby L(28.53063, 83.87836)" gpsTime="2016-10-18T17:45:54Z" />
   <badge tag="candidates" msg="nearby L(28.53075, 83.87783)" gpsTime="2016-10-18T17:45:56Z" />
   <badge tag="candidates" msg="nearby L(28.53063, 83.87836)" gpsTime="2016-10-18T17:45:56Z" />
   <badge tag="candidates" msg="nearby L(28.53075, 83.87783)" gpsTime="2016-10-18T17:45:58Z" />
   <badge tag="candidates" msg="nearby L(28.53063, 83.87836)" gpsTime="2016-10-18T17:45:58Z" />
   <badge tag="candidates" msg="nearby L(28.53075, 83.87783)" gpsTime="2016-10-18T17:46:00Z" />
   <badge tag="candidates" msg="nearby L(28.53063, 83.87836)" gpsTime="2016-10-18T17:46:00Z" />
   <badge tag="candidates" msg="nearby L(28.53075, 83.87783)" gpsTime="2016-10-18T17:46:02Z" />
   <badge tag="candidates" msg="nearby L(28.53063, 83.87836)" gpsTime="2016-10-18T17:46:02Z" />
   <badge tag="candidates" msg="nearby L(28.53075, 83.87783)" gpsTime="2016-10-18T17:46:04Z" />
   <badge tag="candidates" msg="nearby L(28.53063, 83.87836)" gpsTime="2016-10-18T17:46:04Z" />
   <badge tag="candidates" msg="nearby L(28.53075, 83.87783)" gpsTime="2016-10-18T17:46:07Z" />
   <badge tag="candidates" msg="nearby L(28.53063, 83.87836)" gpsTime="2016-10-18T17:46:07Z" />
   <badge tag="candidates" msg="nearby L(28.53075, 83.87783)" gpsTime="2016-10-18T17:46:09Z" />
   <badge tag="candidates" msg="nearby L(28.53063, 83.87836)" gpsTime="2016-10-18T17:46:09Z" />
   <badge tag="candidates" msg="nearby L(28.53075, 83.87783)" gpsTime="2016-10-18T17:46:11Z" />
   <badge tag="candidates" msg="nearby L(28.53063, 83.87836)" gpsTime="2016-10-18T17:46:11Z" />
   <badge tag="candidates" msg="nearby L(28.53075, 83.87783)" gpsTime="2016-10-18T17:46:13Z" />
   <badge tag="candidates" msg="nearby L(28.53063, 83.87836)" gpsTime="2016-10-18T17:46:13Z" />
   <badge tag="candidates" msg="nearby L(28.53075, 83.87783)" gpsTime="2016-10-18T17:46:15Z" />
   <badge tag="candidates" msg="nearby L(28.53063, 83.87836)" gpsTime="2016-10-18T17:46:15Z" />
   <badge tag="candidates" msg="nearby L(28.53075, 83.87783)" gpsTime="2016-10-18T17:46:17Z" />
   <badge tag="candidates" msg="nearby L(28.53063, 83.87836)" gpsTime="2016-10-18T17:46:17Z" />
   <badge tag="candidates" msg="nearby L(28.53075, 83.87783)" gpsTime="2016-10-18T17:46:19Z" />
   <badge tag="candidates" msg="nearby L(28.53063, 83.87836)" gpsTime="2016-10-18T17:46:19Z" />
   <badge tag="candidates" msg="nearby L(28.53075, 83.87783)" gpsTime="2016-10-18T17:46:21Z" />
   <badge tag="candidates" msg="nearby L(28.53063, 83.87836)" gpsTime="2016-10-18T17:46:21Z" />
   <badge tag="candidates" msg="nearby L(28.53075, 83.87783)" gpsTime="2016-10-18T17:46:24Z" />
   <badge tag="candidates" msg="nearby L(28.53063, 83.87836)" gpsTime="2016-10-18T17:46:24Z" />
   <badge tag="candidates" msg="nearby L(28.53075, 83.87783)" gpsTime="2016-10-18T17:46:26Z" />
   <badge tag="candidates" msg="nearby L(28.53063, 83.87836)" gpsTime="2016-10-18T17:46:26Z" />
   <badge tag="candidates" msg="nearby L(28.53075, 83.87783)" gpsTime="2016-10-18T17:46:28Z" />
   <badge tag="candidates" msg="nearby L(28.53063, 83.87836)" gpsTime="2016-10-18T17:46:28Z" />
   <badge tag="candidates" msg="nearby L(28.53075, 83.87783)" gpsTime="2016-10-18T17:46:30Z" />
   <badge tag="candidates" msg="nearby L(28.53063, 83.87836)" gpsTime="2016-10-18T17:46:30Z" />
   <badge tag="candidates" msg="nearby L(28.53075, 83.87783)" gpsTime="2016-10-18T17:46:32Z" />
   <badge tag="candidates" msg="nearby L(28.53063, 83.87836)" gpsTime="2016-10-18T17:46:32Z" />
   <badge tag="candidates" msg="nearby L(28.53075, 83.87783)" gpsTime="2016-10-18T17:46:35Z" />
   <badge tag="candidates" msg="nearby L(28.53063, 83.87836)" gpsTime="2016-10-18T17:46:35Z" />
   <badge tag="candidates" msg="nearby L(28.53075, 83.87783)" gpsTime="2016-10-18T17:46:37Z" />
   <badge tag="candidates" msg="nearby L(28.53063, 83.87836)" gpsTime="2016-10-18T17:46:37Z" />
   <badge tag="candidates" msg="nearby L(28.53075, 83.87783)" gpsTime="2016-10-18T17:46:39Z" />
   <badge tag="candidates" msg="nearby L(28.53063, 83.87836)" gpsTime="2016-10-18T17:46:39Z" />
   <badge tag="candidates" msg="nearby L(28.53075, 83.87783)" gpsTime="2016-10-18T17:46:41Z" />
   <badge tag="candidates" msg="nearby L(28.53063, 83.87836)" gpsTime="2016-10-18T17:46:41Z" />
   <badge tag="candidates" msg="nearby L(28.53075, 83.87783)" gpsTime="2016-10-18T17:46:43Z" />
   <badge tag="candidates" msg="nearby L(28.53063, 83.87836)" gpsTime="2016-10-18T17:46:43Z" />
   <badge tag="candidates" msg="nearby L(28.53075, 83.87783)" gpsTime="2016-10-18T17:46:45Z" />
   <badge tag="candidates" msg="nearby L(28.53063, 83.87836)" gpsTime="2016-10-18T17:46:45Z" />
   <badge tag="candidates" msg="nearby L(28.53075, 83.87783)" gpsTime="2016-10-18T17:46:47Z" />
   <badge tag="candidates" msg="nearby L(28.53063, 83.87836)" gpsTime="2016-10-18T17:46:47Z" />
   <badge tag="candidates" msg="nearby L(28.53075, 83.87783)" gpsTime="2016-10-18T17:46:50Z" />
   <badge tag="candidates" msg="nearby L(28.53063, 83.87836)" gpsTime="2016-10-18T17:46:50Z" />
   <badge tag="candidates" msg="nearby L(28.53075, 83.87783)" gpsTime="2016-10-18T17:46:52Z" />
   <badge tag="candidates" msg="nearby L(28.53063, 83.87836)" gpsTime="2016-10-18T17:46:52Z" />
   <badge tag="candidates" msg="nearby L(28.53075, 83.87783)" gpsTime="2016-10-18T17:46:54Z" />
   <badge tag="candidates" msg="nearby L(28.53063, 83.87836)" gpsTime="2016-10-18T17:46:54Z" />
   <badge tag="candidates" msg="nearby L(28.53075, 83.87783)" gpsTime="2016-10-18T17:46:56Z" />
   <badge tag="candidates" msg="nearby L(28.53063, 83.87836)" gpsTime="2016-10-18T17:46:56Z" />
   <badge tag="candidates" msg="nearby L(28.53075, 83.87783)" gpsTime="2016-10-18T17:46:58Z" />
   <badge tag="candidates" msg="nearby L(28.53063, 83.87836)" gpsTime="2016-10-18T17:46:58Z" />
   <badge tag="candidates" msg="nearby L(28.53075, 83.87783)" gpsTime="2016-10-18T17:47:00Z" />
   <badge tag="candidates" msg="nearby L(28.53063, 83.87836)" gpsTime="2016-10-18T17:47:00Z" />
   <badge tag="candidates" msg="nearby L(28.53075, 83.87783)" gpsTime="2016-10-18T17:47:03Z" />
   <badge tag="candidates" msg="nearby L(28.53063, 83.87836)" gpsTime="2016-10-18T17:47:03Z" />
   <badge tag="candidates" msg="nearby L(28.53075, 83.87783)" gpsTime="2016-10-18T17:47:05Z" />
   <badge tag="candidates" msg="nearby L(28.53063, 83.87836)" gpsTime="2016-10-18T17:47:05Z" />
   <badge tag="candidates" msg="nearby L(28.53075, 83.87783)" gpsTime="2016-10-18T17:47:07Z" />
   <badge tag="candidates" msg="nearby L(28.53063, 83.87836)" gpsTime="2016-10-18T17:47:07Z" />
   <badge tag="candidates" msg="nearby L(28.53075, 83.87783)" gpsTime="2016-10-18T17:47:09Z" />
   <badge tag="candidates" msg="nearby L(28.53063, 83.87836)" gpsTime="2016-10-18T17:47:09Z" />
   <badge tag="candidates" msg="nearby L(28.53075, 83.87783)" gpsTime="2016-10-18T17:47:11Z" />
   <badge tag="candidates" msg="nearby L(28.53063, 83.87836)" gpsTime="2016-10-18T17:47:11Z" />
   <badge tag="candidates" msg="nearby L(28.53075, 83.87783)" gpsTime="2016-10-18T17:47:13Z" />
   <badge tag="candidates" msg="nearby L(28.53063, 83.87836)" gpsTime="2016-10-18T17:47:13Z" />
   <badge tag="candidates" msg="nearby L(28.53075, 83.87783)" gpsTime="2016-10-18T17:47:15Z" />
   <badge tag="candidates" msg="nearby L(28.53063, 83.87836)" gpsTime="2016-10-18T17:47:15Z" />
   <badge tag="candidates" msg="nearby L(28.53075, 83.87783)" gpsTime="2016-10-18T17:47:17Z" />
   <badge tag="candidates" msg="nearby L(28.53063, 83.87836)" gpsTime="2016-10-18T17:47:17Z" />
   <badge tag="candidates" msg="nearby L(28.53075, 83.87783)" gpsTime="2016-10-18T17:47:20Z" />
   <badge tag="candidates" msg="nearby L(28.53063, 83.87836)" gpsTime="2016-10-18T17:47:20Z" />
   <badge tag="candidates" msg="nearby L(28.53075, 83.87783)" gpsTime="2016-10-18T17:47:22Z" />
   <badge tag="candidates" msg="nearby L(28.53063, 83.87836)" gpsTime="2016-10-18T17:47:22Z" />
   <badge tag="candidates" msg="nearby L(28.53075, 83.87783)" gpsTime="2016-10-18T17:47:24Z" />
   <badge tag="candidates" msg="nearby L(28.53063, 83.87836)" gpsTime="2016-10-18T17:47:24Z" />
   <badge tag="candidates" msg="nearby L(28.53075, 83.87783)" gpsTime="2016-10-18T17:47:26Z" />
   <badge tag="candidates" msg="nearby L(28.53063, 83.87836)" gpsTime="2016-10-18T17:47:26Z" />
   <badge tag="candidates" msg="nearby L(28.53075, 83.87783)" gpsTime="2016-10-18T17:47:28Z" />
   <badge tag="candidates" msg="nearby L(28.53063, 83.87836)" gpsTime="2016-10-18T17:47:28Z" />
   <badge tag="candidates" msg="nearby L(28.53075, 83.87783)" gpsTime="2016-10-18T17:47:30Z" />
   <badge tag="candidates" msg="nearby L(28.53063, 83.87836)" gpsTime="2016-10-18T17:47:30Z" />
   <badge tag="candidates" msg="nearby L(28.53075, 83.87783)" gpsTime="2016-10-18T17:47:33Z" />
   <badge tag="candidates" msg="nearby L(28.53063, 83.87836)" gpsTime="2016-10-18T17:47:33Z" />
   <badge tag="candidates" msg="nearby L(28.53075, 83.87783)" gpsTime="2016-10-18T17:47:35Z" />
   <badge tag="candidates" msg="nearby L(28.53063, 83.87836)" gpsTime="2016-10-18T17:47:35Z" />
   <badge tag="candidates" msg="nearby L(28.53075, 83.87783)" gpsTime="2016-10-18T17:47:37Z" />
   <badge tag="candidates" msg="nearby L(28.53063, 83.87836)" gpsTime="2016-10-18T17:47:37Z" />
   <badge tag="candidates" msg="nearby L(28.53075, 83.87783)" gpsTime="2016-10-18T17:47:39Z" />
   <badge tag="candidates" msg="nearby L(28.53063, 83.87836)" gpsTime="2016-10-18T17:47:39Z" />
   <badge tag="candidates" msg="nearby L(28.53075, 83.87783)" gpsTime="2016-10-18T17:47:41Z" />
   <badge tag="candidates" msg="nearby L(28.53063, 83.87836)" gpsTime="2016-10-18T17:47:41Z" />
   <badge tag="candidates" msg="nearby L(28.53075, 83.87783)" gpsTime="2016-10-18T17:47:43Z" />
   <badge tag="candidates" msg="nearby L(28.53063, 83.87836)" gpsTime="2016-10-18T17:47:43Z" />
   <badge tag="candidates" msg="nearby L(28.53075, 83.87783)" gpsTime="2016-10-18T17:47:45Z" />
   <badge tag="candidates" msg="nearby L(28.53063, 83.87836)" gpsTime="2016-10-18T17:47:45Z" />
   <badge tag="candidates" msg="nearby L(28.53075, 83.87783)" gpsTime="2016-10-18T17:47:47Z" />
   <badge tag="candidates" msg="nearby L(28.53063, 83.87836)" gpsTime="2016-10-18T17:47:47Z" />
   <badge tag="candidates" msg="nearby L(28.53075, 83.87783)" gpsTime="2016-10-18T17:47:50Z" />
   <badge tag="candidates" msg="nearby L(28.53063, 83.87836)" gpsTime="2016-10-18T17:47:50Z" />
   <badge tag="candidates" msg="nearby L(28.53075, 83.87783)" gpsTime="2016-10-18T17:47:52Z" />
   <badge tag="candidates" msg="nearby L(28.53063, 83.87836)" gpsTime="2016-10-18T17:47:52Z" />
   <badge tag="candidates" msg="nearby L(28.53075, 83.87783)" gpsTime="2016-10-18T17:47:54Z" />
   <badge tag="candidates" msg="nearby L(28.53063, 83.87836)" gpsTime="2016-10-18T17:47:54Z" />
   <badge tag="candidates" msg="nearby L(28.53075, 83.87783)" gpsTime="2016-10-18T17:47:56Z" />
   <badge tag="candidates" msg="nearby L(28.53063, 83.87836)" gpsTime="2016-10-18T17:47:56Z" />
   <badge tag="candidates" msg="nearby L(28.53075, 83.87783)" gpsTime="2016-10-18T17:47:58Z" />
   <badge tag="candidates" msg="nearby L(28.53063, 83.87836)" gpsTime="2016-10-18T17:47:58Z" />
   <badge tag="candidates" msg="nearby L(28.53075, 83.87783)" gpsTime="2016-10-18T17:48:00Z" />
   <badge tag="candidates" msg="nearby L(28.53063, 83.87836)" gpsTime="2016-10-18T17:48:00Z" />
   <badge tag="candidates" msg="nearby L(28.53075, 83.87783)" gpsTime="2016-10-18T17:48:02Z" />
   <badge tag="candidates" msg="nearby L(28.53063, 83.87836)" gpsTime="2016-10-18T17:48:02Z" />
   <badge tag="candidates" msg="nearby L(28.53075, 83.87783)" gpsTime="2016-10-18T17:48:05Z" />
   <badge tag="candidates" msg="nearby L(28.53063, 83.87836)" gpsTime="2016-10-18T17:48:05Z" />
   <badge tag="candidates" msg="nearby L(28.53075, 83.87783)" gpsTime="2016-10-18T17:48:07Z" />
   <badge tag="candidates" msg="nearby L(28.53063, 83.87836)" gpsTime="2016-10-18T17:48:07Z" />
   <badge tag="candidates" msg="nearby L(28.53075, 83.87783)" gpsTime="2016-10-18T17:48:09Z" />
   <badge tag="candidates" msg="nearby L(28.53063, 83.87836)" gpsTime="2016-10-18T17:48:09Z" />
   <badge tag="candidates" msg="nearby L(28.53075, 83.87783)" gpsTime="2016-10-18T17:48:11Z" />
   <badge tag="candidates" msg="nearby L(28.53063, 83.87836)" gpsTime="2016-10-18T17:48:11Z" />
   <badge tag="candidates" msg="nearby L(28.53075, 83.87783)" gpsTime="2016-10-18T17:48:13Z" />
   <badge tag="candidates" msg="nearby L(28.53063, 83.87836)" gpsTime="2016-10-18T17:48:13Z" />
   <badge tag="candidates" msg="nearby L(28.53075, 83.87783)" gpsTime="2016-10-18T17:48:16Z" />
   <badge tag="candidates" msg="nearby L(28.53063, 83.87836)" gpsTime="2016-10-18T17:48:16Z" />
   <badge tag="candidates" msg="nearby L(28.53075, 83.87783)" gpsTime="2016-10-18T17:48:18Z" />
   <badge tag="candidates" msg="nearby L(28.53063, 83.87836)" gpsTime="2016-10-18T17:48:18Z" />
   <badge tag="candidates" msg="nearby L(28.53075, 83.87783)" gpsTime="2016-10-18T17:48:20Z" />
   <badge tag="candidates" msg="nearby L(28.53063, 83.87836)" gpsTime="2016-10-18T17:48:20Z" />
   <badge tag="candidates" msg="nearby L(28.53075, 83.87783)" gpsTime="2016-10-18T17:48:22Z" />
   <badge tag="candidates" msg="nearby L(28.53063, 83.87836)" gpsTime="2016-10-18T17:48:22Z" />
   <badge tag="candidates" msg="nearby L(28.53075, 83.87783)" gpsTime="2016-10-18T17:48:24Z" />
   <badge tag="candidates" msg="nearby L(28.53063, 83.87836)" gpsTime="2016-10-18T17:48:24Z" />
   <badge tag="candidates" msg="nearby L(28.53075, 83.87783)" gpsTime="2016-10-18T17:48:26Z" />
   <badge tag="candidates" msg="nearby L(28.53063, 83.87836)" gpsTime="2016-10-18T17:48:26Z" />
   <badge tag="candidates" msg="nearby L(28.53075, 83.87783)" gpsTime="2016-10-18T17:48:28Z" />
   <badge tag="candidates" msg="nearby L(28.53063, 83.87836)" gpsTime="2016-10-18T17:48:28Z" />
   <badge tag="candidates" msg="nearby L(28.53075, 83.87783)" gpsTime="2016-10-18T17:48:31Z" />
   <badge tag="candidates" msg="nearby L(28.53063, 83.87836)" gpsTime="2016-10-18T17:48:31Z" />
   <badge tag="candidates" msg="nearby L(28.53075, 83.87783)" gpsTime="2016-10-18T17:48:33Z" />
   <badge tag="candidates" msg="nearby L(28.53063, 83.87836)" gpsTime="2016-10-18T17:48:33Z" />
   <badge tag="candidates" msg="nearby L(28.53075, 83.87783)" gpsTime="2016-10-18T17:48:35Z" />
   <badge tag="candidates" msg="nearby L(28.53063, 83.87836)" gpsTime="2016-10-18T17:48:35Z" />
   <badge tag="candidates" msg="nearby L(28.53075, 83.87783)" gpsTime="2016-10-18T17:48:37Z" />
   <badge tag="candidates" msg="nearby L(28.53063, 83.87836)" gpsTime="2016-10-18T17:48:37Z" />
   <badge tag="candidates" msg="nearby L(28.53075, 83.87785)" gpsTime="2016-10-18T17:48:39Z" />
   <badge tag="candidates" msg="nearby L(28.53063, 83.87840)" gpsTime="2016-10-18T17:48:39Z" />
   <badge tag="candidates" msg="nearby L(28.53075, 83.87785)" gpsTime="2016-10-18T17:48:41Z" />
   <badge tag="candidates" msg="nearby L(28.53063, 83.87840)" gpsTime="2016-10-18T17:48:41Z" />
   <badge tag="candidates" msg="nearby L(28.53075, 83.87785)" gpsTime="2016-10-18T17:48:44Z" />
   <badge tag="candidates" msg="nearby L(28.53063, 83.87840)" gpsTime="2016-10-18T17:48:44Z" />
   <badge tag="candidates" msg="nearby L(28.53075, 83.87785)" gpsTime="2016-10-18T17:48:46Z" />
   <badge tag="candidates" msg="nearby L(28.53063, 83.87840)" gpsTime="2016-10-18T17:48:46Z" />
   <badge tag="candidates" msg="nearby L(28.53075, 83.87785)" gpsTime="2016-10-18T17:48:48Z" />
   <badge tag="candidates" msg="nearby L(28.53063, 83.87840)" gpsTime="2016-10-18T17:48:48Z" />
   <badge tag="candidates" msg="nearby L(28.53075, 83.87785)" gpsTime="2016-10-18T17:48:50Z" />
   <badge tag="candidates" msg="nearby L(28.53063, 83.87840)" gpsTime="2016-10-18T17:48:50Z" />
   <badge tag="candidates" msg="nearby L(28.53075, 83.87785)" gpsTime="2016-10-18T17:48:52Z" />
   <badge tag="candidates" msg="nearby L(28.53063, 83.87840)" gpsTime="2016-10-18T17:48:52Z" />
   <badge tag="candidates" msg="nearby L(28.53075, 83.87785)" gpsTime="2016-10-18T17:48:55Z" />
   <badge tag="candidates" msg="nearby L(28.53063, 83.87840)" gpsTime="2016-10-18T17:48:55Z" />
   <badge tag="candidates" msg="nearby L(28.53075, 83.87785)" gpsTime="2016-10-18T17:48:57Z" />
   <badge tag="candidates" msg="nearby L(28.53063, 83.87840)" gpsTime="2016-10-18T17:48:57Z" />
   <badge tag="candidates" msg="nearby L(28.53075, 83.87785)" gpsTime="2016-10-18T17:48:59Z" />
   <badge tag="candidates" msg="nearby L(28.53063, 83.87840)" gpsTime="2016-10-18T17:48:59Z" />
   <badge tag="candidates" msg="nearby L(28.53075, 83.87785)" gpsTime="2016-10-18T17:49:01Z" />
   <badge tag="candidates" msg="nearby L(28.53063, 83.87840)" gpsTime="2016-10-18T17:49:01Z" />
   <badge tag="candidates" msg="nearby L(28.53075, 83.87785)" gpsTime="2016-10-18T17:49:03Z" />
   <badge tag="candidates" msg="nearby L(28.53063, 83.87840)" gpsTime="2016-10-18T17:49:03Z" />
   <badge tag="candidates" msg="nearby L(28.53075, 83.87785)" gpsTime="2016-10-18T17:49:05Z" />
   <badge tag="candidates" msg="nearby L(28.53063, 83.87840)" gpsTime="2016-10-18T17:49:05Z" />
   <badge tag="candidates" msg="nearby L(28.53075, 83.87785)" gpsTime="2016-10-18T17:49:07Z" />
   <badge tag="candidates" msg="nearby L(28.53063, 83.87840)" gpsTime="2016-10-18T17:49:07Z" />
   <badge tag="candidates" msg="nearby L(28.53075, 83.87785)" gpsTime="2016-10-18T17:49:09Z" />
   <badge tag="candidates" msg="nearby L(28.53063, 83.87840)" gpsTime="2016-10-18T17:49:09Z" />
   <badge tag="candidates" msg="nearby L(28.53075, 83.87785)" gpsTime="2016-10-18T17:49:12Z" />
   <badge tag="candidates" msg="nearby L(28.53063, 83.87840)" gpsTime="2016-10-18T17:49:12Z" />
   <badge tag="candidates" msg="nearby L(28.53075, 83.87785)" gpsTime="2016-10-18T17:49:14Z" />
   <badge tag="candidates" msg="nearby L(28.53063, 83.87840)" gpsTime="2016-10-18T17:49:14Z" />
   <badge tag="candidates" msg="nearby L(28.53075, 83.87785)" gpsTime="2016-10-18T17:49:16Z" />
   <badge tag="candidates" msg="nearby L(28.53063, 83.87840)" gpsTime="2016-10-18T17:49:16Z" />
   <badge tag="candidates" msg="nearby L(28.53075, 83.87785)" gpsTime="2016-10-18T17:49:18Z" />
   <badge tag="candidates" msg="nearby L(28.53063, 83.87840)" gpsTime="2016-10-18T17:49:18Z" />
   <badge tag="candidates" msg="nearby L(28.53075, 83.87785)" gpsTime="2016-10-18T17:49:20Z" />
   <badge tag="candidates" msg="nearby L(28.53063, 83.87840)" gpsTime="2016-10-18T17:49:20Z" />
   <badge tag="candidates" msg="nearby L(28.53075, 83.87785)" gpsTime="2016-10-18T17:49:23Z" />
   <badge tag="candidates" msg="nearby L(28.53063, 83.87840)" gpsTime="2016-10-18T17:49:23Z" />
   <badge tag="candidates" msg="nearby L(28.53075, 83.87785)" gpsTime="2016-10-18T17:49:25Z" />
   <badge tag="candidates" msg="nearby L(28.53063, 83.87840)" gpsTime="2016-10-18T17:49:25Z" />
   <badge tag="candidates" msg="nearby L(28.53075, 83.87785)" gpsTime="2016-10-18T17:49:27Z" />
   <badge tag="candidates" msg="nearby L(28.53063, 83.87840)" gpsTime="2016-10-18T17:49:27Z" />
   <badge tag="candidates" msg="nearby L(28.53075, 83.87785)" gpsTime="2016-10-18T17:49:29Z" />
   <badge tag="candidates" msg="nearby L(28.53063, 83.87840)" gpsTime="2016-10-18T17:49:29Z" />
   <badge tag="candidates" msg="nearby L(28.53075, 83.87785)" gpsTime="2016-10-18T17:49:31Z" />
   <badge tag="candidates" msg="nearby L(28.53063, 83.87840)" gpsTime="2016-10-18T17:49:31Z" />
   <badge tag="candidates" msg="nearby L(28.53075, 83.87785)" gpsTime="2016-10-18T17:49:33Z" />
   <badge tag="candidates" msg="nearby L(28.53063, 83.87840)" gpsTime="2016-10-18T17:49:33Z" />
   <badge tag="candidates" msg="nearby L(28.53075, 83.87785)" gpsTime="2016-10-18T17:49:35Z" />
   <badge tag="candidates" msg="nearby L(28.53063, 83.87840)" gpsTime="2016-10-18T17:49:35Z" />
   <badge tag="candidates" msg="nearby L(28.53075, 83.87785)" gpsTime="2016-10-18T17:49:38Z" />
   <badge tag="candidates" msg="nearby L(28.53063, 83.87840)" gpsTime="2016-10-18T17:49:38Z" />
   <badge tag="candidates" msg="nearby L(28.53075, 83.87785)" gpsTime="2016-10-18T17:49:40Z" />
   <badge tag="candidates" msg="nearby L(28.53063, 83.87840)" gpsTime="2016-10-18T17:49:40Z" />
   <badge tag="candidates" msg="nearby L(28.53075, 83.87785)" gpsTime="2016-10-18T17:49:42Z" />
   <badge tag="candidates" msg="nearby L(28.53063, 83.87840)" gpsTime="2016-10-18T17:49:42Z" />
   <badge tag="candidates" msg="nearby L(28.53075, 83.87785)" gpsTime="2016-10-18T17:49:44Z" />
   <badge tag="candidates" msg="nearby L(28.53063, 83.87840)" gpsTime="2016-10-18T17:49:44Z" />
   <badge tag="candidates" msg="nearby L(28.53075, 83.87785)" gpsTime="2016-10-18T17:49:46Z" />
   <badge tag="candidates" msg="nearby L(28.53063, 83.87840)" gpsTime="2016-10-18T17:49:46Z" />
   <badge tag="candidates" msg="nearby L(28.53075, 83.87785)" gpsTime="2016-10-18T17:49:48Z" />
   <badge tag="candidates" msg="nearby L(28.53063, 83.87840)" gpsTime="2016-10-18T17:49:48Z" />
   <badge tag="candidates" msg="nearby L(28.53075, 83.87785)" gpsTime="2016-10-18T17:49:51Z" />
   <badge tag="candidates" msg="nearby L(28.53063, 83.87840)" gpsTime="2016-10-18T17:49:51Z" />
   <badge tag="candidates" msg="nearby L(28.53075, 83.87785)" gpsTime="2016-10-18T17:49:53Z" />
   <badge tag="candidates" msg="nearby L(28.53063, 83.87840)" gpsTime="2016-10-18T17:49:53Z" />
   <badge tag="candidates" msg="nearby L(28.53075, 83.87785)" gpsTime="2016-10-18T17:49:55Z" />
   <badge tag="candidates" msg="nearby L(28.53063, 83.87840)" gpsTime="2016-10-18T17:49:55Z" />
   <badge tag="candidates" msg="nearby L(28.53075, 83.87785)" gpsTime="2016-10-18T17:49:57Z" />
   <badge tag="candidates" msg="nearby L(28.53063, 83.87840)" gpsTime="2016-10-18T17:49:57Z" />
   <badge tag="candidates" msg="nearby L(28.53075, 83.87785)" gpsTime="2016-10-18T17:49:59Z" />
   <badge tag="candidates" msg="nearby L(28.53063, 83.87840)" gpsTime="2016-10-18T17:49:59Z" />
   <badge tag="candidates" msg="nearby L(28.53075, 83.87785)" gpsTime="2016-10-18T17:50:01Z" />
   <badge tag="candidates" msg="nearby L(28.53063, 83.87840)" gpsTime="2016-10-18T17:50:01Z" />
   <badge tag="candidates" msg="nearby L(28.53075, 83.87785)" gpsTime="2016-10-18T17:50:03Z" />
   <badge tag="candidates" msg="nearby L(28.53063, 83.87840)" gpsTime="2016-10-18T17:50:03Z" />
   <badge tag="candidates" msg="nearby L(28.53075, 83.87785)" gpsTime="2016-10-18T17:50:05Z" />
   <badge tag="candidates" msg="nearby L(28.53063, 83.87840)" gpsTime="2016-10-18T17:50:05Z" />
   <badge tag="candidates" msg="nearby L(28.53075, 83.87785)" gpsTime="2016-10-18T17:50:07Z" />
   <badge tag="candidates" msg="nearby L(28.53063, 83.87840)" gpsTime="2016-10-18T17:50:07Z" />
   <badge tag="candidates" msg="nearby L(28.53075, 83.87785)" gpsTime="2016-10-18T17:50:09Z" />
   <badge tag="candidates" msg="nearby L(28.53063, 83.87840)" gpsTime="2016-10-18T17:50:09Z" />
   <badge tag="candidates" msg="nearby L(28.53075, 83.87785)" gpsTime="2016-10-18T17:50:12Z" />
   <badge tag="candidates" msg="nearby L(28.53063, 83.87840)" gpsTime="2016-10-18T17:50:12Z" />
   <badge tag="candidates" msg="nearby L(28.53075, 83.87785)" gpsTime="2016-10-18T17:50:14Z" />
   <badge tag="candidates" msg="nearby L(28.53063, 83.87840)" gpsTime="2016-10-18T17:50:14Z" />
   <badge tag="candidates" msg="nearby L(28.53075, 83.87785)" gpsTime="2016-10-18T17:50:16Z" />
   <badge tag="candidates" msg="nearby L(28.53063, 83.87840)" gpsTime="2016-10-18T17:50:16Z" />
   <badge tag="candidates" msg="nearby L(28.53075, 83.87785)" gpsTime="2016-10-18T17:50:18Z" />
   <badge tag="candidates" msg="nearby L(28.53063, 83.87840)" gpsTime="2016-10-18T17:50:18Z" />
   <badge tag="candidates" msg="nearby L(28.53075, 83.87785)" gpsTime="2016-10-18T17:50:20Z" />
   <badge tag="candidates" msg="nearby L(28.53063, 83.87840)" gpsTime="2016-10-18T17:50:20Z" />
   <badge tag="candidates" msg="nearby L(28.53075, 83.87785)" gpsTime="2016-10-18T17:50:22Z" />
   <badge tag="candidates" msg="nearby L(28.53063, 83.87840)" gpsTime="2016-10-18T17:50:22Z" />
   <badge tag="candidates" msg="nearby L(28.53075, 83.87785)" gpsTime="2016-10-18T17:50:24Z" />
   <badge tag="candidates" msg="nearby L(28.53063, 83.87840)" gpsTime="2016-10-18T17:50:24Z" />
   <badge tag="candidates" msg="nearby L(28.53075, 83.87785)" gpsTime="2016-10-18T17:50:26Z" />
   <badge tag="candidates" msg="nearby L(28.53063, 83.87840)" gpsTime="2016-10-18T17:50:26Z" />
   <badge tag="candidates" msg="nearby L(28.53075, 83.87785)" gpsTime="2016-10-18T17:50:28Z" />
   <badge tag="candidates" msg="nearby L(28.53063, 83.87840)" gpsTime="2016-10-18T17:50:28Z" />
   <badge tag="candidates" msg="nearby L(28.53075, 83.87785)" gpsTime="2016-10-18T17:50:30Z" />
   <badge tag="candidates" msg="nearby L(28.53063, 83.87840)" gpsTime="2016-10-18T17:50:30Z" />
   <badge tag="candidates" msg="nearby L(28.53075, 83.87785)" gpsTime="2016-10-18T17:50:33Z" />
   <badge tag="candidates" msg="nearby L(28.53063, 83.87840)" gpsTime="2016-10-18T17:50:33Z" />
   <badge tag="candidates" msg="nearby L(28.53075, 83.87785)" gpsTime="2016-10-18T17:50:35Z" />
   <badge tag="candidates" msg="nearby L(28.53063, 83.87840)" gpsTime="2016-10-18T17:50:35Z" />
   <badge tag="candidates" msg="nearby L(28.53075, 83.87785)" gpsTime="2016-10-18T17:50:37Z" />
   <badge tag="candidates" msg="nearby L(28.53063, 83.87840)" gpsTime="2016-10-18T17:50:37Z" />
   <badge tag="candidates" msg="nearby L(28.53075, 83.87785)" gpsTime="2016-10-18T17:50:39Z" />
   <badge tag="candidates" msg="nearby L(28.53063, 83.87840)" gpsTime="2016-10-18T17:50:39Z" />
   <badge tag="candidates" msg="nearby L(28.53075, 83.87785)" gpsTime="2016-10-18T17:50:41Z" />
   <badge tag="candidates" msg="nearby L(28.53063, 83.87840)" gpsTime="2016-10-18T17:50:41Z" />
   <badge tag="candidates" msg="nearby L(28.53075, 83.87785)" gpsTime="2016-10-18T17:50:43Z" />
   <badge tag="candidates" msg="nearby L(28.53063, 83.87840)" gpsTime="2016-10-18T17:50:43Z" />
   <badge tag="candidates" msg="nearby L(28.53075, 83.87785)" gpsTime="2016-10-18T17:50:45Z" />
   <badge tag="candidates" msg="nearby L(28.53063, 83.87840)" gpsTime="2016-10-18T17:50:45Z" />
   <badge tag="candidates" msg="nearby L(28.53075, 83.87785)" gpsTime="2016-10-18T17:50:47Z" />
   <badge tag="candidates" msg="nearby L(28.53063, 83.87840)" gpsTime="2016-10-18T17:50:47Z" />
   <badge tag="candidates" msg="nearby L(28.53073, 83.87786)" gpsTime="2016-10-18T17:50:49Z" />
   <badge tag="candidates" msg="nearby L(28.53058, 83.87843)" gpsTime="2016-10-18T17:50:49Z" />
   <badge tag="candidates" msg="nearby L(28.53072, 83.87783)" gpsTime="2016-10-18T17:50:52Z" />
   <badge tag="candidates" msg="nearby L(28.53055, 83.87836)" gpsTime="2016-10-18T17:50:52Z" />
   <badge tag="candidates" msg="nearby L(28.53072, 83.87783)" gpsTime="2016-10-18T17:50:54Z" />
   <badge tag="candidates" msg="nearby L(28.53055, 83.87833)" gpsTime="2016-10-18T17:50:54Z" />
   <badge tag="candidates" msg="nearby L(28.53072, 83.87782)" gpsTime="2016-10-18T17:50:56Z" />
   <badge tag="candidates" msg="nearby L(28.53055, 83.87832)" gpsTime="2016-10-18T17:50:56Z" />
   <badge tag="candidates" msg="nearby L(28.53072, 83.87782)" gpsTime="2016-10-18T17:50:58Z" />
   <badge tag="candidates" msg="nearby L(28.53055, 83.87832)" gpsTime="2016-10-18T17:50:58Z" />
   <badge tag="candidates" msg="nearby L(28.53068, 83.87792)" gpsTime="2016-10-18T17:51:00Z" />
   <badge tag="candidates" msg="nearby L(28.53055, 83.87826)" gpsTime="2016-10-18T17:51:00Z" />
   <badge tag="candidates" msg="nearby L(28.53068, 83.87792)" gpsTime="2016-10-18T17:51:02Z" />
   <badge tag="candidates" msg="nearby L(28.53055, 83.87826)" gpsTime="2016-10-18T17:51:02Z" />
   <badge tag="candidates" msg="nearby L(28.53068, 83.87792)" gpsTime="2016-10-18T17:51:04Z" />
   <badge tag="candidates" msg="nearby L(28.53055, 83.87826)" gpsTime="2016-10-18T17:51:04Z" />
   <badge tag="candidates" msg="nearby L(28.53068, 83.87792)" gpsTime="2016-10-18T17:51:06Z" />
   <badge tag="candidates" msg="nearby L(28.53055, 83.87826)" gpsTime="2016-10-18T17:51:06Z" />
   <badge tag="candidates" msg="nearby L(28.53072, 83.87781)" gpsTime="2016-10-18T17:51:09Z" />
   <badge tag="candidates" msg="nearby L(28.53054, 83.87828)" gpsTime="2016-10-18T17:51:09Z" />
   <badge tag="candidates" msg="nearby L(28.53071, 83.87781)" gpsTime="2016-10-18T17:51:11Z" />
   <badge tag="candidates" msg="nearby L(28.53052, 83.87828)" gpsTime="2016-10-18T17:51:11Z" />
   <badge tag="candidates" msg="nearby L(28.53070, 83.87781)" gpsTime="2016-10-18T17:51:13Z" />
   <badge tag="candidates" msg="nearby L(28.53050, 83.87828)" gpsTime="2016-10-18T17:51:13Z" />
   <badge tag="candidates" msg="nearby L(28.53070, 83.87782)" gpsTime="2016-10-18T17:51:15Z" />
   <badge tag="candidates" msg="nearby L(28.53049, 83.87832)" gpsTime="2016-10-18T17:51:15Z" />
   <badge tag="candidates" msg="nearby L(28.53070, 83.87783)" gpsTime="2016-10-18T17:51:17Z" />
   <badge tag="candidates" msg="nearby L(28.53049, 83.87834)" gpsTime="2016-10-18T17:51:17Z" />
   <badge tag="candidates" msg="nearby L(28.53070, 83.87783)" gpsTime="2016-10-18T17:51:19Z" />
   <badge tag="candidates" msg="nearby L(28.53049, 83.87834)" gpsTime="2016-10-18T17:51:19Z" />
   <badge tag="candidates" msg="nearby L(28.53070, 83.87783)" gpsTime="2016-10-18T17:51:21Z" />
   <badge tag="candidates" msg="nearby L(28.53049, 83.87834)" gpsTime="2016-10-18T17:51:21Z" />
   <badge tag="candidates" msg="nearby L(28.53070, 83.87783)" gpsTime="2016-10-18T17:51:24Z" />
   <badge tag="candidates" msg="nearby L(28.53049, 83.87834)" gpsTime="2016-10-18T17:51:24Z" />
   <badge tag="candidates" msg="nearby L(28.53070, 83.87783)" gpsTime="2016-10-18T17:51:26Z" />
   <badge tag="candidates" msg="nearby L(28.53049, 83.87834)" gpsTime="2016-10-18T17:51:26Z" />
   <badge tag="candidates" msg="nearby L(28.53070, 83.87783)" gpsTime="2016-10-18T17:51:28Z" />
   <badge tag="candidates" msg="nearby L(28.53049, 83.87834)" gpsTime="2016-10-18T17:51:28Z" />
   <badge tag="candidates" msg="nearby L(28.53070, 83.87783)" gpsTime="2016-10-18T17:51:30Z" />
   <badge tag="candidates" msg="nearby L(28.53049, 83.87834)" gpsTime="2016-10-18T17:51:30Z" />
   <badge tag="candidates" msg="nearby L(28.53070, 83.87783)" gpsTime="2016-10-18T17:51:32Z" />
   <badge tag="candidates" msg="nearby L(28.53049, 83.87834)" gpsTime="2016-10-18T17:51:32Z" />
   <badge tag="candidates" msg="nearby L(28.53070, 83.87783)" gpsTime="2016-10-18T17:51:34Z" />
   <badge tag="candidates" msg="nearby L(28.53049, 83.87834)" gpsTime="2016-10-18T17:51:34Z" />
   <badge tag="candidates" msg="nearby L(28.53070, 83.87783)" gpsTime="2016-10-18T17:51:36Z" />
   <badge tag="candidates" msg="nearby L(28.53049, 83.87834)" gpsTime="2016-10-18T17:51:36Z" />
   <badge tag="candidates" msg="nearby L(28.53070, 83.87783)" gpsTime="2016-10-18T17:51:38Z" />
   <badge tag="candidates" msg="nearby L(28.53049, 83.87834)" gpsTime="2016-10-18T17:51:38Z" />
   <badge tag="candidates" msg="nearby L(28.53070, 83.87783)" gpsTime="2016-10-18T17:51:40Z" />
   <badge tag="candidates" msg="nearby L(28.53049, 83.87834)" gpsTime="2016-10-18T17:51:40Z" />
   <badge tag="candidates" msg="nearby L(28.53070, 83.87783)" gpsTime="2016-10-18T17:51:43Z" />
   <badge tag="candidates" msg="nearby L(28.53049, 83.87834)" gpsTime="2016-10-18T17:51:43Z" />
   <badge tag="candidates" msg="nearby L(28.53070, 83.87783)" gpsTime="2016-10-18T17:51:45Z" />
   <badge tag="candidates" msg="nearby L(28.53049, 83.87834)" gpsTime="2016-10-18T17:51:45Z" />
   <badge tag="candidates" msg="nearby L(28.53070, 83.87783)" gpsTime="2016-10-18T17:51:47Z" />
   <badge tag="candidates" msg="nearby L(28.53049, 83.87834)" gpsTime="2016-10-18T17:51:47Z" />
   <badge tag="candidates" msg="nearby L(28.53070, 83.87783)" gpsTime="2016-10-18T17:51:49Z" />
   <badge tag="candidates" msg="nearby L(28.53049, 83.87834)" gpsTime="2016-10-18T17:51:49Z" />
   <badge tag="candidates" msg="nearby L(28.53070, 83.87783)" gpsTime="2016-10-18T17:51:51Z" />
   <badge tag="candidates" msg="nearby L(28.53049, 83.87834)" gpsTime="2016-10-18T17:51:51Z" />
   <badge tag="candidates" msg="nearby L(28.53070, 83.87783)" gpsTime="2016-10-18T17:51:53Z" />
   <badge tag="candidates" msg="nearby L(28.53049, 83.87834)" gpsTime="2016-10-18T17:51:53Z" />
   <badge tag="candidates" msg="nearby L(28.53070, 83.87783)" gpsTime="2016-10-18T17:51:55Z" />
   <badge tag="candidates" msg="nearby L(28.53049, 83.87834)" gpsTime="2016-10-18T17:51:55Z" />
   <badge tag="candidates" msg="nearby L(28.53070, 83.87783)" gpsTime="2016-10-18T17:51:57Z" />
   <badge tag="candidates" msg="nearby L(28.53049, 83.87834)" gpsTime="2016-10-18T17:51:57Z" />
   <badge tag="candidates" msg="nearby L(28.53070, 83.87783)" gpsTime="2016-10-18T17:51:59Z" />
   <badge tag="candidates" msg="nearby L(28.53049, 83.87834)" gpsTime="2016-10-18T17:51:59Z" />
   <badge tag="candidates" msg="nearby L(28.53070, 83.87783)" gpsTime="2016-10-18T17:52:01Z" />
   <badge tag="candidates" msg="nearby L(28.53049, 83.87834)" gpsTime="2016-10-18T17:52:01Z" />
   <badge tag="candidates" msg="nearby L(28.53070, 83.87783)" gpsTime="2016-10-18T17:52:04Z" />
   <badge tag="candidates" msg="nearby L(28.53049, 83.87834)" gpsTime="2016-10-18T17:52:04Z" />
   <badge tag="candidates" msg="nearby L(28.53070, 83.87783)" gpsTime="2016-10-18T17:52:06Z" />
   <badge tag="candidates" msg="nearby L(28.53049, 83.87834)" gpsTime="2016-10-18T17:52:06Z" />
   <badge tag="candidates" msg="nearby L(28.53070, 83.87783)" gpsTime="2016-10-18T17:52:08Z" />
   <badge tag="candidates" msg="nearby L(28.53049, 83.87834)" gpsTime="2016-10-18T17:52:08Z" />
   <badge tag="candidates" msg="nearby L(28.53070, 83.87783)" gpsTime="2016-10-18T17:52:10Z" />
   <badge tag="candidates" msg="nearby L(28.53049, 83.87834)" gpsTime="2016-10-18T17:52:10Z" />
   <badge tag="candidates" msg="nearby L(28.53070, 83.87783)" gpsTime="2016-10-18T17:52:12Z" />
   <badge tag="candidates" msg="nearby L(28.53049, 83.87834)" gpsTime="2016-10-18T17:52:12Z" />
   <badge tag="candidates" msg="nearby L(28.53070, 83.87783)" gpsTime="2016-10-18T17:52:14Z" />
   <badge tag="candidates" msg="nearby L(28.53049, 83.87834)" gpsTime="2016-10-18T17:52:14Z" />
   <badge tag="candidates" msg="nearby L(28.53070, 83.87783)" gpsTime="2016-10-18T17:52:17Z" />
   <badge tag="candidates" msg="nearby L(28.53049, 83.87834)" gpsTime="2016-10-18T17:52:17Z" />
   <badge tag="candidates" msg="nearby L(28.53070, 83.87783)" gpsTime="2016-10-18T17:52:19Z" />
   <badge tag="candidates" msg="nearby L(28.53049, 83.87834)" gpsTime="2016-10-18T17:52:19Z" />
   <badge tag="candidates" msg="nearby L(28.53070, 83.87783)" gpsTime="2016-10-18T17:52:21Z" />
   <badge tag="candidates" msg="nearby L(28.53049, 83.87834)" gpsTime="2016-10-18T17:52:21Z" />
   <badge tag="candidates" msg="nearby L(28.53070, 83.87783)" gpsTime="2016-10-18T17:52:23Z" />
   <badge tag="candidates" msg="nearby L(28.53049, 83.87834)" gpsTime="2016-10-18T17:52:23Z" />
   <badge tag="candidates" msg="nearby L(28.53070, 83.87783)" gpsTime="2016-10-18T17:52:25Z" />
   <badge tag="candidates" msg="nearby L(28.53049, 83.87834)" gpsTime="2016-10-18T17:52:25Z" />
   <badge tag="candidates" msg="nearby L(28.53070, 83.87784)" gpsTime="2016-10-18T17:52:27Z" />
   <badge tag="candidates" msg="nearby L(28.53049, 83.87837)" gpsTime="2016-10-18T17:52:27Z" />
   <badge tag="candidates" msg="nearby L(28.53070, 83.87784)" gpsTime="2016-10-18T17:52:29Z" />
   <badge tag="candidates" msg="nearby L(28.53049, 83.87837)" gpsTime="2016-10-18T17:52:29Z" />
   <badge tag="candidates" msg="nearby L(28.53070, 83.87784)" gpsTime="2016-10-18T17:52:32Z" />
   <badge tag="candidates" msg="nearby L(28.53049, 83.87837)" gpsTime="2016-10-18T17:52:32Z" />
   <badge tag="candidates" msg="nearby L(28.53070, 83.87784)" gpsTime="2016-10-18T17:52:34Z" />
   <badge tag="candidates" msg="nearby L(28.53049, 83.87837)" gpsTime="2016-10-18T17:52:34Z" />
   <badge tag="candidates" msg="nearby L(28.53070, 83.87784)" gpsTime="2016-10-18T17:52:36Z" />
   <badge tag="candidates" msg="nearby L(28.53049, 83.87837)" gpsTime="2016-10-18T17:52:36Z" />
   <badge tag="candidates" msg="nearby L(28.53070, 83.87784)" gpsTime="2016-10-18T17:52:38Z" />
   <badge tag="candidates" msg="nearby L(28.53049, 83.87837)" gpsTime="2016-10-18T17:52:38Z" />
   <badge tag="candidates" msg="nearby L(28.53070, 83.87784)" gpsTime="2016-10-18T17:52:40Z" />
   <badge tag="candidates" msg="nearby L(28.53049, 83.87837)" gpsTime="2016-10-18T17:52:40Z" />
   <badge tag="candidates" msg="nearby L(28.53070, 83.87784)" gpsTime="2016-10-18T17:52:42Z" />
   <badge tag="candidates" msg="nearby L(28.53049, 83.87837)" gpsTime="2016-10-18T17:52:42Z" />
   <badge tag="candidates" msg="nearby L(28.53070, 83.87784)" gpsTime="2016-10-18T17:52:44Z" />
   <badge tag="candidates" msg="nearby L(28.53049, 83.87837)" gpsTime="2016-10-18T17:52:44Z" />
   <badge tag="candidates" msg="nearby L(28.53070, 83.87784)" gpsTime="2016-10-18T17:52:46Z" />
   <badge tag="candidates" msg="nearby L(28.53049, 83.87837)" gpsTime="2016-10-18T17:52:46Z" />
   <badge tag="candidates" msg="nearby L(28.53070, 83.87784)" gpsTime="2016-10-18T17:52:49Z" />
   <badge tag="candidates" msg="nearby L(28.53049, 83.87837)" gpsTime="2016-10-18T17:52:49Z" />
   <badge tag="candidates" msg="nearby L(28.53070, 83.87784)" gpsTime="2016-10-18T17:52:51Z" />
   <badge tag="candidates" msg="nearby L(28.53049, 83.87837)" gpsTime="2016-10-18T17:52:51Z" />
   <badge tag="candidates" msg="nearby L(28.53070, 83.87784)" gpsTime="2016-10-18T17:52:53Z" />
   <badge tag="candidates" msg="nearby L(28.53049, 83.87837)" gpsTime="2016-10-18T17:52:53Z" />
   <badge tag="candidates" msg="nearby L(28.53070, 83.87784)" gpsTime="2016-10-18T17:52:55Z" />
   <badge tag="candidates" msg="nearby L(28.53049, 83.87837)" gpsTime="2016-10-18T17:52:55Z" />
   <badge tag="candidates" msg="nearby L(28.53070, 83.87784)" gpsTime="2016-10-18T17:52:57Z" />
   <badge tag="candidates" msg="nearby L(28.53049, 83.87837)" gpsTime="2016-10-18T17:52:57Z" />
   <badge tag="candidates" msg="nearby L(28.53064, 83.87807)" gpsTime="2016-10-18T17:54:10Z" />
   <badge tag="candidates" msg="nearby L(28.53053, 83.87838)" gpsTime="2016-10-18T18:05:00Z" />
   <badge tag="candidates" msg="nearby L(28.53062, 83.87868)" gpsTime="2016-10-18T18:05:38Z" />
   <badge tag="candidates" msg="nearby L(28.53070, 83.87900)" gpsTime="2016-10-18T18:06:06Z" />
   <badge tag="candidates" msg="nearby L(28.53060, 83.87882)" gpsTime="2016-10-18T18:06:38Z" />
   <badge tag="candidates" msg="nearby L(28.53060, 83.87882)" gpsTime="2016-10-18T18:06:40Z" />
   <badge tag="candidates" msg="nearby L(28.53060, 83.87883)" gpsTime="2016-10-18T18:06:42Z" />
   <badge tag="candidates" msg="nearby L(28.53061, 83.87883)" gpsTime="2016-10-18T18:06:44Z" />
   <badge tag="candidates" msg="nearby L(28.53061, 83.87884)" gpsTime="2016-10-18T18:06:46Z" />
   <badge tag="candidates" msg="nearby L(28.53061, 83.87885)" gpsTime="2016-10-18T18:06:49Z" />
   <badge tag="candidates" msg="nearby L(28.53069, 83.87914)" gpsTime="2016-10-18T18:06:49Z" />
   <badge tag="candidates" msg="nearby L(28.53062, 83.87885)" gpsTime="2016-10-18T18:06:51Z" />
   <badge tag="candidates" msg="nearby L(28.53070, 83.87915)" gpsTime="2016-10-18T18:06:51Z" />
   <badge tag="candidates" msg="nearby L(28.53061, 83.87886)" gpsTime="2016-10-18T18:06:53Z" />
   <badge tag="candidates" msg="nearby L(28.53070, 83.87917)" gpsTime="2016-10-18T18:06:53Z" />
   <badge tag="candidates" msg="nearby L(28.53061, 83.87887)" gpsTime="2016-10-18T18:06:55Z" />
   <badge tag="candidates" msg="nearby L(28.53070, 83.87919)" gpsTime="2016-10-18T18:06:55Z" />
   <badge tag="candidates" msg="nearby L(28.53062, 83.87887)" gpsTime="2016-10-18T18:06:57Z" />
   <badge tag="candidates" msg="nearby L(28.53070, 83.87920)" gpsTime="2016-10-18T18:06:57Z" />
   <badge tag="candidates" msg="nearby L(28.53062, 83.87888)" gpsTime="2016-10-18T18:06:59Z" />
   <badge tag="candidates" msg="nearby L(28.53070, 83.87921)" gpsTime="2016-10-18T18:06:59Z" />
   <badge tag="candidates" msg="nearby L(28.52695, 83.90632)" gpsTime="2016-10-18T19:07:49Z" />
   <badge tag="candidates" msg="nearby L(28.52692, 83.90646)" gpsTime="2016-10-18T19:08:02Z" />
   <badge tag="candidates" msg="nearby L(28.52692, 83.90648)" gpsTime="2016-10-18T19:08:04Z" />
   <badge tag="candidates" msg="nearby L(28.52692, 83.90650)" gpsTime="2016-10-18T19:08:06Z" />
   <badge tag="candidates" msg="nearby L(28.52693, 83.90652)" gpsTime="2016-10-18T19:08:08Z" />
   <badge tag="candidates" msg="nearby L(28.52694, 83.90653)" gpsTime="2016-10-18T19:08:10Z" />
   <badge tag="candidates" msg="nearby L(28.52694, 83.90654)" gpsTime="2016-10-18T19:08:12Z" />
   <badge tag="candidates" msg="nearby L(28.52694, 83.90655)" gpsTime="2016-10-18T19:08:14Z" />
   <badge tag="candidates" msg="nearby L(28.52694, 83.90656)" gpsTime="2016-10-18T19:08:16Z" />
   <badge tag="candidates" msg="nearby L(28.52695, 83.90658)" gpsTime="2016-10-18T19:08:18Z" />
   <badge tag="candidates" msg="nearby L(28.52695, 83.90660)" gpsTime="2016-10-18T19:08:20Z" />
   <badge tag="candidates" msg="nearby L(28.52696, 83.90632)" gpsTime="2016-10-18T19:08:22Z" />
   <badge tag="candidates" msg="nearby L(28.52694, 83.90663)" gpsTime="2016-10-18T19:08:22Z" />
   <badge tag="candidates" msg="nearby L(28.52696, 83.90634)" gpsTime="2016-10-18T19:08:25Z" />
   <badge tag="candidates" msg="nearby L(28.52695, 83.90667)" gpsTime="2016-10-18T19:08:25Z" />
   <badge tag="candidates" msg="nearby L(28.52696, 83.90636)" gpsTime="2016-10-18T19:08:27Z" />
   <badge tag="candidates" msg="nearby L(28.52695, 83.90669)" gpsTime="2016-10-18T19:08:27Z" />
   <badge tag="candidates" msg="nearby L(28.52696, 83.90636)" gpsTime="2016-10-18T19:08:29Z" />
   <badge tag="candidates" msg="nearby L(28.52695, 83.90670)" gpsTime="2016-10-18T19:08:29Z" />
   <badge tag="candidates" msg="nearby L(28.52697, 83.90636)" gpsTime="2016-10-18T19:08:31Z" />
   <badge tag="candidates" msg="nearby L(28.52696, 83.90670)" gpsTime="2016-10-18T19:08:31Z" />
   <badge tag="candidates" msg="nearby L(28.52698, 83.90636)" gpsTime="2016-10-18T19:08:33Z" />
   <badge tag="candidates" msg="nearby L(28.52697, 83.90670)" gpsTime="2016-10-18T19:08:33Z" />
   <badge tag="candidates" msg="nearby L(28.52698, 83.90637)" gpsTime="2016-10-18T19:08:35Z" />
   <badge tag="candidates" msg="nearby L(28.52697, 83.90671)" gpsTime="2016-10-18T19:08:35Z" />
   <badge tag="candidates" msg="nearby L(28.52700, 83.90703)" gpsTime="2016-10-18T19:10:30Z" />
   <badge tag="candidates" msg="nearby L(28.52689, 83.90734)" gpsTime="2016-10-18T19:11:02Z" />
   <badge tag="candidates" msg="nearby L(28.52693, 83.90703)" gpsTime="2016-10-18T19:11:04Z" />
   <badge tag="candidates" msg="nearby L(28.52688, 83.90735)" gpsTime="2016-10-18T19:11:04Z" />
   <badge tag="candidates" msg="nearby L(28.52692, 83.90704)" gpsTime="2016-10-18T19:11:06Z" />
   <badge tag="candidates" msg="nearby L(28.52688, 83.90737)" gpsTime="2016-10-18T19:11:06Z" />
   <badge tag="candidates" msg="nearby L(28.52692, 83.90704)" gpsTime="2016-10-18T19:11:08Z" />
   <badge tag="candidates" msg="nearby L(28.52687, 83.90738)" gpsTime="2016-10-18T19:11:08Z" />
   <badge tag="candidates" msg="nearby L(28.52692, 83.90705)" gpsTime="2016-10-18T19:11:10Z" />
   <badge tag="candidates" msg="nearby L(28.52687, 83.90738)" gpsTime="2016-10-18T19:11:10Z" />
   <badge tag="candidates" msg="nearby L(28.52692, 83.90705)" gpsTime="2016-10-18T19:11:12Z" />
   <badge tag="candidates" msg="nearby L(28.52687, 83.90738)" gpsTime="2016-10-18T19:11:12Z" />
   <badge tag="candidates" msg="nearby L(28.52693, 83.90705)" gpsTime="2016-10-18T19:11:14Z" />
   <badge tag="candidates" msg="nearby L(28.52688, 83.90739)" gpsTime="2016-10-18T19:11:14Z" />
   <badge tag="candidates" msg="nearby L(28.52692, 83.90706)" gpsTime="2016-10-18T19:11:16Z" />
   <badge tag="candidates" msg="nearby L(28.52687, 83.90740)" gpsTime="2016-10-18T19:11:16Z" />
   <badge tag="candidates" msg="nearby L(28.52692, 83.90706)" gpsTime="2016-10-18T19:11:19Z" />
   <badge tag="candidates" msg="nearby L(28.52686, 83.90742)" gpsTime="2016-10-18T19:11:19Z" />
   <badge tag="candidates" msg="nearby L(28.52691, 83.90707)" gpsTime="2016-10-18T19:11:21Z" />
   <badge tag="candidates" msg="nearby L(28.52685, 83.90743)" gpsTime="2016-10-18T19:11:21Z" />
   <badge tag="candidates" msg="nearby L(28.52691, 83.90708)" gpsTime="2016-10-18T19:11:23Z" />
   <badge tag="candidates" msg="nearby L(28.52684, 83.90745)" gpsTime="2016-10-18T19:11:23Z" />
   <badge tag="candidates" msg="nearby L(28.52692, 83.90696)" gpsTime="2016-10-18T19:11:25Z" />
   <badge tag="candidates" msg="nearby L(28.52683, 83.90746)" gpsTime="2016-10-18T19:11:25Z" />
   <badge tag="candidates" msg="nearby L(28.52692, 83.90696)" gpsTime="2016-10-18T19:11:27Z" />
   <badge tag="candidates" msg="nearby L(28.52682, 83.90746)" gpsTime="2016-10-18T19:11:27Z" />
   <badge tag="candidates" msg="nearby L(28.52692, 83.90696)" gpsTime="2016-10-18T19:11:29Z" />
   <badge tag="candidates" msg="nearby L(28.52681, 83.90747)" gpsTime="2016-10-18T19:11:29Z" />
   <badge tag="candidates" msg="nearby L(28.52692, 83.90696)" gpsTime="2016-10-18T19:11:32Z" />
   <badge tag="candidates" msg="nearby L(28.52680, 83.90748)" gpsTime="2016-10-18T19:11:32Z" />
   <badge tag="candidates" msg="nearby L(28.52691, 83.90696)" gpsTime="2016-10-18T19:11:34Z" />
   <badge tag="candidates" msg="nearby L(28.52679, 83.90747)" gpsTime="2016-10-18T19:11:34Z" />
   <badge tag="candidates" msg="nearby L(28.52691, 83.90696)" gpsTime="2016-10-18T19:11:36Z" />
   <badge tag="candidates" msg="nearby L(28.52679, 83.90746)" gpsTime="2016-10-18T19:11:36Z" />
   <badge tag="candidates" msg="nearby L(28.52691, 83.90696)" gpsTime="2016-10-18T19:11:38Z" />
   <badge tag="candidates" msg="nearby L(28.52679, 83.90745)" gpsTime="2016-10-18T19:11:38Z" />
   <badge tag="candidates" msg="nearby L(28.52691, 83.90696)" gpsTime="2016-10-18T19:11:40Z" />
   <badge tag="candidates" msg="nearby L(28.52678, 83.90746)" gpsTime="2016-10-18T19:11:40Z" />
   <badge tag="candidates" msg="nearby L(28.52691, 83.90696)" gpsTime="2016-10-18T19:11:42Z" />
   <badge tag="candidates" msg="nearby L(28.52677, 83.90747)" gpsTime="2016-10-18T19:11:42Z" />
   <badge tag="candidates" msg="nearby L(28.52691, 83.90697)" gpsTime="2016-10-18T19:11:44Z" />
   <badge tag="candidates" msg="nearby L(28.52677, 83.90748)" gpsTime="2016-10-18T19:11:44Z" />
   <badge tag="candidates" msg="nearby L(28.52691, 83.90696)" gpsTime="2016-10-18T19:11:46Z" />
   <badge tag="candidates" msg="nearby L(28.52677, 83.90747)" gpsTime="2016-10-18T19:11:46Z" />
   <badge tag="candidates" msg="nearby L(28.52690, 83.90696)" gpsTime="2016-10-18T19:11:49Z" />
   <badge tag="candidates" msg="nearby L(28.52676, 83.90747)" gpsTime="2016-10-18T19:11:49Z" />
   <badge tag="candidates" msg="nearby L(28.52690, 83.90697)" gpsTime="2016-10-18T19:11:51Z" />
   <badge tag="candidates" msg="nearby L(28.52675, 83.90748)" gpsTime="2016-10-18T19:11:51Z" />
   <badge tag="candidates" msg="nearby L(28.52690, 83.90697)" gpsTime="2016-10-18T19:11:53Z" />
   <badge tag="candidates" msg="nearby L(28.52675, 83.90748)" gpsTime="2016-10-18T19:11:53Z" />
   <badge tag="candidates" msg="nearby L(28.52690, 83.90696)" gpsTime="2016-10-18T19:11:55Z" />
   <badge tag="candidates" msg="nearby L(28.52675, 83.90748)" gpsTime="2016-10-18T19:11:55Z" />
   <badge tag="candidates" msg="nearby L(28.52690, 83.90696)" gpsTime="2016-10-18T19:11:57Z" />
   <badge tag="candidates" msg="nearby L(28.52675, 83.90747)" gpsTime="2016-10-18T19:11:57Z" />
   <badge tag="candidates" msg="nearby L(28.52690, 83.90697)" gpsTime="2016-10-18T19:12:00Z" />
   <badge tag="candidates" msg="nearby L(28.52675, 83.90748)" gpsTime="2016-10-18T19:12:00Z" />
   <badge tag="candidates" msg="nearby L(28.52690, 83.90697)" gpsTime="2016-10-18T19:12:02Z" />
   <badge tag="candidates" msg="nearby L(28.52675, 83.90748)" gpsTime="2016-10-18T19:12:02Z" />
   <badge tag="candidates" msg="nearby L(28.52690, 83.90697)" gpsTime="2016-10-18T19:12:04Z" />
   <badge tag="candidates" msg="nearby L(28.52675, 83.90748)" gpsTime="2016-10-18T19:12:04Z" />
   <badge tag="candidates" msg="nearby L(28.52690, 83.90696)" gpsTime="2016-10-18T19:12:06Z" />
   <badge tag="candidates" msg="nearby L(28.52674, 83.90747)" gpsTime="2016-10-18T19:12:06Z" />
   <badge tag="candidates" msg="nearby L(28.52689, 83.90696)" gpsTime="2016-10-18T19:12:08Z" />
   <badge tag="candidates" msg="nearby L(28.52673, 83.90748)" gpsTime="2016-10-18T19:12:08Z" />
   <badge tag="candidates" msg="nearby L(28.52689, 83.90697)" gpsTime="2016-10-18T19:12:10Z" />
   <badge tag="candidates" msg="nearby L(28.52672, 83.90748)" gpsTime="2016-10-18T19:12:10Z" />
   <badge tag="candidates" msg="nearby L(28.52689, 83.90697)" gpsTime="2016-10-18T19:12:12Z" />
   <badge tag="candidates" msg="nearby L(28.52671, 83.90748)" gpsTime="2016-10-18T19:12:12Z" />
   <badge tag="candidates" msg="nearby L(28.52688, 83.90696)" gpsTime="2016-10-18T19:12:15Z" />
   <badge tag="candidates" msg="nearby L(28.52669, 83.90747)" gpsTime="2016-10-18T19:12:15Z" />
   <badge tag="candidates" msg="nearby L(28.52688, 83.90696)" gpsTime="2016-10-18T19:12:17Z" />
   <badge tag="candidates" msg="nearby L(28.52669, 83.90745)" gpsTime="2016-10-18T19:12:17Z" />
   <badge tag="candidates" msg="nearby L(28.52688, 83.90695)" gpsTime="2016-10-18T19:12:19Z" />
   <badge tag="candidates" msg="nearby L(28.52670, 83.90744)" gpsTime="2016-10-18T19:12:19Z" />
   <badge tag="candidates" msg="nearby L(28.52688, 83.90695)" gpsTime="2016-10-18T19:12:21Z" />
   <badge tag="candidates" msg="nearby L(28.52670, 83.90744)" gpsTime="2016-10-18T19:12:21Z" />
   <badge tag="candidates" msg="nearby L(28.52688, 83.90695)" gpsTime="2016-10-18T19:12:23Z" />
   <badge tag="candidates" msg="nearby L(28.52670, 83.90744)" gpsTime="2016-10-18T19:12:23Z" />
   <badge tag="candidates" msg="nearby L(28.52688, 83.90695)" gpsTime="2016-10-18T19:12:25Z" />
   <badge tag="candidates" msg="nearby L(28.52670, 83.90744)" gpsTime="2016-10-18T19:12:25Z" />
   <badge tag="candidates" msg="nearby L(28.52688, 83.90695)" gpsTime="2016-10-18T19:12:27Z" />
   <badge tag="candidates" msg="nearby L(28.52670, 83.90744)" gpsTime="2016-10-18T19:12:27Z" />
   <badge tag="candidates" msg="nearby L(28.52688, 83.90695)" gpsTime="2016-10-18T19:12:30Z" />
   <badge tag="candidates" msg="nearby L(28.52670, 83.90744)" gpsTime="2016-10-18T19:12:30Z" />
   <badge tag="candidates" msg="nearby L(28.52688, 83.90695)" gpsTime="2016-10-18T19:12:32Z" />
   <badge tag="candidates" msg="nearby L(28.52670, 83.90744)" gpsTime="2016-10-18T19:12:32Z" />
   <badge tag="candidates" msg="nearby L(28.52688, 83.90695)" gpsTime="2016-10-18T19:12:34Z" />
   <badge tag="candidates" msg="nearby L(28.52670, 83.90744)" gpsTime="2016-10-18T19:12:34Z" />
   <badge tag="candidates" msg="nearby L(28.52688, 83.90695)" gpsTime="2016-10-18T19:12:36Z" />
   <badge tag="candidates" msg="nearby L(28.52670, 83.90744)" gpsTime="2016-10-18T19:12:36Z" />
   <badge tag="candidates" msg="nearby L(28.52688, 83.90695)" gpsTime="2016-10-18T19:12:38Z" />
   <badge tag="candidates" msg="nearby L(28.52670, 83.90744)" gpsTime="2016-10-18T19:12:38Z" />
   <badge tag="candidates" msg="nearby L(28.52688, 83.90695)" gpsTime="2016-10-18T19:12:40Z" />
   <badge tag="candidates" msg="nearby L(28.52670, 83.90744)" gpsTime="2016-10-18T19:12:40Z" />
   <badge tag="candidates" msg="nearby L(28.52688, 83.90695)" gpsTime="2016-10-18T19:12:42Z" />
   <badge tag="candidates" msg="nearby L(28.52670, 83.90744)" gpsTime="2016-10-18T19:12:42Z" />
   <badge tag="candidates" msg="nearby L(28.52688, 83.90695)" gpsTime="2016-10-18T19:12:44Z" />
   <badge tag="candidates" msg="nearby L(28.52670, 83.90744)" gpsTime="2016-10-18T19:12:44Z" />
   <badge tag="candidates" msg="nearby L(28.52688, 83.90695)" gpsTime="2016-10-18T19:12:46Z" />
   <badge tag="candidates" msg="nearby L(28.52670, 83.90744)" gpsTime="2016-10-18T19:12:46Z" />
   <badge tag="candidates" msg="nearby L(28.52688, 83.90695)" gpsTime="2016-10-18T19:12:49Z" />
   <badge tag="candidates" msg="nearby L(28.52670, 83.90744)" gpsTime="2016-10-18T19:12:49Z" />
   <badge tag="candidates" msg="nearby L(28.52688, 83.90695)" gpsTime="2016-10-18T19:12:51Z" />
   <badge tag="candidates" msg="nearby L(28.52670, 83.90744)" gpsTime="2016-10-18T19:12:51Z" />
   <badge tag="candidates" msg="nearby L(28.52688, 83.90695)" gpsTime="2016-10-18T19:12:53Z" />
   <badge tag="candidates" msg="nearby L(28.52670, 83.90744)" gpsTime="2016-10-18T19:12:53Z" />
   <badge tag="candidates" msg="nearby L(28.52688, 83.90695)" gpsTime="2016-10-18T19:12:55Z" />
   <badge tag="candidates" msg="nearby L(28.52670, 83.90744)" gpsTime="2016-10-18T19:12:55Z" />
   <badge tag="candidates" msg="nearby L(28.52688, 83.90695)" gpsTime="2016-10-18T19:12:57Z" />
   <badge tag="candidates" msg="nearby L(28.52670, 83.90744)" gpsTime="2016-10-18T19:12:57Z" />
   <badge tag="candidates" msg="nearby L(28.52688, 83.90695)" gpsTime="2016-10-18T19:13:00Z" />
   <badge tag="candidates" msg="nearby L(28.52670, 83.90744)" gpsTime="2016-10-18T19:13:00Z" />
   <badge tag="candidates" msg="nearby L(28.52688, 83.90695)" gpsTime="2016-10-18T19:13:02Z" />
   <badge tag="candidates" msg="nearby L(28.52670, 83.90744)" gpsTime="2016-10-18T19:13:02Z" />
   <badge tag="candidates" msg="nearby L(28.52688, 83.90696)" gpsTime="2016-10-18T19:13:04Z" />
   <badge tag="candidates" msg="nearby L(28.52669, 83.90745)" gpsTime="2016-10-18T19:13:04Z" />
   <badge tag="candidates" msg="nearby L(28.52688, 83.90696)" gpsTime="2016-10-18T19:13:06Z" />
   <badge tag="candidates" msg="nearby L(28.52669, 83.90745)" gpsTime="2016-10-18T19:13:06Z" />
   <badge tag="candidates" msg="nearby L(28.52688, 83.90696)" gpsTime="2016-10-18T19:13:08Z" />
   <badge tag="candidates" msg="nearby L(28.52669, 83.90745)" gpsTime="2016-10-18T19:13:08Z" />
   <badge tag="candidates" msg="nearby L(28.52688, 83.90696)" gpsTime="2016-10-18T19:13:10Z" />
   <badge tag="candidates" msg="nearby L(28.52669, 83.90745)" gpsTime="2016-10-18T19:13:10Z" />
   <badge tag="candidates" msg="nearby L(28.52688, 83.90696)" gpsTime="2016-10-18T19:13:12Z" />
   <badge tag="candidates" msg="nearby L(28.52669, 83.90745)" gpsTime="2016-10-18T19:13:12Z" />
   <badge tag="candidates" msg="nearby L(28.52688, 83.90696)" gpsTime="2016-10-18T19:13:14Z" />
   <badge tag="candidates" msg="nearby L(28.52669, 83.90745)" gpsTime="2016-10-18T19:13:14Z" />
   <badge tag="candidates" msg="nearby L(28.52688, 83.90696)" gpsTime="2016-10-18T19:13:16Z" />
   <badge tag="candidates" msg="nearby L(28.52669, 83.90745)" gpsTime="2016-10-18T19:13:16Z" />
   <badge tag="candidates" msg="nearby L(28.52688, 83.90696)" gpsTime="2016-10-18T19:13:19Z" />
   <badge tag="candidates" msg="nearby L(28.52669, 83.90745)" gpsTime="2016-10-18T19:13:19Z" />
   <badge tag="candidates" msg="nearby L(28.52687, 83.90697)" gpsTime="2016-10-18T19:13:21Z" />
   <badge tag="candidates" msg="nearby L(28.52668, 83.90748)" gpsTime="2016-10-18T19:13:21Z" />
   <badge tag="candidates" msg="nearby L(28.52687, 83.90697)" gpsTime="2016-10-18T19:13:23Z" />
   <badge tag="candidates" msg="nearby L(28.52667, 83.90749)" gpsTime="2016-10-18T19:13:23Z" />
   <badge tag="candidates" msg="nearby L(28.52687, 83.90698)" gpsTime="2016-10-18T19:13:25Z" />
   <badge tag="candidates" msg="nearby L(28.52667, 83.90751)" gpsTime="2016-10-18T19:13:25Z" />
   <badge tag="candidates" msg="nearby L(28.52688, 83.90698)" gpsTime="2016-10-18T19:13:27Z" />
   <badge tag="candidates" msg="nearby L(28.52668, 83.90752)" gpsTime="2016-10-18T19:13:27Z" />
   <badge tag="candidates" msg="nearby L(28.52688, 83.90698)" gpsTime="2016-10-18T19:13:29Z" />
   <badge tag="candidates" msg="nearby L(28.52668, 83.90752)" gpsTime="2016-10-18T19:13:29Z" />
   <badge tag="candidates" msg="nearby L(28.52689, 83.90698)" gpsTime="2016-10-18T19:13:31Z" />
   <badge tag="candidates" msg="nearby L(28.52673, 83.90753)" gpsTime="2016-10-18T19:13:31Z" />
   <badge tag="candidates" msg="nearby L(28.52689, 83.90698)" gpsTime="2016-10-18T19:13:33Z" />
   <badge tag="candidates" msg="nearby L(28.52673, 83.90753)" gpsTime="2016-10-18T19:13:33Z" />
   <badge tag="candidates" msg="nearby L(28.52689, 83.90698)" gpsTime="2016-10-18T19:13:36Z" />
   <badge tag="candidates" msg="nearby L(28.52673, 83.90753)" gpsTime="2016-10-18T19:13:36Z" />
   <badge tag="candidates" msg="nearby L(28.52689, 83.90698)" gpsTime="2016-10-18T19:13:38Z" />
   <badge tag="candidates" msg="nearby L(28.52673, 83.90753)" gpsTime="2016-10-18T19:13:38Z" />
   <badge tag="candidates" msg="nearby L(28.52689, 83.90698)" gpsTime="2016-10-18T19:13:40Z" />
   <badge tag="candidates" msg="nearby L(28.52673, 83.90753)" gpsTime="2016-10-18T19:13:40Z" />
   <badge tag="candidates" msg="nearby L(28.52690, 83.90699)" gpsTime="2016-10-18T19:13:42Z" />
   <badge tag="candidates" msg="nearby L(28.52675, 83.90754)" gpsTime="2016-10-18T19:13:42Z" />
   <badge tag="candidates" msg="nearby L(28.52690, 83.90699)" gpsTime="2016-10-18T19:13:44Z" />
   <badge tag="candidates" msg="nearby L(28.52675, 83.90754)" gpsTime="2016-10-18T19:13:44Z" />
   <badge tag="candidates" msg="nearby L(28.52690, 83.90699)" gpsTime="2016-10-18T19:13:46Z" />
   <badge tag="candidates" msg="nearby L(28.52675, 83.90754)" gpsTime="2016-10-18T19:13:46Z" />
   <badge tag="candidates" msg="nearby L(28.52690, 83.90699)" gpsTime="2016-10-18T19:13:48Z" />
   <badge tag="candidates" msg="nearby L(28.52675, 83.90754)" gpsTime="2016-10-18T19:13:48Z" />
   <badge tag="candidates" msg="nearby L(28.52690, 83.90699)" gpsTime="2016-10-18T19:13:50Z" />
   <badge tag="candidates" msg="nearby L(28.52675, 83.90754)" gpsTime="2016-10-18T19:13:50Z" />
   <badge tag="candidates" msg="nearby L(28.52690, 83.90699)" gpsTime="2016-10-18T19:13:52Z" />
   <badge tag="candidates" msg="nearby L(28.52675, 83.90754)" gpsTime="2016-10-18T19:13:52Z" />
   <badge tag="candidates" msg="nearby L(28.52690, 83.90699)" gpsTime="2016-10-18T19:13:54Z" />
   <badge tag="candidates" msg="nearby L(28.52675, 83.90754)" gpsTime="2016-10-18T19:13:54Z" />
   <badge tag="candidates" msg="nearby L(28.52690, 83.90699)" gpsTime="2016-10-18T19:13:57Z" />
   <badge tag="candidates" msg="nearby L(28.52675, 83.90754)" gpsTime="2016-10-18T19:13:57Z" />
   <badge tag="candidates" msg="nearby L(28.52690, 83.90699)" gpsTime="2016-10-18T19:13:59Z" />
   <badge tag="candidates" msg="nearby L(28.52675, 83.90754)" gpsTime="2016-10-18T19:13:59Z" />
   <badge tag="candidates" msg="nearby L(28.52690, 83.90699)" gpsTime="2016-10-18T19:14:01Z" />
   <badge tag="candidates" msg="nearby L(28.52675, 83.90754)" gpsTime="2016-10-18T19:14:01Z" />
   <badge tag="candidates" msg="nearby L(28.52690, 83.90699)" gpsTime="2016-10-18T19:14:03Z" />
   <badge tag="candidates" msg="nearby L(28.52675, 83.90754)" gpsTime="2016-10-18T19:14:03Z" />
   <badge tag="candidates" msg="nearby L(28.52690, 83.90699)" gpsTime="2016-10-18T19:14:05Z" />
   <badge tag="candidates" msg="nearby L(28.52675, 83.90754)" gpsTime="2016-10-18T19:14:05Z" />
   <badge tag="candidates" msg="nearby L(28.52690, 83.90699)" gpsTime="2016-10-18T19:14:07Z" />
   <badge tag="candidates" msg="nearby L(28.52675, 83.90754)" gpsTime="2016-10-18T19:14:07Z" />
   <badge tag="candidates" msg="nearby L(28.52690, 83.90699)" gpsTime="2016-10-18T19:14:09Z" />
   <badge tag="candidates" msg="nearby L(28.52675, 83.90754)" gpsTime="2016-10-18T19:14:09Z" />
   <badge tag="candidates" msg="nearby L(28.52690, 83.90699)" gpsTime="2016-10-18T19:14:12Z" />
   <badge tag="candidates" msg="nearby L(28.52675, 83.90754)" gpsTime="2016-10-18T19:14:12Z" />
   <badge tag="candidates" msg="nearby L(28.52690, 83.90699)" gpsTime="2016-10-18T19:14:14Z" />
   <badge tag="candidates" msg="nearby L(28.52675, 83.90754)" gpsTime="2016-10-18T19:14:14Z" />
   <badge tag="candidates" msg="nearby L(28.52690, 83.90699)" gpsTime="2016-10-18T19:14:16Z" />
   <badge tag="candidates" msg="nearby L(28.52675, 83.90754)" gpsTime="2016-10-18T19:14:16Z" />
   <badge tag="candidates" msg="nearby L(28.52690, 83.90699)" gpsTime="2016-10-18T19:14:18Z" />
   <badge tag="candidates" msg="nearby L(28.52675, 83.90754)" gpsTime="2016-10-18T19:14:18Z" />
   <badge tag="candidates" msg="nearby L(28.52690, 83.90699)" gpsTime="2016-10-18T19:14:20Z" />
   <badge tag="candidates" msg="nearby L(28.52675, 83.90754)" gpsTime="2016-10-18T19:14:20Z" />
   <badge tag="candidates" msg="nearby L(28.52690, 83.90699)" gpsTime="2016-10-18T19:14:22Z" />
   <badge tag="candidates" msg="nearby L(28.52675, 83.90754)" gpsTime="2016-10-18T19:14:22Z" />
   <badge tag="candidates" msg="nearby L(28.52690, 83.90699)" gpsTime="2016-10-18T19:14:24Z" />
   <badge tag="candidates" msg="nearby L(28.52675, 83.90754)" gpsTime="2016-10-18T19:14:24Z" />
   <badge tag="candidates" msg="nearby L(28.52690, 83.90699)" gpsTime="2016-10-18T19:14:26Z" />
   <badge tag="candidates" msg="nearby L(28.52675, 83.90754)" gpsTime="2016-10-18T19:14:26Z" />
   <badge tag="candidates" msg="nearby L(28.52690, 83.90699)" gpsTime="2016-10-18T19:14:28Z" />
   <badge tag="candidates" msg="nearby L(28.52675, 83.90754)" gpsTime="2016-10-18T19:14:28Z" />
   <badge tag="candidates" msg="nearby L(28.52690, 83.90699)" gpsTime="2016-10-18T19:14:30Z" />
   <badge tag="candidates" msg="nearby L(28.52675, 83.90754)" gpsTime="2016-10-18T19:14:30Z" />
   <badge tag="candidates" msg="nearby L(28.52690, 83.90699)" gpsTime="2016-10-18T19:14:33Z" />
   <badge tag="candidates" msg="nearby L(28.52675, 83.90754)" gpsTime="2016-10-18T19:14:33Z" />
   <badge tag="candidates" msg="nearby L(28.52690, 83.90699)" gpsTime="2016-10-18T19:14:35Z" />
   <badge tag="candidates" msg="nearby L(28.52675, 83.90754)" gpsTime="2016-10-18T19:14:35Z" />
   <badge tag="candidates" msg="nearby L(28.52690, 83.90699)" gpsTime="2016-10-18T19:14:37Z" />
   <badge tag="candidates" msg="nearby L(28.52675, 83.90754)" gpsTime="2016-10-18T19:14:37Z" />
   <badge tag="candidates" msg="nearby L(28.52690, 83.90699)" gpsTime="2016-10-18T19:14:39Z" />
   <badge tag="candidates" msg="nearby L(28.52675, 83.90754)" gpsTime="2016-10-18T19:14:39Z" />
   <badge tag="candidates" msg="nearby L(28.52690, 83.90699)" gpsTime="2016-10-18T19:14:41Z" />
   <badge tag="candidates" msg="nearby L(28.52675, 83.90754)" gpsTime="2016-10-18T19:14:41Z" />
   <badge tag="candidates" msg="nearby L(28.52690, 83.90699)" gpsTime="2016-10-18T19:14:43Z" />
   <badge tag="candidates" msg="nearby L(28.52675, 83.90754)" gpsTime="2016-10-18T19:14:43Z" />
   <badge tag="candidates" msg="nearby L(28.52690, 83.90699)" gpsTime="2016-10-18T19:14:45Z" />
   <badge tag="candidates" msg="nearby L(28.52675, 83.90754)" gpsTime="2016-10-18T19:14:45Z" />
   <badge tag="candidates" msg="nearby L(28.52690, 83.90699)" gpsTime="2016-10-18T19:14:47Z" />
   <badge tag="candidates" msg="nearby L(28.52675, 83.90754)" gpsTime="2016-10-18T19:14:47Z" />
   <badge tag="candidates" msg="nearby L(28.52690, 83.90699)" gpsTime="2016-10-18T19:14:49Z" />
   <badge tag="candidates" msg="nearby L(28.52675, 83.90754)" gpsTime="2016-10-18T19:14:49Z" />
   <badge tag="candidates" msg="nearby L(28.52690, 83.90699)" gpsTime="2016-10-18T19:14:51Z" />
   <badge tag="candidates" msg="nearby L(28.52675, 83.90754)" gpsTime="2016-10-18T19:14:51Z" />
   <badge tag="candidates" msg="nearby L(28.52690, 83.90699)" gpsTime="2016-10-18T19:14:54Z" />
   <badge tag="candidates" msg="nearby L(28.52675, 83.90754)" gpsTime="2016-10-18T19:14:54Z" />
   <badge tag="candidates" msg="nearby L(28.52690, 83.90699)" gpsTime="2016-10-18T19:14:56Z" />
   <badge tag="candidates" msg="nearby L(28.52675, 83.90754)" gpsTime="2016-10-18T19:14:56Z" />
   <badge tag="candidates" msg="nearby L(28.52690, 83.90699)" gpsTime="2016-10-18T19:14:58Z" />
   <badge tag="candidates" msg="nearby L(28.52675, 83.90754)" gpsTime="2016-10-18T19:14:58Z" />
   <badge tag="candidates" msg="nearby L(28.52690, 83.90699)" gpsTime="2016-10-18T19:15:00Z" />
   <badge tag="candidates" msg="nearby L(28.52675, 83.90754)" gpsTime="2016-10-18T19:15:00Z" />
   <badge tag="candidates" msg="nearby L(28.52690, 83.90699)" gpsTime="2016-10-18T19:15:02Z" />
   <badge tag="candidates" msg="nearby L(28.52675, 83.90754)" gpsTime="2016-10-18T19:15:02Z" />
   <badge tag="candidates" msg="nearby L(28.52690, 83.90699)" gpsTime="2016-10-18T19:15:04Z" />
   <badge tag="candidates" msg="nearby L(28.52675, 83.90754)" gpsTime="2016-10-18T19:15:04Z" />
   <badge tag="candidates" msg="nearby L(28.52690, 83.90699)" gpsTime="2016-10-18T19:15:06Z" />
   <badge tag="candidates" msg="nearby L(28.52675, 83.90754)" gpsTime="2016-10-18T19:15:06Z" />
   <badge tag="candidates" msg="nearby L(28.52690, 83.90699)" gpsTime="2016-10-18T19:15:09Z" />
   <badge tag="candidates" msg="nearby L(28.52675, 83.90754)" gpsTime="2016-10-18T19:15:09Z" />
   <badge tag="candidates" msg="nearby L(28.52690, 83.90699)" gpsTime="2016-10-18T19:15:11Z" />
   <badge tag="candidates" msg="nearby L(28.52675, 83.90754)" gpsTime="2016-10-18T19:15:11Z" />
   <badge tag="candidates" msg="nearby L(28.52690, 83.90699)" gpsTime="2016-10-18T19:15:13Z" />
   <badge tag="candidates" msg="nearby L(28.52675, 83.90754)" gpsTime="2016-10-18T19:15:13Z" />
   <badge tag="candidates" msg="nearby L(28.52690, 83.90699)" gpsTime="2016-10-18T19:15:15Z" />
   <badge tag="candidates" msg="nearby L(28.52675, 83.90754)" gpsTime="2016-10-18T19:15:15Z" />
   <badge tag="candidates" msg="nearby L(28.52690, 83.90699)" gpsTime="2016-10-18T19:15:17Z" />
   <badge tag="candidates" msg="nearby L(28.52675, 83.90754)" gpsTime="2016-10-18T19:15:17Z" />
   <badge tag="candidates" msg="nearby L(28.52690, 83.90699)" gpsTime="2016-10-18T19:15:19Z" />
   <badge tag="candidates" msg="nearby L(28.52675, 83.90754)" gpsTime="2016-10-18T19:15:19Z" />
   <badge tag="candidates" msg="nearby L(28.52690, 83.90699)" gpsTime="2016-10-18T19:15:21Z" />
   <badge tag="candidates" msg="nearby L(28.52675, 83.90754)" gpsTime="2016-10-18T19:15:21Z" />
   <badge tag="candidates" msg="nearby L(28.52690, 83.90699)" gpsTime="2016-10-18T19:15:23Z" />
   <badge tag="candidates" msg="nearby L(28.52675, 83.90754)" gpsTime="2016-10-18T19:15:23Z" />
   <badge tag="candidates" msg="nearby L(28.52690, 83.90699)" gpsTime="2016-10-18T19:15:25Z" />
   <badge tag="candidates" msg="nearby L(28.52675, 83.90754)" gpsTime="2016-10-18T19:15:25Z" />
   <badge tag="candidates" msg="nearby L(28.52690, 83.90699)" gpsTime="2016-10-18T19:15:27Z" />
   <badge tag="candidates" msg="nearby L(28.52675, 83.90754)" gpsTime="2016-10-18T19:15:27Z" />
   <badge tag="candidates" msg="nearby L(28.52690, 83.90699)" gpsTime="2016-10-18T19:15:30Z" />
   <badge tag="candidates" msg="nearby L(28.52675, 83.90754)" gpsTime="2016-10-18T19:15:30Z" />
   <badge tag="candidates" msg="nearby L(28.52690, 83.90699)" gpsTime="2016-10-18T19:15:32Z" />
   <badge tag="candidates" msg="nearby L(28.52675, 83.90754)" gpsTime="2016-10-18T19:15:32Z" />
   <badge tag="candidates" msg="nearby L(28.52690, 83.90699)" gpsTime="2016-10-18T19:15:34Z" />
   <badge tag="candidates" msg="nearby L(28.52675, 83.90754)" gpsTime="2016-10-18T19:15:34Z" />
   <badge tag="candidates" msg="nearby L(28.52690, 83.90699)" gpsTime="2016-10-18T19:15:36Z" />
   <badge tag="candidates" msg="nearby L(28.52675, 83.90754)" gpsTime="2016-10-18T19:15:36Z" />
   <badge tag="candidates" msg="nearby L(28.52690, 83.90699)" gpsTime="2016-10-18T19:15:38Z" />
   <badge tag="candidates" msg="nearby L(28.52675, 83.90754)" gpsTime="2016-10-18T19:15:38Z" />
   <badge tag="candidates" msg="nearby L(28.52690, 83.90699)" gpsTime="2016-10-18T19:15:40Z" />
   <badge tag="candidates" msg="nearby L(28.52675, 83.90754)" gpsTime="2016-10-18T19:15:40Z" />
   <badge tag="candidates" msg="nearby L(28.52690, 83.90699)" gpsTime="2016-10-18T19:15:42Z" />
   <badge tag="candidates" msg="nearby L(28.52675, 83.90754)" gpsTime="2016-10-18T19:15:42Z" />
   <badge tag="candidates" msg="nearby L(28.52690, 83.90699)" gpsTime="2016-10-18T19:15:44Z" />
   <badge tag="candidates" msg="nearby L(28.52675, 83.90754)" gpsTime="2016-10-18T19:15:44Z" />
   <badge tag="candidates" msg="nearby L(28.52690, 83.90699)" gpsTime="2016-10-18T19:15:47Z" />
   <badge tag="candidates" msg="nearby L(28.52675, 83.90754)" gpsTime="2016-10-18T19:15:47Z" />
   <badge tag="candidates" msg="nearby L(28.52690, 83.90699)" gpsTime="2016-10-18T19:15:49Z" />
   <badge tag="candidates" msg="nearby L(28.52675, 83.90754)" gpsTime="2016-10-18T19:15:49Z" />
   <badge tag="candidates" msg="nearby L(28.52690, 83.90699)" gpsTime="2016-10-18T19:15:51Z" />
   <badge tag="candidates" msg="nearby L(28.52675, 83.90754)" gpsTime="2016-10-18T19:15:51Z" />
   <badge tag="candidates" msg="nearby L(28.52690, 83.90699)" gpsTime="2016-10-18T19:15:53Z" />
   <badge tag="candidates" msg="nearby L(28.52675, 83.90754)" gpsTime="2016-10-18T19:15:53Z" />
   <badge tag="candidates" msg="nearby L(28.52690, 83.90699)" gpsTime="2016-10-18T19:15:55Z" />
   <badge tag="candidates" msg="nearby L(28.52675, 83.90754)" gpsTime="2016-10-18T19:15:55Z" />
   <badge tag="candidates" msg="nearby L(28.52690, 83.90699)" gpsTime="2016-10-18T19:15:57Z" />
   <badge tag="candidates" msg="nearby L(28.52675, 83.90754)" gpsTime="2016-10-18T19:15:57Z" />
   <badge tag="candidates" msg="nearby L(28.52690, 83.90699)" gpsTime="2016-10-18T19:15:59Z" />
   <badge tag="candidates" msg="nearby L(28.52675, 83.90754)" gpsTime="2016-10-18T19:15:59Z" />
   <badge tag="candidates" msg="nearby L(28.52690, 83.90699)" gpsTime="2016-10-18T19:16:01Z" />
   <badge tag="candidates" msg="nearby L(28.52675, 83.90754)" gpsTime="2016-10-18T19:16:01Z" />
   <badge tag="candidates" msg="nearby L(28.52690, 83.90699)" gpsTime="2016-10-18T19:16:04Z" />
   <badge tag="candidates" msg="nearby L(28.52675, 83.90754)" gpsTime="2016-10-18T19:16:04Z" />
   <badge tag="candidates" msg="nearby L(28.52690, 83.90699)" gpsTime="2016-10-18T19:16:06Z" />
   <badge tag="candidates" msg="nearby L(28.52675, 83.90754)" gpsTime="2016-10-18T19:16:06Z" />
   <badge tag="candidates" msg="nearby L(28.52690, 83.90699)" gpsTime="2016-10-18T19:16:08Z" />
   <badge tag="candidates" msg="nearby L(28.52675, 83.90754)" gpsTime="2016-10-18T19:16:08Z" />
   <badge tag="candidates" msg="nearby L(28.52690, 83.90699)" gpsTime="2016-10-18T19:16:10Z" />
   <badge tag="candidates" msg="nearby L(28.52675, 83.90754)" gpsTime="2016-10-18T19:16:10Z" />
   <badge tag="candidates" msg="nearby L(28.52690, 83.90699)" gpsTime="2016-10-18T19:16:12Z" />
   <badge tag="candidates" msg="nearby L(28.52675, 83.90754)" gpsTime="2016-10-18T19:16:12Z" />
   <badge tag="candidates" msg="nearby L(28.52690, 83.90699)" gpsTime="2016-10-18T19:16:14Z" />
   <badge tag="candidates" msg="nearby L(28.52675, 83.90754)" gpsTime="2016-10-18T19:16:14Z" />
   <badge tag="candidates" msg="nearby L(28.52690, 83.90699)" gpsTime="2016-10-18T19:16:16Z" />
   <badge tag="candidates" msg="nearby L(28.52675, 83.90754)" gpsTime="2016-10-18T19:16:16Z" />
   <badge tag="candidates" msg="nearby L(28.52690, 83.90699)" gpsTime="2016-10-18T19:16:18Z" />
   <badge tag="candidates" msg="nearby L(28.52675, 83.90754)" gpsTime="2016-10-18T19:16:18Z" />
   <badge tag="candidates" msg="nearby L(28.52690, 83.90699)" gpsTime="2016-10-18T19:16:21Z" />
   <badge tag="candidates" msg="nearby L(28.52675, 83.90754)" gpsTime="2016-10-18T19:16:21Z" />
   <badge tag="candidates" msg="nearby L(28.52690, 83.90699)" gpsTime="2016-10-18T19:16:23Z" />
   <badge tag="candidates" msg="nearby L(28.52675, 83.90754)" gpsTime="2016-10-18T19:16:23Z" />
   <badge tag="candidates" msg="nearby L(28.52690, 83.90699)" gpsTime="2016-10-18T19:16:25Z" />
   <badge tag="candidates" msg="nearby L(28.52675, 83.90754)" gpsTime="2016-10-18T19:16:25Z" />
   <badge tag="candidates" msg="nearby L(28.52690, 83.90699)" gpsTime="2016-10-18T19:16:27Z" />
   <badge tag="candidates" msg="nearby L(28.52675, 83.90754)" gpsTime="2016-10-18T19:16:27Z" />
   <badge tag="candidates" msg="nearby L(28.52690, 83.90699)" gpsTime="2016-10-18T19:16:29Z" />
   <badge tag="candidates" msg="nearby L(28.52675, 83.90754)" gpsTime="2016-10-18T19:16:29Z" />
   <badge tag="candidates" msg="nearby L(28.52690, 83.90699)" gpsTime="2016-10-18T19:16:32Z" />
   <badge tag="candidates" msg="nearby L(28.52675, 83.90754)" gpsTime="2016-10-18T19:16:32Z" />
   <badge tag="candidates" msg="nearby L(28.52690, 83.90699)" gpsTime="2016-10-18T19:16:34Z" />
   <badge tag="candidates" msg="nearby L(28.52675, 83.90754)" gpsTime="2016-10-18T19:16:34Z" />
   <badge tag="candidates" msg="nearby L(28.52690, 83.90699)" gpsTime="2016-10-18T19:16:36Z" />
   <badge tag="candidates" msg="nearby L(28.52675, 83.90754)" gpsTime="2016-10-18T19:16:36Z" />
   <badge tag="candidates" msg="nearby L(28.52690, 83.90699)" gpsTime="2016-10-18T19:16:38Z" />
   <badge tag="candidates" msg="nearby L(28.52675, 83.90754)" gpsTime="2016-10-18T19:16:38Z" />
   <badge tag="candidates" msg="nearby L(28.52690, 83.90699)" gpsTime="2016-10-18T19:16:40Z" />
   <badge tag="candidates" msg="nearby L(28.52675, 83.90754)" gpsTime="2016-10-18T19:16:40Z" />
   <badge tag="candidates" msg="nearby L(28.52690, 83.90699)" gpsTime="2016-10-18T19:16:42Z" />
   <badge tag="candidates" msg="nearby L(28.52675, 83.90754)" gpsTime="2016-10-18T19:16:42Z" />
   <badge tag="candidates" msg="nearby L(28.52690, 83.90699)" gpsTime="2016-10-18T19:16:44Z" />
   <badge tag="candidates" msg="nearby L(28.52675, 83.90754)" gpsTime="2016-10-18T19:16:44Z" />
   <badge tag="candidates" msg="nearby L(28.52690, 83.90699)" gpsTime="2016-10-18T19:16:46Z" />
   <badge tag="candidates" msg="nearby L(28.52675, 83.90754)" gpsTime="2016-10-18T19:16:46Z" />
   <badge tag="candidates" msg="nearby L(28.52690, 83.90699)" gpsTime="2016-10-18T19:16:49Z" />
   <badge tag="candidates" msg="nearby L(28.52675, 83.90754)" gpsTime="2016-10-18T19:16:49Z" />
   <badge tag="candidates" msg="nearby L(28.52690, 83.90699)" gpsTime="2016-10-18T19:16:51Z" />
   <badge tag="candidates" msg="nearby L(28.52675, 83.90754)" gpsTime="2016-10-18T19:16:51Z" />
   <badge tag="candidates" msg="nearby L(28.52690, 83.90699)" gpsTime="2016-10-18T19:16:53Z" />
   <badge tag="candidates" msg="nearby L(28.52675, 83.90754)" gpsTime="2016-10-18T19:16:53Z" />
   <badge tag="candidates" msg="nearby L(28.52690, 83.90699)" gpsTime="2016-10-18T19:16:55Z" />
   <badge tag="candidates" msg="nearby L(28.52675, 83.90754)" gpsTime="2016-10-18T19:16:55Z" />
   <badge tag="candidates" msg="nearby L(28.52690, 83.90699)" gpsTime="2016-10-18T19:16:57Z" />
   <badge tag="candidates" msg="nearby L(28.52675, 83.90754)" gpsTime="2016-10-18T19:16:57Z" />
   <badge tag="candidates" msg="nearby L(28.52690, 83.90699)" gpsTime="2016-10-18T19:16:59Z" />
   <badge tag="candidates" msg="nearby L(28.52675, 83.90754)" gpsTime="2016-10-18T19:16:59Z" />
   <badge tag="candidates" msg="nearby L(28.52690, 83.90699)" gpsTime="2016-10-18T19:17:01Z" />
   <badge tag="candidates" msg="nearby L(28.52675, 83.90754)" gpsTime="2016-10-18T19:17:01Z" />
   <badge tag="candidates" msg="nearby L(28.52690, 83.90699)" gpsTime="2016-10-18T19:17:03Z" />
   <badge tag="candidates" msg="nearby L(28.52675, 83.90754)" gpsTime="2016-10-18T19:17:03Z" />
   <badge tag="candidates" msg="nearby L(28.52690, 83.90699)" gpsTime="2016-10-18T19:17:05Z" />
   <badge tag="candidates" msg="nearby L(28.52675, 83.90754)" gpsTime="2016-10-18T19:17:05Z" />
   <badge tag="candidates" msg="nearby L(28.52690, 83.90699)" gpsTime="2016-10-18T19:17:08Z" />
   <badge tag="candidates" msg="nearby L(28.52675, 83.90754)" gpsTime="2016-10-18T19:17:08Z" />
   <badge tag="candidates" msg="nearby L(28.52690, 83.90699)" gpsTime="2016-10-18T19:17:10Z" />
   <badge tag="candidates" msg="nearby L(28.52675, 83.90754)" gpsTime="2016-10-18T19:17:10Z" />
   <badge tag="candidates" msg="nearby L(28.52690, 83.90699)" gpsTime="2016-10-18T19:17:12Z" />
   <badge tag="candidates" msg="nearby L(28.52675, 83.90754)" gpsTime="2016-10-18T19:17:12Z" />
   <badge tag="candidates" msg="nearby L(28.52690, 83.90699)" gpsTime="2016-10-18T19:17:14Z" />
   <badge tag="candidates" msg="nearby L(28.52675, 83.90754)" gpsTime="2016-10-18T19:17:14Z" />
   <badge tag="candidates" msg="nearby L(28.52690, 83.90699)" gpsTime="2016-10-18T19:17:16Z" />
   <badge tag="candidates" msg="nearby L(28.52675, 83.90754)" gpsTime="2016-10-18T19:17:16Z" />
   <badge tag="candidates" msg="nearby L(28.52690, 83.90699)" gpsTime="2016-10-18T19:17:18Z" />
   <badge tag="candidates" msg="nearby L(28.52675, 83.90754)" gpsTime="2016-10-18T19:17:18Z" />
   <badge tag="registration (online)" msg="code 0" badgeId="21524102" badgeUser="F291188211BF24A4" badgeTime="2016-10-18T15:02:39Z" />
   <badge tag="registration (online)" msg="code 0" badgeId="20524216" badgeUser="F291188211BF24A4" badgeTime="2016-10-18T12:06:41Z" />
  </extensions>
</gpx>
