<?xml version="1.0" encoding="UTF-8" ?>
<gpx
  version="1.1"
  creator="Tranggle Track 1.1.0 - http://www.beaglemap.com"
  xmlns:xsi="http://www.w3.org/2001/XMLSchema-instance"
  xmlns="http://www.topografix.com/GPX/1/1"
  xsi:schemaLocation="http://www.topografix.com/GPX/1/1 http://www.topografix.com/GPX/1/1/gpx.xsd">
  <metadata>
    <link href="http://www.beaglemap.com">
      <text>iPhone Tranggle 3.5.0</text>
    </link>
    <time>2016-10-16T19:58:13Z</time>
    <bounds minlat="28.348975" minlon="83.817130" maxlat="28.429180" maxlon="83.830132"/>
    <desc><![CDATA[CREATOR: F291188211BF24A4, MODEL: iPad5,4, FIRMWARE: 10.0.2, CONSTANT: M22, CATEGORY: Hiking]]></desc>
  </metadata>
  <trk>
    <trkseg>
    <trkpt lat="28.348975" lon="83.824195">
      <ele>1780.318848</ele>
      <time>2016-10-16T10:10:06Z</time>
    </trkpt>
    <trkpt lat="28.349061" lon="83.824227">
      <ele>1780.318848</ele>
      <time>2016-10-16T10:10:14Z</time>
    </trkpt>
    <trkpt lat="28.349150" lon="83.824261">
      <ele>1781.655667</ele>
      <time>2016-10-16T10:10:23Z</time>
    </trkpt>
    <trkpt lat="28.349242" lon="83.824286">
      <ele>1782.324077</ele>
      <time>2016-10-16T10:10:32Z</time>
    </trkpt>
    <trkpt lat="28.349336" lon="83.824300">
      <ele>1781.964224</ele>
      <time>2016-10-16T10:10:40Z</time>
    </trkpt>
    <trkpt lat="28.349430" lon="83.824296">
      <ele>1781.796463</ele>
      <time>2016-10-16T10:10:49Z</time>
    </trkpt>
    <trkpt lat="28.349523" lon="83.824279">
      <ele>1781.954643</ele>
      <time>2016-10-16T10:10:57Z</time>
    </trkpt>
    <trkpt lat="28.349618" lon="83.824268">
      <ele>1781.717168</ele>
      <time>2016-10-16T10:11:05Z</time>
    </trkpt>
    <trkpt lat="28.349714" lon="83.824258">
      <ele>1782.070203</ele>
      <time>2016-10-16T10:11:13Z</time>
    </trkpt>
    <trkpt lat="28.349813" lon="83.824259">
      <ele>1782.496853</ele>
      <time>2016-10-16T10:11:23Z</time>
    </trkpt>
    <trkpt lat="28.349909" lon="83.824257">
      <ele>1782.817204</ele>
      <time>2016-10-16T10:11:35Z</time>
    </trkpt>
    <trkpt lat="28.350000" lon="83.824271">
      <ele>1782.996136</ele>
      <time>2016-10-16T10:11:46Z</time>
    </trkpt>
    <trkpt lat="28.350091" lon="83.824295">
      <ele>1783.161430</ele>
      <time>2016-10-16T10:11:56Z</time>
    </trkpt>
    <trkpt lat="28.350182" lon="83.824314">
      <ele>1783.133716</ele>
      <time>2016-10-16T10:12:06Z</time>
    </trkpt>
    <trkpt lat="28.350275" lon="83.824311">
      <ele>1783.084204</ele>
      <time>2016-10-16T10:12:15Z</time>
    </trkpt>
    <trkpt lat="28.350369" lon="83.824294">
      <ele>1783.314164</ele>
      <time>2016-10-16T10:12:25Z</time>
    </trkpt>
    <trkpt lat="28.350464" lon="83.824284">
      <ele>1783.049359</ele>
      <time>2016-10-16T10:12:35Z</time>
    </trkpt>
    <trkpt lat="28.350556" lon="83.824288">
      <ele>1782.783664</ele>
      <time>2016-10-16T10:12:44Z</time>
    </trkpt>
    <trkpt lat="28.350649" lon="83.824305">
      <ele>1782.607429</ele>
      <time>2016-10-16T10:12:53Z</time>
    </trkpt>
    <trkpt lat="28.350741" lon="83.824318">
      <ele>1782.738854</ele>
      <time>2016-10-16T10:13:03Z</time>
    </trkpt>
    <trkpt lat="28.350834" lon="83.824328">
      <ele>1782.563021</ele>
      <time>2016-10-16T10:13:12Z</time>
    </trkpt>
    <trkpt lat="28.350925" lon="83.824340">
      <ele>1782.258240</ele>
      <time>2016-10-16T10:13:22Z</time>
    </trkpt>
    <trkpt lat="28.351019" lon="83.824353">
      <ele>1781.916939</ele>
      <time>2016-10-16T10:13:32Z</time>
    </trkpt>
    <trkpt lat="28.351117" lon="83.824355">
      <ele>1781.604097</ele>
      <time>2016-10-16T10:13:44Z</time>
    </trkpt>
    <trkpt lat="28.351201" lon="83.824318">
      <ele>1781.355230</ele>
      <time>2016-10-16T10:13:49Z</time>
    </trkpt>
    <trkpt lat="28.351279" lon="83.824266">
      <ele>1781.263035</ele>
      <time>2016-10-16T10:13:58Z</time>
    </trkpt>
    <trkpt lat="28.351357" lon="83.824219">
      <ele>1781.181845</ele>
      <time>2016-10-16T10:14:11Z</time>
    </trkpt>
    <trkpt lat="28.351446" lon="83.824208">
      <ele>1781.334911</ele>
      <time>2016-10-16T10:14:21Z</time>
    </trkpt>
    <trkpt lat="28.351538" lon="83.824216">
      <ele>1781.536739</ele>
      <time>2016-10-16T10:14:31Z</time>
    </trkpt>
    <trkpt lat="28.351628" lon="83.824236">
      <ele>1781.687445</ele>
      <time>2016-10-16T10:14:40Z</time>
    </trkpt>
    <trkpt lat="28.351721" lon="83.824249">
      <ele>1781.795276</ele>
      <time>2016-10-16T10:14:51Z</time>
    </trkpt>
    <trkpt lat="28.351812" lon="83.824244">
      <ele>1782.113315</ele>
      <time>2016-10-16T10:15:01Z</time>
    </trkpt>
    <trkpt lat="28.351902" lon="83.824215">
      <ele>1782.419037</ele>
      <time>2016-10-16T10:15:11Z</time>
    </trkpt>
    <trkpt lat="28.351988" lon="83.824176">
      <ele>1782.760720</ele>
      <time>2016-10-16T10:15:21Z</time>
    </trkpt>
    <trkpt lat="28.352078" lon="83.824156">
      <ele>1783.142286</ele>
      <time>2016-10-16T10:15:32Z</time>
    </trkpt>
    <trkpt lat="28.352168" lon="83.824154">
      <ele>1783.513376</ele>
      <time>2016-10-16T10:15:45Z</time>
    </trkpt>
    <trkpt lat="28.352260" lon="83.824162">
      <ele>1783.827893</ele>
      <time>2016-10-16T10:15:57Z</time>
    </trkpt>
    <trkpt lat="28.352349" lon="83.824183">
      <ele>1784.092269</ele>
      <time>2016-10-16T10:16:09Z</time>
    </trkpt>
    <trkpt lat="28.352423" lon="83.824232">
      <ele>1784.501837</ele>
      <time>2016-10-16T10:16:27Z</time>
    </trkpt>
    <trkpt lat="28.352478" lon="83.824313">
      <ele>1784.992919</ele>
      <time>2016-10-16T10:16:36Z</time>
    </trkpt>
    <trkpt lat="28.352506" lon="83.824412">
      <ele>1785.695242</ele>
      <time>2016-10-16T10:16:45Z</time>
    </trkpt>
    <trkpt lat="28.352505" lon="83.824513">
      <ele>1786.375766</ele>
      <time>2016-10-16T10:17:02Z</time>
    </trkpt>
    <trkpt lat="28.352479" lon="83.824611">
      <ele>1787.109657</ele>
      <time>2016-10-16T10:17:13Z</time>
    </trkpt>
    <trkpt lat="28.352428" lon="83.824698">
      <ele>1787.951181</ele>
      <time>2016-10-16T10:17:23Z</time>
    </trkpt>
    <trkpt lat="28.352366" lon="83.824772">
      <ele>1788.757687</ele>
      <time>2016-10-16T10:17:32Z</time>
    </trkpt>
    <trkpt lat="28.352291" lon="83.824837">
      <ele>1789.585481</ele>
      <time>2016-10-16T10:17:41Z</time>
    </trkpt>
    <trkpt lat="28.352213" lon="83.824901">
      <ele>1790.507535</ele>
      <time>2016-10-16T10:17:51Z</time>
    </trkpt>
    <trkpt lat="28.352145" lon="83.824977">
      <ele>1791.394730</ele>
      <time>2016-10-16T10:18:00Z</time>
    </trkpt>
    <trkpt lat="28.352093" lon="83.825067">
      <ele>1792.081525</ele>
      <time>2016-10-16T10:18:10Z</time>
    </trkpt>
    <trkpt lat="28.352040" lon="83.825158">
      <ele>1792.611805</ele>
      <time>2016-10-16T10:18:18Z</time>
    </trkpt>
    <trkpt lat="28.351973" lon="83.825232">
      <ele>1792.957856</ele>
      <time>2016-10-16T10:18:29Z</time>
    </trkpt>
    <trkpt lat="28.351889" lon="83.825292">
      <ele>1793.143277</ele>
      <time>2016-10-16T10:18:39Z</time>
    </trkpt>
    <trkpt lat="28.351815" lon="83.825355">
      <ele>1793.196886</ele>
      <time>2016-10-16T10:18:49Z</time>
    </trkpt>
    <trkpt lat="28.351753" lon="83.825441">
      <ele>1793.107654</ele>
      <time>2016-10-16T10:18:58Z</time>
    </trkpt>
    <trkpt lat="28.351715" lon="83.825542">
      <ele>1793.100823</ele>
      <time>2016-10-16T10:19:08Z</time>
    </trkpt>
    <trkpt lat="28.351702" lon="83.825650">
      <ele>1793.085042</ele>
      <time>2016-10-16T10:19:15Z</time>
    </trkpt>
    <trkpt lat="28.351716" lon="83.825755">
      <ele>1793.080687</ele>
      <time>2016-10-16T10:19:24Z</time>
    </trkpt>
    <trkpt lat="28.351728" lon="83.825863">
      <ele>1793.111800</ele>
      <time>2016-10-16T10:19:33Z</time>
    </trkpt>
    <trkpt lat="28.351729" lon="83.825969">
      <ele>1793.176521</ele>
      <time>2016-10-16T10:19:41Z</time>
    </trkpt>
    <trkpt lat="28.351713" lon="83.826077">
      <ele>1793.421109</ele>
      <time>2016-10-16T10:19:49Z</time>
    </trkpt>
    <trkpt lat="28.351697" lon="83.826184">
      <ele>1793.595083</ele>
      <time>2016-10-16T10:19:58Z</time>
    </trkpt>
    <trkpt lat="28.351694" lon="83.826288">
      <ele>1793.731878</ele>
      <time>2016-10-16T10:20:06Z</time>
    </trkpt>
    <trkpt lat="28.351725" lon="83.826375">
      <ele>1793.875436</ele>
      <time>2016-10-16T10:20:13Z</time>
    </trkpt>
    <trkpt lat="28.351781" lon="83.826455">
      <ele>1793.890914</ele>
      <time>2016-10-16T10:20:21Z</time>
    </trkpt>
    <trkpt lat="28.351827" lon="83.826538">
      <ele>1793.627734</ele>
      <time>2016-10-16T10:20:29Z</time>
    </trkpt>
    <trkpt lat="28.351830" lon="83.826635">
      <ele>1793.605627</ele>
      <time>2016-10-16T10:20:39Z</time>
    </trkpt>
    <trkpt lat="28.351801" lon="83.826741">
      <ele>1792.856016</ele>
      <time>2016-10-16T10:20:49Z</time>
    </trkpt>
    <trkpt lat="28.351771" lon="83.826846">
      <ele>1792.712775</ele>
      <time>2016-10-16T10:21:01Z</time>
    </trkpt>
    <trkpt lat="28.351753" lon="83.826952">
      <ele>1792.206662</ele>
      <time>2016-10-16T10:21:08Z</time>
    </trkpt>
    <trkpt lat="28.351735" lon="83.827053">
      <ele>1791.609930</ele>
      <time>2016-10-16T10:21:17Z</time>
    </trkpt>
    <trkpt lat="28.351707" lon="83.827155">
      <ele>1791.019303</ele>
      <time>2016-10-16T10:21:28Z</time>
    </trkpt>
    <trkpt lat="28.351677" lon="83.827256">
      <ele>1790.350655</ele>
      <time>2016-10-16T10:21:38Z</time>
    </trkpt>
    <trkpt lat="28.351649" lon="83.827360">
      <ele>1789.686539</ele>
      <time>2016-10-16T10:21:47Z</time>
    </trkpt>
    <trkpt lat="28.351621" lon="83.827463">
      <ele>1789.022936</ele>
      <time>2016-10-16T10:21:57Z</time>
    </trkpt>
    <trkpt lat="28.351602" lon="83.827565">
      <ele>1788.405248</ele>
      <time>2016-10-16T10:22:06Z</time>
    </trkpt>
    <trkpt lat="28.351596" lon="83.827670">
      <ele>1787.810699</ele>
      <time>2016-10-16T10:22:28Z</time>
    </trkpt>
    <trkpt lat="28.351604" lon="83.827777">
      <ele>1787.114781</ele>
      <time>2016-10-16T10:22:37Z</time>
    </trkpt>
    <trkpt lat="28.351611" lon="83.827885">
      <ele>1786.416900</ele>
      <time>2016-10-16T10:22:45Z</time>
    </trkpt>
    <trkpt lat="28.351612" lon="83.827989">
      <ele>1785.661833</ele>
      <time>2016-10-16T10:22:55Z</time>
    </trkpt>
    <trkpt lat="28.351610" lon="83.828095">
      <ele>1784.918030</ele>
      <time>2016-10-16T10:23:04Z</time>
    </trkpt>
    <trkpt lat="28.351607" lon="83.828203">
      <ele>1784.299626</ele>
      <time>2016-10-16T10:23:14Z</time>
    </trkpt>
    <trkpt lat="28.351613" lon="83.828314">
      <ele>1783.580448</ele>
      <time>2016-10-16T10:23:23Z</time>
    </trkpt>
    <trkpt lat="28.351633" lon="83.828419">
      <ele>1783.035419</ele>
      <time>2016-10-16T10:23:37Z</time>
    </trkpt>
    <trkpt lat="28.351667" lon="83.828520">
      <ele>1782.336181</ele>
      <time>2016-10-16T10:23:51Z</time>
    </trkpt>
    <trkpt lat="28.351722" lon="83.828592">
      <ele>1781.608497</ele>
      <time>2016-10-16T10:24:05Z</time>
    </trkpt>
    <trkpt lat="28.351788" lon="83.828655">
      <ele>1781.011016</ele>
      <time>2016-10-16T10:24:18Z</time>
    </trkpt>
    <trkpt lat="28.351860" lon="83.828713">
      <ele>1780.406250</ele>
      <time>2016-10-16T10:24:33Z</time>
    </trkpt>
    <trkpt lat="28.351919" lon="83.828793">
      <ele>1779.676263</ele>
      <time>2016-10-16T10:24:41Z</time>
    </trkpt>
    <trkpt lat="28.351976" lon="83.828873">
      <ele>1779.034420</ele>
      <time>2016-10-16T10:24:50Z</time>
    </trkpt>
    <trkpt lat="28.352022" lon="83.828958">
      <ele>1778.831793</ele>
      <time>2016-10-16T10:25:00Z</time>
    </trkpt>
    <trkpt lat="28.352075" lon="83.829036">
      <ele>1777.783253</ele>
      <time>2016-10-16T10:25:10Z</time>
    </trkpt>
    <trkpt lat="28.352124" lon="83.829126">
      <ele>1776.597349</ele>
      <time>2016-10-16T10:25:23Z</time>
    </trkpt>
    <trkpt lat="28.352179" lon="83.829214">
      <ele>1774.802304</ele>
      <time>2016-10-16T10:25:45Z</time>
    </trkpt>
    <trkpt lat="28.352223" lon="83.829310">
      <ele>1774.168270</ele>
      <time>2016-10-16T10:25:54Z</time>
    </trkpt>
    <trkpt lat="28.352252" lon="83.829411">
      <ele>1773.058650</ele>
      <time>2016-10-16T10:26:03Z</time>
    </trkpt>
    <trkpt lat="28.352266" lon="83.829506">
      <ele>1771.864974</ele>
      <time>2016-10-16T10:26:30Z</time>
    </trkpt>
    <trkpt lat="28.352299" lon="83.829561">
      <ele>1770.546026</ele>
      <time>2016-10-16T10:27:02Z</time>
    </trkpt>
    <trkpt lat="28.352344" lon="83.829549">
      <ele>1769.081211</ele>
      <time>2016-10-16T10:27:19Z</time>
    </trkpt>
    <trkpt lat="28.352408" lon="83.829481">
      <ele>1768.382695</ele>
      <time>2016-10-16T10:27:37Z</time>
    </trkpt>
    <trkpt lat="28.352459" lon="83.829448">
      <ele>1766.997919</ele>
      <time>2016-10-16T10:27:57Z</time>
    </trkpt>
    <trkpt lat="28.352500" lon="83.829480">
      <ele>1766.267159</ele>
      <time>2016-10-16T10:28:22Z</time>
    </trkpt>
    <trkpt lat="28.352551" lon="83.829546">
      <ele>1764.406070</ele>
      <time>2016-10-16T10:28:34Z</time>
    </trkpt>
    <trkpt lat="28.352596" lon="83.829551">
      <ele>1762.511327</ele>
      <time>2016-10-16T10:29:12Z</time>
    </trkpt>
    <trkpt lat="28.352642" lon="83.829556">
      <ele>1760.520383</ele>
      <time>2016-10-16T10:29:27Z</time>
    </trkpt>
    <trkpt lat="28.352689" lon="83.829550">
      <ele>1759.188924</ele>
      <time>2016-10-16T10:29:41Z</time>
    </trkpt>
    <trkpt lat="28.352751" lon="83.829590">
      <ele>1756.829851</ele>
      <time>2016-10-16T10:30:08Z</time>
    </trkpt>
    <trkpt lat="28.352830" lon="83.829608">
      <ele>1754.433799</ele>
      <time>2016-10-16T10:30:39Z</time>
    </trkpt>
    <trkpt lat="28.352900" lon="83.829657">
      <ele>1751.723315</ele>
      <time>2016-10-16T10:31:00Z</time>
    </trkpt>
    <trkpt lat="28.352961" lon="83.829721">
      <ele>1748.946496</ele>
      <time>2016-10-16T10:31:47Z</time>
    </trkpt>
    <trkpt lat="28.353019" lon="83.829795">
      <ele>1746.116321</ele>
      <time>2016-10-16T10:32:53Z</time>
    </trkpt>
    <trkpt lat="28.353082" lon="83.829864">
      <ele>1743.166968</ele>
      <time>2016-10-16T10:33:06Z</time>
    </trkpt>
    <trkpt lat="28.353148" lon="83.829875">
      <ele>1739.865979</ele>
      <time>2016-10-16T10:33:17Z</time>
    </trkpt>
    <trkpt lat="28.353207" lon="83.829837">
      <ele>1738.268280</ele>
      <time>2016-10-16T10:33:35Z</time>
    </trkpt>
    <trkpt lat="28.353252" lon="83.829748">
      <ele>1734.626675</ele>
      <time>2016-10-16T10:33:45Z</time>
    </trkpt>
    <trkpt lat="28.353289" lon="83.829654">
      <ele>1731.189349</ele>
      <time>2016-10-16T10:33:55Z</time>
    </trkpt>
    <trkpt lat="28.353326" lon="83.829559">
      <ele>1727.742590</ele>
      <time>2016-10-16T10:34:10Z</time>
    </trkpt>
    <trkpt lat="28.353374" lon="83.829474">
      <ele>1724.392878</ele>
      <time>2016-10-16T10:34:35Z</time>
    </trkpt>
    <trkpt lat="28.353436" lon="83.829395">
      <ele>1721.288766</ele>
      <time>2016-10-16T10:34:45Z</time>
    </trkpt>
    <trkpt lat="28.353507" lon="83.829320">
      <ele>1716.990138</ele>
      <time>2016-10-16T10:34:54Z</time>
    </trkpt>
    <trkpt lat="28.353579" lon="83.829243">
      <ele>1712.498495</ele>
      <time>2016-10-16T10:35:02Z</time>
    </trkpt>
    <trkpt lat="28.353654" lon="83.829175">
      <ele>1708.194784</ele>
      <time>2016-10-16T10:35:10Z</time>
    </trkpt>
    <trkpt lat="28.353736" lon="83.829125">
      <ele>1705.781491</ele>
      <time>2016-10-16T10:35:19Z</time>
    </trkpt>
    <trkpt lat="28.353824" lon="83.829118">
      <ele>1702.721968</ele>
      <time>2016-10-16T10:35:28Z</time>
    </trkpt>
    <trkpt lat="28.353913" lon="83.829146">
      <ele>1701.250238</ele>
      <time>2016-10-16T10:35:36Z</time>
    </trkpt>
    <trkpt lat="28.354004" lon="83.829182">
      <ele>1700.087827</ele>
      <time>2016-10-16T10:35:47Z</time>
    </trkpt>
    <trkpt lat="28.354096" lon="83.829215">
      <ele>1699.026473</ele>
      <time>2016-10-16T10:35:55Z</time>
    </trkpt>
    <trkpt lat="28.354191" lon="83.829245">
      <ele>1697.999489</ele>
      <time>2016-10-16T10:36:04Z</time>
    </trkpt>
    <trkpt lat="28.354283" lon="83.829273">
      <ele>1697.427039</ele>
      <time>2016-10-16T10:36:12Z</time>
    </trkpt>
    <trkpt lat="28.354377" lon="83.829282">
      <ele>1696.969671</ele>
      <time>2016-10-16T10:36:21Z</time>
    </trkpt>
    <trkpt lat="28.354466" lon="83.829260">
      <ele>1696.836157</ele>
      <time>2016-10-16T10:36:32Z</time>
    </trkpt>
    <trkpt lat="28.354549" lon="83.829215">
      <ele>1696.704820</ele>
      <time>2016-10-16T10:36:43Z</time>
    </trkpt>
    <trkpt lat="28.354631" lon="83.829163">
      <ele>1696.668399</ele>
      <time>2016-10-16T10:36:55Z</time>
    </trkpt>
    <trkpt lat="28.354715" lon="83.829115">
      <ele>1696.616190</ele>
      <time>2016-10-16T10:37:06Z</time>
    </trkpt>
    <trkpt lat="28.354800" lon="83.829074">
      <ele>1696.402148</ele>
      <time>2016-10-16T10:37:17Z</time>
    </trkpt>
    <trkpt lat="28.354878" lon="83.829020">
      <ele>1696.163870</ele>
      <time>2016-10-16T10:37:43Z</time>
    </trkpt>
    <trkpt lat="28.354956" lon="83.828969">
      <ele>1695.832147</ele>
      <time>2016-10-16T10:38:03Z</time>
    </trkpt>
    <trkpt lat="28.355032" lon="83.828914">
      <ele>1695.400162</ele>
      <time>2016-10-16T10:38:22Z</time>
    </trkpt>
    <trkpt lat="28.355110" lon="83.828861">
      <ele>1695.213997</ele>
      <time>2016-10-16T10:38:50Z</time>
    </trkpt>
    <trkpt lat="28.355187" lon="83.828807">
      <ele>1694.533030</ele>
      <time>2016-10-16T10:39:14Z</time>
    </trkpt>
    <trkpt lat="28.355271" lon="83.828769">
      <ele>1693.892567</ele>
      <time>2016-10-16T10:39:31Z</time>
    </trkpt>
    <trkpt lat="28.355361" lon="83.828735">
      <ele>1693.426178</ele>
      <time>2016-10-16T10:39:45Z</time>
    </trkpt>
    <trkpt lat="28.355445" lon="83.828691">
      <ele>1693.064550</ele>
      <time>2016-10-16T10:39:54Z</time>
    </trkpt>
    <trkpt lat="28.355522" lon="83.828627">
      <ele>1692.985766</ele>
      <time>2016-10-16T10:40:02Z</time>
    </trkpt>
    <trkpt lat="28.355595" lon="83.828561">
      <ele>1693.142466</ele>
      <time>2016-10-16T10:42:10Z</time>
    </trkpt>
    <trkpt lat="28.355674" lon="83.828498">
      <ele>1693.737678</ele>
      <time>2016-10-16T10:42:21Z</time>
    </trkpt>
    <trkpt lat="28.355757" lon="83.828449">
      <ele>1694.532917</ele>
      <time>2016-10-16T10:42:31Z</time>
    </trkpt>
    <trkpt lat="28.355847" lon="83.828428">
      <ele>1695.407337</ele>
      <time>2016-10-16T10:42:40Z</time>
    </trkpt>
    <trkpt lat="28.355940" lon="83.828435">
      <ele>1696.336019</ele>
      <time>2016-10-16T10:42:50Z</time>
    </trkpt>
    <trkpt lat="28.356036" lon="83.828447">
      <ele>1697.447268</ele>
      <time>2016-10-16T10:43:00Z</time>
    </trkpt>
    <trkpt lat="28.356132" lon="83.828454">
      <ele>1698.477493</ele>
      <time>2016-10-16T10:43:11Z</time>
    </trkpt>
    <trkpt lat="28.356225" lon="83.828467">
      <ele>1699.288055</ele>
      <time>2016-10-16T10:43:23Z</time>
    </trkpt>
    <trkpt lat="28.356318" lon="83.828492">
      <ele>1699.970360</ele>
      <time>2016-10-16T10:43:36Z</time>
    </trkpt>
    <trkpt lat="28.356411" lon="83.828509">
      <ele>1700.334735</ele>
      <time>2016-10-16T10:43:46Z</time>
    </trkpt>
    <trkpt lat="28.356504" lon="83.828509">
      <ele>1700.539159</ele>
      <time>2016-10-16T10:44:00Z</time>
    </trkpt>
    <trkpt lat="28.356596" lon="83.828513">
      <ele>1700.496091</ele>
      <time>2016-10-16T10:44:13Z</time>
    </trkpt>
    <trkpt lat="28.356688" lon="83.828510">
      <ele>1700.266996</ele>
      <time>2016-10-16T10:44:24Z</time>
    </trkpt>
    <trkpt lat="28.356780" lon="83.828519">
      <ele>1699.975923</ele>
      <time>2016-10-16T10:44:33Z</time>
    </trkpt>
    <trkpt lat="28.356868" lon="83.828533">
      <ele>1699.637726</ele>
      <time>2016-10-16T10:44:42Z</time>
    </trkpt>
    <trkpt lat="28.356955" lon="83.828552">
      <ele>1699.131317</ele>
      <time>2016-10-16T10:44:51Z</time>
    </trkpt>
    <trkpt lat="28.357034" lon="83.828537">
      <ele>1698.510360</ele>
      <time>2016-10-16T10:45:04Z</time>
    </trkpt>
    <trkpt lat="28.357114" lon="83.828489">
      <ele>1697.917900</ele>
      <time>2016-10-16T10:45:16Z</time>
    </trkpt>
    <trkpt lat="28.357195" lon="83.828456">
      <ele>1697.360532</ele>
      <time>2016-10-16T10:45:29Z</time>
    </trkpt>
    <trkpt lat="28.357290" lon="83.828450">
      <ele>1696.847883</ele>
      <time>2016-10-16T10:45:39Z</time>
    </trkpt>
    <trkpt lat="28.357390" lon="83.828460">
      <ele>1696.310483</ele>
      <time>2016-10-16T10:45:51Z</time>
    </trkpt>
    <trkpt lat="28.357487" lon="83.828452">
      <ele>1695.856302</ele>
      <time>2016-10-16T10:46:03Z</time>
    </trkpt>
    <trkpt lat="28.357579" lon="83.828430">
      <ele>1695.564348</ele>
      <time>2016-10-16T10:46:16Z</time>
    </trkpt>
    <trkpt lat="28.357671" lon="83.828404">
      <ele>1695.533577</ele>
      <time>2016-10-16T10:46:25Z</time>
    </trkpt>
    <trkpt lat="28.357766" lon="83.828388">
      <ele>1695.629137</ele>
      <time>2016-10-16T10:46:35Z</time>
    </trkpt>
    <trkpt lat="28.357864" lon="83.828380">
      <ele>1695.683077</ele>
      <time>2016-10-16T10:46:45Z</time>
    </trkpt>
    <trkpt lat="28.357958" lon="83.828363">
      <ele>1695.958660</ele>
      <time>2016-10-16T10:46:54Z</time>
    </trkpt>
    <trkpt lat="28.358047" lon="83.828330">
      <ele>1696.335778</ele>
      <time>2016-10-16T10:47:03Z</time>
    </trkpt>
    <trkpt lat="28.358113" lon="83.828269">
      <ele>1696.751511</ele>
      <time>2016-10-16T10:47:12Z</time>
    </trkpt>
    <trkpt lat="28.358140" lon="83.828188">
      <ele>1697.260217</ele>
      <time>2016-10-16T10:47:19Z</time>
    </trkpt>
    <trkpt lat="28.358138" lon="83.828086">
      <ele>1697.858340</ele>
      <time>2016-10-16T10:47:28Z</time>
    </trkpt>
    <trkpt lat="28.358139" lon="83.827985">
      <ele>1698.411710</ele>
      <time>2016-10-16T10:47:39Z</time>
    </trkpt>
    <trkpt lat="28.358173" lon="83.827889">
      <ele>1698.696611</ele>
      <time>2016-10-16T10:47:53Z</time>
    </trkpt>
    <trkpt lat="28.358228" lon="83.827802">
      <ele>1698.730989</ele>
      <time>2016-10-16T10:48:03Z</time>
    </trkpt>
    <trkpt lat="28.358282" lon="83.827711">
      <ele>1698.647844</ele>
      <time>2016-10-16T10:48:12Z</time>
    </trkpt>
    <trkpt lat="28.358340" lon="83.827622">
      <ele>1698.334554</ele>
      <time>2016-10-16T10:48:22Z</time>
    </trkpt>
    <trkpt lat="28.358408" lon="83.827563">
      <ele>1697.928836</ele>
      <time>2016-10-16T10:48:31Z</time>
    </trkpt>
    <trkpt lat="28.358496" lon="83.827543">
      <ele>1697.852120</ele>
      <time>2016-10-16T10:48:40Z</time>
    </trkpt>
    <trkpt lat="28.358592" lon="83.827540">
      <ele>1697.141066</ele>
      <time>2016-10-16T10:48:48Z</time>
    </trkpt>
    <trkpt lat="28.358688" lon="83.827519">
      <ele>1696.218784</ele>
      <time>2016-10-16T10:49:00Z</time>
    </trkpt>
    <trkpt lat="28.358769" lon="83.827461">
      <ele>1695.169658</ele>
      <time>2016-10-16T10:49:12Z</time>
    </trkpt>
    <trkpt lat="28.358823" lon="83.827376">
      <ele>1694.110120</ele>
      <time>2016-10-16T10:49:22Z</time>
    </trkpt>
    <trkpt lat="28.358867" lon="83.827279">
      <ele>1693.209831</ele>
      <time>2016-10-16T10:49:32Z</time>
    </trkpt>
    <trkpt lat="28.358923" lon="83.827206">
      <ele>1692.379766</ele>
      <time>2016-10-16T10:49:43Z</time>
    </trkpt>
    <trkpt lat="28.359002" lon="83.827156">
      <ele>1691.543875</ele>
      <time>2016-10-16T10:49:54Z</time>
    </trkpt>
    <trkpt lat="28.359091" lon="83.827129">
      <ele>1690.767259</ele>
      <time>2016-10-16T10:50:07Z</time>
    </trkpt>
    <trkpt lat="28.359180" lon="83.827102">
      <ele>1689.959761</ele>
      <time>2016-10-16T10:50:16Z</time>
    </trkpt>
    <trkpt lat="28.359270" lon="83.827082">
      <ele>1689.412054</ele>
      <time>2016-10-16T10:50:23Z</time>
    </trkpt>
    <trkpt lat="28.359361" lon="83.827056">
      <ele>1688.898248</ele>
      <time>2016-10-16T10:50:31Z</time>
    </trkpt>
    <trkpt lat="28.359452" lon="83.827020">
      <ele>1688.429765</ele>
      <time>2016-10-16T10:50:44Z</time>
    </trkpt>
    <trkpt lat="28.359532" lon="83.826963">
      <ele>1687.493051</ele>
      <time>2016-10-16T10:50:52Z</time>
    </trkpt>
    <trkpt lat="28.359607" lon="83.826893">
      <ele>1687.280891</ele>
      <time>2016-10-16T10:51:03Z</time>
    </trkpt>
    <trkpt lat="28.359682" lon="83.826828">
      <ele>1686.654730</ele>
      <time>2016-10-16T10:51:48Z</time>
    </trkpt>
    <trkpt lat="28.359764" lon="83.826772">
      <ele>1686.003975</ele>
      <time>2016-10-16T10:52:02Z</time>
    </trkpt>
    <trkpt lat="28.359839" lon="83.826711">
      <ele>1684.935866</ele>
      <time>2016-10-16T10:52:13Z</time>
    </trkpt>
    <trkpt lat="28.359912" lon="83.826637">
      <ele>1684.216266</ele>
      <time>2016-10-16T10:52:21Z</time>
    </trkpt>
    <trkpt lat="28.359980" lon="83.826559">
      <ele>1683.495000</ele>
      <time>2016-10-16T10:52:32Z</time>
    </trkpt>
    <trkpt lat="28.360051" lon="83.826481">
      <ele>1682.659579</ele>
      <time>2016-10-16T10:52:41Z</time>
    </trkpt>
    <trkpt lat="28.360111" lon="83.826400">
      <ele>1681.854207</ele>
      <time>2016-10-16T10:52:51Z</time>
    </trkpt>
    <trkpt lat="28.360180" lon="83.826335">
      <ele>1681.071826</ele>
      <time>2016-10-16T10:53:01Z</time>
    </trkpt>
    <trkpt lat="28.360259" lon="83.826291">
      <ele>1680.738090</ele>
      <time>2016-10-16T10:53:09Z</time>
    </trkpt>
    <trkpt lat="28.360355" lon="83.826261">
      <ele>1679.556068</ele>
      <time>2016-10-16T10:53:17Z</time>
    </trkpt>
    <trkpt lat="28.360439" lon="83.826212">
      <ele>1678.738826</ele>
      <time>2016-10-16T10:53:27Z</time>
    </trkpt>
    <trkpt lat="28.360513" lon="83.826140">
      <ele>1677.996835</ele>
      <time>2016-10-16T10:53:31Z</time>
    </trkpt>
    <trkpt lat="28.360579" lon="83.826063">
      <ele>1677.354177</ele>
      <time>2016-10-16T10:53:46Z</time>
    </trkpt>
    <trkpt lat="28.360642" lon="83.825989">
      <ele>1676.990954</ele>
      <time>2016-10-16T10:54:00Z</time>
    </trkpt>
    <trkpt lat="28.360690" lon="83.825906">
      <ele>1676.384903</ele>
      <time>2016-10-16T10:54:11Z</time>
    </trkpt>
    <trkpt lat="28.360709" lon="83.825805">
      <ele>1675.840385</ele>
      <time>2016-10-16T10:54:23Z</time>
    </trkpt>
    <trkpt lat="28.360713" lon="83.825692">
      <ele>1675.597896</ele>
      <time>2016-10-16T10:54:33Z</time>
    </trkpt>
    <trkpt lat="28.360708" lon="83.825579">
      <ele>1675.575724</ele>
      <time>2016-10-16T10:54:43Z</time>
    </trkpt>
    <trkpt lat="28.360706" lon="83.825472">
      <ele>1675.429979</ele>
      <time>2016-10-16T10:54:52Z</time>
    </trkpt>
    <trkpt lat="28.360737" lon="83.825399">
      <ele>1675.675385</ele>
      <time>2016-10-16T10:55:07Z</time>
    </trkpt>
    <trkpt lat="28.360803" lon="83.825372">
      <ele>1676.153249</ele>
      <time>2016-10-16T10:55:19Z</time>
    </trkpt>
    <trkpt lat="28.360903" lon="83.825402">
      <ele>1676.592839</ele>
      <time>2016-10-16T10:55:26Z</time>
    </trkpt>
    <trkpt lat="28.361003" lon="83.825457">
      <ele>1676.894980</ele>
      <time>2016-10-16T10:55:33Z</time>
    </trkpt>
    <trkpt lat="28.361097" lon="83.825519">
      <ele>1677.017387</ele>
      <time>2016-10-16T10:55:41Z</time>
    </trkpt>
    <trkpt lat="28.361189" lon="83.825565">
      <ele>1677.037444</ele>
      <time>2016-10-16T10:55:50Z</time>
    </trkpt>
    <trkpt lat="28.361279" lon="83.825591">
      <ele>1676.992681</ele>
      <time>2016-10-16T10:55:58Z</time>
    </trkpt>
    <trkpt lat="28.361373" lon="83.825609">
      <ele>1676.656486</ele>
      <time>2016-10-16T10:56:08Z</time>
    </trkpt>
    <trkpt lat="28.361467" lon="83.825627">
      <ele>1676.665275</ele>
      <time>2016-10-16T10:56:20Z</time>
    </trkpt>
    <trkpt lat="28.361560" lon="83.825650">
      <ele>1676.309978</ele>
      <time>2016-10-16T10:56:30Z</time>
    </trkpt>
    <trkpt lat="28.361651" lon="83.825679">
      <ele>1675.865369</ele>
      <time>2016-10-16T10:56:42Z</time>
    </trkpt>
    <trkpt lat="28.361742" lon="83.825700">
      <ele>1675.289748</ele>
      <time>2016-10-16T10:56:53Z</time>
    </trkpt>
    <trkpt lat="28.361832" lon="83.825705">
      <ele>1674.804922</ele>
      <time>2016-10-16T10:57:03Z</time>
    </trkpt>
    <trkpt lat="28.361923" lon="83.825684">
      <ele>1674.509251</ele>
      <time>2016-10-16T10:57:14Z</time>
    </trkpt>
    <trkpt lat="28.362015" lon="83.825659">
      <ele>1674.562014</ele>
      <time>2016-10-16T10:57:24Z</time>
    </trkpt>
    <trkpt lat="28.362108" lon="83.825649">
      <ele>1674.559090</ele>
      <time>2016-10-16T10:57:34Z</time>
    </trkpt>
    <trkpt lat="28.362202" lon="83.825646">
      <ele>1674.765683</ele>
      <time>2016-10-16T10:57:45Z</time>
    </trkpt>
    <trkpt lat="28.362298" lon="83.825645">
      <ele>1675.052307</ele>
      <time>2016-10-16T10:57:54Z</time>
    </trkpt>
    <trkpt lat="28.362395" lon="83.825634">
      <ele>1675.656305</ele>
      <time>2016-10-16T10:58:06Z</time>
    </trkpt>
    <trkpt lat="28.362485" lon="83.825607">
      <ele>1676.070066</ele>
      <time>2016-10-16T10:58:16Z</time>
    </trkpt>
    <trkpt lat="28.362569" lon="83.825560">
      <ele>1676.486676</ele>
      <time>2016-10-16T10:58:24Z</time>
    </trkpt>
    <trkpt lat="28.362651" lon="83.825504">
      <ele>1676.951071</ele>
      <time>2016-10-16T10:58:32Z</time>
    </trkpt>
    <trkpt lat="28.362739" lon="83.825464">
      <ele>1677.252957</ele>
      <time>2016-10-16T10:58:42Z</time>
    </trkpt>
    <trkpt lat="28.362834" lon="83.825461">
      <ele>1677.666414</ele>
      <time>2016-10-16T10:58:52Z</time>
    </trkpt>
    <trkpt lat="28.362924" lon="83.825488">
      <ele>1677.941000</ele>
      <time>2016-10-16T10:59:03Z</time>
    </trkpt>
    <trkpt lat="28.363012" lon="83.825530">
      <ele>1678.092706</ele>
      <time>2016-10-16T10:59:12Z</time>
    </trkpt>
    <trkpt lat="28.363100" lon="83.825573">
      <ele>1678.160955</ele>
      <time>2016-10-16T10:59:20Z</time>
    </trkpt>
    <trkpt lat="28.363194" lon="83.825605">
      <ele>1678.178497</ele>
      <time>2016-10-16T10:59:29Z</time>
    </trkpt>
    <trkpt lat="28.363294" lon="83.825620">
      <ele>1678.287091</ele>
      <time>2016-10-16T10:59:39Z</time>
    </trkpt>
    <trkpt lat="28.363389" lon="83.825645">
      <ele>1678.264381</ele>
      <time>2016-10-16T10:59:50Z</time>
    </trkpt>
    <trkpt lat="28.363483" lon="83.825658">
      <ele>1678.217963</ele>
      <time>2016-10-16T11:00:01Z</time>
    </trkpt>
    <trkpt lat="28.363573" lon="83.825664">
      <ele>1678.161448</ele>
      <time>2016-10-16T11:00:11Z</time>
    </trkpt>
    <trkpt lat="28.363666" lon="83.825641">
      <ele>1678.043688</ele>
      <time>2016-10-16T11:00:23Z</time>
    </trkpt>
    <trkpt lat="28.363760" lon="83.825614">
      <ele>1677.817944</ele>
      <time>2016-10-16T11:00:33Z</time>
    </trkpt>
    <trkpt lat="28.363853" lon="83.825607">
      <ele>1677.684782</ele>
      <time>2016-10-16T11:00:41Z</time>
    </trkpt>
    <trkpt lat="28.363947" lon="83.825617">
      <ele>1677.665079</ele>
      <time>2016-10-16T11:00:50Z</time>
    </trkpt>
    <trkpt lat="28.364043" lon="83.825643">
      <ele>1677.844025</ele>
      <time>2016-10-16T11:00:59Z</time>
    </trkpt>
    <trkpt lat="28.364139" lon="83.825659">
      <ele>1678.028709</ele>
      <time>2016-10-16T11:01:09Z</time>
    </trkpt>
    <trkpt lat="28.364233" lon="83.825659">
      <ele>1678.177945</ele>
      <time>2016-10-16T11:01:21Z</time>
    </trkpt>
    <trkpt lat="28.364320" lon="83.825636">
      <ele>1678.307609</ele>
      <time>2016-10-16T11:01:34Z</time>
    </trkpt>
    <trkpt lat="28.364409" lon="83.825613">
      <ele>1678.322434</ele>
      <time>2016-10-16T11:02:36Z</time>
    </trkpt>
    <trkpt lat="28.364495" lon="83.825609">
      <ele>1678.552332</ele>
      <time>2016-10-16T11:02:45Z</time>
    </trkpt>
    <trkpt lat="28.364590" lon="83.825628">
      <ele>1678.912542</ele>
      <time>2016-10-16T11:02:54Z</time>
    </trkpt>
    <trkpt lat="28.364687" lon="83.825645">
      <ele>1679.140922</ele>
      <time>2016-10-16T11:03:04Z</time>
    </trkpt>
    <trkpt lat="28.364785" lon="83.825636">
      <ele>1679.351581</ele>
      <time>2016-10-16T11:03:14Z</time>
    </trkpt>
    <trkpt lat="28.364874" lon="83.825591">
      <ele>1679.555304</ele>
      <time>2016-10-16T11:03:25Z</time>
    </trkpt>
    <trkpt lat="28.364945" lon="83.825518">
      <ele>1679.784173</ele>
      <time>2016-10-16T11:03:35Z</time>
    </trkpt>
    <trkpt lat="28.365009" lon="83.825429">
      <ele>1679.696479</ele>
      <time>2016-10-16T11:03:45Z</time>
    </trkpt>
    <trkpt lat="28.365070" lon="83.825336">
      <ele>1679.658161</ele>
      <time>2016-10-16T11:03:56Z</time>
    </trkpt>
    <trkpt lat="28.365144" lon="83.825258">
      <ele>1679.661372</ele>
      <time>2016-10-16T11:04:02Z</time>
    </trkpt>
    <trkpt lat="28.365220" lon="83.825191">
      <ele>1679.638203</ele>
      <time>2016-10-16T11:04:15Z</time>
    </trkpt>
    <trkpt lat="28.365306" lon="83.825138">
      <ele>1679.531678</ele>
      <time>2016-10-16T11:04:34Z</time>
    </trkpt>
    <trkpt lat="28.365397" lon="83.825096">
      <ele>1679.365408</ele>
      <time>2016-10-16T11:04:41Z</time>
    </trkpt>
    <trkpt lat="28.365493" lon="83.825071">
      <ele>1679.140071</ele>
      <time>2016-10-16T11:04:55Z</time>
    </trkpt>
    <trkpt lat="28.365585" lon="83.825042">
      <ele>1678.942821</ele>
      <time>2016-10-16T11:05:01Z</time>
    </trkpt>
    <trkpt lat="28.365673" lon="83.825009">
      <ele>1678.815712</ele>
      <time>2016-10-16T11:05:13Z</time>
    </trkpt>
    <trkpt lat="28.365760" lon="83.824969">
      <ele>1678.646387</ele>
      <time>2016-10-16T11:05:21Z</time>
    </trkpt>
    <trkpt lat="28.365850" lon="83.824951">
      <ele>1678.435998</ele>
      <time>2016-10-16T11:05:29Z</time>
    </trkpt>
    <trkpt lat="28.365946" lon="83.824943">
      <ele>1678.247650</ele>
      <time>2016-10-16T11:05:38Z</time>
    </trkpt>
    <trkpt lat="28.366045" lon="83.824945">
      <ele>1678.082025</ele>
      <time>2016-10-16T11:05:48Z</time>
    </trkpt>
    <trkpt lat="28.366141" lon="83.824929">
      <ele>1678.096574</ele>
      <time>2016-10-16T11:06:03Z</time>
    </trkpt>
    <trkpt lat="28.366232" lon="83.824906">
      <ele>1678.044543</ele>
      <time>2016-10-16T11:06:15Z</time>
    </trkpt>
    <trkpt lat="28.366322" lon="83.824890">
      <ele>1678.058739</ele>
      <time>2016-10-16T11:06:43Z</time>
    </trkpt>
    <trkpt lat="28.366415" lon="83.824888">
      <ele>1678.208490</ele>
      <time>2016-10-16T11:07:01Z</time>
    </trkpt>
    <trkpt lat="28.366516" lon="83.824897">
      <ele>1678.326065</ele>
      <time>2016-10-16T11:07:11Z</time>
    </trkpt>
    <trkpt lat="28.366616" lon="83.824917">
      <ele>1678.426338</ele>
      <time>2016-10-16T11:07:18Z</time>
    </trkpt>
    <trkpt lat="28.366707" lon="83.824964">
      <ele>1678.541211</ele>
      <time>2016-10-16T11:07:33Z</time>
    </trkpt>
    <trkpt lat="28.366772" lon="83.825046">
      <ele>1678.502334</ele>
      <time>2016-10-16T11:07:39Z</time>
    </trkpt>
    <trkpt lat="28.366829" lon="83.825134">
      <ele>1678.418812</ele>
      <time>2016-10-16T11:07:58Z</time>
    </trkpt>
    <trkpt lat="28.366895" lon="83.825215">
      <ele>1678.210327</ele>
      <time>2016-10-16T11:08:05Z</time>
    </trkpt>
    <trkpt lat="28.366966" lon="83.825282">
      <ele>1677.762715</ele>
      <time>2016-10-16T11:08:15Z</time>
    </trkpt>
    <trkpt lat="28.367046" lon="83.825335">
      <ele>1677.056942</ele>
      <time>2016-10-16T11:08:28Z</time>
    </trkpt>
    <trkpt lat="28.367126" lon="83.825382">
      <ele>1676.301973</ele>
      <time>2016-10-16T11:08:36Z</time>
    </trkpt>
    <trkpt lat="28.367217" lon="83.825415">
      <ele>1675.423689</ele>
      <time>2016-10-16T11:08:44Z</time>
    </trkpt>
    <trkpt lat="28.367286" lon="83.825475">
      <ele>1674.367669</ele>
      <time>2016-10-16T11:08:52Z</time>
    </trkpt>
    <trkpt lat="28.367341" lon="83.825553">
      <ele>1673.286327</ele>
      <time>2016-10-16T11:08:57Z</time>
    </trkpt>
    <trkpt lat="28.367382" lon="83.825648">
      <ele>1672.165058</ele>
      <time>2016-10-16T11:09:03Z</time>
    </trkpt>
    <trkpt lat="28.367434" lon="83.825737">
      <ele>1671.022929</ele>
      <time>2016-10-16T11:09:10Z</time>
    </trkpt>
    <trkpt lat="28.367487" lon="83.825825">
      <ele>1669.938022</ele>
      <time>2016-10-16T11:09:19Z</time>
    </trkpt>
    <trkpt lat="28.367549" lon="83.825908">
      <ele>1668.831437</ele>
      <time>2016-10-16T11:09:32Z</time>
    </trkpt>
    <trkpt lat="28.367619" lon="83.825976">
      <ele>1667.738309</ele>
      <time>2016-10-16T11:09:39Z</time>
    </trkpt>
    <trkpt lat="28.367699" lon="83.826029">
      <ele>1666.723094</ele>
      <time>2016-10-16T11:09:54Z</time>
    </trkpt>
    <trkpt lat="28.367778" lon="83.826082">
      <ele>1665.619639</ele>
      <time>2016-10-16T11:10:03Z</time>
    </trkpt>
    <trkpt lat="28.367853" lon="83.826145">
      <ele>1664.520493</ele>
      <time>2016-10-16T11:10:27Z</time>
    </trkpt>
    <trkpt lat="28.367927" lon="83.826200">
      <ele>1663.987404</ele>
      <time>2016-10-16T11:10:37Z</time>
    </trkpt>
    <trkpt lat="28.368010" lon="83.826211">
      <ele>1662.948093</ele>
      <time>2016-10-16T11:11:07Z</time>
    </trkpt>
    <trkpt lat="28.368103" lon="83.826196">
      <ele>1661.865153</ele>
      <time>2016-10-16T11:11:17Z</time>
    </trkpt>
    <trkpt lat="28.368193" lon="83.826166">
      <ele>1660.824865</ele>
      <time>2016-10-16T11:11:27Z</time>
    </trkpt>
    <trkpt lat="28.368285" lon="83.826142">
      <ele>1659.823393</ele>
      <time>2016-10-16T11:11:34Z</time>
    </trkpt>
    <trkpt lat="28.368366" lon="83.826098">
      <ele>1659.108015</ele>
      <time>2016-10-16T11:11:46Z</time>
    </trkpt>
    <trkpt lat="28.368446" lon="83.826048">
      <ele>1658.257277</ele>
      <time>2016-10-16T11:11:54Z</time>
    </trkpt>
    <trkpt lat="28.368524" lon="83.825990">
      <ele>1657.546517</ele>
      <time>2016-10-16T11:12:06Z</time>
    </trkpt>
    <trkpt lat="28.368599" lon="83.825926">
      <ele>1656.945651</ele>
      <time>2016-10-16T11:12:17Z</time>
    </trkpt>
    <trkpt lat="28.368673" lon="83.825862">
      <ele>1656.517401</ele>
      <time>2016-10-16T11:12:27Z</time>
    </trkpt>
    <trkpt lat="28.368750" lon="83.825808">
      <ele>1656.118296</ele>
      <time>2016-10-16T11:12:38Z</time>
    </trkpt>
    <trkpt lat="28.368834" lon="83.825801">
      <ele>1655.748647</ele>
      <time>2016-10-16T11:12:51Z</time>
    </trkpt>
    <trkpt lat="28.368920" lon="83.825830">
      <ele>1655.494063</ele>
      <time>2016-10-16T11:13:02Z</time>
    </trkpt>
    <trkpt lat="28.369006" lon="83.825879">
      <ele>1655.364494</ele>
      <time>2016-10-16T11:13:12Z</time>
    </trkpt>
    <trkpt lat="28.369095" lon="83.825922">
      <ele>1655.333757</ele>
      <time>2016-10-16T11:13:23Z</time>
    </trkpt>
    <trkpt lat="28.369177" lon="83.825974">
      <ele>1655.186328</ele>
      <time>2016-10-16T11:13:31Z</time>
    </trkpt>
    <trkpt lat="28.369242" lon="83.826048">
      <ele>1655.157855</ele>
      <time>2016-10-16T11:13:53Z</time>
    </trkpt>
    <trkpt lat="28.369309" lon="83.826123">
      <ele>1655.091258</ele>
      <time>2016-10-16T11:14:10Z</time>
    </trkpt>
    <trkpt lat="28.369388" lon="83.826149">
      <ele>1655.010045</ele>
      <time>2016-10-16T11:14:17Z</time>
    </trkpt>
    <trkpt lat="28.369485" lon="83.826130">
      <ele>1654.844234</ele>
      <time>2016-10-16T11:14:28Z</time>
    </trkpt>
    <trkpt lat="28.369575" lon="83.826081">
      <ele>1654.782335</ele>
      <time>2016-10-16T11:14:41Z</time>
    </trkpt>
    <trkpt lat="28.369663" lon="83.826053">
      <ele>1654.723472</ele>
      <time>2016-10-16T11:14:53Z</time>
    </trkpt>
    <trkpt lat="28.369755" lon="83.826037">
      <ele>1654.487492</ele>
      <time>2016-10-16T11:14:59Z</time>
    </trkpt>
    <trkpt lat="28.369855" lon="83.826036">
      <ele>1654.169876</ele>
      <time>2016-10-16T11:15:07Z</time>
    </trkpt>
    <trkpt lat="28.369950" lon="83.826014">
      <ele>1653.830543</ele>
      <time>2016-10-16T11:15:17Z</time>
    </trkpt>
    <trkpt lat="28.370039" lon="83.825972">
      <ele>1653.437106</ele>
      <time>2016-10-16T11:15:27Z</time>
    </trkpt>
    <trkpt lat="28.370120" lon="83.825915">
      <ele>1652.954572</ele>
      <time>2016-10-16T11:15:37Z</time>
    </trkpt>
    <trkpt lat="28.370203" lon="83.825865">
      <ele>1652.427895</ele>
      <time>2016-10-16T11:15:47Z</time>
    </trkpt>
    <trkpt lat="28.370289" lon="83.825829">
      <ele>1651.948207</ele>
      <time>2016-10-16T11:15:55Z</time>
    </trkpt>
    <trkpt lat="28.370377" lon="83.825814">
      <ele>1651.568745</ele>
      <time>2016-10-16T11:16:04Z</time>
    </trkpt>
    <trkpt lat="28.370468" lon="83.825811">
      <ele>1651.207004</ele>
      <time>2016-10-16T11:16:14Z</time>
    </trkpt>
    <trkpt lat="28.370559" lon="83.825811">
      <ele>1650.867342</ele>
      <time>2016-10-16T11:16:25Z</time>
    </trkpt>
    <trkpt lat="28.370653" lon="83.825788">
      <ele>1650.729863</ele>
      <time>2016-10-16T11:16:36Z</time>
    </trkpt>
    <trkpt lat="28.370742" lon="83.825746">
      <ele>1650.479778</ele>
      <time>2016-10-16T11:16:49Z</time>
    </trkpt>
    <trkpt lat="28.370832" lon="83.825721">
      <ele>1650.107172</ele>
      <time>2016-10-16T11:17:00Z</time>
    </trkpt>
    <trkpt lat="28.370919" lon="83.825719">
      <ele>1649.928645</ele>
      <time>2016-10-16T11:17:41Z</time>
    </trkpt>
    <trkpt lat="28.370952" lon="83.825744">
      <ele>1649.701137</ele>
      <time>2016-10-16T11:20:15Z</time>
    </trkpt>
    <trkpt lat="28.370941" lon="83.825745">
      <ele>1649.410131</ele>
      <time>2016-10-16T11:20:56Z</time>
    </trkpt>
    <trkpt lat="28.370888" lon="83.825726">
      <ele>1642.962081</ele>
      <time>2016-10-16T11:21:37Z</time>
      <extensions>
        <pause>start</pause>
        <type>auto</type>
      </extensions>
    </trkpt>
    <trkpt lat="28.371076" lon="83.825501">
      <ele>1640.540733</ele>
      <time>2016-10-16T11:36:01Z</time>
      <extensions>
        <pause>end</pause>
        <type>manual</type>
      </extensions>
    </trkpt>
    <trkpt lat="28.371155" lon="83.825491">
      <ele>1647.783779</ele>
      <time>2016-10-16T11:36:11Z</time>
    </trkpt>
    <trkpt lat="28.371238" lon="83.825505">
      <ele>1647.441295</ele>
      <time>2016-10-16T11:36:20Z</time>
    </trkpt>
    <trkpt lat="28.371327" lon="83.825537">
      <ele>1646.767812</ele>
      <time>2016-10-16T11:36:30Z</time>
    </trkpt>
    <trkpt lat="28.371422" lon="83.825542">
      <ele>1645.955251</ele>
      <time>2016-10-16T11:36:34Z</time>
    </trkpt>
    <trkpt lat="28.371521" lon="83.825545">
      <ele>1644.888067</ele>
      <time>2016-10-16T11:36:40Z</time>
    </trkpt>
    <trkpt lat="28.371619" lon="83.825545">
      <ele>1643.919168</ele>
      <time>2016-10-16T11:37:01Z</time>
    </trkpt>
    <trkpt lat="28.371701" lon="83.825524">
      <ele>1643.107356</ele>
      <time>2016-10-16T11:37:14Z</time>
    </trkpt>
    <trkpt lat="28.371780" lon="83.825492">
      <ele>1642.373135</ele>
      <time>2016-10-16T11:37:27Z</time>
    </trkpt>
    <trkpt lat="28.371857" lon="83.825456">
      <ele>1641.695848</ele>
      <time>2016-10-16T11:37:35Z</time>
    </trkpt>
    <trkpt lat="28.371937" lon="83.825422">
      <ele>1640.927672</ele>
      <time>2016-10-16T11:37:43Z</time>
    </trkpt>
    <trkpt lat="28.372014" lon="83.825369">
      <ele>1640.176153</ele>
      <time>2016-10-16T11:37:55Z</time>
    </trkpt>
    <trkpt lat="28.372086" lon="83.825334">
      <ele>1639.086444</ele>
      <time>2016-10-16T11:38:19Z</time>
    </trkpt>
    <trkpt lat="28.372174" lon="83.825329">
      <ele>1638.333232</ele>
      <time>2016-10-16T11:38:30Z</time>
    </trkpt>
    <trkpt lat="28.372263" lon="83.825337">
      <ele>1637.362698</ele>
      <time>2016-10-16T11:38:44Z</time>
    </trkpt>
    <trkpt lat="28.372356" lon="83.825332">
      <ele>1635.777001</ele>
      <time>2016-10-16T11:39:01Z</time>
    </trkpt>
    <trkpt lat="28.372441" lon="83.825343">
      <ele>1634.650537</ele>
      <time>2016-10-16T11:39:18Z</time>
    </trkpt>
    <trkpt lat="28.372523" lon="83.825346">
      <ele>1633.797426</ele>
      <time>2016-10-16T11:39:30Z</time>
    </trkpt>
    <trkpt lat="28.372605" lon="83.825336">
      <ele>1633.296564</ele>
      <time>2016-10-16T11:39:46Z</time>
    </trkpt>
    <trkpt lat="28.372692" lon="83.825311">
      <ele>1631.768626</ele>
      <time>2016-10-16T11:40:02Z</time>
    </trkpt>
    <trkpt lat="28.372775" lon="83.825280">
      <ele>1629.999868</ele>
      <time>2016-10-16T11:40:16Z</time>
    </trkpt>
    <trkpt lat="28.372859" lon="83.825264">
      <ele>1628.036970</ele>
      <time>2016-10-16T11:40:36Z</time>
    </trkpt>
    <trkpt lat="28.372945" lon="83.825264">
      <ele>1625.864662</ele>
      <time>2016-10-16T11:40:46Z</time>
    </trkpt>
    <trkpt lat="28.373039" lon="83.825301">
      <ele>1623.587515</ele>
      <time>2016-10-16T11:40:54Z</time>
    </trkpt>
    <trkpt lat="28.373131" lon="83.825340">
      <ele>1621.187122</ele>
      <time>2016-10-16T11:41:08Z</time>
    </trkpt>
    <trkpt lat="28.373217" lon="83.825380">
      <ele>1618.665552</ele>
      <time>2016-10-16T11:41:22Z</time>
    </trkpt>
    <trkpt lat="28.373304" lon="83.825401">
      <ele>1616.044826</ele>
      <time>2016-10-16T11:41:40Z</time>
    </trkpt>
    <trkpt lat="28.373390" lon="83.825426">
      <ele>1613.519898</ele>
      <time>2016-10-16T11:41:48Z</time>
    </trkpt>
    <trkpt lat="28.373481" lon="83.825434">
      <ele>1611.076470</ele>
      <time>2016-10-16T11:42:08Z</time>
    </trkpt>
    <trkpt lat="28.373569" lon="83.825435">
      <ele>1608.609522</ele>
      <time>2016-10-16T11:42:22Z</time>
    </trkpt>
    <trkpt lat="28.373654" lon="83.825406">
      <ele>1606.171943</ele>
      <time>2016-10-16T11:42:35Z</time>
    </trkpt>
    <trkpt lat="28.373735" lon="83.825357">
      <ele>1603.714192</ele>
      <time>2016-10-16T11:42:46Z</time>
    </trkpt>
    <trkpt lat="28.373812" lon="83.825297">
      <ele>1601.414379</ele>
      <time>2016-10-16T11:43:06Z</time>
    </trkpt>
    <trkpt lat="28.373886" lon="83.825236">
      <ele>1599.065444</ele>
      <time>2016-10-16T11:43:19Z</time>
    </trkpt>
    <trkpt lat="28.373963" lon="83.825177">
      <ele>1596.614544</ele>
      <time>2016-10-16T11:43:35Z</time>
    </trkpt>
    <trkpt lat="28.374043" lon="83.825123">
      <ele>1594.050735</ele>
      <time>2016-10-16T11:43:47Z</time>
    </trkpt>
    <trkpt lat="28.374128" lon="83.825066">
      <ele>1590.591697</ele>
      <time>2016-10-16T11:43:55Z</time>
    </trkpt>
    <trkpt lat="28.374213" lon="83.825019">
      <ele>1588.323436</ele>
      <time>2016-10-16T11:44:05Z</time>
    </trkpt>
    <trkpt lat="28.374301" lon="83.824975">
      <ele>1585.851898</ele>
      <time>2016-10-16T11:44:14Z</time>
    </trkpt>
    <trkpt lat="28.374387" lon="83.824947">
      <ele>1583.374445</ele>
      <time>2016-10-16T11:44:24Z</time>
    </trkpt>
    <trkpt lat="28.374468" lon="83.824910">
      <ele>1581.021096</ele>
      <time>2016-10-16T11:44:44Z</time>
    </trkpt>
    <trkpt lat="28.374545" lon="83.824863">
      <ele>1578.816579</ele>
      <time>2016-10-16T11:45:02Z</time>
    </trkpt>
    <trkpt lat="28.374625" lon="83.824829">
      <ele>1576.559807</ele>
      <time>2016-10-16T11:45:17Z</time>
    </trkpt>
    <trkpt lat="28.374686" lon="83.824844">
      <ele>1574.497615</ele>
      <time>2016-10-16T11:45:41Z</time>
    </trkpt>
    <trkpt lat="28.374725" lon="83.824917">
      <ele>1573.472996</ele>
      <time>2016-10-16T11:45:52Z</time>
    </trkpt>
    <trkpt lat="28.374731" lon="83.825022">
      <ele>1571.479970</ele>
      <time>2016-10-16T11:46:05Z</time>
    </trkpt>
    <trkpt lat="28.374734" lon="83.825128">
      <ele>1569.131906</ele>
      <time>2016-10-16T11:46:14Z</time>
    </trkpt>
    <trkpt lat="28.374744" lon="83.825233">
      <ele>1567.087387</ele>
      <time>2016-10-16T11:46:24Z</time>
    </trkpt>
    <trkpt lat="28.374785" lon="83.825307">
      <ele>1565.123364</ele>
      <time>2016-10-16T11:46:38Z</time>
    </trkpt>
    <trkpt lat="28.374853" lon="83.825336">
      <ele>1563.372878</ele>
      <time>2016-10-16T11:46:56Z</time>
    </trkpt>
    <trkpt lat="28.374930" lon="83.825359">
      <ele>1561.746298</ele>
      <time>2016-10-16T11:47:10Z</time>
    </trkpt>
    <trkpt lat="28.374995" lon="83.825406">
      <ele>1560.089115</ele>
      <time>2016-10-16T11:47:27Z</time>
    </trkpt>
    <trkpt lat="28.375043" lon="83.825491">
      <ele>1558.417339</ele>
      <time>2016-10-16T11:47:45Z</time>
    </trkpt>
    <trkpt lat="28.375094" lon="83.825567">
      <ele>1556.728177</ele>
      <time>2016-10-16T11:48:11Z</time>
    </trkpt>
    <trkpt lat="28.375154" lon="83.825628">
      <ele>1555.860894</ele>
      <time>2016-10-16T11:48:37Z</time>
    </trkpt>
    <trkpt lat="28.375228" lon="83.825675">
      <ele>1553.982185</ele>
      <time>2016-10-16T11:48:53Z</time>
    </trkpt>
    <trkpt lat="28.375283" lon="83.825741">
      <ele>1552.330658</ele>
      <time>2016-10-16T11:49:07Z</time>
    </trkpt>
    <trkpt lat="28.375315" lon="83.825827">
      <ele>1550.860942</ele>
      <time>2016-10-16T11:49:19Z</time>
    </trkpt>
    <trkpt lat="28.375324" lon="83.825931">
      <ele>1548.956385</ele>
      <time>2016-10-16T11:49:36Z</time>
    </trkpt>
    <trkpt lat="28.375342" lon="83.826032">
      <ele>1546.669468</ele>
      <time>2016-10-16T11:50:52Z</time>
    </trkpt>
    <trkpt lat="28.375382" lon="83.826120">
      <ele>1544.114907</ele>
      <time>2016-10-16T11:51:17Z</time>
    </trkpt>
    <trkpt lat="28.375444" lon="83.826156">
      <ele>1541.379066</ele>
      <time>2016-10-16T11:51:30Z</time>
    </trkpt>
    <trkpt lat="28.375515" lon="83.826141">
      <ele>1539.874747</ele>
      <time>2016-10-16T11:52:22Z</time>
    </trkpt>
    <trkpt lat="28.375588" lon="83.826081">
      <ele>1535.864207</ele>
      <time>2016-10-16T11:52:38Z</time>
    </trkpt>
    <trkpt lat="28.375663" lon="83.826054">
      <ele>1533.142462</ele>
      <time>2016-10-16T11:52:54Z</time>
    </trkpt>
    <trkpt lat="28.375744" lon="83.826035">
      <ele>1530.566503</ele>
      <time>2016-10-16T11:53:10Z</time>
    </trkpt>
    <trkpt lat="28.375832" lon="83.826052">
      <ele>1528.297797</ele>
      <time>2016-10-16T11:53:19Z</time>
    </trkpt>
    <trkpt lat="28.375921" lon="83.826050">
      <ele>1525.935131</ele>
      <time>2016-10-16T11:53:28Z</time>
    </trkpt>
    <trkpt lat="28.376015" lon="83.826059">
      <ele>1523.414381</ele>
      <time>2016-10-16T11:53:36Z</time>
    </trkpt>
    <trkpt lat="28.376111" lon="83.826061">
      <ele>1520.968045</ele>
      <time>2016-10-16T11:53:44Z</time>
    </trkpt>
    <trkpt lat="28.376207" lon="83.826062">
      <ele>1517.923711</ele>
      <time>2016-10-16T11:53:55Z</time>
    </trkpt>
    <trkpt lat="28.376302" lon="83.826074">
      <ele>1516.132489</ele>
      <time>2016-10-16T11:54:04Z</time>
    </trkpt>
    <trkpt lat="28.376398" lon="83.826082">
      <ele>1514.413077</ele>
      <time>2016-10-16T11:54:14Z</time>
    </trkpt>
    <trkpt lat="28.376501" lon="83.826094">
      <ele>1512.795101</ele>
      <time>2016-10-16T11:54:23Z</time>
    </trkpt>
    <trkpt lat="28.376602" lon="83.826088">
      <ele>1511.295112</ele>
      <time>2016-10-16T11:54:33Z</time>
    </trkpt>
    <trkpt lat="28.376702" lon="83.826071">
      <ele>1509.872712</ele>
      <time>2016-10-16T11:54:41Z</time>
    </trkpt>
    <trkpt lat="28.376794" lon="83.826053">
      <ele>1508.427859</ele>
      <time>2016-10-16T11:54:51Z</time>
    </trkpt>
    <trkpt lat="28.376886" lon="83.826054">
      <ele>1507.190780</ele>
      <time>2016-10-16T11:55:00Z</time>
    </trkpt>
    <trkpt lat="28.376973" lon="83.826087">
      <ele>1506.338077</ele>
      <time>2016-10-16T11:55:09Z</time>
    </trkpt>
    <trkpt lat="28.377055" lon="83.826137">
      <ele>1505.712478</ele>
      <time>2016-10-16T11:55:20Z</time>
    </trkpt>
    <trkpt lat="28.377135" lon="83.826195">
      <ele>1505.011136</ele>
      <time>2016-10-16T11:55:29Z</time>
    </trkpt>
    <trkpt lat="28.377219" lon="83.826220">
      <ele>1504.566170</ele>
      <time>2016-10-16T11:55:43Z</time>
    </trkpt>
    <trkpt lat="28.377300" lon="83.826201">
      <ele>1504.174156</ele>
      <time>2016-10-16T11:56:01Z</time>
    </trkpt>
    <trkpt lat="28.377382" lon="83.826159">
      <ele>1503.880394</ele>
      <time>2016-10-16T11:56:16Z</time>
    </trkpt>
    <trkpt lat="28.377466" lon="83.826125">
      <ele>1503.551375</ele>
      <time>2016-10-16T11:56:26Z</time>
    </trkpt>
    <trkpt lat="28.377558" lon="83.826120">
      <ele>1503.256695</ele>
      <time>2016-10-16T11:56:44Z</time>
    </trkpt>
    <trkpt lat="28.377651" lon="83.826110">
      <ele>1502.814562</ele>
      <time>2016-10-16T11:56:58Z</time>
    </trkpt>
    <trkpt lat="28.377744" lon="83.826116">
      <ele>1502.180609</ele>
      <time>2016-10-16T11:57:10Z</time>
    </trkpt>
    <trkpt lat="28.377834" lon="83.826127">
      <ele>1501.433586</ele>
      <time>2016-10-16T11:57:19Z</time>
    </trkpt>
    <trkpt lat="28.377928" lon="83.826159">
      <ele>1500.562750</ele>
      <time>2016-10-16T11:57:29Z</time>
    </trkpt>
    <trkpt lat="28.378020" lon="83.826167">
      <ele>1499.561570</ele>
      <time>2016-10-16T11:57:39Z</time>
    </trkpt>
    <trkpt lat="28.378112" lon="83.826154">
      <ele>1499.156412</ele>
      <time>2016-10-16T11:58:08Z</time>
    </trkpt>
    <trkpt lat="28.378201" lon="83.826116">
      <ele>1498.031667</ele>
      <time>2016-10-16T11:58:17Z</time>
    </trkpt>
    <trkpt lat="28.378297" lon="83.826080">
      <ele>1496.903786</ele>
      <time>2016-10-16T11:58:31Z</time>
    </trkpt>
    <trkpt lat="28.378391" lon="83.826041">
      <ele>1495.804429</ele>
      <time>2016-10-16T11:58:40Z</time>
    </trkpt>
    <trkpt lat="28.378478" lon="83.826033">
      <ele>1494.782720</ele>
      <time>2016-10-16T11:58:52Z</time>
    </trkpt>
    <trkpt lat="28.378556" lon="83.826060">
      <ele>1493.754440</ele>
      <time>2016-10-16T11:59:02Z</time>
    </trkpt>
    <trkpt lat="28.378629" lon="83.826076">
      <ele>1492.775475</ele>
      <time>2016-10-16T11:59:16Z</time>
    </trkpt>
    <trkpt lat="28.378697" lon="83.826048">
      <ele>1491.954421</ele>
      <time>2016-10-16T11:59:31Z</time>
    </trkpt>
    <trkpt lat="28.378767" lon="83.825984">
      <ele>1491.170235</ele>
      <time>2016-10-16T11:59:41Z</time>
    </trkpt>
    <trkpt lat="28.378840" lon="83.825967">
      <ele>1490.480305</ele>
      <time>2016-10-16T11:59:51Z</time>
    </trkpt>
    <trkpt lat="28.378923" lon="83.825993">
      <ele>1490.022431</ele>
      <time>2016-10-16T12:00:05Z</time>
    </trkpt>
    <trkpt lat="28.379007" lon="83.826048">
      <ele>1489.525406</ele>
      <time>2016-10-16T12:00:17Z</time>
    </trkpt>
    <trkpt lat="28.379109" lon="83.826087">
      <ele>1488.842041</ele>
      <time>2016-10-16T12:00:35Z</time>
    </trkpt>
    <trkpt lat="28.379212" lon="83.826102">
      <ele>1487.981202</ele>
      <time>2016-10-16T12:00:44Z</time>
    </trkpt>
    <trkpt lat="28.379316" lon="83.826094">
      <ele>1486.978802</ele>
      <time>2016-10-16T12:00:53Z</time>
    </trkpt>
    <trkpt lat="28.379406" lon="83.826090">
      <ele>1485.819693</ele>
      <time>2016-10-16T12:01:05Z</time>
    </trkpt>
    <trkpt lat="28.379495" lon="83.826105">
      <ele>1484.582230</ele>
      <time>2016-10-16T12:01:15Z</time>
    </trkpt>
    <trkpt lat="28.379586" lon="83.826135">
      <ele>1483.399957</ele>
      <time>2016-10-16T12:01:27Z</time>
    </trkpt>
    <trkpt lat="28.379677" lon="83.826161">
      <ele>1482.222298</ele>
      <time>2016-10-16T12:01:41Z</time>
    </trkpt>
    <trkpt lat="28.379769" lon="83.826177">
      <ele>1481.201614</ele>
      <time>2016-10-16T12:01:59Z</time>
    </trkpt>
    <trkpt lat="28.379860" lon="83.826192">
      <ele>1480.101362</ele>
      <time>2016-10-16T12:02:09Z</time>
    </trkpt>
    <trkpt lat="28.379948" lon="83.826182">
      <ele>1479.058539</ele>
      <time>2016-10-16T12:02:27Z</time>
    </trkpt>
    <trkpt lat="28.380026" lon="83.826144">
      <ele>1478.122900</ele>
      <time>2016-10-16T12:02:42Z</time>
    </trkpt>
    <trkpt lat="28.380098" lon="83.826083">
      <ele>1477.159063</ele>
      <time>2016-10-16T12:03:01Z</time>
    </trkpt>
    <trkpt lat="28.380167" lon="83.826015">
      <ele>1475.971300</ele>
      <time>2016-10-16T12:03:18Z</time>
    </trkpt>
    <trkpt lat="28.380242" lon="83.825953">
      <ele>1474.424204</ele>
      <time>2016-10-16T12:03:34Z</time>
    </trkpt>
    <trkpt lat="28.380313" lon="83.825884">
      <ele>1473.412500</ele>
      <time>2016-10-16T12:03:45Z</time>
    </trkpt>
    <trkpt lat="28.380382" lon="83.825815">
      <ele>1472.167004</ele>
      <time>2016-10-16T12:03:56Z</time>
    </trkpt>
    <trkpt lat="28.380447" lon="83.825736">
      <ele>1470.799322</ele>
      <time>2016-10-16T12:04:11Z</time>
    </trkpt>
    <trkpt lat="28.380522" lon="83.825679">
      <ele>1469.338061</ele>
      <time>2016-10-16T12:04:24Z</time>
    </trkpt>
    <trkpt lat="28.380602" lon="83.825630">
      <ele>1467.773328</ele>
      <time>2016-10-16T12:04:32Z</time>
    </trkpt>
    <trkpt lat="28.380685" lon="83.825589">
      <ele>1467.009665</ele>
      <time>2016-10-16T12:04:46Z</time>
    </trkpt>
    <trkpt lat="28.380765" lon="83.825531">
      <ele>1465.294739</ele>
      <time>2016-10-16T12:05:00Z</time>
    </trkpt>
    <trkpt lat="28.380850" lon="83.825481">
      <ele>1462.759329</ele>
      <time>2016-10-16T12:05:14Z</time>
    </trkpt>
    <trkpt lat="28.380936" lon="83.825430">
      <ele>1461.293148</ele>
      <time>2016-10-16T12:05:24Z</time>
    </trkpt>
    <trkpt lat="28.381027" lon="83.825391">
      <ele>1459.633738</ele>
      <time>2016-10-16T12:05:40Z</time>
    </trkpt>
    <trkpt lat="28.381117" lon="83.825357">
      <ele>1457.979704</ele>
      <time>2016-10-16T12:05:52Z</time>
    </trkpt>
    <trkpt lat="28.381209" lon="83.825338">
      <ele>1456.278873</ele>
      <time>2016-10-16T12:06:08Z</time>
    </trkpt>
    <trkpt lat="28.381296" lon="83.825329">
      <ele>1454.653370</ele>
      <time>2016-10-16T12:06:28Z</time>
    </trkpt>
    <trkpt lat="28.381380" lon="83.825341">
      <ele>1452.996808</ele>
      <time>2016-10-16T12:06:53Z</time>
    </trkpt>
    <trkpt lat="28.381452" lon="83.825384">
      <ele>1451.244077</ele>
      <time>2016-10-16T12:07:07Z</time>
    </trkpt>
    <trkpt lat="28.381521" lon="83.825446">
      <ele>1450.433346</ele>
      <time>2016-10-16T12:07:19Z</time>
    </trkpt>
    <trkpt lat="28.381584" lon="83.825517">
      <ele>1448.803769</ele>
      <time>2016-10-16T12:07:30Z</time>
    </trkpt>
    <trkpt lat="28.381659" lon="83.825575">
      <ele>1446.927814</ele>
      <time>2016-10-16T12:07:44Z</time>
    </trkpt>
    <trkpt lat="28.381739" lon="83.825617">
      <ele>1444.730818</ele>
      <time>2016-10-16T12:07:54Z</time>
    </trkpt>
    <trkpt lat="28.381828" lon="83.825644">
      <ele>1442.282635</ele>
      <time>2016-10-16T12:08:04Z</time>
    </trkpt>
    <trkpt lat="28.381917" lon="83.825668">
      <ele>1439.648976</ele>
      <time>2016-10-16T12:08:16Z</time>
    </trkpt>
    <trkpt lat="28.382006" lon="83.825684">
      <ele>1436.936037</ele>
      <time>2016-10-16T12:08:35Z</time>
    </trkpt>
    <trkpt lat="28.382094" lon="83.825696">
      <ele>1434.284581</ele>
      <time>2016-10-16T12:08:44Z</time>
    </trkpt>
    <trkpt lat="28.382186" lon="83.825691">
      <ele>1431.747548</ele>
      <time>2016-10-16T12:09:01Z</time>
    </trkpt>
    <trkpt lat="28.382270" lon="83.825713">
      <ele>1429.376972</ele>
      <time>2016-10-16T12:09:08Z</time>
    </trkpt>
    <trkpt lat="28.382355" lon="83.825739">
      <ele>1427.044214</ele>
      <time>2016-10-16T12:09:19Z</time>
    </trkpt>
    <trkpt lat="28.382440" lon="83.825771">
      <ele>1424.615743</ele>
      <time>2016-10-16T12:09:31Z</time>
    </trkpt>
    <trkpt lat="28.382538" lon="83.825779">
      <ele>1422.441151</ele>
      <time>2016-10-16T12:09:40Z</time>
    </trkpt>
    <trkpt lat="28.382636" lon="83.825779">
      <ele>1420.542377</ele>
      <time>2016-10-16T12:09:49Z</time>
    </trkpt>
    <trkpt lat="28.382732" lon="83.825775">
      <ele>1418.928074</ele>
      <time>2016-10-16T12:10:09Z</time>
    </trkpt>
    <trkpt lat="28.382821" lon="83.825754">
      <ele>1417.673502</ele>
      <time>2016-10-16T12:10:21Z</time>
    </trkpt>
    <trkpt lat="28.382902" lon="83.825707">
      <ele>1416.499829</ele>
      <time>2016-10-16T12:10:36Z</time>
    </trkpt>
    <trkpt lat="28.382987" lon="83.825655">
      <ele>1414.834617</ele>
      <time>2016-10-16T12:10:48Z</time>
    </trkpt>
    <trkpt lat="28.383076" lon="83.825629">
      <ele>1413.660505</ele>
      <time>2016-10-16T12:10:59Z</time>
    </trkpt>
    <trkpt lat="28.383171" lon="83.825647">
      <ele>1412.430624</ele>
      <time>2016-10-16T12:11:06Z</time>
    </trkpt>
    <trkpt lat="28.383261" lon="83.825674">
      <ele>1411.276272</ele>
      <time>2016-10-16T12:11:15Z</time>
    </trkpt>
    <trkpt lat="28.383349" lon="83.825677">
      <ele>1410.042647</ele>
      <time>2016-10-16T12:11:23Z</time>
    </trkpt>
    <trkpt lat="28.383438" lon="83.825666">
      <ele>1409.485078</ele>
      <time>2016-10-16T12:11:33Z</time>
    </trkpt>
    <trkpt lat="28.383528" lon="83.825655">
      <ele>1408.456141</ele>
      <time>2016-10-16T12:11:42Z</time>
    </trkpt>
    <trkpt lat="28.383622" lon="83.825652">
      <ele>1407.479742</ele>
      <time>2016-10-16T12:11:55Z</time>
    </trkpt>
    <trkpt lat="28.383714" lon="83.825633">
      <ele>1406.491004</ele>
      <time>2016-10-16T12:12:11Z</time>
    </trkpt>
    <trkpt lat="28.383803" lon="83.825603">
      <ele>1405.651867</ele>
      <time>2016-10-16T12:12:24Z</time>
    </trkpt>
    <trkpt lat="28.383891" lon="83.825567">
      <ele>1404.887260</ele>
      <time>2016-10-16T12:12:36Z</time>
    </trkpt>
    <trkpt lat="28.383980" lon="83.825537">
      <ele>1404.240061</ele>
      <time>2016-10-16T12:12:48Z</time>
    </trkpt>
    <trkpt lat="28.384072" lon="83.825516">
      <ele>1403.767841</ele>
      <time>2016-10-16T12:13:01Z</time>
    </trkpt>
    <trkpt lat="28.384164" lon="83.825517">
      <ele>1403.464355</ele>
      <time>2016-10-16T12:13:15Z</time>
    </trkpt>
    <trkpt lat="28.384251" lon="83.825545">
      <ele>1403.332748</ele>
      <time>2016-10-16T12:13:26Z</time>
    </trkpt>
    <trkpt lat="28.384338" lon="83.825566">
      <ele>1403.512047</ele>
      <time>2016-10-16T12:13:43Z</time>
    </trkpt>
    <trkpt lat="28.384420" lon="83.825557">
      <ele>1403.713536</ele>
      <time>2016-10-16T12:14:01Z</time>
    </trkpt>
    <trkpt lat="28.384509" lon="83.825523">
      <ele>1404.065908</ele>
      <time>2016-10-16T12:14:11Z</time>
    </trkpt>
    <trkpt lat="28.384596" lon="83.825509">
      <ele>1404.487921</ele>
      <time>2016-10-16T12:14:20Z</time>
    </trkpt>
    <trkpt lat="28.384686" lon="83.825525">
      <ele>1404.908122</ele>
      <time>2016-10-16T12:14:35Z</time>
    </trkpt>
    <trkpt lat="28.384773" lon="83.825566">
      <ele>1405.484596</ele>
      <time>2016-10-16T12:14:55Z</time>
    </trkpt>
    <trkpt lat="28.384853" lon="83.825621">
      <ele>1406.362113</ele>
      <time>2016-10-16T12:15:09Z</time>
    </trkpt>
    <trkpt lat="28.384919" lon="83.825693">
      <ele>1407.173368</ele>
      <time>2016-10-16T12:15:21Z</time>
    </trkpt>
    <trkpt lat="28.384988" lon="83.825746">
      <ele>1408.041564</ele>
      <time>2016-10-16T12:15:50Z</time>
    </trkpt>
    <trkpt lat="28.385052" lon="83.825747">
      <ele>1408.970915</ele>
      <time>2016-10-16T12:18:00Z</time>
    </trkpt>
    <trkpt lat="28.385115" lon="83.825689">
      <ele>1410.115189</ele>
      <time>2016-10-16T12:18:13Z</time>
    </trkpt>
    <trkpt lat="28.385165" lon="83.825603">
      <ele>1411.406626</ele>
      <time>2016-10-16T12:18:30Z</time>
    </trkpt>
    <trkpt lat="28.385221" lon="83.825515">
      <ele>1412.816568</ele>
      <time>2016-10-16T12:18:37Z</time>
    </trkpt>
    <trkpt lat="28.385287" lon="83.825432">
      <ele>1414.192223</ele>
      <time>2016-10-16T12:18:45Z</time>
    </trkpt>
    <trkpt lat="28.385364" lon="83.825361">
      <ele>1415.494185</ele>
      <time>2016-10-16T12:18:58Z</time>
    </trkpt>
    <trkpt lat="28.385447" lon="83.825323">
      <ele>1416.403231</ele>
      <time>2016-10-16T12:19:08Z</time>
    </trkpt>
    <trkpt lat="28.385532" lon="83.825331">
      <ele>1417.247018</ele>
      <time>2016-10-16T12:19:28Z</time>
    </trkpt>
    <trkpt lat="28.385617" lon="83.825371">
      <ele>1417.451810</ele>
      <time>2016-10-16T12:19:37Z</time>
    </trkpt>
    <trkpt lat="28.385702" lon="83.825418">
      <ele>1418.076107</ele>
      <time>2016-10-16T12:19:45Z</time>
    </trkpt>
    <trkpt lat="28.385786" lon="83.825463">
      <ele>1419.287647</ele>
      <time>2016-10-16T12:19:53Z</time>
    </trkpt>
    <trkpt lat="28.385876" lon="83.825505">
      <ele>1419.737278</ele>
      <time>2016-10-16T12:20:06Z</time>
    </trkpt>
    <trkpt lat="28.385969" lon="83.825548">
      <ele>1419.851178</ele>
      <time>2016-10-16T12:20:17Z</time>
    </trkpt>
    <trkpt lat="28.386066" lon="83.825565">
      <ele>1419.676432</ele>
      <time>2016-10-16T12:20:27Z</time>
    </trkpt>
    <trkpt lat="28.386154" lon="83.825592">
      <ele>1419.603813</ele>
      <time>2016-10-16T12:20:37Z</time>
    </trkpt>
    <trkpt lat="28.386231" lon="83.825635">
      <ele>1419.789865</ele>
      <time>2016-10-16T12:20:59Z</time>
    </trkpt>
    <trkpt lat="28.386297" lon="83.825707">
      <ele>1420.294831</ele>
      <time>2016-10-16T12:21:10Z</time>
    </trkpt>
    <trkpt lat="28.386360" lon="83.825779">
      <ele>1420.663232</ele>
      <time>2016-10-16T12:21:22Z</time>
    </trkpt>
    <trkpt lat="28.386426" lon="83.825842">
      <ele>1421.117307</ele>
      <time>2016-10-16T12:21:39Z</time>
    </trkpt>
    <trkpt lat="28.386496" lon="83.825902">
      <ele>1421.562456</ele>
      <time>2016-10-16T12:21:48Z</time>
    </trkpt>
    <trkpt lat="28.386570" lon="83.825955">
      <ele>1421.800254</ele>
      <time>2016-10-16T12:21:58Z</time>
    </trkpt>
    <trkpt lat="28.386652" lon="83.825991">
      <ele>1421.796067</ele>
      <time>2016-10-16T12:22:16Z</time>
    </trkpt>
    <trkpt lat="28.386739" lon="83.826018">
      <ele>1421.590742</ele>
      <time>2016-10-16T12:22:28Z</time>
    </trkpt>
    <trkpt lat="28.386834" lon="83.826037">
      <ele>1420.902723</ele>
      <time>2016-10-16T12:22:37Z</time>
    </trkpt>
    <trkpt lat="28.386920" lon="83.826081">
      <ele>1419.718041</ele>
      <time>2016-10-16T12:22:45Z</time>
    </trkpt>
    <trkpt lat="28.386995" lon="83.826138">
      <ele>1418.259743</ele>
      <time>2016-10-16T12:22:56Z</time>
    </trkpt>
    <trkpt lat="28.387066" lon="83.826201">
      <ele>1416.378600</ele>
      <time>2016-10-16T12:23:14Z</time>
    </trkpt>
    <trkpt lat="28.387146" lon="83.826248">
      <ele>1414.146796</ele>
      <time>2016-10-16T12:23:44Z</time>
    </trkpt>
    <trkpt lat="28.387233" lon="83.826259">
      <ele>1411.685658</ele>
      <time>2016-10-16T12:23:53Z</time>
    </trkpt>
    <trkpt lat="28.387323" lon="83.826252">
      <ele>1409.344728</ele>
      <time>2016-10-16T12:24:00Z</time>
    </trkpt>
    <trkpt lat="28.387414" lon="83.826237">
      <ele>1406.834642</ele>
      <time>2016-10-16T12:24:09Z</time>
    </trkpt>
    <trkpt lat="28.387509" lon="83.826240">
      <ele>1404.197692</ele>
      <time>2016-10-16T12:24:19Z</time>
    </trkpt>
    <trkpt lat="28.387603" lon="83.826243">
      <ele>1401.795981</ele>
      <time>2016-10-16T12:24:34Z</time>
    </trkpt>
    <trkpt lat="28.387696" lon="83.826246">
      <ele>1399.767000</ele>
      <time>2016-10-16T12:24:40Z</time>
    </trkpt>
    <trkpt lat="28.387783" lon="83.826264">
      <ele>1398.160170</ele>
      <time>2016-10-16T12:24:54Z</time>
    </trkpt>
    <trkpt lat="28.387872" lon="83.826294">
      <ele>1396.589337</ele>
      <time>2016-10-16T12:25:13Z</time>
    </trkpt>
    <trkpt lat="28.387963" lon="83.826335">
      <ele>1395.403426</ele>
      <time>2016-10-16T12:25:32Z</time>
    </trkpt>
    <trkpt lat="28.388050" lon="83.826377">
      <ele>1394.274057</ele>
      <time>2016-10-16T12:25:44Z</time>
    </trkpt>
    <trkpt lat="28.388133" lon="83.826431">
      <ele>1393.260204</ele>
      <time>2016-10-16T12:25:59Z</time>
    </trkpt>
    <trkpt lat="28.388215" lon="83.826484">
      <ele>1392.224905</ele>
      <time>2016-10-16T12:26:11Z</time>
    </trkpt>
    <trkpt lat="28.388300" lon="83.826531">
      <ele>1391.427427</ele>
      <time>2016-10-16T12:26:24Z</time>
    </trkpt>
    <trkpt lat="28.388389" lon="83.826564">
      <ele>1391.148748</ele>
      <time>2016-10-16T12:26:34Z</time>
    </trkpt>
    <trkpt lat="28.388474" lon="83.826600">
      <ele>1391.061704</ele>
      <time>2016-10-16T12:26:45Z</time>
    </trkpt>
    <trkpt lat="28.388556" lon="83.826646">
      <ele>1391.128936</ele>
      <time>2016-10-16T12:26:56Z</time>
    </trkpt>
    <trkpt lat="28.388634" lon="83.826702">
      <ele>1391.080701</ele>
      <time>2016-10-16T12:27:06Z</time>
    </trkpt>
    <trkpt lat="28.388708" lon="83.826766">
      <ele>1391.126459</ele>
      <time>2016-10-16T12:27:19Z</time>
    </trkpt>
    <trkpt lat="28.388782" lon="83.826830">
      <ele>1391.171406</ele>
      <time>2016-10-16T12:27:32Z</time>
    </trkpt>
    <trkpt lat="28.388865" lon="83.826882">
      <ele>1391.566475</ele>
      <time>2016-10-16T12:27:42Z</time>
    </trkpt>
    <trkpt lat="28.388952" lon="83.826888">
      <ele>1391.978698</ele>
      <time>2016-10-16T12:28:02Z</time>
    </trkpt>
    <trkpt lat="28.388984" lon="83.826882">
      <ele>1392.253499</ele>
      <time>2016-10-16T12:28:12Z</time>
    </trkpt>
    <trkpt lat="28.388988" lon="83.826910">
      <ele>1392.396602</ele>
      <time>2016-10-16T12:28:19Z</time>
    </trkpt>
    <trkpt lat="28.388967" lon="83.826995">
      <ele>1392.798510</ele>
      <time>2016-10-16T12:28:26Z</time>
    </trkpt>
    <trkpt lat="28.389002" lon="83.827089">
      <ele>1393.112684</ele>
      <time>2016-10-16T12:28:33Z</time>
    </trkpt>
    <trkpt lat="28.389062" lon="83.827156">
      <ele>1393.416962</ele>
      <time>2016-10-16T12:28:48Z</time>
    </trkpt>
    <trkpt lat="28.389149" lon="83.827191">
      <ele>1393.641057</ele>
      <time>2016-10-16T12:29:12Z</time>
    </trkpt>
    <trkpt lat="28.389239" lon="83.827223">
      <ele>1394.055714</ele>
      <time>2016-10-16T12:29:22Z</time>
    </trkpt>
    <trkpt lat="28.389326" lon="83.827265">
      <ele>1394.476590</ele>
      <time>2016-10-16T12:29:38Z</time>
    </trkpt>
    <trkpt lat="28.389405" lon="83.827336">
      <ele>1394.842486</ele>
      <time>2016-10-16T12:30:02Z</time>
    </trkpt>
    <trkpt lat="28.389478" lon="83.827419">
      <ele>1395.627566</ele>
      <time>2016-10-16T12:30:10Z</time>
    </trkpt>
    <trkpt lat="28.389531" lon="83.827516">
      <ele>1396.413261</ele>
      <time>2016-10-16T12:30:19Z</time>
    </trkpt>
    <trkpt lat="28.389569" lon="83.827615">
      <ele>1397.086884</ele>
      <time>2016-10-16T12:30:30Z</time>
    </trkpt>
    <trkpt lat="28.389619" lon="83.827677">
      <ele>1397.736370</ele>
      <time>2016-10-16T12:30:34Z</time>
    </trkpt>
    <trkpt lat="28.389686" lon="83.827691">
      <ele>1398.354556</ele>
      <time>2016-10-16T12:30:42Z</time>
    </trkpt>
    <trkpt lat="28.389768" lon="83.827699">
      <ele>1399.036284</ele>
      <time>2016-10-16T12:30:51Z</time>
    </trkpt>
    <trkpt lat="28.389841" lon="83.827730">
      <ele>1399.408518</ele>
      <time>2016-10-16T12:31:01Z</time>
    </trkpt>
    <trkpt lat="28.389915" lon="83.827788">
      <ele>1400.268025</ele>
      <time>2016-10-16T12:31:09Z</time>
    </trkpt>
    <trkpt lat="28.390004" lon="83.827815">
      <ele>1401.202732</ele>
      <time>2016-10-16T12:31:17Z</time>
    </trkpt>
    <trkpt lat="28.390098" lon="83.827824">
      <ele>1402.004978</ele>
      <time>2016-10-16T12:31:28Z</time>
    </trkpt>
    <trkpt lat="28.390194" lon="83.827826">
      <ele>1402.802249</ele>
      <time>2016-10-16T12:31:38Z</time>
    </trkpt>
    <trkpt lat="28.390284" lon="83.827839">
      <ele>1403.727568</ele>
      <time>2016-10-16T12:31:50Z</time>
    </trkpt>
    <trkpt lat="28.390374" lon="83.827842">
      <ele>1404.367527</ele>
      <time>2016-10-16T12:32:05Z</time>
    </trkpt>
    <trkpt lat="28.390464" lon="83.827840">
      <ele>1404.793265</ele>
      <time>2016-10-16T12:32:21Z</time>
    </trkpt>
    <trkpt lat="28.390556" lon="83.827842">
      <ele>1405.219592</ele>
      <time>2016-10-16T12:32:34Z</time>
    </trkpt>
    <trkpt lat="28.390650" lon="83.827853">
      <ele>1405.574580</ele>
      <time>2016-10-16T12:32:47Z</time>
    </trkpt>
    <trkpt lat="28.390745" lon="83.827867">
      <ele>1405.918139</ele>
      <time>2016-10-16T12:33:05Z</time>
    </trkpt>
    <trkpt lat="28.390838" lon="83.827876">
      <ele>1406.187593</ele>
      <time>2016-10-16T12:33:22Z</time>
    </trkpt>
    <trkpt lat="28.390930" lon="83.827894">
      <ele>1406.552896</ele>
      <time>2016-10-16T12:33:37Z</time>
    </trkpt>
    <trkpt lat="28.391019" lon="83.827915">
      <ele>1406.966736</ele>
      <time>2016-10-16T12:33:56Z</time>
    </trkpt>
    <trkpt lat="28.391109" lon="83.827912">
      <ele>1407.457982</ele>
      <time>2016-10-16T12:34:11Z</time>
    </trkpt>
    <trkpt lat="28.391200" lon="83.827908">
      <ele>1408.131745</ele>
      <time>2016-10-16T12:34:22Z</time>
    </trkpt>
    <trkpt lat="28.391290" lon="83.827914">
      <ele>1409.065827</ele>
      <time>2016-10-16T12:34:36Z</time>
    </trkpt>
    <trkpt lat="28.391379" lon="83.827926">
      <ele>1410.241801</ele>
      <time>2016-10-16T12:34:45Z</time>
    </trkpt>
    <trkpt lat="28.391462" lon="83.827912">
      <ele>1411.622941</ele>
      <time>2016-10-16T12:35:07Z</time>
    </trkpt>
    <trkpt lat="28.391548" lon="83.827885">
      <ele>1413.097254</ele>
      <time>2016-10-16T12:35:30Z</time>
    </trkpt>
    <trkpt lat="28.391632" lon="83.827853">
      <ele>1414.593748</ele>
      <time>2016-10-16T12:35:53Z</time>
    </trkpt>
    <trkpt lat="28.391713" lon="83.827816">
      <ele>1416.058046</ele>
      <time>2016-10-16T12:36:09Z</time>
    </trkpt>
    <trkpt lat="28.391770" lon="83.827746">
      <ele>1417.566734</ele>
      <time>2016-10-16T12:36:56Z</time>
    </trkpt>
    <trkpt lat="28.391819" lon="83.827662">
      <ele>1419.137831</ele>
      <time>2016-10-16T12:37:02Z</time>
    </trkpt>
    <trkpt lat="28.391867" lon="83.827575">
      <ele>1420.709453</ele>
      <time>2016-10-16T12:37:09Z</time>
    </trkpt>
    <trkpt lat="28.391907" lon="83.827486">
      <ele>1422.012664</ele>
      <time>2016-10-16T12:37:18Z</time>
    </trkpt>
    <trkpt lat="28.391911" lon="83.827394">
      <ele>1423.069002</ele>
      <time>2016-10-16T12:37:34Z</time>
    </trkpt>
    <trkpt lat="28.391918" lon="83.827351">
      <ele>1424.197772</ele>
      <time>2016-10-16T12:37:40Z</time>
    </trkpt>
    <trkpt lat="28.391941" lon="83.827376">
      <ele>1424.627585</ele>
      <time>2016-10-16T12:38:03Z</time>
    </trkpt>
    <trkpt lat="28.391975" lon="83.827397">
      <ele>1425.058101</ele>
      <time>2016-10-16T12:38:09Z</time>
    </trkpt>
    <trkpt lat="28.392012" lon="83.827378">
      <ele>1425.446578</ele>
      <time>2016-10-16T12:38:23Z</time>
    </trkpt>
    <trkpt lat="28.392066" lon="83.827334">
      <ele>1426.302772</ele>
      <time>2016-10-16T12:38:30Z</time>
    </trkpt>
    <trkpt lat="28.392158" lon="83.827328">
      <ele>1426.940911</ele>
      <time>2016-10-16T12:38:38Z</time>
    </trkpt>
    <trkpt lat="28.392253" lon="83.827354">
      <ele>1427.506058</ele>
      <time>2016-10-16T12:38:48Z</time>
    </trkpt>
    <trkpt lat="28.392332" lon="83.827401">
      <ele>1428.106196</ele>
      <time>2016-10-16T12:38:58Z</time>
    </trkpt>
    <trkpt lat="28.392382" lon="83.827481">
      <ele>1428.554331</ele>
      <time>2016-10-16T12:39:16Z</time>
    </trkpt>
    <trkpt lat="28.392395" lon="83.827509">
      <ele>1428.932467</ele>
      <time>2016-10-16T12:39:23Z</time>
    </trkpt>
    <trkpt lat="28.392408" lon="83.827476">
      <ele>1429.091680</ele>
      <time>2016-10-16T12:39:30Z</time>
    </trkpt>
    <trkpt lat="28.392442" lon="83.827388">
      <ele>1429.246268</ele>
      <time>2016-10-16T12:39:42Z</time>
    </trkpt>
    <trkpt lat="28.392468" lon="83.827235">
      <ele>1430.326902</ele>
      <time>2016-10-16T12:40:01Z</time>
    </trkpt>
    <trkpt lat="28.392481" lon="83.827166">
      <ele>1430.600231</ele>
      <time>2016-10-16T12:40:03Z</time>
    </trkpt>
    <trkpt lat="28.392492" lon="83.827140">
      <ele>1430.471422</ele>
      <time>2016-10-16T12:40:07Z</time>
    </trkpt>
    <trkpt lat="28.392545" lon="83.827239">
      <ele>1430.713630</ele>
      <time>2016-10-16T12:40:20Z</time>
    </trkpt>
    <trkpt lat="28.392625" lon="83.827275">
      <ele>1430.804629</ele>
      <time>2016-10-16T12:40:31Z</time>
    </trkpt>
    <trkpt lat="28.392697" lon="83.827260">
      <ele>1430.708447</ele>
      <time>2016-10-16T12:40:41Z</time>
    </trkpt>
    <trkpt lat="28.392775" lon="83.827216">
      <ele>1430.583877</ele>
      <time>2016-10-16T12:41:06Z</time>
    </trkpt>
    <trkpt lat="28.392849" lon="83.827141">
      <ele>1430.578494</ele>
      <time>2016-10-16T12:41:22Z</time>
    </trkpt>
    <trkpt lat="28.392906" lon="83.827113">
      <ele>1430.460975</ele>
      <time>2016-10-16T12:44:24Z</time>
    </trkpt>
    <trkpt lat="28.392932" lon="83.827110">
      <ele>1430.448784</ele>
      <time>2016-10-16T12:45:42Z</time>
      <extensions>
        <pause>start</pause>
        <type>auto</type>
      </extensions>
    </trkpt>
    <trkpt lat="28.393204" lon="83.827039">
      <ele>1431.397478</ele>
      <time>2016-10-16T12:58:52Z</time>
      <extensions>
        <pause>end</pause>
        <type>manual</type>
      </extensions>
    </trkpt>
    <trkpt lat="28.393241" lon="83.826970">
      <ele>1429.576515</ele>
      <time>2016-10-16T12:59:35Z</time>
    </trkpt>
    <trkpt lat="28.393248" lon="83.826886">
      <ele>1429.628794</ele>
      <time>2016-10-16T13:00:54Z</time>
    </trkpt>
    <trkpt lat="28.393230" lon="83.826787">
      <ele>1429.524302</ele>
      <time>2016-10-16T13:01:22Z</time>
    </trkpt>
    <trkpt lat="28.393220" lon="83.826683">
      <ele>1429.388833</ele>
      <time>2016-10-16T13:01:37Z</time>
    </trkpt>
    <trkpt lat="28.393209" lon="83.826579">
      <ele>1429.475343</ele>
      <time>2016-10-16T13:01:57Z</time>
    </trkpt>
    <trkpt lat="28.393194" lon="83.826472">
      <ele>1429.707657</ele>
      <time>2016-10-16T13:02:08Z</time>
    </trkpt>
    <trkpt lat="28.393183" lon="83.826362">
      <ele>1429.758133</ele>
      <time>2016-10-16T13:02:19Z</time>
    </trkpt>
    <trkpt lat="28.393176" lon="83.826253">
      <ele>1429.707141</ele>
      <time>2016-10-16T13:02:28Z</time>
    </trkpt>
    <trkpt lat="28.393167" lon="83.826149">
      <ele>1429.297412</ele>
      <time>2016-10-16T13:02:36Z</time>
    </trkpt>
    <trkpt lat="28.393156" lon="83.826043">
      <ele>1428.147325</ele>
      <time>2016-10-16T13:02:45Z</time>
    </trkpt>
    <trkpt lat="28.393145" lon="83.825937">
      <ele>1427.461020</ele>
      <time>2016-10-16T13:02:56Z</time>
    </trkpt>
    <trkpt lat="28.393135" lon="83.825830">
      <ele>1426.685294</ele>
      <time>2016-10-16T13:03:05Z</time>
    </trkpt>
    <trkpt lat="28.393121" lon="83.825727">
      <ele>1425.835595</ele>
      <time>2016-10-16T13:03:16Z</time>
    </trkpt>
    <trkpt lat="28.393100" lon="83.825625">
      <ele>1425.057986</ele>
      <time>2016-10-16T13:03:25Z</time>
    </trkpt>
    <trkpt lat="28.393082" lon="83.825523">
      <ele>1424.231677</ele>
      <time>2016-10-16T13:03:48Z</time>
    </trkpt>
    <trkpt lat="28.393093" lon="83.825433">
      <ele>1423.064337</ele>
      <time>2016-10-16T13:04:05Z</time>
    </trkpt>
    <trkpt lat="28.393137" lon="83.825354">
      <ele>1423.124877</ele>
      <time>2016-10-16T13:04:30Z</time>
    </trkpt>
    <trkpt lat="28.393210" lon="83.825293">
      <ele>1422.712145</ele>
      <time>2016-10-16T13:04:41Z</time>
    </trkpt>
    <trkpt lat="28.393285" lon="83.825236">
      <ele>1422.684079</ele>
      <time>2016-10-16T13:04:52Z</time>
    </trkpt>
    <trkpt lat="28.393364" lon="83.825183">
      <ele>1423.000566</ele>
      <time>2016-10-16T13:05:03Z</time>
    </trkpt>
    <trkpt lat="28.393446" lon="83.825139">
      <ele>1423.648721</ele>
      <time>2016-10-16T13:05:21Z</time>
    </trkpt>
    <trkpt lat="28.393535" lon="83.825108">
      <ele>1424.644428</ele>
      <time>2016-10-16T13:05:33Z</time>
    </trkpt>
    <trkpt lat="28.393629" lon="83.825092">
      <ele>1425.745566</ele>
      <time>2016-10-16T13:05:49Z</time>
    </trkpt>
    <trkpt lat="28.393724" lon="83.825094">
      <ele>1426.897385</ele>
      <time>2016-10-16T13:05:58Z</time>
    </trkpt>
    <trkpt lat="28.393814" lon="83.825116">
      <ele>1428.169943</ele>
      <time>2016-10-16T13:06:14Z</time>
    </trkpt>
    <trkpt lat="28.393902" lon="83.825147">
      <ele>1429.592385</ele>
      <time>2016-10-16T13:06:24Z</time>
    </trkpt>
    <trkpt lat="28.393987" lon="83.825191">
      <ele>1431.056454</ele>
      <time>2016-10-16T13:06:35Z</time>
    </trkpt>
    <trkpt lat="28.394065" lon="83.825247">
      <ele>1432.777203</ele>
      <time>2016-10-16T13:06:43Z</time>
    </trkpt>
    <trkpt lat="28.394147" lon="83.825297">
      <ele>1434.259890</ele>
      <time>2016-10-16T13:06:52Z</time>
    </trkpt>
    <trkpt lat="28.394230" lon="83.825342">
      <ele>1435.829557</ele>
      <time>2016-10-16T13:07:00Z</time>
    </trkpt>
    <trkpt lat="28.394320" lon="83.825341">
      <ele>1436.933661</ele>
      <time>2016-10-16T13:07:10Z</time>
    </trkpt>
    <trkpt lat="28.394409" lon="83.825332">
      <ele>1437.608519</ele>
      <time>2016-10-16T13:07:22Z</time>
    </trkpt>
    <trkpt lat="28.394501" lon="83.825306">
      <ele>1438.027054</ele>
      <time>2016-10-16T13:07:34Z</time>
    </trkpt>
    <trkpt lat="28.394592" lon="83.825287">
      <ele>1438.407509</ele>
      <time>2016-10-16T13:07:46Z</time>
    </trkpt>
    <trkpt lat="28.394681" lon="83.825269">
      <ele>1438.589477</ele>
      <time>2016-10-16T13:08:00Z</time>
    </trkpt>
    <trkpt lat="28.394769" lon="83.825249">
      <ele>1438.463299</ele>
      <time>2016-10-16T13:08:18Z</time>
    </trkpt>
    <trkpt lat="28.394858" lon="83.825230">
      <ele>1438.268532</ele>
      <time>2016-10-16T13:08:30Z</time>
    </trkpt>
    <trkpt lat="28.394946" lon="83.825200">
      <ele>1437.937459</ele>
      <time>2016-10-16T13:08:44Z</time>
    </trkpt>
    <trkpt lat="28.395031" lon="83.825156">
      <ele>1437.746256</ele>
      <time>2016-10-16T13:08:55Z</time>
    </trkpt>
    <trkpt lat="28.395115" lon="83.825113">
      <ele>1437.457024</ele>
      <time>2016-10-16T13:09:09Z</time>
    </trkpt>
    <trkpt lat="28.395201" lon="83.825089">
      <ele>1437.635337</ele>
      <time>2016-10-16T13:09:28Z</time>
    </trkpt>
    <trkpt lat="28.395289" lon="83.825068">
      <ele>1438.048885</ele>
      <time>2016-10-16T13:09:48Z</time>
    </trkpt>
    <trkpt lat="28.395378" lon="83.825052">
      <ele>1438.774098</ele>
      <time>2016-10-16T13:10:07Z</time>
    </trkpt>
    <trkpt lat="28.395469" lon="83.825044">
      <ele>1439.597905</ele>
      <time>2016-10-16T13:10:23Z</time>
    </trkpt>
    <trkpt lat="28.395557" lon="83.825061">
      <ele>1440.585359</ele>
      <time>2016-10-16T13:10:46Z</time>
    </trkpt>
    <trkpt lat="28.395642" lon="83.825090">
      <ele>1441.935233</ele>
      <time>2016-10-16T13:11:08Z</time>
    </trkpt>
    <trkpt lat="28.395728" lon="83.825121">
      <ele>1443.493197</ele>
      <time>2016-10-16T13:11:35Z</time>
    </trkpt>
    <trkpt lat="28.395815" lon="83.825152">
      <ele>1444.947413</ele>
      <time>2016-10-16T13:11:47Z</time>
    </trkpt>
    <trkpt lat="28.395896" lon="83.825197">
      <ele>1446.636848</ele>
      <time>2016-10-16T13:11:57Z</time>
    </trkpt>
    <trkpt lat="28.395977" lon="83.825249">
      <ele>1448.429127</ele>
      <time>2016-10-16T13:12:12Z</time>
    </trkpt>
    <trkpt lat="28.396059" lon="83.825317">
      <ele>1450.296865</ele>
      <time>2016-10-16T13:12:32Z</time>
    </trkpt>
    <trkpt lat="28.396137" lon="83.825389">
      <ele>1453.665953</ele>
      <time>2016-10-16T13:12:41Z</time>
    </trkpt>
    <trkpt lat="28.396217" lon="83.825451">
      <ele>1455.767394</ele>
      <time>2016-10-16T13:12:51Z</time>
    </trkpt>
    <trkpt lat="28.396299" lon="83.825481">
      <ele>1457.989200</ele>
      <time>2016-10-16T13:13:09Z</time>
    </trkpt>
    <trkpt lat="28.396391" lon="83.825498">
      <ele>1460.390841</ele>
      <time>2016-10-16T13:13:25Z</time>
    </trkpt>
    <trkpt lat="28.396483" lon="83.825520">
      <ele>1462.657881</ele>
      <time>2016-10-16T13:13:37Z</time>
    </trkpt>
    <trkpt lat="28.396573" lon="83.825550">
      <ele>1464.696347</ele>
      <time>2016-10-16T13:13:52Z</time>
    </trkpt>
    <trkpt lat="28.396661" lon="83.825582">
      <ele>1466.840978</ele>
      <time>2016-10-16T13:14:01Z</time>
    </trkpt>
    <trkpt lat="28.396739" lon="83.825630">
      <ele>1468.972575</ele>
      <time>2016-10-16T13:14:13Z</time>
    </trkpt>
    <trkpt lat="28.396808" lon="83.825700">
      <ele>1470.949489</ele>
      <time>2016-10-16T13:14:20Z</time>
    </trkpt>
    <trkpt lat="28.396880" lon="83.825758">
      <ele>1472.004248</ele>
      <time>2016-10-16T13:14:27Z</time>
    </trkpt>
    <trkpt lat="28.396957" lon="83.825808">
      <ele>1473.508947</ele>
      <time>2016-10-16T13:15:00Z</time>
    </trkpt>
    <trkpt lat="28.397035" lon="83.825854">
      <ele>1474.725384</ele>
      <time>2016-10-16T13:15:08Z</time>
    </trkpt>
    <trkpt lat="28.397112" lon="83.825911">
      <ele>1475.787195</ele>
      <time>2016-10-16T13:15:18Z</time>
    </trkpt>
    <trkpt lat="28.397190" lon="83.825965">
      <ele>1476.507296</ele>
      <time>2016-10-16T13:15:27Z</time>
    </trkpt>
    <trkpt lat="28.397282" lon="83.826002">
      <ele>1476.778126</ele>
      <time>2016-10-16T13:15:36Z</time>
    </trkpt>
    <trkpt lat="28.397384" lon="83.826030">
      <ele>1476.803096</ele>
      <time>2016-10-16T13:15:47Z</time>
    </trkpt>
    <trkpt lat="28.397493" lon="83.826040">
      <ele>1476.666067</ele>
      <time>2016-10-16T13:15:57Z</time>
    </trkpt>
    <trkpt lat="28.397598" lon="83.826033">
      <ele>1476.300057</ele>
      <time>2016-10-16T13:16:06Z</time>
    </trkpt>
    <trkpt lat="28.397692" lon="83.826030">
      <ele>1475.875232</ele>
      <time>2016-10-16T13:16:15Z</time>
    </trkpt>
    <trkpt lat="28.397782" lon="83.826047">
      <ele>1475.395725</ele>
      <time>2016-10-16T13:16:24Z</time>
    </trkpt>
    <trkpt lat="28.397872" lon="83.826072">
      <ele>1474.918112</ele>
      <time>2016-10-16T13:16:35Z</time>
    </trkpt>
    <trkpt lat="28.397967" lon="83.826088">
      <ele>1474.533870</ele>
      <time>2016-10-16T13:16:49Z</time>
    </trkpt>
    <trkpt lat="28.398062" lon="83.826084">
      <ele>1474.083037</ele>
      <time>2016-10-16T13:16:57Z</time>
    </trkpt>
    <trkpt lat="28.398153" lon="83.826067">
      <ele>1473.513520</ele>
      <time>2016-10-16T13:17:08Z</time>
    </trkpt>
    <trkpt lat="28.398243" lon="83.826043">
      <ele>1472.877624</ele>
      <time>2016-10-16T13:17:19Z</time>
    </trkpt>
    <trkpt lat="28.398327" lon="83.826001">
      <ele>1472.235708</ele>
      <time>2016-10-16T13:17:32Z</time>
    </trkpt>
    <trkpt lat="28.398404" lon="83.825948">
      <ele>1472.061121</ele>
      <time>2016-10-16T13:17:56Z</time>
    </trkpt>
    <trkpt lat="28.398450" lon="83.825862">
      <ele>1471.429341</ele>
      <time>2016-10-16T13:18:09Z</time>
    </trkpt>
    <trkpt lat="28.398502" lon="83.825785">
      <ele>1471.376261</ele>
      <time>2016-10-16T13:19:31Z</time>
    </trkpt>
    <trkpt lat="28.398550" lon="83.825705">
      <ele>1471.176594</ele>
      <time>2016-10-16T13:19:47Z</time>
    </trkpt>
    <trkpt lat="28.398585" lon="83.825631">
      <ele>1470.963405</ele>
      <time>2016-10-16T13:20:29Z</time>
    </trkpt>
    <trkpt lat="28.398602" lon="83.825537">
      <ele>1470.868072</ele>
      <time>2016-10-16T13:21:01Z</time>
    </trkpt>
    <trkpt lat="28.398625" lon="83.825448">
      <ele>1470.816545</ele>
      <time>2016-10-16T13:22:11Z</time>
    </trkpt>
    <trkpt lat="28.398684" lon="83.825371">
      <ele>1470.847301</ele>
      <time>2016-10-16T13:22:27Z</time>
    </trkpt>
    <trkpt lat="28.398756" lon="83.825303">
      <ele>1471.174667</ele>
      <time>2016-10-16T13:22:46Z</time>
    </trkpt>
    <trkpt lat="28.398826" lon="83.825234">
      <ele>1471.788998</ele>
      <time>2016-10-16T13:22:56Z</time>
    </trkpt>
    <trkpt lat="28.398899" lon="83.825173">
      <ele>1472.741882</ele>
      <time>2016-10-16T13:23:10Z</time>
    </trkpt>
    <trkpt lat="28.398974" lon="83.825118">
      <ele>1473.879402</ele>
      <time>2016-10-16T13:23:24Z</time>
    </trkpt>
    <trkpt lat="28.399053" lon="83.825063">
      <ele>1475.121793</ele>
      <time>2016-10-16T13:23:38Z</time>
    </trkpt>
    <trkpt lat="28.399134" lon="83.825010">
      <ele>1476.472460</ele>
      <time>2016-10-16T13:23:55Z</time>
    </trkpt>
    <trkpt lat="28.399215" lon="83.824966">
      <ele>1477.969987</ele>
      <time>2016-10-16T13:24:06Z</time>
    </trkpt>
    <trkpt lat="28.399292" lon="83.824932">
      <ele>1479.633376</ele>
      <time>2016-10-16T13:24:32Z</time>
    </trkpt>
    <trkpt lat="28.399364" lon="83.824882">
      <ele>1481.525562</ele>
      <time>2016-10-16T13:24:57Z</time>
    </trkpt>
    <trkpt lat="28.399435" lon="83.824820">
      <ele>1483.598242</ele>
      <time>2016-10-16T13:25:14Z</time>
    </trkpt>
    <trkpt lat="28.399507" lon="83.824750">
      <ele>1485.659121</ele>
      <time>2016-10-16T13:25:23Z</time>
    </trkpt>
    <trkpt lat="28.399577" lon="83.824679">
      <ele>1487.655579</ele>
      <time>2016-10-16T13:25:35Z</time>
    </trkpt>
    <trkpt lat="28.399651" lon="83.824614">
      <ele>1489.975848</ele>
      <time>2016-10-16T13:25:55Z</time>
    </trkpt>
    <trkpt lat="28.399719" lon="83.824546">
      <ele>1492.649840</ele>
      <time>2016-10-16T13:26:06Z</time>
    </trkpt>
    <trkpt lat="28.399794" lon="83.824494">
      <ele>1495.321186</ele>
      <time>2016-10-16T13:26:28Z</time>
    </trkpt>
    <trkpt lat="28.399867" lon="83.824479">
      <ele>1497.789946</ele>
      <time>2016-10-16T13:26:44Z</time>
    </trkpt>
    <trkpt lat="28.399951" lon="83.824506">
      <ele>1500.211620</ele>
      <time>2016-10-16T13:26:55Z</time>
    </trkpt>
    <trkpt lat="28.400022" lon="83.824573">
      <ele>1502.502744</ele>
      <time>2016-10-16T13:27:03Z</time>
    </trkpt>
    <trkpt lat="28.400089" lon="83.824646">
      <ele>1504.690938</ele>
      <time>2016-10-16T13:27:19Z</time>
    </trkpt>
    <trkpt lat="28.400157" lon="83.824707">
      <ele>1506.901840</ele>
      <time>2016-10-16T13:27:29Z</time>
    </trkpt>
    <trkpt lat="28.400235" lon="83.824724">
      <ele>1509.304156</ele>
      <time>2016-10-16T13:27:36Z</time>
    </trkpt>
    <trkpt lat="28.400302" lon="83.824680">
      <ele>1511.719816</ele>
      <time>2016-10-16T13:27:55Z</time>
    </trkpt>
    <trkpt lat="28.400356" lon="83.824606">
      <ele>1513.458303</ele>
      <time>2016-10-16T13:28:07Z</time>
    </trkpt>
    <trkpt lat="28.400402" lon="83.824516">
      <ele>1514.536802</ele>
      <time>2016-10-16T13:28:17Z</time>
    </trkpt>
    <trkpt lat="28.400442" lon="83.824422">
      <ele>1515.182983</ele>
      <time>2016-10-16T13:28:28Z</time>
    </trkpt>
    <trkpt lat="28.400459" lon="83.824322">
      <ele>1515.633956</ele>
      <time>2016-10-16T13:28:43Z</time>
    </trkpt>
    <trkpt lat="28.400459" lon="83.824219">
      <ele>1516.098288</ele>
      <time>2016-10-16T13:28:57Z</time>
    </trkpt>
    <trkpt lat="28.400470" lon="83.824126">
      <ele>1516.612885</ele>
      <time>2016-10-16T13:29:21Z</time>
    </trkpt>
    <trkpt lat="28.400512" lon="83.824050">
      <ele>1517.036899</ele>
      <time>2016-10-16T13:29:52Z</time>
    </trkpt>
    <trkpt lat="28.400572" lon="83.823975">
      <ele>1517.321844</ele>
      <time>2016-10-16T13:30:13Z</time>
    </trkpt>
    <trkpt lat="28.400622" lon="83.823897">
      <ele>1517.549460</ele>
      <time>2016-10-16T13:30:34Z</time>
    </trkpt>
    <trkpt lat="28.400648" lon="83.823801">
      <ele>1518.029460</ele>
      <time>2016-10-16T13:30:58Z</time>
    </trkpt>
    <trkpt lat="28.400673" lon="83.823699">
      <ele>1518.648640</ele>
      <time>2016-10-16T13:31:15Z</time>
    </trkpt>
    <trkpt lat="28.400705" lon="83.823599">
      <ele>1520.023039</ele>
      <time>2016-10-16T13:31:40Z</time>
    </trkpt>
    <trkpt lat="28.400746" lon="83.823500">
      <ele>1521.871882</ele>
      <time>2016-10-16T13:31:52Z</time>
    </trkpt>
    <trkpt lat="28.400792" lon="83.823411">
      <ele>1524.234737</ele>
      <time>2016-10-16T13:32:09Z</time>
    </trkpt>
    <trkpt lat="28.400850" lon="83.823329">
      <ele>1526.793102</ele>
      <time>2016-10-16T13:32:33Z</time>
    </trkpt>
    <trkpt lat="28.400902" lon="83.823250">
      <ele>1529.397191</ele>
      <time>2016-10-16T13:33:12Z</time>
    </trkpt>
    <trkpt lat="28.400929" lon="83.823163">
      <ele>1532.215616</ele>
      <time>2016-10-16T13:33:35Z</time>
    </trkpt>
    <trkpt lat="28.400922" lon="83.823067">
      <ele>1535.249343</ele>
      <time>2016-10-16T13:33:48Z</time>
    </trkpt>
    <trkpt lat="28.400915" lon="83.822970">
      <ele>1538.381432</ele>
      <time>2016-10-16T13:34:07Z</time>
    </trkpt>
    <trkpt lat="28.400933" lon="83.822882">
      <ele>1541.561393</ele>
      <time>2016-10-16T13:34:37Z</time>
    </trkpt>
    <trkpt lat="28.400982" lon="83.822799">
      <ele>1544.702231</ele>
      <time>2016-10-16T13:34:55Z</time>
    </trkpt>
    <trkpt lat="28.401053" lon="83.822747">
      <ele>1547.907497</ele>
      <time>2016-10-16T13:35:11Z</time>
    </trkpt>
    <trkpt lat="28.401107" lon="83.822683">
      <ele>1551.096861</ele>
      <time>2016-10-16T13:35:24Z</time>
    </trkpt>
    <trkpt lat="28.401173" lon="83.822647">
      <ele>1554.151716</ele>
      <time>2016-10-16T13:35:37Z</time>
    </trkpt>
    <trkpt lat="28.401230" lon="83.822637">
      <ele>1555.804638</ele>
      <time>2016-10-16T13:35:49Z</time>
    </trkpt>
    <trkpt lat="28.401301" lon="83.822689">
      <ele>1558.978179</ele>
      <time>2016-10-16T13:36:03Z</time>
    </trkpt>
    <trkpt lat="28.401367" lon="83.822761">
      <ele>1563.626129</ele>
      <time>2016-10-16T13:36:13Z</time>
    </trkpt>
    <trkpt lat="28.401432" lon="83.822835">
      <ele>1566.586451</ele>
      <time>2016-10-16T13:36:21Z</time>
    </trkpt>
    <trkpt lat="28.401501" lon="83.822907">
      <ele>1569.279639</ele>
      <time>2016-10-16T13:36:34Z</time>
    </trkpt>
    <trkpt lat="28.401566" lon="83.822985">
      <ele>1571.758188</ele>
      <time>2016-10-16T13:36:43Z</time>
    </trkpt>
    <trkpt lat="28.401633" lon="83.823059">
      <ele>1574.009890</ele>
      <time>2016-10-16T13:36:51Z</time>
    </trkpt>
    <trkpt lat="28.401688" lon="83.823143">
      <ele>1575.962155</ele>
      <time>2016-10-16T13:37:01Z</time>
    </trkpt>
    <trkpt lat="28.401735" lon="83.823230">
      <ele>1576.493290</ele>
      <time>2016-10-16T13:37:14Z</time>
    </trkpt>
    <trkpt lat="28.401773" lon="83.823329">
      <ele>1578.937523</ele>
      <time>2016-10-16T13:37:25Z</time>
    </trkpt>
    <trkpt lat="28.401819" lon="83.823422">
      <ele>1579.038374</ele>
      <time>2016-10-16T13:37:36Z</time>
    </trkpt>
    <trkpt lat="28.401866" lon="83.823514">
      <ele>1580.053205</ele>
      <time>2016-10-16T13:37:49Z</time>
    </trkpt>
    <trkpt lat="28.401915" lon="83.823602">
      <ele>1580.235161</ele>
      <time>2016-10-16T13:38:00Z</time>
    </trkpt>
    <trkpt lat="28.401964" lon="83.823689">
      <ele>1580.439721</ele>
      <time>2016-10-16T13:38:19Z</time>
    </trkpt>
    <trkpt lat="28.402015" lon="83.823773">
      <ele>1580.581898</ele>
      <time>2016-10-16T13:38:37Z</time>
    </trkpt>
    <trkpt lat="28.402076" lon="83.823848">
      <ele>1580.470480</ele>
      <time>2016-10-16T13:38:52Z</time>
    </trkpt>
    <trkpt lat="28.402146" lon="83.823909">
      <ele>1580.205279</ele>
      <time>2016-10-16T13:39:06Z</time>
    </trkpt>
    <trkpt lat="28.402211" lon="83.823976">
      <ele>1579.801656</ele>
      <time>2016-10-16T13:39:18Z</time>
    </trkpt>
    <trkpt lat="28.402266" lon="83.824055">
      <ele>1579.629395</ele>
      <time>2016-10-16T13:39:30Z</time>
    </trkpt>
    <trkpt lat="28.402316" lon="83.824146">
      <ele>1579.792293</ele>
      <time>2016-10-16T13:39:39Z</time>
    </trkpt>
    <trkpt lat="28.402378" lon="83.824228">
      <ele>1580.385072</ele>
      <time>2016-10-16T13:39:56Z</time>
    </trkpt>
    <trkpt lat="28.402447" lon="83.824295">
      <ele>1581.186949</ele>
      <time>2016-10-16T13:40:13Z</time>
    </trkpt>
    <trkpt lat="28.402517" lon="83.824361">
      <ele>1581.853949</ele>
      <time>2016-10-16T13:40:28Z</time>
    </trkpt>
    <trkpt lat="28.402593" lon="83.824420">
      <ele>1582.317749</ele>
      <time>2016-10-16T13:40:38Z</time>
    </trkpt>
    <trkpt lat="28.402673" lon="83.824465">
      <ele>1582.936539</ele>
      <time>2016-10-16T13:40:47Z</time>
    </trkpt>
    <trkpt lat="28.402761" lon="83.824491">
      <ele>1583.837045</ele>
      <time>2016-10-16T13:40:55Z</time>
    </trkpt>
    <trkpt lat="28.402854" lon="83.824482">
      <ele>1585.026752</ele>
      <time>2016-10-16T13:41:07Z</time>
    </trkpt>
    <trkpt lat="28.402941" lon="83.824452">
      <ele>1586.399897</ele>
      <time>2016-10-16T13:41:33Z</time>
    </trkpt>
    <trkpt lat="28.403027" lon="83.824394">
      <ele>1587.662975</ele>
      <time>2016-10-16T13:41:42Z</time>
    </trkpt>
    <trkpt lat="28.403115" lon="83.824326">
      <ele>1588.657962</ele>
      <time>2016-10-16T13:41:52Z</time>
    </trkpt>
    <trkpt lat="28.403213" lon="83.824260">
      <ele>1589.746202</ele>
      <time>2016-10-16T13:42:03Z</time>
    </trkpt>
    <trkpt lat="28.403307" lon="83.824193">
      <ele>1590.364079</ele>
      <time>2016-10-16T13:42:13Z</time>
    </trkpt>
    <trkpt lat="28.403394" lon="83.824137">
      <ele>1591.082169</ele>
      <time>2016-10-16T13:42:23Z</time>
    </trkpt>
    <trkpt lat="28.403478" lon="83.824097">
      <ele>1591.869622</ele>
      <time>2016-10-16T13:42:31Z</time>
    </trkpt>
    <trkpt lat="28.403570" lon="83.824071">
      <ele>1592.614375</ele>
      <time>2016-10-16T13:42:40Z</time>
    </trkpt>
    <trkpt lat="28.403664" lon="83.824049">
      <ele>1593.350732</ele>
      <time>2016-10-16T13:42:49Z</time>
    </trkpt>
    <trkpt lat="28.403754" lon="83.824043">
      <ele>1593.854221</ele>
      <time>2016-10-16T13:43:05Z</time>
    </trkpt>
    <trkpt lat="28.403838" lon="83.824054">
      <ele>1594.260673</ele>
      <time>2016-10-16T13:43:28Z</time>
    </trkpt>
    <trkpt lat="28.403921" lon="83.824062">
      <ele>1594.467803</ele>
      <time>2016-10-16T13:43:51Z</time>
    </trkpt>
    <trkpt lat="28.404006" lon="83.824044">
      <ele>1594.721896</ele>
      <time>2016-10-16T13:44:00Z</time>
    </trkpt>
    <trkpt lat="28.404094" lon="83.824007">
      <ele>1595.189650</ele>
      <time>2016-10-16T13:44:09Z</time>
    </trkpt>
    <trkpt lat="28.404179" lon="83.823963">
      <ele>1595.713169</ele>
      <time>2016-10-16T13:44:18Z</time>
    </trkpt>
    <trkpt lat="28.404258" lon="83.823906">
      <ele>1596.640696</ele>
      <time>2016-10-16T13:44:27Z</time>
    </trkpt>
    <trkpt lat="28.404328" lon="83.823835">
      <ele>1597.529136</ele>
      <time>2016-10-16T13:44:35Z</time>
    </trkpt>
    <trkpt lat="28.404396" lon="83.823756">
      <ele>1598.392563</ele>
      <time>2016-10-16T13:44:44Z</time>
    </trkpt>
    <trkpt lat="28.404464" lon="83.823679">
      <ele>1599.187210</ele>
      <time>2016-10-16T13:44:53Z</time>
    </trkpt>
    <trkpt lat="28.404533" lon="83.823605">
      <ele>1599.946336</ele>
      <time>2016-10-16T13:45:02Z</time>
    </trkpt>
    <trkpt lat="28.404603" lon="83.823533">
      <ele>1600.704645</ele>
      <time>2016-10-16T13:45:11Z</time>
    </trkpt>
    <trkpt lat="28.404678" lon="83.823466">
      <ele>1601.388198</ele>
      <time>2016-10-16T13:45:20Z</time>
    </trkpt>
    <trkpt lat="28.404755" lon="83.823400">
      <ele>1602.027894</ele>
      <time>2016-10-16T13:45:29Z</time>
    </trkpt>
    <trkpt lat="28.404830" lon="83.823334">
      <ele>1602.868334</ele>
      <time>2016-10-16T13:45:38Z</time>
    </trkpt>
    <trkpt lat="28.404897" lon="83.823265">
      <ele>1603.615170</ele>
      <time>2016-10-16T13:45:45Z</time>
    </trkpt>
    <trkpt lat="28.404966" lon="83.823197">
      <ele>1604.216138</ele>
      <time>2016-10-16T13:45:53Z</time>
    </trkpt>
    <trkpt lat="28.405035" lon="83.823129">
      <ele>1604.329223</ele>
      <time>2016-10-16T13:46:02Z</time>
    </trkpt>
    <trkpt lat="28.405105" lon="83.823060">
      <ele>1604.483657</ele>
      <time>2016-10-16T13:46:11Z</time>
    </trkpt>
    <trkpt lat="28.405181" lon="83.822998">
      <ele>1604.550721</ele>
      <time>2016-10-16T13:46:20Z</time>
    </trkpt>
    <trkpt lat="28.405264" lon="83.822936">
      <ele>1604.548287</ele>
      <time>2016-10-16T13:46:29Z</time>
    </trkpt>
    <trkpt lat="28.405352" lon="83.822885">
      <ele>1604.350168</ele>
      <time>2016-10-16T13:46:39Z</time>
    </trkpt>
    <trkpt lat="28.405440" lon="83.822834">
      <ele>1604.138739</ele>
      <time>2016-10-16T13:46:48Z</time>
    </trkpt>
    <trkpt lat="28.405526" lon="83.822785">
      <ele>1603.877113</ele>
      <time>2016-10-16T13:47:00Z</time>
    </trkpt>
    <trkpt lat="28.405599" lon="83.822720">
      <ele>1603.621810</ele>
      <time>2016-10-16T13:47:08Z</time>
    </trkpt>
    <trkpt lat="28.405671" lon="83.822653">
      <ele>1603.282828</ele>
      <time>2016-10-16T13:47:17Z</time>
    </trkpt>
    <trkpt lat="28.405742" lon="83.822589">
      <ele>1602.847677</ele>
      <time>2016-10-16T13:47:28Z</time>
    </trkpt>
    <trkpt lat="28.405816" lon="83.822526">
      <ele>1602.304060</ele>
      <time>2016-10-16T13:47:37Z</time>
    </trkpt>
    <trkpt lat="28.405886" lon="83.822452">
      <ele>1601.658220</ele>
      <time>2016-10-16T13:47:47Z</time>
    </trkpt>
    <trkpt lat="28.405954" lon="83.822377">
      <ele>1601.124778</ele>
      <time>2016-10-16T13:48:00Z</time>
    </trkpt>
    <trkpt lat="28.406033" lon="83.822320">
      <ele>1600.887721</ele>
      <time>2016-10-16T13:48:09Z</time>
    </trkpt>
    <trkpt lat="28.406120" lon="83.822284">
      <ele>1600.279866</ele>
      <time>2016-10-16T13:48:20Z</time>
    </trkpt>
    <trkpt lat="28.406216" lon="83.822270">
      <ele>1599.777199</ele>
      <time>2016-10-16T13:48:34Z</time>
    </trkpt>
    <trkpt lat="28.406313" lon="83.822266">
      <ele>1599.340988</ele>
      <time>2016-10-16T13:48:48Z</time>
    </trkpt>
    <trkpt lat="28.406402" lon="83.822288">
      <ele>1598.839265</ele>
      <time>2016-10-16T13:49:07Z</time>
    </trkpt>
    <trkpt lat="28.406489" lon="83.822301">
      <ele>1598.606264</ele>
      <time>2016-10-16T13:49:20Z</time>
    </trkpt>
    <trkpt lat="28.406563" lon="83.822301">
      <ele>1598.322347</ele>
      <time>2016-10-16T13:49:29Z</time>
    </trkpt>
    <trkpt lat="28.406635" lon="83.822251">
      <ele>1598.263554</ele>
      <time>2016-10-16T13:49:36Z</time>
    </trkpt>
    <trkpt lat="28.406696" lon="83.822177">
      <ele>1598.421018</ele>
      <time>2016-10-16T13:49:46Z</time>
    </trkpt>
    <trkpt lat="28.406760" lon="83.822090">
      <ele>1598.813738</ele>
      <time>2016-10-16T13:49:54Z</time>
    </trkpt>
    <trkpt lat="28.406821" lon="83.822005">
      <ele>1599.384975</ele>
      <time>2016-10-16T13:50:03Z</time>
    </trkpt>
    <trkpt lat="28.406876" lon="83.821921">
      <ele>1600.005218</ele>
      <time>2016-10-16T13:50:17Z</time>
    </trkpt>
    <trkpt lat="28.406924" lon="83.821833">
      <ele>1601.498993</ele>
      <time>2016-10-16T13:50:32Z</time>
    </trkpt>
    <trkpt lat="28.406957" lon="83.821803">
      <ele>1602.928603</ele>
      <time>2016-10-16T13:50:57Z</time>
    </trkpt>
    <trkpt lat="28.406978" lon="83.821835">
      <ele>1607.323024</ele>
      <time>2016-10-16T13:55:04Z</time>
      <extensions>
        <pause>start</pause>
        <type>auto</type>
      </extensions>
    </trkpt>
    <trkpt lat="28.407161" lon="83.821609">
      <ele>1602.762406</ele>
      <time>2016-10-16T14:04:34Z</time>
      <extensions>
        <pause>end</pause>
        <type>manual</type>
      </extensions>
    </trkpt>
    <trkpt lat="28.407186" lon="83.821700">
      <ele>1607.120096</ele>
      <time>2016-10-16T14:05:09Z</time>
    </trkpt>
    <trkpt lat="28.407194" lon="83.821796">
      <ele>1607.727561</ele>
      <time>2016-10-16T14:05:22Z</time>
    </trkpt>
    <trkpt lat="28.407192" lon="83.821897">
      <ele>1608.286458</ele>
      <time>2016-10-16T14:05:36Z</time>
    </trkpt>
    <trkpt lat="28.407189" lon="83.821998">
      <ele>1608.314958</ele>
      <time>2016-10-16T14:05:54Z</time>
    </trkpt>
    <trkpt lat="28.407209" lon="83.822094">
      <ele>1607.611278</ele>
      <time>2016-10-16T14:06:13Z</time>
    </trkpt>
    <trkpt lat="28.407239" lon="83.822190">
      <ele>1606.757174</ele>
      <time>2016-10-16T14:06:30Z</time>
    </trkpt>
    <trkpt lat="28.407274" lon="83.822282">
      <ele>1605.165952</ele>
      <time>2016-10-16T14:06:47Z</time>
    </trkpt>
    <trkpt lat="28.407309" lon="83.822375">
      <ele>1603.417514</ele>
      <time>2016-10-16T14:07:02Z</time>
    </trkpt>
    <trkpt lat="28.407365" lon="83.822431">
      <ele>1601.301322</ele>
      <time>2016-10-16T14:07:18Z</time>
    </trkpt>
    <trkpt lat="28.407435" lon="83.822442">
      <ele>1598.944833</ele>
      <time>2016-10-16T14:07:34Z</time>
    </trkpt>
    <trkpt lat="28.407518" lon="83.822405">
      <ele>1596.284376</ele>
      <time>2016-10-16T14:07:50Z</time>
    </trkpt>
    <trkpt lat="28.407589" lon="83.822348">
      <ele>1593.518483</ele>
      <time>2016-10-16T14:08:06Z</time>
    </trkpt>
    <trkpt lat="28.407648" lon="83.822334">
      <ele>1590.651713</ele>
      <time>2016-10-16T14:08:24Z</time>
    </trkpt>
    <trkpt lat="28.407699" lon="83.822311">
      <ele>1588.984582</ele>
      <time>2016-10-16T14:08:40Z</time>
    </trkpt>
    <trkpt lat="28.407758" lon="83.822289">
      <ele>1586.073432</ele>
      <time>2016-10-16T14:08:57Z</time>
    </trkpt>
    <trkpt lat="28.407826" lon="83.822215">
      <ele>1583.491817</ele>
      <time>2016-10-16T14:09:07Z</time>
    </trkpt>
    <trkpt lat="28.407875" lon="83.822138">
      <ele>1579.224756</ele>
      <time>2016-10-16T14:09:17Z</time>
    </trkpt>
    <trkpt lat="28.407920" lon="83.822060">
      <ele>1577.672899</ele>
      <time>2016-10-16T14:09:40Z</time>
    </trkpt>
    <trkpt lat="28.407959" lon="83.821975">
      <ele>1576.076570</ele>
      <time>2016-10-16T14:09:54Z</time>
    </trkpt>
    <trkpt lat="28.408009" lon="83.821885">
      <ele>1572.847827</ele>
      <time>2016-10-16T14:10:07Z</time>
    </trkpt>
    <trkpt lat="28.408041" lon="83.821782">
      <ele>1569.751482</ele>
      <time>2016-10-16T14:10:14Z</time>
    </trkpt>
    <trkpt lat="28.408072" lon="83.821678">
      <ele>1566.783414</ele>
      <time>2016-10-16T14:10:22Z</time>
    </trkpt>
    <trkpt lat="28.408105" lon="83.821576">
      <ele>1563.765525</ele>
      <time>2016-10-16T14:10:27Z</time>
    </trkpt>
    <trkpt lat="28.408152" lon="83.821488">
      <ele>1560.795460</ele>
      <time>2016-10-16T14:10:37Z</time>
    </trkpt>
    <trkpt lat="28.408212" lon="83.821412">
      <ele>1557.780322</ele>
      <time>2016-10-16T14:10:48Z</time>
    </trkpt>
    <trkpt lat="28.408282" lon="83.821347">
      <ele>1554.898793</ele>
      <time>2016-10-16T14:11:05Z</time>
    </trkpt>
    <trkpt lat="28.408367" lon="83.821302">
      <ele>1552.312702</ele>
      <time>2016-10-16T14:11:29Z</time>
    </trkpt>
    <trkpt lat="28.408444" lon="83.821251">
      <ele>1548.783630</ele>
      <time>2016-10-16T14:11:54Z</time>
    </trkpt>
    <trkpt lat="28.408526" lon="83.821210">
      <ele>1548.218265</ele>
      <time>2016-10-16T14:12:18Z</time>
    </trkpt>
    <trkpt lat="28.408604" lon="83.821174">
      <ele>1546.328796</ele>
      <time>2016-10-16T14:12:58Z</time>
    </trkpt>
    <trkpt lat="28.408682" lon="83.821137">
      <ele>1544.676530</ele>
      <time>2016-10-16T14:13:17Z</time>
    </trkpt>
    <trkpt lat="28.408746" lon="83.821085">
      <ele>1543.170685</ele>
      <time>2016-10-16T14:13:53Z</time>
    </trkpt>
    <trkpt lat="28.408804" lon="83.821009">
      <ele>1541.297303</ele>
      <time>2016-10-16T14:14:08Z</time>
    </trkpt>
    <trkpt lat="28.408869" lon="83.820940">
      <ele>1541.075719</ele>
      <time>2016-10-16T14:14:18Z</time>
    </trkpt>
    <trkpt lat="28.408927" lon="83.820864">
      <ele>1541.050688</ele>
      <time>2016-10-16T14:14:30Z</time>
    </trkpt>
    <trkpt lat="28.408971" lon="83.820776">
      <ele>1541.144024</ele>
      <time>2016-10-16T14:14:42Z</time>
    </trkpt>
    <trkpt lat="28.408982" lon="83.820670">
      <ele>1541.819072</ele>
      <time>2016-10-16T14:15:01Z</time>
    </trkpt>
    <trkpt lat="28.408989" lon="83.820567">
      <ele>1542.518020</ele>
      <time>2016-10-16T14:15:08Z</time>
    </trkpt>
    <trkpt lat="28.408974" lon="83.820465">
      <ele>1543.184820</ele>
      <time>2016-10-16T14:15:19Z</time>
    </trkpt>
    <trkpt lat="28.408956" lon="83.820365">
      <ele>1544.227422</ele>
      <time>2016-10-16T14:15:29Z</time>
    </trkpt>
    <trkpt lat="28.408942" lon="83.820265">
      <ele>1545.493544</ele>
      <time>2016-10-16T14:15:44Z</time>
    </trkpt>
    <trkpt lat="28.408933" lon="83.820163">
      <ele>1546.996387</ele>
      <time>2016-10-16T14:16:04Z</time>
    </trkpt>
    <trkpt lat="28.408921" lon="83.820065">
      <ele>1548.492214</ele>
      <time>2016-10-16T14:16:27Z</time>
    </trkpt>
    <trkpt lat="28.408917" lon="83.819974">
      <ele>1549.609054</ele>
      <time>2016-10-16T14:16:57Z</time>
    </trkpt>
    <trkpt lat="28.408928" lon="83.819881">
      <ele>1550.901850</ele>
      <time>2016-10-16T14:17:23Z</time>
    </trkpt>
    <trkpt lat="28.408956" lon="83.819783">
      <ele>1552.283656</ele>
      <time>2016-10-16T14:17:47Z</time>
    </trkpt>
    <trkpt lat="28.408989" lon="83.819720">
      <ele>1553.164771</ele>
      <time>2016-10-16T14:18:12Z</time>
    </trkpt>
    <trkpt lat="28.409032" lon="83.819718">
      <ele>1553.693107</ele>
      <time>2016-10-16T14:19:15Z</time>
    </trkpt>
    <trkpt lat="28.409071" lon="83.819790">
      <ele>1554.790677</ele>
      <time>2016-10-16T14:19:46Z</time>
    </trkpt>
    <trkpt lat="28.409089" lon="83.819891">
      <ele>1556.350365</ele>
      <time>2016-10-16T14:20:07Z</time>
    </trkpt>
    <trkpt lat="28.409108" lon="83.819993">
      <ele>1557.976836</ele>
      <time>2016-10-16T14:20:19Z</time>
    </trkpt>
    <trkpt lat="28.409148" lon="83.820086">
      <ele>1559.779685</ele>
      <time>2016-10-16T14:20:33Z</time>
    </trkpt>
    <trkpt lat="28.409213" lon="83.820170">
      <ele>1562.205576</ele>
      <time>2016-10-16T14:20:45Z</time>
    </trkpt>
    <trkpt lat="28.409279" lon="83.820255">
      <ele>1564.971734</ele>
      <time>2016-10-16T14:21:05Z</time>
    </trkpt>
    <trkpt lat="28.409346" lon="83.820332">
      <ele>1567.993759</ele>
      <time>2016-10-16T14:21:21Z</time>
    </trkpt>
    <trkpt lat="28.409402" lon="83.820407">
      <ele>1571.000680</ele>
      <time>2016-10-16T14:21:35Z</time>
    </trkpt>
    <trkpt lat="28.409461" lon="83.820476">
      <ele>1573.953347</ele>
      <time>2016-10-16T14:22:19Z</time>
    </trkpt>
    <trkpt lat="28.409506" lon="83.820555">
      <ele>1576.767325</ele>
      <time>2016-10-16T14:22:40Z</time>
    </trkpt>
    <trkpt lat="28.409548" lon="83.820643">
      <ele>1579.728262</ele>
      <time>2016-10-16T14:23:06Z</time>
    </trkpt>
    <trkpt lat="28.409565" lon="83.820744">
      <ele>1582.582044</ele>
      <time>2016-10-16T14:23:23Z</time>
    </trkpt>
    <trkpt lat="28.409565" lon="83.820846">
      <ele>1585.311657</ele>
      <time>2016-10-16T14:23:34Z</time>
    </trkpt>
    <trkpt lat="28.409547" lon="83.820951">
      <ele>1588.441844</ele>
      <time>2016-10-16T14:23:45Z</time>
    </trkpt>
    <trkpt lat="28.409517" lon="83.821054">
      <ele>1592.720272</ele>
      <time>2016-10-16T14:23:56Z</time>
    </trkpt>
    <trkpt lat="28.409484" lon="83.821162">
      <ele>1595.094401</ele>
      <time>2016-10-16T14:24:11Z</time>
    </trkpt>
    <trkpt lat="28.409459" lon="83.821272">
      <ele>1597.422294</ele>
      <time>2016-10-16T14:24:19Z</time>
    </trkpt>
    <trkpt lat="28.409441" lon="83.821383">
      <ele>1600.467339</ele>
      <time>2016-10-16T14:24:28Z</time>
    </trkpt>
    <trkpt lat="28.409429" lon="83.821491">
      <ele>1602.249586</ele>
      <time>2016-10-16T14:24:39Z</time>
    </trkpt>
    <trkpt lat="28.409408" lon="83.821597">
      <ele>1604.545713</ele>
      <time>2016-10-16T14:24:46Z</time>
    </trkpt>
    <trkpt lat="28.409381" lon="83.821697">
      <ele>1606.844571</ele>
      <time>2016-10-16T14:25:02Z</time>
    </trkpt>
    <trkpt lat="28.409366" lon="83.821792">
      <ele>1609.079635</ele>
      <time>2016-10-16T14:25:19Z</time>
    </trkpt>
    <trkpt lat="28.409360" lon="83.821888">
      <ele>1611.094624</ele>
      <time>2016-10-16T14:25:37Z</time>
    </trkpt>
    <trkpt lat="28.409378" lon="83.821984">
      <ele>1612.751759</ele>
      <time>2016-10-16T14:26:00Z</time>
    </trkpt>
    <trkpt lat="28.409401" lon="83.822079">
      <ele>1614.399500</ele>
      <time>2016-10-16T14:26:19Z</time>
    </trkpt>
    <trkpt lat="28.409429" lon="83.822173">
      <ele>1616.079794</ele>
      <time>2016-10-16T14:26:34Z</time>
    </trkpt>
    <trkpt lat="28.409440" lon="83.822271">
      <ele>1617.795239</ele>
      <time>2016-10-16T14:26:55Z</time>
    </trkpt>
    <trkpt lat="28.409452" lon="83.822369">
      <ele>1619.872006</ele>
      <time>2016-10-16T14:27:19Z</time>
    </trkpt>
    <trkpt lat="28.409441" lon="83.822458">
      <ele>1622.317752</ele>
      <time>2016-10-16T14:27:37Z</time>
    </trkpt>
    <trkpt lat="28.409429" lon="83.822544">
      <ele>1623.670572</ele>
      <time>2016-10-16T14:28:13Z</time>
    </trkpt>
    <trkpt lat="28.409417" lon="83.822625">
      <ele>1625.948656</ele>
      <time>2016-10-16T14:28:42Z</time>
    </trkpt>
    <trkpt lat="28.409423" lon="83.822713">
      <ele>1628.255984</ele>
      <time>2016-10-16T14:29:27Z</time>
    </trkpt>
    <trkpt lat="28.409431" lon="83.822800">
      <ele>1630.669912</ele>
      <time>2016-10-16T14:30:03Z</time>
    </trkpt>
    <trkpt lat="28.409436" lon="83.822890">
      <ele>1633.292167</ele>
      <time>2016-10-16T14:30:27Z</time>
    </trkpt>
    <trkpt lat="28.409419" lon="83.822924">
      <ele>1636.154643</ele>
      <time>2016-10-16T14:30:50Z</time>
    </trkpt>
    <trkpt lat="28.409423" lon="83.822929">
      <ele>1636.225199</ele>
      <time>2016-10-16T14:31:41Z</time>
    </trkpt>
    <trkpt lat="28.409436" lon="83.822906">
      <ele>1680.191198</ele>
      <time>2016-10-16T14:33:43Z</time>
      <extensions>
        <pause>start</pause>
        <type>auto</type>
      </extensions>
    </trkpt>
    <trkpt lat="28.409397" lon="83.823181">
      <ele>1693.732411</ele>
      <time>2016-10-16T14:36:09Z</time>
      <extensions>
        <pause>end</pause>
        <type>manual</type>
      </extensions>
    </trkpt>
    <trkpt lat="28.409348" lon="83.823249">
      <ele>1647.827830</ele>
      <time>2016-10-16T14:36:35Z</time>
    </trkpt>
    <trkpt lat="28.409336" lon="83.823332">
      <ele>1651.493485</ele>
      <time>2016-10-16T14:37:00Z</time>
    </trkpt>
    <trkpt lat="28.409352" lon="83.823436">
      <ele>1654.985134</ele>
      <time>2016-10-16T14:37:17Z</time>
    </trkpt>
    <trkpt lat="28.409370" lon="83.823538">
      <ele>1658.935579</ele>
      <time>2016-10-16T14:37:39Z</time>
    </trkpt>
    <trkpt lat="28.409364" lon="83.823640">
      <ele>1665.946846</ele>
      <time>2016-10-16T14:37:59Z</time>
    </trkpt>
    <trkpt lat="28.409345" lon="83.823741">
      <ele>1671.223320</ele>
      <time>2016-10-16T14:38:20Z</time>
    </trkpt>
    <trkpt lat="28.409319" lon="83.823841">
      <ele>1676.309262</ele>
      <time>2016-10-16T14:38:34Z</time>
    </trkpt>
    <trkpt lat="28.409294" lon="83.823942">
      <ele>1681.039023</ele>
      <time>2016-10-16T14:38:45Z</time>
    </trkpt>
    <trkpt lat="28.409269" lon="83.824041">
      <ele>1685.352996</ele>
      <time>2016-10-16T14:38:59Z</time>
    </trkpt>
    <trkpt lat="28.409274" lon="83.824089">
      <ele>1689.184401</ele>
      <time>2016-10-16T14:39:27Z</time>
    </trkpt>
    <trkpt lat="28.409312" lon="83.824081">
      <ele>1690.519063</ele>
      <time>2016-10-16T14:39:47Z</time>
    </trkpt>
    <trkpt lat="28.409387" lon="83.824025">
      <ele>1695.784615</ele>
      <time>2016-10-16T14:40:09Z</time>
    </trkpt>
    <trkpt lat="28.409461" lon="83.823964">
      <ele>1698.902994</ele>
      <time>2016-10-16T14:40:39Z</time>
    </trkpt>
    <trkpt lat="28.409544" lon="83.823935">
      <ele>1701.545138</ele>
      <time>2016-10-16T14:40:59Z</time>
    </trkpt>
    <trkpt lat="28.409633" lon="83.823923">
      <ele>1704.210514</ele>
      <time>2016-10-16T14:41:19Z</time>
    </trkpt>
    <trkpt lat="28.409725" lon="83.823938">
      <ele>1705.356637</ele>
      <time>2016-10-16T14:41:34Z</time>
    </trkpt>
    <trkpt lat="28.409784" lon="83.823925">
      <ele>1706.157628</ele>
      <time>2016-10-16T14:41:54Z</time>
    </trkpt>
    <trkpt lat="28.409810" lon="83.823892">
      <ele>1725.674681</ele>
      <time>2016-10-16T14:46:04Z</time>
      <extensions>
        <pause>start</pause>
        <type>auto</type>
      </extensions>
    </trkpt>
    <trkpt lat="28.409912" lon="83.824097">
      <ele>1745.019620</ele>
      <time>2016-10-16T16:23:32Z</time>
      <extensions>
        <pause>end</pause>
        <type>manual</type>
      </extensions>
    </trkpt>
    <trkpt lat="28.409936" lon="83.824137">
      <ele>1710.491427</ele>
      <time>2016-10-16T16:23:48Z</time>
    </trkpt>
    <trkpt lat="28.409951" lon="83.824108">
      <ele>1711.154001</ele>
      <time>2016-10-16T16:24:31Z</time>
    </trkpt>
    <trkpt lat="28.409979" lon="83.824013">
      <ele>1712.834956</ele>
      <time>2016-10-16T16:24:51Z</time>
    </trkpt>
    <trkpt lat="28.409987" lon="83.823916">
      <ele>1714.869891</ele>
      <time>2016-10-16T16:25:11Z</time>
    </trkpt>
    <trkpt lat="28.410000" lon="83.823816">
      <ele>1718.710590</ele>
      <time>2016-10-16T16:25:29Z</time>
    </trkpt>
    <trkpt lat="28.410009" lon="83.823716">
      <ele>1722.511684</ele>
      <time>2016-10-16T16:25:48Z</time>
    </trkpt>
    <trkpt lat="28.410015" lon="83.823616">
      <ele>1726.169770</ele>
      <time>2016-10-16T16:26:10Z</time>
    </trkpt>
    <trkpt lat="28.410026" lon="83.823513">
      <ele>1729.771689</ele>
      <time>2016-10-16T16:26:28Z</time>
    </trkpt>
    <trkpt lat="28.410042" lon="83.823414">
      <ele>1733.311820</ele>
      <time>2016-10-16T16:26:46Z</time>
    </trkpt>
    <trkpt lat="28.410079" lon="83.823322">
      <ele>1738.405736</ele>
      <time>2016-10-16T16:27:07Z</time>
    </trkpt>
    <trkpt lat="28.410124" lon="83.823235">
      <ele>1741.795643</ele>
      <time>2016-10-16T16:27:20Z</time>
    </trkpt>
    <trkpt lat="28.410159" lon="83.823141">
      <ele>1745.223704</ele>
      <time>2016-10-16T16:27:37Z</time>
    </trkpt>
    <trkpt lat="28.410200" lon="83.823049">
      <ele>1748.484655</ele>
      <time>2016-10-16T16:28:01Z</time>
    </trkpt>
    <trkpt lat="28.410251" lon="83.822964">
      <ele>1751.664424</ele>
      <time>2016-10-16T16:28:22Z</time>
    </trkpt>
    <trkpt lat="28.410316" lon="83.822888">
      <ele>1753.275536</ele>
      <time>2016-10-16T16:28:38Z</time>
    </trkpt>
    <trkpt lat="28.410375" lon="83.822810">
      <ele>1755.854027</ele>
      <time>2016-10-16T16:28:52Z</time>
    </trkpt>
    <trkpt lat="28.410439" lon="83.822742">
      <ele>1756.979255</ele>
      <time>2016-10-16T16:29:14Z</time>
    </trkpt>
    <trkpt lat="28.410507" lon="83.822681">
      <ele>1757.950034</ele>
      <time>2016-10-16T16:29:41Z</time>
    </trkpt>
    <trkpt lat="28.410570" lon="83.822617">
      <ele>1760.032513</ele>
      <time>2016-10-16T16:30:05Z</time>
    </trkpt>
    <trkpt lat="28.410637" lon="83.822560">
      <ele>1762.130207</ele>
      <time>2016-10-16T16:30:27Z</time>
    </trkpt>
    <trkpt lat="28.410697" lon="83.822492">
      <ele>1764.249708</ele>
      <time>2016-10-16T16:30:54Z</time>
    </trkpt>
    <trkpt lat="28.410764" lon="83.822432">
      <ele>1766.440548</ele>
      <time>2016-10-16T16:31:55Z</time>
    </trkpt>
    <trkpt lat="28.410830" lon="83.822374">
      <ele>1768.691269</ele>
      <time>2016-10-16T16:32:21Z</time>
    </trkpt>
    <trkpt lat="28.410902" lon="83.822328">
      <ele>1771.106701</ele>
      <time>2016-10-16T16:32:39Z</time>
    </trkpt>
    <trkpt lat="28.410965" lon="83.822278">
      <ele>1773.543991</ele>
      <time>2016-10-16T16:32:56Z</time>
    </trkpt>
    <trkpt lat="28.410990" lon="83.822204">
      <ele>1775.895190</ele>
      <time>2016-10-16T16:33:47Z</time>
    </trkpt>
    <trkpt lat="28.410994" lon="83.822112">
      <ele>1778.348394</ele>
      <time>2016-10-16T16:34:22Z</time>
    </trkpt>
    <trkpt lat="28.411009" lon="83.822023">
      <ele>1780.967431</ele>
      <time>2016-10-16T16:34:37Z</time>
    </trkpt>
    <trkpt lat="28.411038" lon="83.821929">
      <ele>1782.543050</ele>
      <time>2016-10-16T16:34:44Z</time>
    </trkpt>
    <trkpt lat="28.411054" lon="83.821839">
      <ele>1785.421898</ele>
      <time>2016-10-16T16:34:54Z</time>
    </trkpt>
    <trkpt lat="28.411071" lon="83.821784">
      <ele>1788.628891</ele>
      <time>2016-10-16T16:35:15Z</time>
    </trkpt>
    <trkpt lat="28.411087" lon="83.821786">
      <ele>1790.615630</ele>
      <time>2016-10-16T16:36:15Z</time>
    </trkpt>
    <trkpt lat="28.411116" lon="83.821854">
      <ele>1794.026705</ele>
      <time>2016-10-16T16:36:56Z</time>
    </trkpt>
    <trkpt lat="28.411135" lon="83.821939">
      <ele>1797.212658</ele>
      <time>2016-10-16T16:37:14Z</time>
    </trkpt>
    <trkpt lat="28.411175" lon="83.821986">
      <ele>1800.223095</ele>
      <time>2016-10-16T16:37:44Z</time>
    </trkpt>
    <trkpt lat="28.411244" lon="83.821999">
      <ele>1801.531669</ele>
      <time>2016-10-16T16:38:03Z</time>
    </trkpt>
    <trkpt lat="28.411303" lon="83.821953">
      <ele>1804.808221</ele>
      <time>2016-10-16T16:38:37Z</time>
    </trkpt>
    <trkpt lat="28.411326" lon="83.821911">
      <ele>1806.456820</ele>
      <time>2016-10-16T16:39:32Z</time>
    </trkpt>
    <trkpt lat="28.411312" lon="83.821856">
      <ele>1850.273489</ele>
      <time>2016-10-16T16:39:55Z</time>
      <extensions>
        <pause>start</pause>
        <type>auto</type>
      </extensions>
    </trkpt>
    <trkpt lat="28.411492" lon="83.821693">
      <ele>1866.729106</ele>
      <time>2016-10-16T16:41:38Z</time>
      <extensions>
        <pause>end</pause>
        <type>manual</type>
      </extensions>
    </trkpt>
    <trkpt lat="28.411545" lon="83.821620">
      <ele>1820.989541</ele>
      <time>2016-10-16T16:41:57Z</time>
    </trkpt>
    <trkpt lat="28.411556" lon="83.821548">
      <ele>1826.109039</ele>
      <time>2016-10-16T16:42:33Z</time>
    </trkpt>
    <trkpt lat="28.411571" lon="83.821525">
      <ele>1829.322284</ele>
      <time>2016-10-16T16:44:33Z</time>
    </trkpt>
    <trkpt lat="28.411590" lon="83.821502">
      <ele>1829.637567</ele>
      <time>2016-10-16T16:45:26Z</time>
    </trkpt>
    <trkpt lat="28.411630" lon="83.821503">
      <ele>1831.068218</ele>
      <time>2016-10-16T16:46:16Z</time>
    </trkpt>
    <trkpt lat="28.411645" lon="83.821481">
      <ele>1878.129853</ele>
      <time>2016-10-16T16:46:39Z</time>
      <extensions>
        <pause>start</pause>
        <type>auto</type>
      </extensions>
    </trkpt>
    <trkpt lat="28.411717" lon="83.821204">
      <ele>1888.134493</ele>
      <time>2016-10-16T16:52:23Z</time>
      <extensions>
        <pause>end</pause>
        <type>manual</type>
      </extensions>
    </trkpt>
    <trkpt lat="28.411735" lon="83.821109">
      <ele>1852.252856</ele>
      <time>2016-10-16T16:53:01Z</time>
    </trkpt>
    <trkpt lat="28.411773" lon="83.821026">
      <ele>1856.432660</ele>
      <time>2016-10-16T16:53:47Z</time>
    </trkpt>
    <trkpt lat="28.411833" lon="83.820959">
      <ele>1862.894992</ele>
      <time>2016-10-16T16:55:31Z</time>
    </trkpt>
    <trkpt lat="28.411864" lon="83.820891">
      <ele>1868.470463</ele>
      <time>2016-10-16T16:56:16Z</time>
    </trkpt>
    <trkpt lat="28.411906" lon="83.820851">
      <ele>1870.813983</ele>
      <time>2016-10-16T16:56:44Z</time>
    </trkpt>
    <trkpt lat="28.411953" lon="83.820816">
      <ele>1875.178552</ele>
      <time>2016-10-16T16:57:00Z</time>
    </trkpt>
    <trkpt lat="28.411997" lon="83.820784">
      <ele>1880.888214</ele>
      <time>2016-10-16T16:57:17Z</time>
    </trkpt>
    <trkpt lat="28.412028" lon="83.820719">
      <ele>1882.304125</ele>
      <time>2016-10-16T16:57:42Z</time>
    </trkpt>
    <trkpt lat="28.412002" lon="83.820648">
      <ele>1887.100645</ele>
      <time>2016-10-16T16:58:26Z</time>
    </trkpt>
    <trkpt lat="28.411969" lon="83.820577">
      <ele>1890.114345</ele>
      <time>2016-10-16T16:58:53Z</time>
    </trkpt>
    <trkpt lat="28.411893" lon="83.820522">
      <ele>1891.425347</ele>
      <time>2016-10-16T16:59:16Z</time>
    </trkpt>
    <trkpt lat="28.411866" lon="83.820460">
      <ele>1893.169042</ele>
      <time>2016-10-16T16:59:40Z</time>
    </trkpt>
    <trkpt lat="28.411889" lon="83.820425">
      <ele>1895.024397</ele>
      <time>2016-10-16T17:00:02Z</time>
    </trkpt>
    <trkpt lat="28.411967" lon="83.820404">
      <ele>1898.695885</ele>
      <time>2016-10-16T17:00:22Z</time>
    </trkpt>
    <trkpt lat="28.412019" lon="83.820379">
      <ele>1902.372753</ele>
      <time>2016-10-16T17:00:42Z</time>
    </trkpt>
    <trkpt lat="28.412058" lon="83.820329">
      <ele>1904.185509</ele>
      <time>2016-10-16T17:01:13Z</time>
    </trkpt>
    <trkpt lat="28.412043" lon="83.820261">
      <ele>1909.692981</ele>
      <time>2016-10-16T17:01:42Z</time>
    </trkpt>
    <trkpt lat="28.412060" lon="83.820205">
      <ele>1912.952525</ele>
      <time>2016-10-16T17:02:07Z</time>
    </trkpt>
    <trkpt lat="28.412036" lon="83.820158">
      <ele>1916.495556</ele>
      <time>2016-10-16T17:02:37Z</time>
    </trkpt>
    <trkpt lat="28.412053" lon="83.820104">
      <ele>1920.058142</ele>
      <time>2016-10-16T17:03:06Z</time>
    </trkpt>
    <trkpt lat="28.412030" lon="83.820042">
      <ele>1921.960738</ele>
      <time>2016-10-16T17:03:42Z</time>
    </trkpt>
    <trkpt lat="28.412007" lon="83.819978">
      <ele>1923.731711</ele>
      <time>2016-10-16T17:04:29Z</time>
    </trkpt>
    <trkpt lat="28.411958" lon="83.819907">
      <ele>1927.370592</ele>
      <time>2016-10-16T17:04:53Z</time>
    </trkpt>
    <trkpt lat="28.411941" lon="83.819840">
      <ele>1929.204308</ele>
      <time>2016-10-16T17:05:15Z</time>
    </trkpt>
    <trkpt lat="28.411972" lon="83.819775">
      <ele>1932.861322</ele>
      <time>2016-10-16T17:06:02Z</time>
    </trkpt>
    <trkpt lat="28.412039" lon="83.819734">
      <ele>1936.630422</ele>
      <time>2016-10-16T17:06:34Z</time>
    </trkpt>
    <trkpt lat="28.412116" lon="83.819720">
      <ele>1940.456220</ele>
      <time>2016-10-16T17:07:16Z</time>
    </trkpt>
    <trkpt lat="28.412175" lon="83.819692">
      <ele>1944.337615</ele>
      <time>2016-10-16T17:07:37Z</time>
    </trkpt>
    <trkpt lat="28.412194" lon="83.819642">
      <ele>1946.512148</ele>
      <time>2016-10-16T17:08:06Z</time>
    </trkpt>
    <trkpt lat="28.412195" lon="83.819555">
      <ele>1952.398015</ele>
      <time>2016-10-16T17:08:40Z</time>
    </trkpt>
    <trkpt lat="28.412204" lon="83.819469">
      <ele>1956.698863</ele>
      <time>2016-10-16T17:09:09Z</time>
    </trkpt>
    <trkpt lat="28.412215" lon="83.819375">
      <ele>1961.126849</ele>
      <time>2016-10-16T17:09:44Z</time>
    </trkpt>
    <trkpt lat="28.412208" lon="83.819278">
      <ele>1965.679826</ele>
      <time>2016-10-16T17:10:03Z</time>
    </trkpt>
    <trkpt lat="28.412216" lon="83.819217">
      <ele>1972.297133</ele>
      <time>2016-10-16T17:10:23Z</time>
    </trkpt>
    <trkpt lat="28.412234" lon="83.819207">
      <ele>1972.453513</ele>
      <time>2016-10-16T17:13:04Z</time>
    </trkpt>
    <trkpt lat="28.412261" lon="83.819243">
      <ele>2023.173189</ele>
      <time>2016-10-16T17:14:10Z</time>
      <extensions>
        <pause>start</pause>
        <type>auto</type>
      </extensions>
    </trkpt>
    <trkpt lat="28.412517" lon="83.819190">
      <ele>2033.184995</ele>
      <time>2016-10-16T17:32:33Z</time>
      <extensions>
        <pause>end</pause>
        <type>manual</type>
      </extensions>
    </trkpt>
    <trkpt lat="28.412604" lon="83.819192">
      <ele>1992.491836</ele>
      <time>2016-10-16T17:32:54Z</time>
    </trkpt>
    <trkpt lat="28.412663" lon="83.819158">
      <ele>2000.991227</ele>
      <time>2016-10-16T17:33:12Z</time>
    </trkpt>
    <trkpt lat="28.412677" lon="83.819098">
      <ele>2005.030041</ele>
      <time>2016-10-16T17:33:27Z</time>
    </trkpt>
    <trkpt lat="28.412668" lon="83.819004">
      <ele>2010.628463</ele>
      <time>2016-10-16T17:33:52Z</time>
    </trkpt>
    <trkpt lat="28.412675" lon="83.818963">
      <ele>2014.538642</ele>
      <time>2016-10-16T17:34:06Z</time>
    </trkpt>
    <trkpt lat="28.412724" lon="83.818968">
      <ele>2016.505820</ele>
      <time>2016-10-16T17:34:40Z</time>
    </trkpt>
    <trkpt lat="28.412791" lon="83.819022">
      <ele>2020.332639</ele>
      <time>2016-10-16T17:34:59Z</time>
    </trkpt>
    <trkpt lat="28.412832" lon="83.819027">
      <ele>2023.942078</ele>
      <time>2016-10-16T17:35:21Z</time>
    </trkpt>
    <trkpt lat="28.412853" lon="83.818977">
      <ele>2025.696589</ele>
      <time>2016-10-16T17:35:48Z</time>
    </trkpt>
    <trkpt lat="28.412874" lon="83.818928">
      <ele>2030.925308</ele>
      <time>2016-10-16T17:36:09Z</time>
    </trkpt>
    <trkpt lat="28.412928" lon="83.818926">
      <ele>2033.007489</ele>
      <time>2016-10-16T17:36:38Z</time>
    </trkpt>
    <trkpt lat="28.412997" lon="83.818943">
      <ele>2038.562370</ele>
      <time>2016-10-16T17:37:15Z</time>
    </trkpt>
    <trkpt lat="28.413054" lon="83.818914">
      <ele>2040.537680</ele>
      <time>2016-10-16T17:37:45Z</time>
    </trkpt>
    <trkpt lat="28.413100" lon="83.818836">
      <ele>2044.299708</ele>
      <time>2016-10-16T17:38:07Z</time>
    </trkpt>
    <trkpt lat="28.413141" lon="83.818794">
      <ele>2047.978874</ele>
      <time>2016-10-16T17:38:34Z</time>
    </trkpt>
    <trkpt lat="28.413192" lon="83.818771">
      <ele>2049.729095</ele>
      <time>2016-10-16T17:39:26Z</time>
    </trkpt>
    <trkpt lat="28.413239" lon="83.818744">
      <ele>2053.699243</ele>
      <time>2016-10-16T17:40:31Z</time>
    </trkpt>
    <trkpt lat="28.413296" lon="83.818696">
      <ele>2057.278525</ele>
      <time>2016-10-16T17:40:44Z</time>
    </trkpt>
    <trkpt lat="28.413351" lon="83.818635">
      <ele>2062.757509</ele>
      <time>2016-10-16T17:41:25Z</time>
    </trkpt>
    <trkpt lat="28.413411" lon="83.818579">
      <ele>2066.570557</ele>
      <time>2016-10-16T17:41:46Z</time>
    </trkpt>
    <trkpt lat="28.413456" lon="83.818494">
      <ele>2068.766369</ele>
      <time>2016-10-16T17:42:03Z</time>
    </trkpt>
    <trkpt lat="28.413501" lon="83.818406">
      <ele>2070.747216</ele>
      <time>2016-10-16T17:42:17Z</time>
    </trkpt>
    <trkpt lat="28.413547" lon="83.818320">
      <ele>2075.218238</ele>
      <time>2016-10-16T17:42:32Z</time>
    </trkpt>
    <trkpt lat="28.413581" lon="83.818299">
      <ele>2079.161195</ele>
      <time>2016-10-16T17:42:57Z</time>
    </trkpt>
    <trkpt lat="28.413621" lon="83.818303">
      <ele>2081.441207</ele>
      <time>2016-10-16T17:43:31Z</time>
    </trkpt>
    <trkpt lat="28.413666" lon="83.818349">
      <ele>2085.525079</ele>
      <time>2016-10-16T17:44:11Z</time>
    </trkpt>
    <trkpt lat="28.413731" lon="83.818384">
      <ele>2089.521944</ele>
      <time>2016-10-16T17:45:10Z</time>
    </trkpt>
    <trkpt lat="28.413775" lon="83.818450">
      <ele>2093.439974</ele>
      <time>2016-10-16T17:45:43Z</time>
    </trkpt>
    <trkpt lat="28.413810" lon="83.818528">
      <ele>2099.537915</ele>
      <time>2016-10-16T17:46:16Z</time>
    </trkpt>
    <trkpt lat="28.413833" lon="83.818614">
      <ele>2103.328978</ele>
      <time>2016-10-16T17:46:43Z</time>
    </trkpt>
    <trkpt lat="28.413866" lon="83.818700">
      <ele>2108.736951</ele>
      <time>2016-10-16T17:47:11Z</time>
    </trkpt>
    <trkpt lat="28.413915" lon="83.818751">
      <ele>2112.712989</ele>
      <time>2016-10-16T17:47:30Z</time>
    </trkpt>
    <trkpt lat="28.413975" lon="83.818744">
      <ele>2116.822099</ele>
      <time>2016-10-16T17:48:06Z</time>
    </trkpt>
    <trkpt lat="28.414044" lon="83.818686">
      <ele>2120.706404</ele>
      <time>2016-10-16T17:48:29Z</time>
    </trkpt>
    <trkpt lat="28.414111" lon="83.818647">
      <ele>2124.545920</ele>
      <time>2016-10-16T17:48:58Z</time>
    </trkpt>
    <trkpt lat="28.414183" lon="83.818612">
      <ele>2128.617297</ele>
      <time>2016-10-16T17:50:08Z</time>
    </trkpt>
    <trkpt lat="28.414239" lon="83.818566">
      <ele>2134.191126</ele>
      <time>2016-10-16T17:50:30Z</time>
    </trkpt>
    <trkpt lat="28.414273" lon="83.818499">
      <ele>2136.430336</ele>
      <time>2016-10-16T17:51:13Z</time>
    </trkpt>
    <trkpt lat="28.414289" lon="83.818443">
      <ele>2177.379393</ele>
      <time>2016-10-16T17:54:00Z</time>
      <extensions>
        <pause>start</pause>
        <type>auto</type>
      </extensions>
    </trkpt>
    <trkpt lat="28.414429" lon="83.818707">
      <ele>2177.154335</ele>
      <time>2016-10-16T18:02:54Z</time>
      <extensions>
        <pause>end</pause>
        <type>manual</type>
      </extensions>
    </trkpt>
    <trkpt lat="28.414510" lon="83.818756">
      <ele>2153.894082</ele>
      <time>2016-10-16T18:03:17Z</time>
    </trkpt>
    <trkpt lat="28.414583" lon="83.818819">
      <ele>2162.103705</ele>
      <time>2016-10-16T18:03:46Z</time>
    </trkpt>
    <trkpt lat="28.414656" lon="83.818887">
      <ele>2167.403754</ele>
      <time>2016-10-16T18:03:56Z</time>
    </trkpt>
    <trkpt lat="28.414732" lon="83.818948">
      <ele>2169.971224</ele>
      <time>2016-10-16T18:04:11Z</time>
    </trkpt>
    <trkpt lat="28.414819" lon="83.818979">
      <ele>2172.103314</ele>
      <time>2016-10-16T18:06:49Z</time>
    </trkpt>
    <trkpt lat="28.414906" lon="83.818983">
      <ele>2174.031994</ele>
      <time>2016-10-16T18:07:02Z</time>
    </trkpt>
    <trkpt lat="28.414995" lon="83.818966">
      <ele>2175.638524</ele>
      <time>2016-10-16T18:07:17Z</time>
    </trkpt>
    <trkpt lat="28.415085" lon="83.818953">
      <ele>2177.070961</ele>
      <time>2016-10-16T18:07:33Z</time>
    </trkpt>
    <trkpt lat="28.415178" lon="83.818954">
      <ele>2179.083161</ele>
      <time>2016-10-16T18:07:47Z</time>
    </trkpt>
    <trkpt lat="28.415269" lon="83.818977">
      <ele>2180.304209</ele>
      <time>2016-10-16T18:08:03Z</time>
    </trkpt>
    <trkpt lat="28.415355" lon="83.819016">
      <ele>2181.522978</ele>
      <time>2016-10-16T18:08:15Z</time>
    </trkpt>
    <trkpt lat="28.415436" lon="83.819066">
      <ele>2183.035337</ele>
      <time>2016-10-16T18:08:30Z</time>
    </trkpt>
    <trkpt lat="28.415513" lon="83.819119">
      <ele>2184.598169</ele>
      <time>2016-10-16T18:08:48Z</time>
    </trkpt>
    <trkpt lat="28.415589" lon="83.819167">
      <ele>2186.264828</ele>
      <time>2016-10-16T18:09:15Z</time>
    </trkpt>
    <trkpt lat="28.415665" lon="83.819179">
      <ele>2187.888143</ele>
      <time>2016-10-16T18:09:38Z</time>
    </trkpt>
    <trkpt lat="28.415742" lon="83.819152">
      <ele>2188.547166</ele>
      <time>2016-10-16T18:09:55Z</time>
    </trkpt>
    <trkpt lat="28.415819" lon="83.819095">
      <ele>2189.272412</ele>
      <time>2016-10-16T18:10:32Z</time>
    </trkpt>
    <trkpt lat="28.415893" lon="83.819037">
      <ele>2191.211287</ele>
      <time>2016-10-16T18:11:06Z</time>
    </trkpt>
    <trkpt lat="28.415965" lon="83.818972">
      <ele>2193.321921</ele>
      <time>2016-10-16T18:11:18Z</time>
    </trkpt>
    <trkpt lat="28.416030" lon="83.818897">
      <ele>2194.200720</ele>
      <time>2016-10-16T18:11:29Z</time>
    </trkpt>
    <trkpt lat="28.416090" lon="83.818814">
      <ele>2196.045912</ele>
      <time>2016-10-16T18:11:39Z</time>
    </trkpt>
    <trkpt lat="28.416139" lon="83.818726">
      <ele>2197.914183</ele>
      <time>2016-10-16T18:11:50Z</time>
    </trkpt>
    <trkpt lat="28.416183" lon="83.818636">
      <ele>2199.773215</ele>
      <time>2016-10-16T18:12:04Z</time>
    </trkpt>
    <trkpt lat="28.416226" lon="83.818546">
      <ele>2201.632219</ele>
      <time>2016-10-16T18:12:20Z</time>
    </trkpt>
    <trkpt lat="28.416286" lon="83.818468">
      <ele>2203.418295</ele>
      <time>2016-10-16T18:12:34Z</time>
    </trkpt>
    <trkpt lat="28.416357" lon="83.818400">
      <ele>2205.119805</ele>
      <time>2016-10-16T18:12:46Z</time>
    </trkpt>
    <trkpt lat="28.416440" lon="83.818348">
      <ele>2206.748554</ele>
      <time>2016-10-16T18:13:01Z</time>
    </trkpt>
    <trkpt lat="28.416528" lon="83.818314">
      <ele>2208.250678</ele>
      <time>2016-10-16T18:13:14Z</time>
    </trkpt>
    <trkpt lat="28.416619" lon="83.818291">
      <ele>2209.593672</ele>
      <time>2016-10-16T18:13:26Z</time>
    </trkpt>
    <trkpt lat="28.416707" lon="83.818265">
      <ele>2210.646778</ele>
      <time>2016-10-16T18:13:37Z</time>
    </trkpt>
    <trkpt lat="28.416793" lon="83.818247">
      <ele>2211.625590</ele>
      <time>2016-10-16T18:13:50Z</time>
    </trkpt>
    <trkpt lat="28.416878" lon="83.818251">
      <ele>2212.604933</ele>
      <time>2016-10-16T18:14:00Z</time>
    </trkpt>
    <trkpt lat="28.416962" lon="83.818295">
      <ele>2213.516327</ele>
      <time>2016-10-16T18:14:14Z</time>
    </trkpt>
    <trkpt lat="28.417041" lon="83.818357">
      <ele>2214.448951</ele>
      <time>2016-10-16T18:14:27Z</time>
    </trkpt>
    <trkpt lat="28.417110" lon="83.818437">
      <ele>2215.465727</ele>
      <time>2016-10-16T18:14:33Z</time>
    </trkpt>
    <trkpt lat="28.417184" lon="83.818505">
      <ele>2216.653426</ele>
      <time>2016-10-16T18:14:40Z</time>
    </trkpt>
    <trkpt lat="28.417266" lon="83.818543">
      <ele>2217.826752</ele>
      <time>2016-10-16T18:14:51Z</time>
    </trkpt>
    <trkpt lat="28.417361" lon="83.818549">
      <ele>2218.951079</ele>
      <time>2016-10-16T18:14:58Z</time>
    </trkpt>
    <trkpt lat="28.417459" lon="83.818563">
      <ele>2219.633095</ele>
      <time>2016-10-16T18:15:05Z</time>
    </trkpt>
    <trkpt lat="28.417546" lon="83.818606">
      <ele>2220.166247</ele>
      <time>2016-10-16T18:15:17Z</time>
    </trkpt>
    <trkpt lat="28.417634" lon="83.818659">
      <ele>2220.462563</ele>
      <time>2016-10-16T18:15:23Z</time>
    </trkpt>
    <trkpt lat="28.417718" lon="83.818683">
      <ele>2220.533173</ele>
      <time>2016-10-16T18:15:35Z</time>
    </trkpt>
    <trkpt lat="28.417802" lon="83.818660">
      <ele>2220.488833</ele>
      <time>2016-10-16T18:15:45Z</time>
    </trkpt>
    <trkpt lat="28.417873" lon="83.818596">
      <ele>2220.377373</ele>
      <time>2016-10-16T18:16:11Z</time>
    </trkpt>
    <trkpt lat="28.417938" lon="83.818517">
      <ele>2219.978200</ele>
      <time>2016-10-16T18:16:56Z</time>
    </trkpt>
    <trkpt lat="28.418001" lon="83.818438">
      <ele>2219.459221</ele>
      <time>2016-10-16T18:20:41Z</time>
    </trkpt>
    <trkpt lat="28.418076" lon="83.818387">
      <ele>2219.072802</ele>
      <time>2016-10-16T18:20:57Z</time>
    </trkpt>
    <trkpt lat="28.418155" lon="83.818349">
      <ele>2218.773793</ele>
      <time>2016-10-16T18:21:16Z</time>
    </trkpt>
    <trkpt lat="28.418240" lon="83.818343">
      <ele>2218.744390</ele>
      <time>2016-10-16T18:21:35Z</time>
    </trkpt>
    <trkpt lat="28.418324" lon="83.818344">
      <ele>2218.780878</ele>
      <time>2016-10-16T18:21:57Z</time>
    </trkpt>
    <trkpt lat="28.418398" lon="83.818332">
      <ele>2218.960501</ele>
      <time>2016-10-16T18:22:17Z</time>
    </trkpt>
    <trkpt lat="28.418468" lon="83.818290">
      <ele>2218.944310</ele>
      <time>2016-10-16T18:22:36Z</time>
    </trkpt>
    <trkpt lat="28.418530" lon="83.818218">
      <ele>2218.699522</ele>
      <time>2016-10-16T18:22:50Z</time>
    </trkpt>
    <trkpt lat="28.418603" lon="83.818158">
      <ele>2218.178252</ele>
      <time>2016-10-16T18:23:07Z</time>
    </trkpt>
    <trkpt lat="28.418681" lon="83.818119">
      <ele>2217.281850</ele>
      <time>2016-10-16T18:23:22Z</time>
    </trkpt>
    <trkpt lat="28.418764" lon="83.818090">
      <ele>2216.143913</ele>
      <time>2016-10-16T18:23:38Z</time>
    </trkpt>
    <trkpt lat="28.418845" lon="83.818051">
      <ele>2214.433620</ele>
      <time>2016-10-16T18:23:55Z</time>
    </trkpt>
    <trkpt lat="28.418925" lon="83.817999">
      <ele>2212.408898</ele>
      <time>2016-10-16T18:24:10Z</time>
    </trkpt>
    <trkpt lat="28.419011" lon="83.817963">
      <ele>2210.022356</ele>
      <time>2016-10-16T18:24:20Z</time>
    </trkpt>
    <trkpt lat="28.419096" lon="83.817929">
      <ele>2208.559707</ele>
      <time>2016-10-16T18:24:33Z</time>
    </trkpt>
    <trkpt lat="28.419179" lon="83.817893">
      <ele>2204.190946</ele>
      <time>2016-10-16T18:24:47Z</time>
    </trkpt>
    <trkpt lat="28.419262" lon="83.817853">
      <ele>2201.018862</ele>
      <time>2016-10-16T18:25:00Z</time>
    </trkpt>
    <trkpt lat="28.419347" lon="83.817814">
      <ele>2197.847372</ele>
      <time>2016-10-16T18:25:13Z</time>
    </trkpt>
    <trkpt lat="28.419433" lon="83.817777">
      <ele>2194.836149</ele>
      <time>2016-10-16T18:25:25Z</time>
    </trkpt>
    <trkpt lat="28.419520" lon="83.817729">
      <ele>2192.232335</ele>
      <time>2016-10-16T18:25:37Z</time>
    </trkpt>
    <trkpt lat="28.419607" lon="83.817694">
      <ele>2189.675940</ele>
      <time>2016-10-16T18:25:53Z</time>
    </trkpt>
    <trkpt lat="28.419694" lon="83.817667">
      <ele>2187.286946</ele>
      <time>2016-10-16T18:26:10Z</time>
    </trkpt>
    <trkpt lat="28.419782" lon="83.817653">
      <ele>2184.904552</ele>
      <time>2016-10-16T18:26:29Z</time>
    </trkpt>
    <trkpt lat="28.419872" lon="83.817646">
      <ele>2182.631640</ele>
      <time>2016-10-16T18:26:45Z</time>
    </trkpt>
    <trkpt lat="28.419966" lon="83.817648">
      <ele>2180.528448</ele>
      <time>2016-10-16T18:26:59Z</time>
    </trkpt>
    <trkpt lat="28.420059" lon="83.817656">
      <ele>2177.490580</ele>
      <time>2016-10-16T18:27:14Z</time>
    </trkpt>
    <trkpt lat="28.420151" lon="83.817658">
      <ele>2175.427097</ele>
      <time>2016-10-16T18:27:31Z</time>
    </trkpt>
    <trkpt lat="28.420242" lon="83.817643">
      <ele>2173.385352</ele>
      <time>2016-10-16T18:27:47Z</time>
    </trkpt>
    <trkpt lat="28.420333" lon="83.817618">
      <ele>2171.292893</ele>
      <time>2016-10-16T18:28:02Z</time>
    </trkpt>
    <trkpt lat="28.420424" lon="83.817589">
      <ele>2169.155509</ele>
      <time>2016-10-16T18:28:12Z</time>
    </trkpt>
    <trkpt lat="28.420512" lon="83.817586">
      <ele>2167.004426</ele>
      <time>2016-10-16T18:30:57Z</time>
    </trkpt>
    <trkpt lat="28.420600" lon="83.817583">
      <ele>2164.749571</ele>
      <time>2016-10-16T18:31:12Z</time>
    </trkpt>
    <trkpt lat="28.420687" lon="83.817578">
      <ele>2162.588845</ele>
      <time>2016-10-16T18:31:25Z</time>
    </trkpt>
    <trkpt lat="28.420774" lon="83.817546">
      <ele>2160.583340</ele>
      <time>2016-10-16T18:31:45Z</time>
    </trkpt>
    <trkpt lat="28.420842" lon="83.817549">
      <ele>2158.570965</ele>
      <time>2016-10-16T18:31:57Z</time>
    </trkpt>
    <trkpt lat="28.420907" lon="83.817583">
      <ele>2157.447424</ele>
      <time>2016-10-16T18:32:13Z</time>
    </trkpt>
    <trkpt lat="28.420974" lon="83.817619">
      <ele>2155.579520</ele>
      <time>2016-10-16T18:32:29Z</time>
    </trkpt>
    <trkpt lat="28.421028" lon="83.817593">
      <ele>2153.836567</ele>
      <time>2016-10-16T18:32:43Z</time>
    </trkpt>
    <trkpt lat="28.421064" lon="83.817516">
      <ele>2152.872170</ele>
      <time>2016-10-16T18:32:59Z</time>
    </trkpt>
    <trkpt lat="28.421095" lon="83.817455">
      <ele>2151.058800</ele>
      <time>2016-10-16T18:33:17Z</time>
    </trkpt>
    <trkpt lat="28.421157" lon="83.817426">
      <ele>2149.199361</ele>
      <time>2016-10-16T18:33:38Z</time>
    </trkpt>
    <trkpt lat="28.421237" lon="83.817409">
      <ele>2147.129349</ele>
      <time>2016-10-16T18:33:53Z</time>
    </trkpt>
    <trkpt lat="28.421318" lon="83.817371">
      <ele>2145.063962</ele>
      <time>2016-10-16T18:34:08Z</time>
    </trkpt>
    <trkpt lat="28.421397" lon="83.817323">
      <ele>2143.028704</ele>
      <time>2016-10-16T18:34:25Z</time>
    </trkpt>
    <trkpt lat="28.421479" lon="83.817281">
      <ele>2140.695866</ele>
      <time>2016-10-16T18:34:40Z</time>
    </trkpt>
    <trkpt lat="28.421566" lon="83.817250">
      <ele>2137.886034</ele>
      <time>2016-10-16T18:34:55Z</time>
    </trkpt>
    <trkpt lat="28.421653" lon="83.817219">
      <ele>2135.073486</ele>
      <time>2016-10-16T18:35:10Z</time>
    </trkpt>
    <trkpt lat="28.421740" lon="83.817185">
      <ele>2132.314774</ele>
      <time>2016-10-16T18:35:28Z</time>
    </trkpt>
    <trkpt lat="28.421829" lon="83.817153">
      <ele>2129.542898</ele>
      <time>2016-10-16T18:35:44Z</time>
    </trkpt>
    <trkpt lat="28.421901" lon="83.817158">
      <ele>2126.850178</ele>
      <time>2016-10-16T18:35:58Z</time>
    </trkpt>
    <trkpt lat="28.421968" lon="83.817203">
      <ele>2125.576476</ele>
      <time>2016-10-16T18:36:18Z</time>
    </trkpt>
    <trkpt lat="28.422025" lon="83.817274">
      <ele>2122.968662</ele>
      <time>2016-10-16T18:36:32Z</time>
    </trkpt>
    <trkpt lat="28.422094" lon="83.817340">
      <ele>2120.465211</ele>
      <time>2016-10-16T18:36:47Z</time>
    </trkpt>
    <trkpt lat="28.422164" lon="83.817404">
      <ele>2118.174999</ele>
      <time>2016-10-16T18:37:05Z</time>
    </trkpt>
    <trkpt lat="28.422235" lon="83.817465">
      <ele>2114.655532</ele>
      <time>2016-10-16T18:37:20Z</time>
    </trkpt>
    <trkpt lat="28.422308" lon="83.817522">
      <ele>2112.493352</ele>
      <time>2016-10-16T18:37:33Z</time>
    </trkpt>
    <trkpt lat="28.422383" lon="83.817575">
      <ele>2110.441236</ele>
      <time>2016-10-16T18:37:47Z</time>
    </trkpt>
    <trkpt lat="28.422464" lon="83.817619">
      <ele>2108.276909</ele>
      <time>2016-10-16T18:37:59Z</time>
    </trkpt>
    <trkpt lat="28.422544" lon="83.817669">
      <ele>2104.902904</ele>
      <time>2016-10-16T18:38:08Z</time>
    </trkpt>
    <trkpt lat="28.422626" lon="83.817713">
      <ele>2102.364024</ele>
      <time>2016-10-16T18:38:18Z</time>
    </trkpt>
    <trkpt lat="28.422704" lon="83.817765">
      <ele>2099.672046</ele>
      <time>2016-10-16T18:38:36Z</time>
    </trkpt>
    <trkpt lat="28.422786" lon="83.817808">
      <ele>2096.852749</ele>
      <time>2016-10-16T18:38:49Z</time>
    </trkpt>
    <trkpt lat="28.422868" lon="83.817838">
      <ele>2093.984010</ele>
      <time>2016-10-16T18:39:03Z</time>
    </trkpt>
    <trkpt lat="28.422952" lon="83.817852">
      <ele>2091.168949</ele>
      <time>2016-10-16T18:39:19Z</time>
    </trkpt>
    <trkpt lat="28.423036" lon="83.817852">
      <ele>2088.290056</ele>
      <time>2016-10-16T18:39:34Z</time>
    </trkpt>
    <trkpt lat="28.423120" lon="83.817856">
      <ele>2085.560269</ele>
      <time>2016-10-16T18:39:56Z</time>
    </trkpt>
    <trkpt lat="28.423203" lon="83.817863">
      <ele>2082.852977</ele>
      <time>2016-10-16T18:40:13Z</time>
    </trkpt>
    <trkpt lat="28.423288" lon="83.817874">
      <ele>2080.140717</ele>
      <time>2016-10-16T18:40:28Z</time>
    </trkpt>
    <trkpt lat="28.423374" lon="83.817872">
      <ele>2077.421717</ele>
      <time>2016-10-16T18:40:45Z</time>
    </trkpt>
    <trkpt lat="28.423459" lon="83.817881">
      <ele>2074.701865</ele>
      <time>2016-10-16T18:40:58Z</time>
    </trkpt>
    <trkpt lat="28.423537" lon="83.817912">
      <ele>2071.851575</ele>
      <time>2016-10-16T18:41:14Z</time>
    </trkpt>
    <trkpt lat="28.423603" lon="83.817983">
      <ele>2068.755734</ele>
      <time>2016-10-16T18:41:35Z</time>
    </trkpt>
    <trkpt lat="28.423674" lon="83.818046">
      <ele>2065.481655</ele>
      <time>2016-10-16T18:41:48Z</time>
    </trkpt>
    <trkpt lat="28.423753" lon="83.818095">
      <ele>2061.931035</ele>
      <time>2016-10-16T18:42:00Z</time>
    </trkpt>
    <trkpt lat="28.423845" lon="83.818112">
      <ele>2058.312783</ele>
      <time>2016-10-16T18:42:12Z</time>
    </trkpt>
    <trkpt lat="28.423931" lon="83.818144">
      <ele>2055.078611</ele>
      <time>2016-10-16T18:42:27Z</time>
    </trkpt>
    <trkpt lat="28.424016" lon="83.818171">
      <ele>2052.221647</ele>
      <time>2016-10-16T18:42:39Z</time>
    </trkpt>
    <trkpt lat="28.424102" lon="83.818200">
      <ele>2049.424601</ele>
      <time>2016-10-16T18:42:55Z</time>
    </trkpt>
    <trkpt lat="28.424193" lon="83.818200">
      <ele>2046.935232</ele>
      <time>2016-10-16T18:43:06Z</time>
    </trkpt>
    <trkpt lat="28.424285" lon="83.818195">
      <ele>2044.714950</ele>
      <time>2016-10-16T18:43:19Z</time>
    </trkpt>
    <trkpt lat="28.424375" lon="83.818186">
      <ele>2042.561541</ele>
      <time>2016-10-16T18:43:31Z</time>
    </trkpt>
    <trkpt lat="28.424461" lon="83.818206">
      <ele>2040.627885</ele>
      <time>2016-10-16T18:43:44Z</time>
    </trkpt>
    <trkpt lat="28.424535" lon="83.818253">
      <ele>2038.675140</ele>
      <time>2016-10-16T18:43:57Z</time>
    </trkpt>
    <trkpt lat="28.424605" lon="83.818327">
      <ele>2036.926746</ele>
      <time>2016-10-16T18:44:11Z</time>
    </trkpt>
    <trkpt lat="28.424668" lon="83.818404">
      <ele>2035.150055</ele>
      <time>2016-10-16T18:44:25Z</time>
    </trkpt>
    <trkpt lat="28.424723" lon="83.818485">
      <ele>2033.036464</ele>
      <time>2016-10-16T18:44:42Z</time>
    </trkpt>
    <trkpt lat="28.424772" lon="83.818567">
      <ele>2030.679624</ele>
      <time>2016-10-16T18:44:57Z</time>
    </trkpt>
    <trkpt lat="28.424827" lon="83.818641">
      <ele>2028.286817</ele>
      <time>2016-10-16T18:45:16Z</time>
    </trkpt>
    <trkpt lat="28.424906" lon="83.818678">
      <ele>2024.524709</ele>
      <time>2016-10-16T18:45:33Z</time>
    </trkpt>
    <trkpt lat="28.424991" lon="83.818708">
      <ele>2023.095368</ele>
      <time>2016-10-16T18:45:49Z</time>
    </trkpt>
    <trkpt lat="28.425076" lon="83.818742">
      <ele>2020.533624</ele>
      <time>2016-10-16T18:46:04Z</time>
    </trkpt>
    <trkpt lat="28.425153" lon="83.818799">
      <ele>2017.915580</ele>
      <time>2016-10-16T18:46:32Z</time>
    </trkpt>
    <trkpt lat="28.425236" lon="83.818852">
      <ele>2015.351724</ele>
      <time>2016-10-16T18:46:46Z</time>
    </trkpt>
    <trkpt lat="28.425320" lon="83.818895">
      <ele>2012.622207</ele>
      <time>2016-10-16T18:47:00Z</time>
    </trkpt>
    <trkpt lat="28.425405" lon="83.818941">
      <ele>2009.894889</ele>
      <time>2016-10-16T18:47:10Z</time>
    </trkpt>
    <trkpt lat="28.425486" lon="83.818993">
      <ele>2005.890604</ele>
      <time>2016-10-16T18:47:21Z</time>
    </trkpt>
    <trkpt lat="28.425559" lon="83.819060">
      <ele>2003.162871</ele>
      <time>2016-10-16T18:47:32Z</time>
    </trkpt>
    <trkpt lat="28.425636" lon="83.819117">
      <ele>2000.335636</ele>
      <time>2016-10-16T18:47:43Z</time>
    </trkpt>
    <trkpt lat="28.425713" lon="83.819170">
      <ele>1997.473391</ele>
      <time>2016-10-16T18:47:53Z</time>
    </trkpt>
    <trkpt lat="28.425799" lon="83.819181">
      <ele>1994.696563</ele>
      <time>2016-10-16T18:48:05Z</time>
    </trkpt>
    <trkpt lat="28.425882" lon="83.819159">
      <ele>1992.051551</ele>
      <time>2016-10-16T18:48:15Z</time>
    </trkpt>
    <trkpt lat="28.425966" lon="83.819131">
      <ele>1989.502041</ele>
      <time>2016-10-16T18:48:29Z</time>
    </trkpt>
    <trkpt lat="28.426044" lon="83.819144">
      <ele>1988.193237</ele>
      <time>2016-10-16T18:48:39Z</time>
    </trkpt>
    <trkpt lat="28.426122" lon="83.819199">
      <ele>1985.882267</ele>
      <time>2016-10-16T18:48:53Z</time>
    </trkpt>
    <trkpt lat="28.426201" lon="83.819247">
      <ele>1982.757526</ele>
      <time>2016-10-16T18:49:06Z</time>
    </trkpt>
    <trkpt lat="28.426285" lon="83.819290">
      <ele>1980.748907</ele>
      <time>2016-10-16T18:49:20Z</time>
    </trkpt>
    <trkpt lat="28.426364" lon="83.819336">
      <ele>1978.991222</ele>
      <time>2016-10-16T18:49:30Z</time>
    </trkpt>
    <trkpt lat="28.426434" lon="83.819401">
      <ele>1977.233360</ele>
      <time>2016-10-16T18:49:43Z</time>
    </trkpt>
    <trkpt lat="28.426483" lon="83.819483">
      <ele>1975.677320</ele>
      <time>2016-10-16T18:49:53Z</time>
    </trkpt>
    <trkpt lat="28.426511" lon="83.819538">
      <ele>1974.931199</ele>
      <time>2016-10-16T18:50:31Z</time>
    </trkpt>
    <trkpt lat="28.426517" lon="83.819564">
      <ele>1961.775382</ele>
      <time>2016-10-16T18:54:31Z</time>
      <extensions>
        <pause>start</pause>
        <type>auto</type>
      </extensions>
    </trkpt>
    <trkpt lat="28.426757" lon="83.819651">
      <ele>1950.401855</ele>
      <time>2016-10-16T18:55:46Z</time>
      <extensions>
        <pause>end</pause>
        <type>manual</type>
      </extensions>
    </trkpt>
    <trkpt lat="28.426820" lon="83.819713">
      <ele>1969.771141</ele>
      <time>2016-10-16T18:55:59Z</time>
    </trkpt>
    <trkpt lat="28.426851" lon="83.819794">
      <ele>1968.429313</ele>
      <time>2016-10-16T18:56:19Z</time>
    </trkpt>
    <trkpt lat="28.426882" lon="83.819876">
      <ele>1967.237779</ele>
      <time>2016-10-16T18:56:31Z</time>
    </trkpt>
    <trkpt lat="28.426931" lon="83.819955">
      <ele>1965.097102</ele>
      <time>2016-10-16T18:56:40Z</time>
    </trkpt>
    <trkpt lat="28.426994" lon="83.820030">
      <ele>1962.925315</ele>
      <time>2016-10-16T18:56:49Z</time>
    </trkpt>
    <trkpt lat="28.427058" lon="83.820097">
      <ele>1960.208196</ele>
      <time>2016-10-16T18:57:01Z</time>
    </trkpt>
    <trkpt lat="28.427126" lon="83.820155">
      <ele>1957.664681</ele>
      <time>2016-10-16T18:57:17Z</time>
    </trkpt>
    <trkpt lat="28.427214" lon="83.820185">
      <ele>1955.245810</ele>
      <time>2016-10-16T18:57:34Z</time>
    </trkpt>
    <trkpt lat="28.427294" lon="83.820232">
      <ele>1953.055699</ele>
      <time>2016-10-16T18:57:43Z</time>
    </trkpt>
    <trkpt lat="28.427363" lon="83.820296">
      <ele>1950.832271</ele>
      <time>2016-10-16T18:57:50Z</time>
    </trkpt>
    <trkpt lat="28.427415" lon="83.820388">
      <ele>1948.833791</ele>
      <time>2016-10-16T18:58:01Z</time>
    </trkpt>
    <trkpt lat="28.427448" lon="83.820489">
      <ele>1946.698932</ele>
      <time>2016-10-16T18:58:16Z</time>
    </trkpt>
    <trkpt lat="28.427455" lon="83.820591">
      <ele>1944.585693</ele>
      <time>2016-10-16T18:58:27Z</time>
    </trkpt>
    <trkpt lat="28.427461" lon="83.820691">
      <ele>1942.158358</ele>
      <time>2016-10-16T18:58:41Z</time>
    </trkpt>
    <trkpt lat="28.427493" lon="83.820755">
      <ele>1939.792334</ele>
      <time>2016-10-16T18:59:00Z</time>
    </trkpt>
    <trkpt lat="28.427557" lon="83.820809">
      <ele>1938.954053</ele>
      <time>2016-10-16T18:59:16Z</time>
    </trkpt>
    <trkpt lat="28.427615" lon="83.820870">
      <ele>1938.336914</ele>
      <time>2016-10-16T18:59:43Z</time>
    </trkpt>
    <trkpt lat="28.427634" lon="83.820961">
      <ele>1937.972388</ele>
      <time>2016-10-16T19:00:02Z</time>
    </trkpt>
    <trkpt lat="28.427656" lon="83.821048">
      <ele>1936.889038</ele>
      <time>2016-10-16T19:00:21Z</time>
    </trkpt>
    <trkpt lat="28.427697" lon="83.821107">
      <ele>1936.012718</ele>
      <time>2016-10-16T19:00:45Z</time>
    </trkpt>
    <trkpt lat="28.427780" lon="83.821129">
      <ele>1934.331721</ele>
      <time>2016-10-16T19:01:22Z</time>
    </trkpt>
    <trkpt lat="28.427853" lon="83.821164">
      <ele>1932.318049</ele>
      <time>2016-10-16T19:01:40Z</time>
    </trkpt>
    <trkpt lat="28.427920" lon="83.821215">
      <ele>1929.996737</ele>
      <time>2016-10-16T19:02:15Z</time>
    </trkpt>
    <trkpt lat="28.427972" lon="83.821303">
      <ele>1927.606357</ele>
      <time>2016-10-16T19:02:30Z</time>
    </trkpt>
    <trkpt lat="28.428025" lon="83.821388">
      <ele>1925.147417</ele>
      <time>2016-10-16T19:02:44Z</time>
    </trkpt>
    <trkpt lat="28.428076" lon="83.821475">
      <ele>1922.613059</ele>
      <time>2016-10-16T19:02:57Z</time>
    </trkpt>
    <trkpt lat="28.428135" lon="83.821556">
      <ele>1919.856911</ele>
      <time>2016-10-16T19:03:10Z</time>
    </trkpt>
    <trkpt lat="28.428188" lon="83.821639">
      <ele>1917.003351</ele>
      <time>2016-10-16T19:03:23Z</time>
    </trkpt>
    <trkpt lat="28.428205" lon="83.821720">
      <ele>1914.434548</ele>
      <time>2016-10-16T19:03:40Z</time>
    </trkpt>
    <trkpt lat="28.428195" lon="83.821740">
      <ele>1911.677757</ele>
      <time>2016-10-16T19:03:46Z</time>
    </trkpt>
    <trkpt lat="28.428177" lon="83.821768">
      <ele>1910.504293</ele>
      <time>2016-10-16T19:04:55Z</time>
    </trkpt>
    <trkpt lat="28.428181" lon="83.821803">
      <ele>1909.642071</ele>
      <time>2016-10-16T19:05:17Z</time>
    </trkpt>
    <trkpt lat="28.428199" lon="83.821909">
      <ele>1907.354511</ele>
      <time>2016-10-16T19:06:23Z</time>
    </trkpt>
    <trkpt lat="28.428201" lon="83.822013">
      <ele>1905.131291</ele>
      <time>2016-10-16T19:06:37Z</time>
    </trkpt>
    <trkpt lat="28.428198" lon="83.822117">
      <ele>1903.117018</ele>
      <time>2016-10-16T19:06:48Z</time>
    </trkpt>
    <trkpt lat="28.428205" lon="83.822197">
      <ele>1901.044525</ele>
      <time>2016-10-16T19:07:01Z</time>
    </trkpt>
    <trkpt lat="28.428249" lon="83.822265">
      <ele>1899.372624</ele>
      <time>2016-10-16T19:07:25Z</time>
    </trkpt>
    <trkpt lat="28.428304" lon="83.822331">
      <ele>1897.736541</ele>
      <time>2016-10-16T19:07:48Z</time>
    </trkpt>
    <trkpt lat="28.428334" lon="83.822422">
      <ele>1896.245856</ele>
      <time>2016-10-16T19:08:05Z</time>
    </trkpt>
    <trkpt lat="28.428361" lon="83.822511">
      <ele>1894.835136</ele>
      <time>2016-10-16T19:08:33Z</time>
    </trkpt>
    <trkpt lat="28.428386" lon="83.822589">
      <ele>1893.496927</ele>
      <time>2016-10-16T19:09:01Z</time>
    </trkpt>
    <trkpt lat="28.428415" lon="83.822669">
      <ele>1892.624044</ele>
      <time>2016-10-16T19:09:31Z</time>
    </trkpt>
    <trkpt lat="28.428412" lon="83.822746">
      <ele>1892.005843</ele>
      <time>2016-10-16T19:10:04Z</time>
    </trkpt>
    <trkpt lat="28.428381" lon="83.822828">
      <ele>1891.765345</ele>
      <time>2016-10-16T19:10:17Z</time>
    </trkpt>
    <trkpt lat="28.428330" lon="83.822896">
      <ele>1891.475231</ele>
      <time>2016-10-16T19:10:35Z</time>
    </trkpt>
    <trkpt lat="28.428279" lon="83.822972">
      <ele>1891.750772</ele>
      <time>2016-10-16T19:10:50Z</time>
    </trkpt>
    <trkpt lat="28.428240" lon="83.823047">
      <ele>1892.964658</ele>
      <time>2016-10-16T19:11:04Z</time>
    </trkpt>
    <trkpt lat="28.428226" lon="83.823132">
      <ele>1893.008547</ele>
      <time>2016-10-16T19:11:24Z</time>
    </trkpt>
    <trkpt lat="28.428228" lon="83.823215">
      <ele>1894.747698</ele>
      <time>2016-10-16T19:11:36Z</time>
    </trkpt>
    <trkpt lat="28.428221" lon="83.823302">
      <ele>1896.942591</ele>
      <time>2016-10-16T19:12:04Z</time>
    </trkpt>
    <trkpt lat="28.428218" lon="83.823378">
      <ele>1899.444750</ele>
      <time>2016-10-16T19:12:28Z</time>
    </trkpt>
    <trkpt lat="28.428225" lon="83.823453">
      <ele>1900.621213</ele>
      <time>2016-10-16T19:12:56Z</time>
    </trkpt>
    <trkpt lat="28.428260" lon="83.823538">
      <ele>1907.906258</ele>
      <time>2016-10-16T19:13:42Z</time>
    </trkpt>
    <trkpt lat="28.428261" lon="83.823616">
      <ele>1910.125358</ele>
      <time>2016-10-16T19:14:03Z</time>
    </trkpt>
    <trkpt lat="28.428262" lon="83.823686">
      <ele>1911.297807</ele>
      <time>2016-10-16T19:14:27Z</time>
    </trkpt>
    <trkpt lat="28.428271" lon="83.823731">
      <ele>1912.824292</ele>
      <time>2016-10-16T19:14:55Z</time>
    </trkpt>
    <trkpt lat="28.428309" lon="83.823794">
      <ele>1915.725130</ele>
      <time>2016-10-16T19:15:35Z</time>
    </trkpt>
    <trkpt lat="28.428356" lon="83.823825">
      <ele>1919.181043</ele>
      <time>2016-10-16T19:15:54Z</time>
    </trkpt>
    <trkpt lat="28.428407" lon="83.823866">
      <ele>1922.610059</ele>
      <time>2016-10-16T19:16:17Z</time>
    </trkpt>
    <trkpt lat="28.428443" lon="83.823905">
      <ele>1925.435071</ele>
      <time>2016-10-16T19:16:39Z</time>
    </trkpt>
    <trkpt lat="28.428449" lon="83.823981">
      <ele>1928.628825</ele>
      <time>2016-10-16T19:16:58Z</time>
    </trkpt>
    <trkpt lat="28.428444" lon="83.824055">
      <ele>1931.895203</ele>
      <time>2016-10-16T19:17:14Z</time>
    </trkpt>
    <trkpt lat="28.428436" lon="83.824129">
      <ele>1934.510667</ele>
      <time>2016-10-16T19:19:58Z</time>
    </trkpt>
    <trkpt lat="28.428416" lon="83.824208">
      <ele>1938.160776</ele>
      <time>2016-10-16T19:20:21Z</time>
    </trkpt>
    <trkpt lat="28.428363" lon="83.824291">
      <ele>1944.631307</ele>
      <time>2016-10-16T19:20:40Z</time>
    </trkpt>
    <trkpt lat="28.428292" lon="83.824345">
      <ele>1948.730448</ele>
      <time>2016-10-16T19:20:52Z</time>
    </trkpt>
    <trkpt lat="28.428219" lon="83.824395">
      <ele>1953.726949</ele>
      <time>2016-10-16T19:21:07Z</time>
    </trkpt>
    <trkpt lat="28.428166" lon="83.824454">
      <ele>1957.553418</ele>
      <time>2016-10-16T19:21:28Z</time>
    </trkpt>
    <trkpt lat="28.428165" lon="83.824539">
      <ele>1964.088393</ele>
      <time>2016-10-16T19:21:37Z</time>
    </trkpt>
    <trkpt lat="28.428214" lon="83.824611">
      <ele>1968.133913</ele>
      <time>2016-10-16T19:21:54Z</time>
    </trkpt>
    <trkpt lat="28.428262" lon="83.824685">
      <ele>1971.861702</ele>
      <time>2016-10-16T19:22:09Z</time>
    </trkpt>
    <trkpt lat="28.428263" lon="83.824752">
      <ele>1975.651606</ele>
      <time>2016-10-16T19:22:26Z</time>
    </trkpt>
    <trkpt lat="28.428242" lon="83.824843">
      <ele>1979.224657</ele>
      <time>2016-10-16T19:22:38Z</time>
    </trkpt>
    <trkpt lat="28.428227" lon="83.824931">
      <ele>1982.316594</ele>
      <time>2016-10-16T19:22:51Z</time>
    </trkpt>
    <trkpt lat="28.428230" lon="83.825033">
      <ele>1984.838393</ele>
      <time>2016-10-16T19:23:03Z</time>
    </trkpt>
    <trkpt lat="28.428220" lon="83.825133">
      <ele>1987.416710</ele>
      <time>2016-10-16T19:23:17Z</time>
    </trkpt>
    <trkpt lat="28.428207" lon="83.825235">
      <ele>1990.826866</ele>
      <time>2016-10-16T19:23:32Z</time>
    </trkpt>
    <trkpt lat="28.428207" lon="83.825339">
      <ele>1994.868592</ele>
      <time>2016-10-16T19:23:48Z</time>
    </trkpt>
    <trkpt lat="28.428224" lon="83.825447">
      <ele>1997.657298</ele>
      <time>2016-10-16T19:24:06Z</time>
    </trkpt>
    <trkpt lat="28.428244" lon="83.825554">
      <ele>1999.278589</ele>
      <time>2016-10-16T19:25:02Z</time>
    </trkpt>
    <trkpt lat="28.428254" lon="83.825659">
      <ele>2000.945906</ele>
      <time>2016-10-16T19:25:15Z</time>
    </trkpt>
    <trkpt lat="28.428265" lon="83.825762">
      <ele>2002.486892</ele>
      <time>2016-10-16T19:25:34Z</time>
    </trkpt>
    <trkpt lat="28.428286" lon="83.825854">
      <ele>2003.956271</ele>
      <time>2016-10-16T19:25:48Z</time>
    </trkpt>
    <trkpt lat="28.428324" lon="83.825947">
      <ele>2005.627374</ele>
      <time>2016-10-16T19:26:03Z</time>
    </trkpt>
    <trkpt lat="28.428353" lon="83.826038">
      <ele>2007.405309</ele>
      <time>2016-10-16T19:26:25Z</time>
    </trkpt>
    <trkpt lat="28.428352" lon="83.826135">
      <ele>2009.231964</ele>
      <time>2016-10-16T19:27:23Z</time>
    </trkpt>
    <trkpt lat="28.428333" lon="83.826195">
      <ele>2010.390785</ele>
      <time>2016-10-16T19:30:34Z</time>
    </trkpt>
    <trkpt lat="28.428307" lon="83.826217">
      <ele>2030.107890</ele>
      <time>2016-10-16T19:31:04Z</time>
      <extensions>
        <pause>start</pause>
        <type>auto</type>
      </extensions>
    </trkpt>
    <trkpt lat="28.428563" lon="83.826319">
      <ele>2031.497070</ele>
      <time>2016-10-16T19:33:18Z</time>
      <extensions>
        <pause>end</pause>
        <type>manual</type>
      </extensions>
    </trkpt>
    <trkpt lat="28.428649" lon="83.826283">
      <ele>2018.642006</ele>
      <time>2016-10-16T19:33:27Z</time>
    </trkpt>
    <trkpt lat="28.428736" lon="83.826272">
      <ele>2021.928123</ele>
      <time>2016-10-16T19:33:37Z</time>
    </trkpt>
    <trkpt lat="28.428819" lon="83.826297">
      <ele>2023.937994</ele>
      <time>2016-10-16T19:33:48Z</time>
    </trkpt>
    <trkpt lat="28.428888" lon="83.826359">
      <ele>2025.786266</ele>
      <time>2016-10-16T19:33:57Z</time>
    </trkpt>
    <trkpt lat="28.428934" lon="83.826443">
      <ele>2026.204200</ele>
      <time>2016-10-16T19:34:08Z</time>
    </trkpt>
    <trkpt lat="28.428970" lon="83.826538">
      <ele>2027.484030</ele>
      <time>2016-10-16T19:34:21Z</time>
    </trkpt>
    <trkpt lat="28.428997" lon="83.826638">
      <ele>2028.596690</ele>
      <time>2016-10-16T19:34:40Z</time>
    </trkpt>
    <trkpt lat="28.429035" lon="83.826735">
      <ele>2029.423217</ele>
      <time>2016-10-16T19:34:56Z</time>
    </trkpt>
    <trkpt lat="28.429085" lon="83.826817">
      <ele>2029.989201</ele>
      <time>2016-10-16T19:35:08Z</time>
    </trkpt>
    <trkpt lat="28.429133" lon="83.826897">
      <ele>2029.973443</ele>
      <time>2016-10-16T19:35:22Z</time>
    </trkpt>
    <trkpt lat="28.429165" lon="83.826981">
      <ele>2029.885387</ele>
      <time>2016-10-16T19:35:51Z</time>
    </trkpt>
    <trkpt lat="28.429174" lon="83.827080">
      <ele>2029.512292</ele>
      <time>2016-10-16T19:36:12Z</time>
    </trkpt>
    <trkpt lat="28.429178" lon="83.827182">
      <ele>2029.316915</ele>
      <time>2016-10-16T19:36:28Z</time>
    </trkpt>
    <trkpt lat="28.429170" lon="83.827284">
      <ele>2029.250377</ele>
      <time>2016-10-16T19:36:41Z</time>
    </trkpt>
    <trkpt lat="28.429157" lon="83.827389">
      <ele>2029.369385</ele>
      <time>2016-10-16T19:36:52Z</time>
    </trkpt>
    <trkpt lat="28.429134" lon="83.827489">
      <ele>2030.056201</ele>
      <time>2016-10-16T19:37:09Z</time>
    </trkpt>
    <trkpt lat="28.429099" lon="83.827587">
      <ele>2030.742321</ele>
      <time>2016-10-16T19:37:18Z</time>
    </trkpt>
    <trkpt lat="28.429050" lon="83.827677">
      <ele>2030.678662</ele>
      <time>2016-10-16T19:37:29Z</time>
    </trkpt>
    <trkpt lat="28.428979" lon="83.827754">
      <ele>2031.486084</ele>
      <time>2016-10-16T19:37:43Z</time>
    </trkpt>
    <trkpt lat="28.428907" lon="83.827830">
      <ele>2032.752759</ele>
      <time>2016-10-16T19:37:52Z</time>
    </trkpt>
    <trkpt lat="28.428834" lon="83.827904">
      <ele>2034.203101</ele>
      <time>2016-10-16T19:38:02Z</time>
    </trkpt>
    <trkpt lat="28.428772" lon="83.827985">
      <ele>2035.775757</ele>
      <time>2016-10-16T19:38:11Z</time>
    </trkpt>
    <trkpt lat="28.428721" lon="83.828071">
      <ele>2037.491528</ele>
      <time>2016-10-16T19:38:22Z</time>
    </trkpt>
    <trkpt lat="28.428673" lon="83.828161">
      <ele>2038.897119</ele>
      <time>2016-10-16T19:38:33Z</time>
    </trkpt>
    <trkpt lat="28.428628" lon="83.828249">
      <ele>2040.198633</ele>
      <time>2016-10-16T19:38:48Z</time>
    </trkpt>
    <trkpt lat="28.428576" lon="83.828333">
      <ele>2040.930908</ele>
      <time>2016-10-16T19:39:10Z</time>
    </trkpt>
    <trkpt lat="28.428527" lon="83.828418">
      <ele>2041.438867</ele>
      <time>2016-10-16T19:39:22Z</time>
    </trkpt>
    <trkpt lat="28.428485" lon="83.828509">
      <ele>2042.002148</ele>
      <time>2016-10-16T19:39:33Z</time>
    </trkpt>
    <trkpt lat="28.428456" lon="83.828605">
      <ele>2042.456787</ele>
      <time>2016-10-16T19:39:54Z</time>
    </trkpt>
    <trkpt lat="28.428439" lon="83.828700">
      <ele>2042.837891</ele>
      <time>2016-10-16T19:40:28Z</time>
    </trkpt>
    <trkpt lat="28.428420" lon="83.828787">
      <ele>2043.437134</ele>
      <time>2016-10-16T19:41:09Z</time>
    </trkpt>
    <trkpt lat="28.428381" lon="83.828856">
      <ele>2044.007104</ele>
      <time>2016-10-16T19:41:32Z</time>
    </trkpt>
    <trkpt lat="28.428324" lon="83.828920">
      <ele>2044.571753</ele>
      <time>2016-10-16T19:41:52Z</time>
    </trkpt>
    <trkpt lat="28.428271" lon="83.828993">
      <ele>2045.473291</ele>
      <time>2016-10-16T19:42:07Z</time>
    </trkpt>
    <trkpt lat="28.428248" lon="83.829087">
      <ele>2046.695410</ele>
      <time>2016-10-16T19:43:22Z</time>
    </trkpt>
    <trkpt lat="28.428231" lon="83.829186">
      <ele>2048.496729</ele>
      <time>2016-10-16T19:46:13Z</time>
    </trkpt>
    <trkpt lat="28.428207" lon="83.829282">
      <ele>2050.733252</ele>
      <time>2016-10-16T19:46:26Z</time>
    </trkpt>
    <trkpt lat="28.428170" lon="83.829378">
      <ele>2052.973047</ele>
      <time>2016-10-16T19:46:38Z</time>
    </trkpt>
    <trkpt lat="28.428135" lon="83.829469">
      <ele>2054.754395</ele>
      <time>2016-10-16T19:46:51Z</time>
    </trkpt>
    <trkpt lat="28.428111" lon="83.829564">
      <ele>2055.329210</ele>
      <time>2016-10-16T19:47:00Z</time>
    </trkpt>
    <trkpt lat="28.428092" lon="83.829660">
      <ele>2057.093059</ele>
      <time>2016-10-16T19:47:11Z</time>
    </trkpt>
    <trkpt lat="28.428072" lon="83.829760">
      <ele>2058.826680</ele>
      <time>2016-10-16T19:47:27Z</time>
    </trkpt>
    <trkpt lat="28.428040" lon="83.829855">
      <ele>2060.663905</ele>
      <time>2016-10-16T19:47:44Z</time>
    </trkpt>
    <trkpt lat="28.428017" lon="83.829950">
      <ele>2062.251954</ele>
      <time>2016-10-16T19:48:40Z</time>
    </trkpt>
    <trkpt lat="28.428028" lon="83.830029">
      <ele>2064.045722</ele>
      <time>2016-10-16T19:48:52Z</time>
    </trkpt>
    <trkpt lat="28.428084" lon="83.830092">
      <ele>2065.801759</ele>
      <time>2016-10-16T19:49:16Z</time>
    </trkpt>
    <trkpt lat="28.428158" lon="83.830098">
      <ele>2067.205057</ele>
      <time>2016-10-16T19:49:37Z</time>
    </trkpt>
    <trkpt lat="28.428193" lon="83.830093">
      <ele>2068.084291</ele>
      <time>2016-10-16T19:50:23Z</time>
    </trkpt>
    <trkpt lat="28.428189" lon="83.830080">
      <ele>2089.255359</ele>
      <time>2016-10-16T19:52:45Z</time>
      <extensions>
        <pause>start</pause>
        <type>auto</type>
      </extensions>
    </trkpt>
    <trkpt lat="28.428195" lon="83.830076">
      <ele>2092.426153</ele>
      <time>2016-10-16T19:58:12Z</time>
      <extensions>
        <pause>end</pause>
        <type>manual</type>
      </extensions>
    </trkpt>
    </trkseg>
  </trk>
</gpx>
