<?xml version="1.0" encoding="UTF-8" ?>
<gpx
  version="1.1"
  creator="Tranggle Track 1.1.0 - http://www.beaglemap.com"
  xmlns:xsi="http://www.w3.org/2001/XMLSchema-instance"
  xmlns="http://www.topografix.com/GPX/1/1"
  xsi:schemaLocation="http://www.topografix.com/GPX/1/1 http://www.topografix.com/GPX/1/1/gpx.xsd">
  <metadata>
    <link href="http://www.beaglemap.com">
      <text>iPhone Tranggle 3.5.0</text>
    </link>
    <time>2016-10-20T15:59:57Z</time>
    <bounds minlat="28.358922" minlon="83.810824" maxlat="28.417864" maxlon="83.825893"/>
    <desc><![CDATA[CREATOR: F291188211BF24A4, MODEL: iPad5,4, FIRMWARE: 10.0.2, CONSTANT: M22, CATEGORY: Hiking]]></desc>
  </metadata>
  <wpt lat="28.409066" lon="83.824208">
    <ele>1714.203029</ele>
    <name><![CDATA[티벳게스트하우스]]></name>
  </wpt>
  <wpt lat="28.406912" lon="83.821861">
    <ele>1592.084462</ele>
    <name><![CDATA[삼롱]]></name>
    <sym><![CDATA[iphone20083455Waypoint]]></sym>
  </wpt>
  <wpt lat="28.398412" lon="83.825715">
    <ele>1493.658815</ele>
    <name><![CDATA[히운추리]]></name>
  </wpt>
  <wpt lat="28.382932" lon="83.823457">
    <ele>1411.169556</ele>
    <name><![CDATA[타카리]]></name>
    <sym><![CDATA[iphone20101226Waypoint]]></sym>
  </wpt>
  <wpt lat="28.373058" lon="83.818591">
    <ele>1324.626193</ele>
    <name><![CDATA[퀴미]]></name>
    <sym><![CDATA[iphone20115856Waypoint]]></sym>
  </wpt>
  <wpt lat="28.363349" lon="83.815721">
    <ele>1413.627659</ele>
    <name><![CDATA[시위]]></name>
    <sym><![CDATA[iphone20122744Waypoint]]></sym>
  </wpt>
  <trk>
    <trkseg>
    <trkpt lat="28.417857" lon="83.818433">
      <ele>2201.975586</ele>
      <time>2016-10-20T10:15:34Z</time>
      <extensions>
        <pause>start</pause>
        <type>manual</type>
      </extensions>
    </trkpt>
    <trkpt lat="28.417864" lon="83.818495">
      <ele>2227.035400</ele>
      <time>2016-10-20T10:16:40Z</time>
      <extensions>
        <pause>end</pause>
        <type>manual</type>
      </extensions>
    </trkpt>
    <trkpt lat="28.417802" lon="83.818573">
      <ele>2230.578835</ele>
      <time>2016-10-20T10:17:00Z</time>
    </trkpt>
    <trkpt lat="28.417732" lon="83.818638">
      <ele>2228.807118</ele>
      <time>2016-10-20T10:17:17Z</time>
    </trkpt>
    <trkpt lat="28.417652" lon="83.818661">
      <ele>2229.135696</ele>
      <time>2016-10-20T10:17:26Z</time>
    </trkpt>
    <trkpt lat="28.417564" lon="83.818651">
      <ele>2229.384798</ele>
      <time>2016-10-20T10:17:35Z</time>
    </trkpt>
    <trkpt lat="28.417476" lon="83.818616">
      <ele>2229.623516</ele>
      <time>2016-10-20T10:17:44Z</time>
    </trkpt>
    <trkpt lat="28.417382" lon="83.818597">
      <ele>2230.270545</ele>
      <time>2016-10-20T10:17:54Z</time>
    </trkpt>
    <trkpt lat="28.417289" lon="83.818581">
      <ele>2230.380089</ele>
      <time>2016-10-20T10:18:03Z</time>
    </trkpt>
    <trkpt lat="28.417198" lon="83.818556">
      <ele>2230.697316</ele>
      <time>2016-10-20T10:18:11Z</time>
    </trkpt>
    <trkpt lat="28.417118" lon="83.818504">
      <ele>2230.893807</ele>
      <time>2016-10-20T10:18:26Z</time>
    </trkpt>
    <trkpt lat="28.417053" lon="83.818426">
      <ele>2230.946302</ele>
      <time>2016-10-20T10:18:38Z</time>
    </trkpt>
    <trkpt lat="28.416991" lon="83.818344">
      <ele>2231.099962</ele>
      <time>2016-10-20T10:18:47Z</time>
    </trkpt>
    <trkpt lat="28.416921" lon="83.818278">
      <ele>2231.180475</ele>
      <time>2016-10-20T10:18:55Z</time>
    </trkpt>
    <trkpt lat="28.416836" lon="83.818246">
      <ele>2231.416019</ele>
      <time>2016-10-20T10:19:04Z</time>
    </trkpt>
    <trkpt lat="28.416744" lon="83.818250">
      <ele>2231.618914</ele>
      <time>2016-10-20T10:19:12Z</time>
    </trkpt>
    <trkpt lat="28.416651" lon="83.818274">
      <ele>2231.900953</ele>
      <time>2016-10-20T10:19:22Z</time>
    </trkpt>
    <trkpt lat="28.416560" lon="83.818295">
      <ele>2232.133284</ele>
      <time>2016-10-20T10:19:31Z</time>
    </trkpt>
    <trkpt lat="28.416467" lon="83.818317">
      <ele>2232.257926</ele>
      <time>2016-10-20T10:19:40Z</time>
    </trkpt>
    <trkpt lat="28.416379" lon="83.818352">
      <ele>2232.470508</ele>
      <time>2016-10-20T10:19:48Z</time>
    </trkpt>
    <trkpt lat="28.416297" lon="83.818404">
      <ele>2232.700658</ele>
      <time>2016-10-20T10:19:55Z</time>
    </trkpt>
    <trkpt lat="28.416222" lon="83.818464">
      <ele>2232.722506</ele>
      <time>2016-10-20T10:20:03Z</time>
    </trkpt>
    <trkpt lat="28.416147" lon="83.818525">
      <ele>2232.484201</ele>
      <time>2016-10-20T10:20:12Z</time>
    </trkpt>
    <trkpt lat="28.416080" lon="83.818593">
      <ele>2232.202641</ele>
      <time>2016-10-20T10:20:22Z</time>
    </trkpt>
    <trkpt lat="28.416022" lon="83.818674">
      <ele>2231.776997</ele>
      <time>2016-10-20T10:20:31Z</time>
    </trkpt>
    <trkpt lat="28.415968" lon="83.818760">
      <ele>2231.299106</ele>
      <time>2016-10-20T10:20:41Z</time>
    </trkpt>
    <trkpt lat="28.415912" lon="83.818847">
      <ele>2230.523450</ele>
      <time>2016-10-20T10:20:51Z</time>
    </trkpt>
    <trkpt lat="28.415852" lon="83.818928">
      <ele>2229.690590</ele>
      <time>2016-10-20T10:21:00Z</time>
    </trkpt>
    <trkpt lat="28.415794" lon="83.819010">
      <ele>2228.831721</ele>
      <time>2016-10-20T10:21:09Z</time>
    </trkpt>
    <trkpt lat="28.415730" lon="83.819090">
      <ele>2227.953029</ele>
      <time>2016-10-20T10:21:23Z</time>
    </trkpt>
    <trkpt lat="28.415657" lon="83.819159">
      <ele>2227.161181</ele>
      <time>2016-10-20T10:21:34Z</time>
    </trkpt>
    <trkpt lat="28.415576" lon="83.819183">
      <ele>2226.677189</ele>
      <time>2016-10-20T10:22:22Z</time>
    </trkpt>
    <trkpt lat="28.415493" lon="83.819167">
      <ele>2226.366054</ele>
      <time>2016-10-20T10:22:30Z</time>
    </trkpt>
    <trkpt lat="28.415412" lon="83.819117">
      <ele>2226.123106</ele>
      <time>2016-10-20T10:22:40Z</time>
    </trkpt>
    <trkpt lat="28.415331" lon="83.819067">
      <ele>2225.931539</ele>
      <time>2016-10-20T10:22:52Z</time>
    </trkpt>
    <trkpt lat="28.415248" lon="83.819022">
      <ele>2225.592563</ele>
      <time>2016-10-20T10:23:02Z</time>
    </trkpt>
    <trkpt lat="28.415159" lon="83.818997">
      <ele>2225.410199</ele>
      <time>2016-10-20T10:23:13Z</time>
    </trkpt>
    <trkpt lat="28.415064" lon="83.818993">
      <ele>2224.824516</ele>
      <time>2016-10-20T10:23:24Z</time>
    </trkpt>
    <trkpt lat="28.414968" lon="83.818998">
      <ele>2223.864799</ele>
      <time>2016-10-20T10:23:36Z</time>
    </trkpt>
    <trkpt lat="28.414875" lon="83.819000">
      <ele>2222.726522</ele>
      <time>2016-10-20T10:23:48Z</time>
    </trkpt>
    <trkpt lat="28.414786" lon="83.818990">
      <ele>2221.440742</ele>
      <time>2016-10-20T10:24:03Z</time>
    </trkpt>
    <trkpt lat="28.414700" lon="83.818964">
      <ele>2219.906213</ele>
      <time>2016-10-20T10:24:14Z</time>
    </trkpt>
    <trkpt lat="28.414615" lon="83.818929">
      <ele>2218.060965</ele>
      <time>2016-10-20T10:24:27Z</time>
    </trkpt>
    <trkpt lat="28.414537" lon="83.818878">
      <ele>2216.008092</ele>
      <time>2016-10-20T10:24:35Z</time>
    </trkpt>
    <trkpt lat="28.414463" lon="83.818820">
      <ele>2213.873630</ele>
      <time>2016-10-20T10:24:44Z</time>
    </trkpt>
    <trkpt lat="28.414388" lon="83.818762">
      <ele>2211.662020</ele>
      <time>2016-10-20T10:24:57Z</time>
    </trkpt>
    <trkpt lat="28.414300" lon="83.818720">
      <ele>2209.213886</ele>
      <time>2016-10-20T10:25:07Z</time>
    </trkpt>
    <trkpt lat="28.414207" lon="83.818685">
      <ele>2207.008041</ele>
      <time>2016-10-20T10:25:19Z</time>
    </trkpt>
    <trkpt lat="28.414120" lon="83.818654">
      <ele>2205.038729</ele>
      <time>2016-10-20T10:25:31Z</time>
    </trkpt>
    <trkpt lat="28.414048" lon="83.818658">
      <ele>2203.270700</ele>
      <time>2016-10-20T10:25:49Z</time>
    </trkpt>
    <trkpt lat="28.413987" lon="83.818703">
      <ele>2201.257019</ele>
      <time>2016-10-20T10:26:16Z</time>
    </trkpt>
    <trkpt lat="28.413928" lon="83.818772">
      <ele>2199.284942</ele>
      <time>2016-10-20T10:26:30Z</time>
    </trkpt>
    <trkpt lat="28.413875" lon="83.818788">
      <ele>2197.375891</ele>
      <time>2016-10-20T10:26:47Z</time>
    </trkpt>
    <trkpt lat="28.413829" lon="83.818748">
      <ele>2196.533094</ele>
      <time>2016-10-20T10:27:04Z</time>
    </trkpt>
    <trkpt lat="28.413795" lon="83.818664">
      <ele>2194.328099</ele>
      <time>2016-10-20T10:27:23Z</time>
    </trkpt>
    <trkpt lat="28.413770" lon="83.818578">
      <ele>2192.016446</ele>
      <time>2016-10-20T10:27:45Z</time>
    </trkpt>
    <trkpt lat="28.413749" lon="83.818491">
      <ele>2189.358352</ele>
      <time>2016-10-20T10:27:58Z</time>
    </trkpt>
    <trkpt lat="28.413715" lon="83.818437">
      <ele>2186.462069</ele>
      <time>2016-10-20T10:28:16Z</time>
    </trkpt>
    <trkpt lat="28.413669" lon="83.818391">
      <ele>2184.546194</ele>
      <time>2016-10-20T10:28:45Z</time>
    </trkpt>
    <trkpt lat="28.413605" lon="83.818364">
      <ele>2181.292716</ele>
      <time>2016-10-20T10:29:05Z</time>
    </trkpt>
    <trkpt lat="28.413542" lon="83.818348">
      <ele>2177.680372</ele>
      <time>2016-10-20T10:29:35Z</time>
    </trkpt>
    <trkpt lat="28.413479" lon="83.818381">
      <ele>2173.740111</ele>
      <time>2016-10-20T10:30:38Z</time>
    </trkpt>
    <trkpt lat="28.413420" lon="83.818453">
      <ele>2169.654893</ele>
      <time>2016-10-20T10:30:48Z</time>
    </trkpt>
    <trkpt lat="28.413367" lon="83.818538">
      <ele>2165.058731</ele>
      <time>2016-10-20T10:30:59Z</time>
    </trkpt>
    <trkpt lat="28.413310" lon="83.818597">
      <ele>2160.223145</ele>
      <time>2016-10-20T10:31:13Z</time>
    </trkpt>
    <trkpt lat="28.413255" lon="83.818657">
      <ele>2154.963466</ele>
      <time>2016-10-20T10:31:42Z</time>
    </trkpt>
    <trkpt lat="28.413207" lon="83.818717">
      <ele>2149.624008</ele>
      <time>2016-10-20T10:31:57Z</time>
    </trkpt>
    <trkpt lat="28.413158" lon="83.818754">
      <ele>2144.294076</ele>
      <time>2016-10-20T10:32:16Z</time>
    </trkpt>
    <trkpt lat="28.413110" lon="83.818790">
      <ele>2141.764208</ele>
      <time>2016-10-20T10:32:40Z</time>
    </trkpt>
    <trkpt lat="28.413061" lon="83.818826">
      <ele>2136.841038</ele>
      <time>2016-10-20T10:33:05Z</time>
    </trkpt>
    <trkpt lat="28.413017" lon="83.818906">
      <ele>2131.746538</ele>
      <time>2016-10-20T10:33:20Z</time>
    </trkpt>
    <trkpt lat="28.412960" lon="83.818948">
      <ele>2126.754102</ele>
      <time>2016-10-20T10:33:37Z</time>
    </trkpt>
    <trkpt lat="28.412891" lon="83.818942">
      <ele>2121.821952</ele>
      <time>2016-10-20T10:33:55Z</time>
    </trkpt>
    <trkpt lat="28.412820" lon="83.818940">
      <ele>2114.406264</ele>
      <time>2016-10-20T10:34:07Z</time>
    </trkpt>
    <trkpt lat="28.412777" lon="83.818984">
      <ele>2109.670410</ele>
      <time>2016-10-20T10:34:25Z</time>
    </trkpt>
    <trkpt lat="28.412734" lon="83.819045">
      <ele>2105.237696</ele>
      <time>2016-10-20T10:34:36Z</time>
    </trkpt>
    <trkpt lat="28.412693" lon="83.819042">
      <ele>2103.090682</ele>
      <time>2016-10-20T10:35:03Z</time>
    </trkpt>
    <trkpt lat="28.412636" lon="83.819033">
      <ele>2098.617649</ele>
      <time>2016-10-20T10:35:14Z</time>
    </trkpt>
    <trkpt lat="28.412614" lon="83.819061">
      <ele>2094.503983</ele>
      <time>2016-10-20T10:35:40Z</time>
    </trkpt>
    <trkpt lat="28.412584" lon="83.819140">
      <ele>2090.682218</ele>
      <time>2016-10-20T10:35:51Z</time>
    </trkpt>
    <trkpt lat="28.412539" lon="83.819191">
      <ele>2086.920456</ele>
      <time>2016-10-20T10:36:10Z</time>
    </trkpt>
    <trkpt lat="28.412459" lon="83.819206">
      <ele>2082.965762</ele>
      <time>2016-10-20T10:36:24Z</time>
    </trkpt>
    <trkpt lat="28.412373" lon="83.819200">
      <ele>2079.009227</ele>
      <time>2016-10-20T10:36:41Z</time>
    </trkpt>
    <trkpt lat="28.412286" lon="83.819188">
      <ele>2073.256845</ele>
      <time>2016-10-20T10:36:55Z</time>
    </trkpt>
    <trkpt lat="28.412213" lon="83.819203">
      <ele>2069.457095</ele>
      <time>2016-10-20T10:37:15Z</time>
    </trkpt>
    <trkpt lat="28.412176" lon="83.819256">
      <ele>2067.461898</ele>
      <time>2016-10-20T10:37:37Z</time>
    </trkpt>
    <trkpt lat="28.412156" lon="83.819344">
      <ele>2063.601322</ele>
      <time>2016-10-20T10:37:47Z</time>
    </trkpt>
    <trkpt lat="28.412156" lon="83.819436">
      <ele>2059.707916</ele>
      <time>2016-10-20T10:38:06Z</time>
    </trkpt>
    <trkpt lat="28.412152" lon="83.819525">
      <ele>2055.812212</ele>
      <time>2016-10-20T10:38:22Z</time>
    </trkpt>
    <trkpt lat="28.412163" lon="83.819621">
      <ele>2050.278304</ele>
      <time>2016-10-20T10:38:47Z</time>
    </trkpt>
    <trkpt lat="28.412139" lon="83.819692">
      <ele>2046.327195</ele>
      <time>2016-10-20T10:39:02Z</time>
    </trkpt>
    <trkpt lat="28.412085" lon="83.819726">
      <ele>2044.488879</ele>
      <time>2016-10-20T10:39:25Z</time>
    </trkpt>
    <trkpt lat="28.412017" lon="83.819756">
      <ele>2040.597705</ele>
      <time>2016-10-20T10:39:41Z</time>
    </trkpt>
    <trkpt lat="28.411949" lon="83.819785">
      <ele>2036.625457</ele>
      <time>2016-10-20T10:40:01Z</time>
    </trkpt>
    <trkpt lat="28.411907" lon="83.819854">
      <ele>2032.752698</ele>
      <time>2016-10-20T10:40:26Z</time>
    </trkpt>
    <trkpt lat="28.411902" lon="83.819908">
      <ele>2028.800375</ele>
      <time>2016-10-20T10:40:41Z</time>
    </trkpt>
    <trkpt lat="28.411943" lon="83.819983">
      <ele>2024.949615</ele>
      <time>2016-10-20T10:40:57Z</time>
    </trkpt>
    <trkpt lat="28.411976" lon="83.820055">
      <ele>2021.062853</ele>
      <time>2016-10-20T10:41:09Z</time>
    </trkpt>
    <trkpt lat="28.412004" lon="83.820133">
      <ele>2017.294558</ele>
      <time>2016-10-20T10:41:42Z</time>
    </trkpt>
    <trkpt lat="28.411993" lon="83.820203">
      <ele>2011.577150</ele>
      <time>2016-10-20T10:42:03Z</time>
    </trkpt>
    <trkpt lat="28.412017" lon="83.820262">
      <ele>2007.927080</ele>
      <time>2016-10-20T10:42:26Z</time>
    </trkpt>
    <trkpt lat="28.412005" lon="83.820326">
      <ele>2006.182965</ele>
      <time>2016-10-20T10:42:41Z</time>
    </trkpt>
    <trkpt lat="28.411998" lon="83.820395">
      <ele>2002.657924</ele>
      <time>2016-10-20T10:43:07Z</time>
    </trkpt>
    <trkpt lat="28.411935" lon="83.820443">
      <ele>1999.138386</ele>
      <time>2016-10-20T10:43:44Z</time>
    </trkpt>
    <trkpt lat="28.411897" lon="83.820497">
      <ele>1995.460474</ele>
      <time>2016-10-20T10:44:44Z</time>
    </trkpt>
    <trkpt lat="28.411890" lon="83.820556">
      <ele>1993.606989</ele>
      <time>2016-10-20T10:45:01Z</time>
    </trkpt>
    <trkpt lat="28.411942" lon="83.820632">
      <ele>1987.963126</ele>
      <time>2016-10-20T10:45:14Z</time>
    </trkpt>
    <trkpt lat="28.411953" lon="83.820681">
      <ele>1984.216670</ele>
      <time>2016-10-20T10:45:25Z</time>
    </trkpt>
    <trkpt lat="28.411972" lon="83.820725">
      <ele>1982.451066</ele>
      <time>2016-10-20T10:45:43Z</time>
    </trkpt>
    <trkpt lat="28.411986" lon="83.820775">
      <ele>1978.591667</ele>
      <time>2016-10-20T10:45:57Z</time>
    </trkpt>
    <trkpt lat="28.412002" lon="83.820830">
      <ele>1974.677087</ele>
      <time>2016-10-20T10:46:09Z</time>
    </trkpt>
    <trkpt lat="28.411966" lon="83.820861">
      <ele>1972.603924</ele>
      <time>2016-10-20T10:46:24Z</time>
    </trkpt>
    <trkpt lat="28.411916" lon="83.820900">
      <ele>1968.707611</ele>
      <time>2016-10-20T10:46:36Z</time>
    </trkpt>
    <trkpt lat="28.411875" lon="83.820950">
      <ele>1966.802664</ele>
      <time>2016-10-20T10:47:14Z</time>
    </trkpt>
    <trkpt lat="28.411848" lon="83.821027">
      <ele>1963.267779</ele>
      <time>2016-10-20T10:47:30Z</time>
    </trkpt>
    <trkpt lat="28.411787" lon="83.821090">
      <ele>1957.686557</ele>
      <time>2016-10-20T10:47:47Z</time>
    </trkpt>
    <trkpt lat="28.411744" lon="83.821161">
      <ele>1954.113198</ele>
      <time>2016-10-20T10:48:10Z</time>
    </trkpt>
    <trkpt lat="28.411697" lon="83.821227">
      <ele>1950.561720</ele>
      <time>2016-10-20T10:48:33Z</time>
    </trkpt>
    <trkpt lat="28.411669" lon="83.821308">
      <ele>1947.083880</ele>
      <time>2016-10-20T10:48:48Z</time>
    </trkpt>
    <trkpt lat="28.411643" lon="83.821393">
      <ele>1943.593352</ele>
      <time>2016-10-20T10:49:07Z</time>
    </trkpt>
    <trkpt lat="28.411622" lon="83.821483">
      <ele>1939.999022</ele>
      <time>2016-10-20T10:49:23Z</time>
    </trkpt>
    <trkpt lat="28.411590" lon="83.821532">
      <ele>1936.533885</ele>
      <time>2016-10-20T10:49:37Z</time>
    </trkpt>
    <trkpt lat="28.411543" lon="83.821536">
      <ele>1885.285341</ele>
      <time>2016-10-20T10:53:49Z</time>
      <extensions>
        <pause>start</pause>
        <type>auto</type>
      </extensions>
    </trkpt>
    <trkpt lat="28.411407" lon="83.821759">
      <ele>1870.879463</ele>
      <time>2016-10-20T10:54:41Z</time>
      <extensions>
        <pause>end</pause>
        <type>manual</type>
      </extensions>
    </trkpt>
    <trkpt lat="28.411353" lon="83.821815">
      <ele>1921.250099</ele>
      <time>2016-10-20T10:54:55Z</time>
    </trkpt>
    <trkpt lat="28.411341" lon="83.821877">
      <ele>1917.337626</ele>
      <time>2016-10-20T10:55:18Z</time>
    </trkpt>
    <trkpt lat="28.411328" lon="83.821940">
      <ele>1913.421665</ele>
      <time>2016-10-20T10:55:33Z</time>
    </trkpt>
    <trkpt lat="28.411295" lon="83.821977">
      <ele>1909.203958</ele>
      <time>2016-10-20T10:56:01Z</time>
    </trkpt>
    <trkpt lat="28.411214" lon="83.822002">
      <ele>1901.795259</ele>
      <time>2016-10-20T10:56:15Z</time>
    </trkpt>
    <trkpt lat="28.411149" lon="83.821978">
      <ele>1896.522939</ele>
      <time>2016-10-20T10:56:31Z</time>
    </trkpt>
    <trkpt lat="28.411105" lon="83.821923">
      <ele>1888.610919</ele>
      <time>2016-10-20T10:56:45Z</time>
    </trkpt>
    <trkpt lat="28.411062" lon="83.821862">
      <ele>1882.948202</ele>
      <time>2016-10-20T10:57:05Z</time>
    </trkpt>
    <trkpt lat="28.411028" lon="83.821800">
      <ele>1877.231101</ele>
      <time>2016-10-20T10:57:22Z</time>
    </trkpt>
    <trkpt lat="28.410989" lon="83.821805">
      <ele>1871.488622</ele>
      <time>2016-10-20T10:57:44Z</time>
    </trkpt>
    <trkpt lat="28.410976" lon="83.821843">
      <ele>1868.775680</ele>
      <time>2016-10-20T10:57:57Z</time>
    </trkpt>
    <trkpt lat="28.410953" lon="83.821947">
      <ele>1860.381236</ele>
      <time>2016-10-20T10:58:04Z</time>
    </trkpt>
    <trkpt lat="28.410953" lon="83.822043">
      <ele>1854.805786</ele>
      <time>2016-10-20T10:58:19Z</time>
    </trkpt>
    <trkpt lat="28.410939" lon="83.822125">
      <ele>1849.357610</ele>
      <time>2016-10-20T10:58:35Z</time>
    </trkpt>
    <trkpt lat="28.410946" lon="83.822206">
      <ele>1845.021755</ele>
      <time>2016-10-20T10:59:00Z</time>
    </trkpt>
    <trkpt lat="28.410914" lon="83.822269">
      <ele>1841.108022</ele>
      <time>2016-10-20T10:59:17Z</time>
    </trkpt>
    <trkpt lat="28.410875" lon="83.822331">
      <ele>1837.690502</ele>
      <time>2016-10-20T10:59:38Z</time>
    </trkpt>
    <trkpt lat="28.410809" lon="83.822391">
      <ele>1834.552927</ele>
      <time>2016-10-20T11:00:00Z</time>
    </trkpt>
    <trkpt lat="28.410748" lon="83.822464">
      <ele>1833.165525</ele>
      <time>2016-10-20T11:00:14Z</time>
    </trkpt>
    <trkpt lat="28.410691" lon="83.822545">
      <ele>1831.530345</ele>
      <time>2016-10-20T11:00:27Z</time>
    </trkpt>
    <trkpt lat="28.410626" lon="83.822623">
      <ele>1828.159288</ele>
      <time>2016-10-20T11:00:48Z</time>
    </trkpt>
    <trkpt lat="28.410557" lon="83.822692">
      <ele>1823.239498</ele>
      <time>2016-10-20T11:00:58Z</time>
    </trkpt>
    <trkpt lat="28.410487" lon="83.822759">
      <ele>1819.669939</ele>
      <time>2016-10-20T11:01:08Z</time>
    </trkpt>
    <trkpt lat="28.410419" lon="83.822826">
      <ele>1816.196518</ele>
      <time>2016-10-20T11:01:19Z</time>
    </trkpt>
    <trkpt lat="28.410350" lon="83.822893">
      <ele>1813.007072</ele>
      <time>2016-10-20T11:01:31Z</time>
    </trkpt>
    <trkpt lat="28.410281" lon="83.822959">
      <ele>1809.801499</ele>
      <time>2016-10-20T11:01:43Z</time>
    </trkpt>
    <trkpt lat="28.410222" lon="83.823032">
      <ele>1806.525380</ele>
      <time>2016-10-20T11:01:53Z</time>
    </trkpt>
    <trkpt lat="28.410171" lon="83.823117">
      <ele>1801.039246</ele>
      <time>2016-10-20T11:02:08Z</time>
    </trkpt>
    <trkpt lat="28.410126" lon="83.823206">
      <ele>1796.245079</ele>
      <time>2016-10-20T11:02:18Z</time>
    </trkpt>
    <trkpt lat="28.410071" lon="83.823290">
      <ele>1794.515250</ele>
      <time>2016-10-20T11:02:27Z</time>
    </trkpt>
    <trkpt lat="28.410029" lon="83.823383">
      <ele>1791.578013</ele>
      <time>2016-10-20T11:02:38Z</time>
    </trkpt>
    <trkpt lat="28.410014" lon="83.823478">
      <ele>1788.793966</ele>
      <time>2016-10-20T11:02:47Z</time>
    </trkpt>
    <trkpt lat="28.410009" lon="83.823579">
      <ele>1786.150764</ele>
      <time>2016-10-20T11:02:58Z</time>
    </trkpt>
    <trkpt lat="28.409987" lon="83.823670">
      <ele>1782.201945</ele>
      <time>2016-10-20T11:03:15Z</time>
    </trkpt>
    <trkpt lat="28.409963" lon="83.823761">
      <ele>1779.410502</ele>
      <time>2016-10-20T11:03:23Z</time>
    </trkpt>
    <trkpt lat="28.409943" lon="83.823854">
      <ele>1776.861870</ele>
      <time>2016-10-20T11:03:42Z</time>
    </trkpt>
    <trkpt lat="28.409960" lon="83.823951">
      <ele>1774.250652</ele>
      <time>2016-10-20T11:04:01Z</time>
    </trkpt>
    <trkpt lat="28.409963" lon="83.824052">
      <ele>1771.529077</ele>
      <time>2016-10-20T11:04:13Z</time>
    </trkpt>
    <trkpt lat="28.409948" lon="83.824102">
      <ele>1768.933900</ele>
      <time>2016-10-20T11:04:25Z</time>
    </trkpt>
    <trkpt lat="28.409900" lon="83.824094">
      <ele>1767.563028</ele>
      <time>2016-10-20T11:04:47Z</time>
    </trkpt>
    <trkpt lat="28.409829" lon="83.824035">
      <ele>1764.839875</ele>
      <time>2016-10-20T11:04:56Z</time>
    </trkpt>
    <trkpt lat="28.409754" lon="83.823978">
      <ele>1761.966236</ele>
      <time>2016-10-20T11:05:08Z</time>
    </trkpt>
    <trkpt lat="28.409667" lon="83.823939">
      <ele>1759.160436</ele>
      <time>2016-10-20T11:05:21Z</time>
    </trkpt>
    <trkpt lat="28.409580" lon="83.823911">
      <ele>1756.467432</ele>
      <time>2016-10-20T11:05:33Z</time>
    </trkpt>
    <trkpt lat="28.409492" lon="83.823916">
      <ele>1753.575698</ele>
      <time>2016-10-20T11:05:47Z</time>
    </trkpt>
    <trkpt lat="28.409412" lon="83.823948">
      <ele>1751.027017</ele>
      <time>2016-10-20T11:06:03Z</time>
    </trkpt>
    <trkpt lat="28.409340" lon="83.824012">
      <ele>1749.885747</ele>
      <time>2016-10-20T11:06:16Z</time>
    </trkpt>
    <trkpt lat="28.409277" lon="83.824084">
      <ele>1747.263102</ele>
      <time>2016-10-20T11:06:30Z</time>
    </trkpt>
    <trkpt lat="28.409207" lon="83.824147">
      <ele>1744.699672</ele>
      <time>2016-10-20T11:06:40Z</time>
    </trkpt>
    <trkpt lat="28.409130" lon="83.824195">
      <ele>1718.902831</ele>
      <time>2016-10-20T11:09:04Z</time>
      <extensions>
        <pause>start</pause>
        <type>manual</type>
      </extensions>
    </trkpt>
    <trkpt lat="28.409137" lon="83.824207">
      <ele>1713.754953</ele>
      <time>2016-10-20T11:12:35Z</time>
      <extensions>
        <pause>end</pause>
        <type>manual</type>
      </extensions>
    </trkpt>
    <trkpt lat="28.409066" lon="83.824208">
      <ele>1714.203029</ele>
      <time>2016-10-20T11:12:55Z</time>
      <extensions>
        <pause>start</pause>
        <type>manual</type>
      </extensions>
    </trkpt>
    <trkpt lat="28.409309" lon="83.823238">
      <ele>1698.399980</ele>
      <time>2016-10-20T11:23:26Z</time>
      <extensions>
        <pause>end</pause>
        <type>manual</type>
      </extensions>
    </trkpt>
    <trkpt lat="28.409355" lon="83.823160">
      <ele>1720.965029</ele>
      <time>2016-10-20T11:23:41Z</time>
    </trkpt>
    <trkpt lat="28.409393" lon="83.823074">
      <ele>1690.617722</ele>
      <time>2016-10-20T11:24:05Z</time>
      <extensions>
        <pause>start</pause>
        <type>manual</type>
      </extensions>
    </trkpt>
    <trkpt lat="28.409348" lon="83.822999">
      <ele>1687.643614</ele>
      <time>2016-10-20T11:24:07Z</time>
      <extensions>
        <pause>end</pause>
        <type>manual</type>
      </extensions>
    </trkpt>
    <trkpt lat="28.409317" lon="83.822908">
      <ele>1707.276970</ele>
      <time>2016-10-20T11:24:15Z</time>
    </trkpt>
    <trkpt lat="28.409297" lon="83.822816">
      <ele>1702.515839</ele>
      <time>2016-10-20T11:24:34Z</time>
    </trkpt>
    <trkpt lat="28.409280" lon="83.822735">
      <ele>1697.725849</ele>
      <time>2016-10-20T11:24:45Z</time>
    </trkpt>
    <trkpt lat="28.409274" lon="83.822654">
      <ele>1695.054332</ele>
      <time>2016-10-20T11:25:05Z</time>
    </trkpt>
    <trkpt lat="28.409270" lon="83.822571">
      <ele>1687.373959</ele>
      <time>2016-10-20T11:25:20Z</time>
    </trkpt>
    <trkpt lat="28.409283" lon="83.822476">
      <ele>1682.958269</ele>
      <time>2016-10-20T11:25:34Z</time>
    </trkpt>
    <trkpt lat="28.409291" lon="83.822377">
      <ele>1681.103189</ele>
      <time>2016-10-20T11:25:52Z</time>
    </trkpt>
    <trkpt lat="28.409300" lon="83.822276">
      <ele>1678.532879</ele>
      <time>2016-10-20T11:26:04Z</time>
    </trkpt>
    <trkpt lat="28.409303" lon="83.822174">
      <ele>1676.071798</ele>
      <time>2016-10-20T11:26:17Z</time>
    </trkpt>
    <trkpt lat="28.409313" lon="83.822074">
      <ele>1673.738608</ele>
      <time>2016-10-20T11:26:37Z</time>
    </trkpt>
    <trkpt lat="28.409313" lon="83.821979">
      <ele>1671.628719</ele>
      <time>2016-10-20T11:26:53Z</time>
    </trkpt>
    <trkpt lat="28.409305" lon="83.821883">
      <ele>1669.464124</ele>
      <time>2016-10-20T11:27:11Z</time>
    </trkpt>
    <trkpt lat="28.409282" lon="83.821785">
      <ele>1667.484554</ele>
      <time>2016-10-20T11:27:23Z</time>
    </trkpt>
    <trkpt lat="28.409276" lon="83.821683">
      <ele>1665.598250</ele>
      <time>2016-10-20T11:27:32Z</time>
    </trkpt>
    <trkpt lat="28.409272" lon="83.821581">
      <ele>1661.698995</ele>
      <time>2016-10-20T11:27:40Z</time>
    </trkpt>
    <trkpt lat="28.409293" lon="83.821487">
      <ele>1657.635414</ele>
      <time>2016-10-20T11:27:50Z</time>
    </trkpt>
    <trkpt lat="28.409311" lon="83.821392">
      <ele>1655.394936</ele>
      <time>2016-10-20T11:28:02Z</time>
    </trkpt>
    <trkpt lat="28.409350" lon="83.821297">
      <ele>1651.732581</ele>
      <time>2016-10-20T11:28:12Z</time>
    </trkpt>
    <trkpt lat="28.409381" lon="83.821198">
      <ele>1648.714312</ele>
      <time>2016-10-20T11:28:25Z</time>
    </trkpt>
    <trkpt lat="28.409406" lon="83.821099">
      <ele>1646.024234</ele>
      <time>2016-10-20T11:28:44Z</time>
    </trkpt>
    <trkpt lat="28.409431" lon="83.821000">
      <ele>1643.684022</ele>
      <time>2016-10-20T11:28:55Z</time>
    </trkpt>
    <trkpt lat="28.409430" lon="83.820899">
      <ele>1641.946274</ele>
      <time>2016-10-20T11:29:08Z</time>
    </trkpt>
    <trkpt lat="28.409404" lon="83.820816">
      <ele>1640.485016</ele>
      <time>2016-10-20T11:29:17Z</time>
    </trkpt>
    <trkpt lat="28.409353" lon="83.820735">
      <ele>1639.351292</ele>
      <time>2016-10-20T11:29:27Z</time>
    </trkpt>
    <trkpt lat="28.409295" lon="83.820657">
      <ele>1638.571318</ele>
      <time>2016-10-20T11:29:36Z</time>
    </trkpt>
    <trkpt lat="28.409238" lon="83.820575">
      <ele>1638.019904</ele>
      <time>2016-10-20T11:29:48Z</time>
    </trkpt>
    <trkpt lat="28.409163" lon="83.820506">
      <ele>1638.095482</ele>
      <time>2016-10-20T11:29:56Z</time>
    </trkpt>
    <trkpt lat="28.409089" lon="83.820437">
      <ele>1638.167819</ele>
      <time>2016-10-20T11:30:06Z</time>
    </trkpt>
    <trkpt lat="28.409024" lon="83.820362">
      <ele>1638.136026</ele>
      <time>2016-10-20T11:30:19Z</time>
    </trkpt>
    <trkpt lat="28.408982" lon="83.820265">
      <ele>1637.112153</ele>
      <time>2016-10-20T11:30:29Z</time>
    </trkpt>
    <trkpt lat="28.408957" lon="83.820161">
      <ele>1636.320885</ele>
      <time>2016-10-20T11:30:36Z</time>
    </trkpt>
    <trkpt lat="28.408947" lon="83.820045">
      <ele>1635.045889</ele>
      <time>2016-10-20T11:30:41Z</time>
    </trkpt>
    <trkpt lat="28.408924" lon="83.819941">
      <ele>1633.449655</ele>
      <time>2016-10-20T11:30:49Z</time>
    </trkpt>
    <trkpt lat="28.408875" lon="83.819866">
      <ele>1631.610966</ele>
      <time>2016-10-20T11:31:10Z</time>
    </trkpt>
    <trkpt lat="28.408800" lon="83.819825">
      <ele>1630.878515</ele>
      <time>2016-10-20T11:31:22Z</time>
    </trkpt>
    <trkpt lat="28.408728" lon="83.819840">
      <ele>1628.773415</ele>
      <time>2016-10-20T11:31:38Z</time>
    </trkpt>
    <trkpt lat="28.408687" lon="83.819897">
      <ele>1626.419470</ele>
      <time>2016-10-20T11:31:52Z</time>
    </trkpt>
    <trkpt lat="28.408673" lon="83.819994">
      <ele>1624.210183</ele>
      <time>2016-10-20T11:32:05Z</time>
    </trkpt>
    <trkpt lat="28.408663" lon="83.820094">
      <ele>1621.688206</ele>
      <time>2016-10-20T11:32:16Z</time>
    </trkpt>
    <trkpt lat="28.408667" lon="83.820175">
      <ele>1619.191606</ele>
      <time>2016-10-20T11:32:27Z</time>
    </trkpt>
    <trkpt lat="28.408682" lon="83.820253">
      <ele>1617.794926</ele>
      <time>2016-10-20T11:32:54Z</time>
    </trkpt>
    <trkpt lat="28.408712" lon="83.820332">
      <ele>1615.153605</ele>
      <time>2016-10-20T11:33:22Z</time>
    </trkpt>
    <trkpt lat="28.408735" lon="83.820428">
      <ele>1612.427598</ele>
      <time>2016-10-20T11:33:32Z</time>
    </trkpt>
    <trkpt lat="28.408749" lon="83.820529">
      <ele>1608.703341</ele>
      <time>2016-10-20T11:33:39Z</time>
    </trkpt>
    <trkpt lat="28.408746" lon="83.820624">
      <ele>1607.041479</ele>
      <time>2016-10-20T11:33:49Z</time>
    </trkpt>
    <trkpt lat="28.408739" lon="83.820721">
      <ele>1605.331163</ele>
      <time>2016-10-20T11:33:57Z</time>
    </trkpt>
    <trkpt lat="28.408721" lon="83.820814">
      <ele>1603.208686</ele>
      <time>2016-10-20T11:34:04Z</time>
    </trkpt>
    <trkpt lat="28.408686" lon="83.820895">
      <ele>1600.765512</ele>
      <time>2016-10-20T11:34:15Z</time>
    </trkpt>
    <trkpt lat="28.408631" lon="83.820972">
      <ele>1598.133714</ele>
      <time>2016-10-20T11:34:23Z</time>
    </trkpt>
    <trkpt lat="28.408607" lon="83.821045">
      <ele>1595.651546</ele>
      <time>2016-10-20T11:34:43Z</time>
    </trkpt>
    <trkpt lat="28.408591" lon="83.821127">
      <ele>1593.091935</ele>
      <time>2016-10-20T11:34:52Z</time>
    </trkpt>
    <trkpt lat="28.408556" lon="83.821184">
      <ele>1591.836440</ele>
      <time>2016-10-20T11:35:07Z</time>
    </trkpt>
    <trkpt lat="28.408478" lon="83.821227">
      <ele>1589.412937</ele>
      <time>2016-10-20T11:35:18Z</time>
    </trkpt>
    <trkpt lat="28.408398" lon="83.821268">
      <ele>1587.071531</ele>
      <time>2016-10-20T11:35:31Z</time>
    </trkpt>
    <trkpt lat="28.408339" lon="83.821271">
      <ele>1584.818553</ele>
      <time>2016-10-20T11:35:50Z</time>
    </trkpt>
    <trkpt lat="28.408278" lon="83.821277">
      <ele>1582.408364</ele>
      <time>2016-10-20T11:36:57Z</time>
    </trkpt>
    <trkpt lat="28.408211" lon="83.821280">
      <ele>1579.921080</ele>
      <time>2016-10-20T11:37:11Z</time>
    </trkpt>
    <trkpt lat="28.408125" lon="83.821331">
      <ele>1576.433265</ele>
      <time>2016-10-20T11:37:22Z</time>
    </trkpt>
    <trkpt lat="28.408053" lon="83.821387">
      <ele>1572.977318</ele>
      <time>2016-10-20T11:37:28Z</time>
    </trkpt>
    <trkpt lat="28.408030" lon="83.821452">
      <ele>1569.514990</ele>
      <time>2016-10-20T11:37:45Z</time>
    </trkpt>
    <trkpt lat="28.408024" lon="83.821539">
      <ele>1566.218024</ele>
      <time>2016-10-20T11:37:53Z</time>
    </trkpt>
    <trkpt lat="28.408008" lon="83.821623">
      <ele>1563.245195</ele>
      <time>2016-10-20T11:38:02Z</time>
    </trkpt>
    <trkpt lat="28.407962" lon="83.821713">
      <ele>1560.565206</ele>
      <time>2016-10-20T11:38:14Z</time>
    </trkpt>
    <trkpt lat="28.407938" lon="83.821798">
      <ele>1558.030345</ele>
      <time>2016-10-20T11:38:34Z</time>
    </trkpt>
    <trkpt lat="28.407929" lon="83.821895">
      <ele>1556.220988</ele>
      <time>2016-10-20T11:38:56Z</time>
    </trkpt>
    <trkpt lat="28.407914" lon="83.821986">
      <ele>1554.510696</ele>
      <time>2016-10-20T11:39:08Z</time>
    </trkpt>
    <trkpt lat="28.407881" lon="83.822077">
      <ele>1553.036635</ele>
      <time>2016-10-20T11:39:20Z</time>
    </trkpt>
    <trkpt lat="28.407830" lon="83.822126">
      <ele>1551.962985</ele>
      <time>2016-10-20T11:39:52Z</time>
    </trkpt>
    <trkpt lat="28.407764" lon="83.822158">
      <ele>1552.173804</ele>
      <time>2016-10-20T11:40:13Z</time>
    </trkpt>
    <trkpt lat="28.407684" lon="83.822183">
      <ele>1551.515121</ele>
      <time>2016-10-20T11:40:24Z</time>
    </trkpt>
    <trkpt lat="28.407604" lon="83.822225">
      <ele>1552.092792</ele>
      <time>2016-10-20T11:40:42Z</time>
    </trkpt>
    <trkpt lat="28.407540" lon="83.822274">
      <ele>1553.186923</ele>
      <time>2016-10-20T11:40:51Z</time>
    </trkpt>
    <trkpt lat="28.407489" lon="83.822325">
      <ele>1554.712973</ele>
      <time>2016-10-20T11:41:06Z</time>
    </trkpt>
    <trkpt lat="28.407444" lon="83.822394">
      <ele>1555.936477</ele>
      <time>2016-10-20T11:41:20Z</time>
    </trkpt>
    <trkpt lat="28.407381" lon="83.822440">
      <ele>1557.742486</ele>
      <time>2016-10-20T11:41:39Z</time>
    </trkpt>
    <trkpt lat="28.407309" lon="83.822433">
      <ele>1560.870202</ele>
      <time>2016-10-20T11:41:53Z</time>
    </trkpt>
    <trkpt lat="28.407238" lon="83.822375">
      <ele>1562.882661</ele>
      <time>2016-10-20T11:42:26Z</time>
    </trkpt>
    <trkpt lat="28.407194" lon="83.822287">
      <ele>1563.247495</ele>
      <time>2016-10-20T11:42:49Z</time>
    </trkpt>
    <trkpt lat="28.407144" lon="83.822208">
      <ele>1564.303025</ele>
      <time>2016-10-20T11:43:13Z</time>
    </trkpt>
    <trkpt lat="28.407124" lon="83.822122">
      <ele>1565.271940</ele>
      <time>2016-10-20T11:43:30Z</time>
    </trkpt>
    <trkpt lat="28.407108" lon="83.822033">
      <ele>1566.116559</ele>
      <time>2016-10-20T11:43:59Z</time>
    </trkpt>
    <trkpt lat="28.407122" lon="83.821930">
      <ele>1566.934251</ele>
      <time>2016-10-20T11:44:15Z</time>
    </trkpt>
    <trkpt lat="28.407117" lon="83.821826">
      <ele>1567.819164</ele>
      <time>2016-10-20T11:44:26Z</time>
    </trkpt>
    <trkpt lat="28.407103" lon="83.821730">
      <ele>1568.743266</ele>
      <time>2016-10-20T11:44:41Z</time>
    </trkpt>
    <trkpt lat="28.407052" lon="83.821664">
      <ele>1569.400397</ele>
      <time>2016-10-20T11:45:10Z</time>
    </trkpt>
    <trkpt lat="28.406995" lon="83.821658">
      <ele>1570.051517</ele>
      <time>2016-10-20T11:45:49Z</time>
    </trkpt>
    <trkpt lat="28.406950" lon="83.821709">
      <ele>1570.823911</ele>
      <time>2016-10-20T11:46:08Z</time>
    </trkpt>
    <trkpt lat="28.406938" lon="83.821794">
      <ele>1591.556505</ele>
      <time>2016-10-20T11:49:14Z</time>
      <extensions>
        <pause>start</pause>
        <type>auto</type>
      </extensions>
    </trkpt>
    <trkpt lat="28.406971" lon="83.821801">
      <ele>1592.397797</ele>
      <time>2016-10-20T11:49:30Z</time>
      <extensions>
        <pause>end</pause>
        <type>manual</type>
      </extensions>
    </trkpt>
    <trkpt lat="28.406916" lon="83.821854">
      <ele>1592.223748</ele>
      <time>2016-10-20T11:50:05Z</time>
      <extensions>
        <pause>start</pause>
        <type>manual</type>
      </extensions>
    </trkpt>
    <trkpt lat="28.406960" lon="83.821781">
      <ele>1592.219826</ele>
      <time>2016-10-20T11:50:06Z</time>
      <extensions>
        <pause>end</pause>
        <type>manual</type>
      </extensions>
    </trkpt>
    <trkpt lat="28.406887" lon="83.821848">
      <ele>1576.812854</ele>
      <time>2016-10-20T11:50:45Z</time>
    </trkpt>
    <trkpt lat="28.406821" lon="83.821920">
      <ele>1580.123913</ele>
      <time>2016-10-20T11:51:01Z</time>
    </trkpt>
    <trkpt lat="28.406763" lon="83.822000">
      <ele>1582.178056</ele>
      <time>2016-10-20T11:51:13Z</time>
    </trkpt>
    <trkpt lat="28.406708" lon="83.822084">
      <ele>1584.886867</ele>
      <time>2016-10-20T11:51:28Z</time>
    </trkpt>
    <trkpt lat="28.406654" lon="83.822172">
      <ele>1586.439006</ele>
      <time>2016-10-20T11:51:35Z</time>
    </trkpt>
    <trkpt lat="28.406592" lon="83.822249">
      <ele>1587.835505</ele>
      <time>2016-10-20T11:51:46Z</time>
    </trkpt>
    <trkpt lat="28.406519" lon="83.822301">
      <ele>1589.243255</ele>
      <time>2016-10-20T11:51:53Z</time>
    </trkpt>
    <trkpt lat="28.406432" lon="83.822322">
      <ele>1590.775688</ele>
      <time>2016-10-20T11:52:00Z</time>
    </trkpt>
    <trkpt lat="28.406335" lon="83.822318">
      <ele>1592.396688</ele>
      <time>2016-10-20T11:52:12Z</time>
    </trkpt>
    <trkpt lat="28.406237" lon="83.822299">
      <ele>1593.572524</ele>
      <time>2016-10-20T11:52:29Z</time>
    </trkpt>
    <trkpt lat="28.406141" lon="83.822292">
      <ele>1594.456730</ele>
      <time>2016-10-20T11:52:39Z</time>
    </trkpt>
    <trkpt lat="28.406047" lon="83.822312">
      <ele>1595.125079</ele>
      <time>2016-10-20T11:52:46Z</time>
    </trkpt>
    <trkpt lat="28.405957" lon="83.822370">
      <ele>1595.830387</ele>
      <time>2016-10-20T11:52:56Z</time>
    </trkpt>
    <trkpt lat="28.405876" lon="83.822443">
      <ele>1596.763049</ele>
      <time>2016-10-20T11:53:04Z</time>
    </trkpt>
    <trkpt lat="28.405809" lon="83.822522">
      <ele>1597.282104</ele>
      <time>2016-10-20T11:53:11Z</time>
    </trkpt>
    <trkpt lat="28.405744" lon="83.822593">
      <ele>1597.329699</ele>
      <time>2016-10-20T11:53:28Z</time>
    </trkpt>
    <trkpt lat="28.405671" lon="83.822655">
      <ele>1597.226399</ele>
      <time>2016-10-20T11:53:40Z</time>
    </trkpt>
    <trkpt lat="28.405590" lon="83.822708">
      <ele>1597.146597</ele>
      <time>2016-10-20T11:54:12Z</time>
    </trkpt>
    <trkpt lat="28.405508" lon="83.822761">
      <ele>1596.990886</ele>
      <time>2016-10-20T11:54:18Z</time>
    </trkpt>
    <trkpt lat="28.405425" lon="83.822817">
      <ele>1596.895091</ele>
      <time>2016-10-20T11:54:27Z</time>
    </trkpt>
    <trkpt lat="28.405342" lon="83.822879">
      <ele>1596.859590</ele>
      <time>2016-10-20T11:54:40Z</time>
    </trkpt>
    <trkpt lat="28.405259" lon="83.822941">
      <ele>1596.963917</ele>
      <time>2016-10-20T11:54:50Z</time>
    </trkpt>
    <trkpt lat="28.405180" lon="83.823002">
      <ele>1597.040348</ele>
      <time>2016-10-20T11:54:59Z</time>
    </trkpt>
    <trkpt lat="28.405105" lon="83.823064">
      <ele>1597.346324</ele>
      <time>2016-10-20T11:55:08Z</time>
    </trkpt>
    <trkpt lat="28.405024" lon="83.823120">
      <ele>1597.822241</ele>
      <time>2016-10-20T11:55:19Z</time>
    </trkpt>
    <trkpt lat="28.404941" lon="83.823143">
      <ele>1598.331926</ele>
      <time>2016-10-20T11:55:24Z</time>
    </trkpt>
    <trkpt lat="28.404871" lon="83.823174">
      <ele>1599.040602</ele>
      <time>2016-10-20T11:55:33Z</time>
    </trkpt>
    <trkpt lat="28.404816" lon="83.823221">
      <ele>1599.500504</ele>
      <time>2016-10-20T11:55:44Z</time>
    </trkpt>
    <trkpt lat="28.404770" lon="83.823308">
      <ele>1600.182338</ele>
      <time>2016-10-20T11:55:51Z</time>
    </trkpt>
    <trkpt lat="28.404705" lon="83.823381">
      <ele>1600.953055</ele>
      <time>2016-10-20T11:56:00Z</time>
    </trkpt>
    <trkpt lat="28.404629" lon="83.823449">
      <ele>1601.673636</ele>
      <time>2016-10-20T11:56:07Z</time>
    </trkpt>
    <trkpt lat="28.404553" lon="83.823520">
      <ele>1602.334434</ele>
      <time>2016-10-20T11:56:16Z</time>
    </trkpt>
    <trkpt lat="28.404476" lon="83.823592">
      <ele>1602.850614</ele>
      <time>2016-10-20T11:56:25Z</time>
    </trkpt>
    <trkpt lat="28.404409" lon="83.823669">
      <ele>1603.427938</ele>
      <time>2016-10-20T11:56:34Z</time>
    </trkpt>
    <trkpt lat="28.404340" lon="83.823744">
      <ele>1603.973519</ele>
      <time>2016-10-20T11:56:43Z</time>
    </trkpt>
    <trkpt lat="28.404275" lon="83.823827">
      <ele>1604.367818</ele>
      <time>2016-10-20T11:56:52Z</time>
    </trkpt>
    <trkpt lat="28.404199" lon="83.823896">
      <ele>1604.797370</ele>
      <time>2016-10-20T11:57:01Z</time>
    </trkpt>
    <trkpt lat="28.404115" lon="83.823948">
      <ele>1605.113881</ele>
      <time>2016-10-20T11:57:10Z</time>
    </trkpt>
    <trkpt lat="28.404024" lon="83.823984">
      <ele>1605.341731</ele>
      <time>2016-10-20T11:57:18Z</time>
    </trkpt>
    <trkpt lat="28.403932" lon="83.824012">
      <ele>1605.449631</ele>
      <time>2016-10-20T11:57:27Z</time>
    </trkpt>
    <trkpt lat="28.403841" lon="83.824022">
      <ele>1605.520237</ele>
      <time>2016-10-20T11:57:37Z</time>
    </trkpt>
    <trkpt lat="28.403749" lon="83.824027">
      <ele>1605.524096</ele>
      <time>2016-10-20T11:58:01Z</time>
    </trkpt>
    <trkpt lat="28.403659" lon="83.824041">
      <ele>1605.503086</ele>
      <time>2016-10-20T11:58:13Z</time>
    </trkpt>
    <trkpt lat="28.403567" lon="83.824054">
      <ele>1605.371299</ele>
      <time>2016-10-20T11:58:21Z</time>
    </trkpt>
    <trkpt lat="28.403474" lon="83.824074">
      <ele>1605.169780</ele>
      <time>2016-10-20T11:58:43Z</time>
    </trkpt>
    <trkpt lat="28.403382" lon="83.824103">
      <ele>1604.674035</ele>
      <time>2016-10-20T11:58:53Z</time>
    </trkpt>
    <trkpt lat="28.403292" lon="83.824149">
      <ele>1603.991696</ele>
      <time>2016-10-20T11:59:00Z</time>
    </trkpt>
    <trkpt lat="28.403206" lon="83.824194">
      <ele>1603.445966</ele>
      <time>2016-10-20T11:59:08Z</time>
    </trkpt>
    <trkpt lat="28.403128" lon="83.824244">
      <ele>1602.981552</ele>
      <time>2016-10-20T11:59:15Z</time>
    </trkpt>
    <trkpt lat="28.403052" lon="83.824304">
      <ele>1602.562017</ele>
      <time>2016-10-20T11:59:22Z</time>
    </trkpt>
    <trkpt lat="28.402977" lon="83.824375">
      <ele>1602.161198</ele>
      <time>2016-10-20T11:59:30Z</time>
    </trkpt>
    <trkpt lat="28.402891" lon="83.824426">
      <ele>1601.773245</ele>
      <time>2016-10-20T11:59:39Z</time>
    </trkpt>
    <trkpt lat="28.402802" lon="83.824459">
      <ele>1601.499776</ele>
      <time>2016-10-20T11:59:46Z</time>
    </trkpt>
    <trkpt lat="28.402710" lon="83.824453">
      <ele>1601.022476</ele>
      <time>2016-10-20T11:59:54Z</time>
    </trkpt>
    <trkpt lat="28.402625" lon="83.824420">
      <ele>1600.482808</ele>
      <time>2016-10-20T12:00:04Z</time>
    </trkpt>
    <trkpt lat="28.402541" lon="83.824371">
      <ele>1599.960136</ele>
      <time>2016-10-20T12:00:16Z</time>
    </trkpt>
    <trkpt lat="28.402464" lon="83.824313">
      <ele>1599.850527</ele>
      <time>2016-10-20T12:00:25Z</time>
    </trkpt>
    <trkpt lat="28.402389" lon="83.824252">
      <ele>1599.960594</ele>
      <time>2016-10-20T12:00:37Z</time>
    </trkpt>
    <trkpt lat="28.402315" lon="83.824187">
      <ele>1599.942355</ele>
      <time>2016-10-20T12:00:50Z</time>
    </trkpt>
    <trkpt lat="28.402256" lon="83.824112">
      <ele>1599.886626</ele>
      <time>2016-10-20T12:01:16Z</time>
    </trkpt>
    <trkpt lat="28.402202" lon="83.824029">
      <ele>1599.750958</ele>
      <time>2016-10-20T12:01:23Z</time>
    </trkpt>
    <trkpt lat="28.402144" lon="83.823957">
      <ele>1599.479046</ele>
      <time>2016-10-20T12:01:31Z</time>
    </trkpt>
    <trkpt lat="28.402078" lon="83.823888">
      <ele>1599.079249</ele>
      <time>2016-10-20T12:01:41Z</time>
    </trkpt>
    <trkpt lat="28.401998" lon="83.823834">
      <ele>1598.515325</ele>
      <time>2016-10-20T12:01:51Z</time>
    </trkpt>
    <trkpt lat="28.401928" lon="83.823763">
      <ele>1597.858020</ele>
      <time>2016-10-20T12:02:00Z</time>
    </trkpt>
    <trkpt lat="28.401853" lon="83.823698">
      <ele>1597.193677</ele>
      <time>2016-10-20T12:02:06Z</time>
    </trkpt>
    <trkpt lat="28.401799" lon="83.823615">
      <ele>1596.515831</ele>
      <time>2016-10-20T12:02:14Z</time>
    </trkpt>
    <trkpt lat="28.401748" lon="83.823530">
      <ele>1595.782322</ele>
      <time>2016-10-20T12:02:21Z</time>
    </trkpt>
    <trkpt lat="28.401707" lon="83.823438">
      <ele>1594.947513</ele>
      <time>2016-10-20T12:02:31Z</time>
    </trkpt>
    <trkpt lat="28.401669" lon="83.823341">
      <ele>1593.913743</ele>
      <time>2016-10-20T12:02:45Z</time>
    </trkpt>
    <trkpt lat="28.401624" lon="83.823250">
      <ele>1592.823609</ele>
      <time>2016-10-20T12:02:55Z</time>
    </trkpt>
    <trkpt lat="28.401566" lon="83.823168">
      <ele>1591.819781</ele>
      <time>2016-10-20T12:03:03Z</time>
    </trkpt>
    <trkpt lat="28.401499" lon="83.823091">
      <ele>1591.003039</ele>
      <time>2016-10-20T12:03:16Z</time>
    </trkpt>
    <trkpt lat="28.401436" lon="83.823012">
      <ele>1590.578058</ele>
      <time>2016-10-20T12:03:28Z</time>
    </trkpt>
    <trkpt lat="28.401374" lon="83.822934">
      <ele>1590.376049</ele>
      <time>2016-10-20T12:03:38Z</time>
    </trkpt>
    <trkpt lat="28.401315" lon="83.822854">
      <ele>1590.139194</ele>
      <time>2016-10-20T12:03:48Z</time>
    </trkpt>
    <trkpt lat="28.401275" lon="83.822765">
      <ele>1589.755442</ele>
      <time>2016-10-20T12:03:56Z</time>
    </trkpt>
    <trkpt lat="28.401225" lon="83.822687">
      <ele>1589.435789</ele>
      <time>2016-10-20T12:04:07Z</time>
    </trkpt>
    <trkpt lat="28.401181" lon="83.822676">
      <ele>1589.478059</ele>
      <time>2016-10-20T12:04:16Z</time>
    </trkpt>
    <trkpt lat="28.401109" lon="83.822713">
      <ele>1589.666850</ele>
      <time>2016-10-20T12:04:28Z</time>
    </trkpt>
    <trkpt lat="28.401042" lon="83.822782">
      <ele>1590.004236</ele>
      <time>2016-10-20T12:04:39Z</time>
    </trkpt>
    <trkpt lat="28.400956" lon="83.822829">
      <ele>1590.325473</ele>
      <time>2016-10-20T12:04:49Z</time>
    </trkpt>
    <trkpt lat="28.400893" lon="83.822895">
      <ele>1590.529621</ele>
      <time>2016-10-20T12:04:57Z</time>
    </trkpt>
    <trkpt lat="28.400855" lon="83.822976">
      <ele>1590.653813</ele>
      <time>2016-10-20T12:05:13Z</time>
    </trkpt>
    <trkpt lat="28.400859" lon="83.823076">
      <ele>1590.599939</ele>
      <time>2016-10-20T12:05:24Z</time>
    </trkpt>
    <trkpt lat="28.400852" lon="83.823169">
      <ele>1590.421359</ele>
      <time>2016-10-20T12:05:36Z</time>
    </trkpt>
    <trkpt lat="28.400848" lon="83.823262">
      <ele>1590.068655</ele>
      <time>2016-10-20T12:05:50Z</time>
    </trkpt>
    <trkpt lat="28.400811" lon="83.823351">
      <ele>1589.669376</ele>
      <time>2016-10-20T12:06:06Z</time>
    </trkpt>
    <trkpt lat="28.400780" lon="83.823445">
      <ele>1589.071838</ele>
      <time>2016-10-20T12:06:21Z</time>
    </trkpt>
    <trkpt lat="28.400739" lon="83.823534">
      <ele>1588.118283</ele>
      <time>2016-10-20T12:06:37Z</time>
    </trkpt>
    <trkpt lat="28.400702" lon="83.823627">
      <ele>1587.080128</ele>
      <time>2016-10-20T12:06:52Z</time>
    </trkpt>
    <trkpt lat="28.400672" lon="83.823722">
      <ele>1585.733348</ele>
      <time>2016-10-20T12:07:05Z</time>
    </trkpt>
    <trkpt lat="28.400641" lon="83.823820">
      <ele>1584.326804</ele>
      <time>2016-10-20T12:07:20Z</time>
    </trkpt>
    <trkpt lat="28.400617" lon="83.823918">
      <ele>1582.870099</ele>
      <time>2016-10-20T12:07:37Z</time>
    </trkpt>
    <trkpt lat="28.400572" lon="83.823995">
      <ele>1581.198358</ele>
      <time>2016-10-20T12:07:55Z</time>
    </trkpt>
    <trkpt lat="28.400525" lon="83.824068">
      <ele>1579.242627</ele>
      <time>2016-10-20T12:08:07Z</time>
    </trkpt>
    <trkpt lat="28.400469" lon="83.824138">
      <ele>1577.071429</ele>
      <time>2016-10-20T12:08:29Z</time>
    </trkpt>
    <trkpt lat="28.400457" lon="83.824225">
      <ele>1574.858605</ele>
      <time>2016-10-20T12:08:44Z</time>
    </trkpt>
    <trkpt lat="28.400463" lon="83.824316">
      <ele>1572.441465</ele>
      <time>2016-10-20T12:08:59Z</time>
    </trkpt>
    <trkpt lat="28.400460" lon="83.824407">
      <ele>1569.852432</ele>
      <time>2016-10-20T12:09:10Z</time>
    </trkpt>
    <trkpt lat="28.400411" lon="83.824482">
      <ele>1567.276046</ele>
      <time>2016-10-20T12:09:20Z</time>
    </trkpt>
    <trkpt lat="28.400333" lon="83.824542">
      <ele>1564.349395</ele>
      <time>2016-10-20T12:09:34Z</time>
    </trkpt>
    <trkpt lat="28.400252" lon="83.824591">
      <ele>1561.392528</ele>
      <time>2016-10-20T12:09:43Z</time>
    </trkpt>
    <trkpt lat="28.400168" lon="83.824628">
      <ele>1558.262784</ele>
      <time>2016-10-20T12:09:54Z</time>
    </trkpt>
    <trkpt lat="28.400091" lon="83.824617">
      <ele>1553.523337</ele>
      <time>2016-10-20T12:10:04Z</time>
    </trkpt>
    <trkpt lat="28.400021" lon="83.824565">
      <ele>1552.189718</ele>
      <time>2016-10-20T12:10:16Z</time>
    </trkpt>
    <trkpt lat="28.399953" lon="83.824505">
      <ele>1547.872640</ele>
      <time>2016-10-20T12:10:31Z</time>
    </trkpt>
    <trkpt lat="28.399871" lon="83.824466">
      <ele>1545.175585</ele>
      <time>2016-10-20T12:10:46Z</time>
    </trkpt>
    <trkpt lat="28.399781" lon="83.824464">
      <ele>1542.770543</ele>
      <time>2016-10-20T12:11:04Z</time>
    </trkpt>
    <trkpt lat="28.399690" lon="83.824481">
      <ele>1540.821312</ele>
      <time>2016-10-20T12:11:22Z</time>
    </trkpt>
    <trkpt lat="28.399610" lon="83.824533">
      <ele>1539.253845</ele>
      <time>2016-10-20T12:11:34Z</time>
    </trkpt>
    <trkpt lat="28.399536" lon="83.824597">
      <ele>1538.345503</ele>
      <time>2016-10-20T12:11:44Z</time>
    </trkpt>
    <trkpt lat="28.399465" lon="83.824666">
      <ele>1537.871311</ele>
      <time>2016-10-20T12:11:53Z</time>
    </trkpt>
    <trkpt lat="28.399395" lon="83.824730">
      <ele>1537.567974</ele>
      <time>2016-10-20T12:12:05Z</time>
    </trkpt>
    <trkpt lat="28.399323" lon="83.824790">
      <ele>1537.228521</ele>
      <time>2016-10-20T12:12:19Z</time>
    </trkpt>
    <trkpt lat="28.399259" lon="83.824855">
      <ele>1536.723085</ele>
      <time>2016-10-20T12:12:34Z</time>
    </trkpt>
    <trkpt lat="28.399194" lon="83.824921">
      <ele>1536.153659</ele>
      <time>2016-10-20T12:12:49Z</time>
    </trkpt>
    <trkpt lat="28.399124" lon="83.824983">
      <ele>1535.702488</ele>
      <time>2016-10-20T12:13:00Z</time>
    </trkpt>
    <trkpt lat="28.399047" lon="83.825043">
      <ele>1535.195974</ele>
      <time>2016-10-20T12:13:09Z</time>
    </trkpt>
    <trkpt lat="28.398964" lon="83.825099">
      <ele>1534.348440</ele>
      <time>2016-10-20T12:13:21Z</time>
    </trkpt>
    <trkpt lat="28.398887" lon="83.825162">
      <ele>1533.003408</ele>
      <time>2016-10-20T12:13:32Z</time>
    </trkpt>
    <trkpt lat="28.398821" lon="83.825241">
      <ele>1530.961446</ele>
      <time>2016-10-20T12:13:43Z</time>
    </trkpt>
    <trkpt lat="28.398754" lon="83.825315">
      <ele>1528.522569</ele>
      <time>2016-10-20T12:13:51Z</time>
    </trkpt>
    <trkpt lat="28.398690" lon="83.825394">
      <ele>1526.118158</ele>
      <time>2016-10-20T12:14:06Z</time>
    </trkpt>
    <trkpt lat="28.398614" lon="83.825437">
      <ele>1523.924455</ele>
      <time>2016-10-20T12:14:21Z</time>
    </trkpt>
    <trkpt lat="28.398560" lon="83.825493">
      <ele>1521.627246</ele>
      <time>2016-10-20T12:14:31Z</time>
    </trkpt>
    <trkpt lat="28.398512" lon="83.825552">
      <ele>1519.341502</ele>
      <time>2016-10-20T12:15:08Z</time>
    </trkpt>
    <trkpt lat="28.398467" lon="83.825634">
      <ele>1516.954648</ele>
      <time>2016-10-20T12:15:28Z</time>
    </trkpt>
    <trkpt lat="28.398433" lon="83.825698">
      <ele>1515.822174</ele>
      <time>2016-10-20T12:15:41Z</time>
    </trkpt>
    <trkpt lat="28.398415" lon="83.825739">
      <ele>1494.237737</ele>
      <time>2016-10-20T12:19:32Z</time>
      <extensions>
        <pause>start</pause>
        <type>auto</type>
      </extensions>
    </trkpt>
    <trkpt lat="28.398412" lon="83.825715">
      <ele>1493.658815</ele>
      <time>2016-10-20T12:20:56Z</time>
      <extensions>
        <pause>end</pause>
        <type>manual</type>
      </extensions>
    </trkpt>
    <trkpt lat="28.398412" lon="83.825715">
      <ele>0.000000</ele>
      <time>2016-10-20T12:21:15Z</time>
      <extensions>
        <pause>start</pause>
        <type>manual</type>
      </extensions>
    </trkpt>
    <trkpt lat="28.397517" lon="83.825893">
      <ele>1493.546739</ele>
      <time>2016-10-20T12:36:46Z</time>
      <extensions>
        <pause>end</pause>
        <type>manual</type>
      </extensions>
    </trkpt>
    <trkpt lat="28.397421" lon="83.825875">
      <ele>1498.198131</ele>
      <time>2016-10-20T12:36:54Z</time>
    </trkpt>
    <trkpt lat="28.397328" lon="83.825859">
      <ele>1496.649757</ele>
      <time>2016-10-20T12:37:01Z</time>
    </trkpt>
    <trkpt lat="28.397241" lon="83.825832">
      <ele>1495.205965</ele>
      <time>2016-10-20T12:37:09Z</time>
    </trkpt>
    <trkpt lat="28.397155" lon="83.825799">
      <ele>1494.090457</ele>
      <time>2016-10-20T12:37:19Z</time>
    </trkpt>
    <trkpt lat="28.397069" lon="83.825753">
      <ele>1493.849747</ele>
      <time>2016-10-20T12:37:32Z</time>
    </trkpt>
    <trkpt lat="28.396978" lon="83.825723">
      <ele>1493.621287</ele>
      <time>2016-10-20T12:37:48Z</time>
    </trkpt>
    <trkpt lat="28.396884" lon="83.825700">
      <ele>1493.216909</ele>
      <time>2016-10-20T12:37:56Z</time>
    </trkpt>
    <trkpt lat="28.396792" lon="83.825671">
      <ele>1493.044190</ele>
      <time>2016-10-20T12:38:05Z</time>
    </trkpt>
    <trkpt lat="28.396709" lon="83.825615">
      <ele>1493.327571</ele>
      <time>2016-10-20T12:38:18Z</time>
    </trkpt>
    <trkpt lat="28.396633" lon="83.825543">
      <ele>1493.355665</ele>
      <time>2016-10-20T12:38:27Z</time>
    </trkpt>
    <trkpt lat="28.396557" lon="83.825479">
      <ele>1493.803784</ele>
      <time>2016-10-20T12:38:39Z</time>
    </trkpt>
    <trkpt lat="28.396472" lon="83.825435">
      <ele>1494.283195</ele>
      <time>2016-10-20T12:38:49Z</time>
    </trkpt>
    <trkpt lat="28.396382" lon="83.825418">
      <ele>1494.655133</ele>
      <time>2016-10-20T12:39:03Z</time>
    </trkpt>
    <trkpt lat="28.396291" lon="83.825409">
      <ele>1494.785157</ele>
      <time>2016-10-20T12:39:14Z</time>
    </trkpt>
    <trkpt lat="28.396206" lon="83.825389">
      <ele>1495.263329</ele>
      <time>2016-10-20T12:39:26Z</time>
    </trkpt>
    <trkpt lat="28.396121" lon="83.825357">
      <ele>1495.664271</ele>
      <time>2016-10-20T12:39:34Z</time>
    </trkpt>
    <trkpt lat="28.396042" lon="83.825310">
      <ele>1495.958719</ele>
      <time>2016-10-20T12:39:44Z</time>
    </trkpt>
    <trkpt lat="28.395962" lon="83.825263">
      <ele>1496.203542</ele>
      <time>2016-10-20T12:39:54Z</time>
    </trkpt>
    <trkpt lat="28.395889" lon="83.825201">
      <ele>1496.692518</ele>
      <time>2016-10-20T12:40:05Z</time>
    </trkpt>
    <trkpt lat="28.395809" lon="83.825142">
      <ele>1496.560483</ele>
      <time>2016-10-20T12:40:15Z</time>
    </trkpt>
    <trkpt lat="28.395724" lon="83.825094">
      <ele>1496.471012</ele>
      <time>2016-10-20T12:40:31Z</time>
    </trkpt>
    <trkpt lat="28.395636" lon="83.825058">
      <ele>1496.076154</ele>
      <time>2016-10-20T12:40:44Z</time>
    </trkpt>
    <trkpt lat="28.395548" lon="83.825046">
      <ele>1495.332014</ele>
      <time>2016-10-20T12:40:58Z</time>
    </trkpt>
    <trkpt lat="28.395461" lon="83.825026">
      <ele>1495.101308</ele>
      <time>2016-10-20T12:41:11Z</time>
    </trkpt>
    <trkpt lat="28.395374" lon="83.825012">
      <ele>1493.959507</ele>
      <time>2016-10-20T12:41:26Z</time>
    </trkpt>
    <trkpt lat="28.395291" lon="83.825016">
      <ele>1492.395138</ele>
      <time>2016-10-20T12:41:41Z</time>
    </trkpt>
    <trkpt lat="28.395207" lon="83.825037">
      <ele>1490.540999</ele>
      <time>2016-10-20T12:41:49Z</time>
    </trkpt>
    <trkpt lat="28.395125" lon="83.825074">
      <ele>1488.454342</ele>
      <time>2016-10-20T12:42:03Z</time>
    </trkpt>
    <trkpt lat="28.395038" lon="83.825105">
      <ele>1486.291130</ele>
      <time>2016-10-20T12:42:14Z</time>
    </trkpt>
    <trkpt lat="28.394948" lon="83.825129">
      <ele>1484.220519</ele>
      <time>2016-10-20T12:42:21Z</time>
    </trkpt>
    <trkpt lat="28.394860" lon="83.825161">
      <ele>1481.989964</ele>
      <time>2016-10-20T12:42:30Z</time>
    </trkpt>
    <trkpt lat="28.394772" lon="83.825198">
      <ele>1479.664943</ele>
      <time>2016-10-20T12:42:40Z</time>
    </trkpt>
    <trkpt lat="28.394724" lon="83.825336">
      <ele>1474.925312</ele>
      <time>2016-10-20T12:42:56Z</time>
    </trkpt>
    <trkpt lat="28.394710" lon="83.825490">
      <ele>1472.731527</ele>
      <time>2016-10-20T12:43:07Z</time>
    </trkpt>
    <trkpt lat="28.394694" lon="83.825596">
      <ele>1470.699335</ele>
      <time>2016-10-20T12:43:15Z</time>
    </trkpt>
    <trkpt lat="28.394648" lon="83.825569">
      <ele>1469.908907</ele>
      <time>2016-10-20T12:43:21Z</time>
    </trkpt>
    <trkpt lat="28.394577" lon="83.825474">
      <ele>1468.109164</ele>
      <time>2016-10-20T12:43:24Z</time>
    </trkpt>
    <trkpt lat="28.394508" lon="83.825392">
      <ele>1466.476061</ele>
      <time>2016-10-20T12:43:28Z</time>
    </trkpt>
    <trkpt lat="28.394431" lon="83.825349">
      <ele>1465.017716</ele>
      <time>2016-10-20T12:43:37Z</time>
    </trkpt>
    <trkpt lat="28.394341" lon="83.825333">
      <ele>1463.585642</ele>
      <time>2016-10-20T12:43:45Z</time>
    </trkpt>
    <trkpt lat="28.394251" lon="83.825321">
      <ele>1462.413842</ele>
      <time>2016-10-20T12:43:56Z</time>
    </trkpt>
    <trkpt lat="28.394157" lon="83.825313">
      <ele>1461.305877</ele>
      <time>2016-10-20T12:44:06Z</time>
    </trkpt>
    <trkpt lat="28.394063" lon="83.825301">
      <ele>1460.346571</ele>
      <time>2016-10-20T12:44:14Z</time>
    </trkpt>
    <trkpt lat="28.393979" lon="83.825277">
      <ele>1459.378400</ele>
      <time>2016-10-20T12:44:26Z</time>
    </trkpt>
    <trkpt lat="28.393910" lon="83.825214">
      <ele>1458.642514</ele>
      <time>2016-10-20T12:44:42Z</time>
    </trkpt>
    <trkpt lat="28.393842" lon="83.825154">
      <ele>1458.031843</ele>
      <time>2016-10-20T12:44:56Z</time>
    </trkpt>
    <trkpt lat="28.393762" lon="83.825115">
      <ele>1457.553806</ele>
      <time>2016-10-20T12:45:14Z</time>
    </trkpt>
    <trkpt lat="28.393672" lon="83.825115">
      <ele>1457.291803</ele>
      <time>2016-10-20T12:45:27Z</time>
    </trkpt>
    <trkpt lat="28.393584" lon="83.825103">
      <ele>1457.268925</ele>
      <time>2016-10-20T12:45:40Z</time>
    </trkpt>
    <trkpt lat="28.393498" lon="83.825086">
      <ele>1457.437854</ele>
      <time>2016-10-20T12:45:51Z</time>
    </trkpt>
    <trkpt lat="28.393412" lon="83.825046">
      <ele>1457.416588</ele>
      <time>2016-10-20T12:46:01Z</time>
    </trkpt>
    <trkpt lat="28.393328" lon="83.825004">
      <ele>1457.596671</ele>
      <time>2016-10-20T12:46:13Z</time>
    </trkpt>
    <trkpt lat="28.393244" lon="83.824956">
      <ele>1457.748189</ele>
      <time>2016-10-20T12:46:30Z</time>
    </trkpt>
    <trkpt lat="28.393159" lon="83.824917">
      <ele>1458.060102</ele>
      <time>2016-10-20T12:46:46Z</time>
    </trkpt>
    <trkpt lat="28.393068" lon="83.824911">
      <ele>1458.364221</ele>
      <time>2016-10-20T12:46:55Z</time>
    </trkpt>
    <trkpt lat="28.392976" lon="83.824927">
      <ele>1458.537622</ele>
      <time>2016-10-20T12:47:08Z</time>
    </trkpt>
    <trkpt lat="28.392884" lon="83.824952">
      <ele>1458.739044</ele>
      <time>2016-10-20T12:47:24Z</time>
    </trkpt>
    <trkpt lat="28.392791" lon="83.824962">
      <ele>1459.159510</ele>
      <time>2016-10-20T12:47:35Z</time>
    </trkpt>
    <trkpt lat="28.392696" lon="83.824955">
      <ele>1459.656232</ele>
      <time>2016-10-20T12:47:45Z</time>
    </trkpt>
    <trkpt lat="28.392601" lon="83.824949">
      <ele>1459.982606</ele>
      <time>2016-10-20T12:47:57Z</time>
    </trkpt>
    <trkpt lat="28.392506" lon="83.824951">
      <ele>1460.294964</ele>
      <time>2016-10-20T12:48:08Z</time>
    </trkpt>
    <trkpt lat="28.392410" lon="83.824969">
      <ele>1460.949745</ele>
      <time>2016-10-20T12:48:17Z</time>
    </trkpt>
    <trkpt lat="28.392314" lon="83.824979">
      <ele>1461.758584</ele>
      <time>2016-10-20T12:48:29Z</time>
    </trkpt>
    <trkpt lat="28.392219" lon="83.824984">
      <ele>1462.461017</ele>
      <time>2016-10-20T12:48:41Z</time>
    </trkpt>
    <trkpt lat="28.392129" lon="83.824993">
      <ele>1463.398889</ele>
      <time>2016-10-20T12:48:55Z</time>
    </trkpt>
    <trkpt lat="28.392043" lon="83.825024">
      <ele>1464.280887</ele>
      <time>2016-10-20T12:49:09Z</time>
    </trkpt>
    <trkpt lat="28.391957" lon="83.825056">
      <ele>1465.159221</ele>
      <time>2016-10-20T12:49:20Z</time>
    </trkpt>
    <trkpt lat="28.391878" lon="83.825081">
      <ele>1465.580056</ele>
      <time>2016-10-20T12:49:30Z</time>
    </trkpt>
    <trkpt lat="28.391799" lon="83.825103">
      <ele>1465.962828</ele>
      <time>2016-10-20T12:49:37Z</time>
    </trkpt>
    <trkpt lat="28.391721" lon="83.825140">
      <ele>1466.462438</ele>
      <time>2016-10-20T12:49:48Z</time>
    </trkpt>
    <trkpt lat="28.391639" lon="83.825190">
      <ele>1467.074306</ele>
      <time>2016-10-20T12:49:59Z</time>
    </trkpt>
    <trkpt lat="28.391554" lon="83.825220">
      <ele>1467.543325</ele>
      <time>2016-10-20T12:50:10Z</time>
    </trkpt>
    <trkpt lat="28.391473" lon="83.825258">
      <ele>1466.622573</ele>
      <time>2016-10-20T12:50:23Z</time>
    </trkpt>
    <trkpt lat="28.391389" lon="83.825288">
      <ele>1467.305513</ele>
      <time>2016-10-20T12:50:33Z</time>
    </trkpt>
    <trkpt lat="28.391308" lon="83.825335">
      <ele>1467.886954</ele>
      <time>2016-10-20T12:50:45Z</time>
    </trkpt>
    <trkpt lat="28.391233" lon="83.825374">
      <ele>1468.513763</ele>
      <time>2016-10-20T12:51:00Z</time>
    </trkpt>
    <trkpt lat="28.391168" lon="83.825416">
      <ele>1469.215044</ele>
      <time>2016-10-20T12:51:12Z</time>
    </trkpt>
    <trkpt lat="28.391103" lon="83.825464">
      <ele>1469.642622</ele>
      <time>2016-10-20T12:51:27Z</time>
    </trkpt>
    <trkpt lat="28.391024" lon="83.825503">
      <ele>1470.274378</ele>
      <time>2016-10-20T12:51:39Z</time>
    </trkpt>
    <trkpt lat="28.390940" lon="83.825552">
      <ele>1470.934915</ele>
      <time>2016-10-20T12:51:47Z</time>
    </trkpt>
    <trkpt lat="28.390854" lon="83.825591">
      <ele>1470.813445</ele>
      <time>2016-10-20T12:51:58Z</time>
    </trkpt>
    <trkpt lat="28.390768" lon="83.825630">
      <ele>1471.486749</ele>
      <time>2016-10-20T12:52:11Z</time>
    </trkpt>
    <trkpt lat="28.390674" lon="83.825653">
      <ele>1471.366506</ele>
      <time>2016-10-20T12:52:22Z</time>
    </trkpt>
    <trkpt lat="28.390584" lon="83.825661">
      <ele>1472.202333</ele>
      <time>2016-10-20T12:52:32Z</time>
    </trkpt>
    <trkpt lat="28.390493" lon="83.825660">
      <ele>1471.693894</ele>
      <time>2016-10-20T12:52:45Z</time>
    </trkpt>
    <trkpt lat="28.390408" lon="83.825671">
      <ele>1471.414812</ele>
      <time>2016-10-20T12:52:57Z</time>
    </trkpt>
    <trkpt lat="28.390321" lon="83.825701">
      <ele>1471.115203</ele>
      <time>2016-10-20T12:53:07Z</time>
    </trkpt>
    <trkpt lat="28.390237" lon="83.825750">
      <ele>1471.027567</ele>
      <time>2016-10-20T12:53:18Z</time>
    </trkpt>
    <trkpt lat="28.390151" lon="83.825779">
      <ele>1470.863554</ele>
      <time>2016-10-20T12:53:27Z</time>
    </trkpt>
    <trkpt lat="28.390063" lon="83.825790">
      <ele>1470.369567</ele>
      <time>2016-10-20T12:53:40Z</time>
    </trkpt>
    <trkpt lat="28.389972" lon="83.825777">
      <ele>1470.028016</ele>
      <time>2016-10-20T12:53:51Z</time>
    </trkpt>
    <trkpt lat="28.389878" lon="83.825758">
      <ele>1470.283565</ele>
      <time>2016-10-20T12:54:08Z</time>
    </trkpt>
    <trkpt lat="28.389784" lon="83.825736">
      <ele>1469.568548</ele>
      <time>2016-10-20T12:54:24Z</time>
    </trkpt>
    <trkpt lat="28.389689" lon="83.825713">
      <ele>1469.876794</ele>
      <time>2016-10-20T12:54:36Z</time>
    </trkpt>
    <trkpt lat="28.389601" lon="83.825682">
      <ele>1470.022217</ele>
      <time>2016-10-20T12:54:51Z</time>
    </trkpt>
    <trkpt lat="28.389516" lon="83.825645">
      <ele>1469.814575</ele>
      <time>2016-10-20T12:55:06Z</time>
    </trkpt>
    <trkpt lat="28.389433" lon="83.825603">
      <ele>1469.762524</ele>
      <time>2016-10-20T12:55:19Z</time>
    </trkpt>
    <trkpt lat="28.389350" lon="83.825560">
      <ele>1469.745850</ele>
      <time>2016-10-20T12:55:40Z</time>
    </trkpt>
    <trkpt lat="28.389272" lon="83.825507">
      <ele>1469.911279</ele>
      <time>2016-10-20T12:55:51Z</time>
    </trkpt>
    <trkpt lat="28.389193" lon="83.825456">
      <ele>1470.418323</ele>
      <time>2016-10-20T12:56:04Z</time>
    </trkpt>
    <trkpt lat="28.389110" lon="83.825418">
      <ele>1470.499768</ele>
      <time>2016-10-20T12:56:23Z</time>
    </trkpt>
    <trkpt lat="28.389020" lon="83.825403">
      <ele>1470.836438</ele>
      <time>2016-10-20T12:56:34Z</time>
    </trkpt>
    <trkpt lat="28.388927" lon="83.825392">
      <ele>1470.962451</ele>
      <time>2016-10-20T12:56:50Z</time>
    </trkpt>
    <trkpt lat="28.388831" lon="83.825393">
      <ele>1471.016174</ele>
      <time>2016-10-20T12:57:00Z</time>
    </trkpt>
    <trkpt lat="28.388749" lon="83.825369">
      <ele>1471.396692</ele>
      <time>2016-10-20T12:57:05Z</time>
    </trkpt>
    <trkpt lat="28.388667" lon="83.825352">
      <ele>1472.073462</ele>
      <time>2016-10-20T12:57:26Z</time>
    </trkpt>
    <trkpt lat="28.388590" lon="83.825317">
      <ele>1472.653638</ele>
      <time>2016-10-20T12:57:38Z</time>
    </trkpt>
    <trkpt lat="28.388508" lon="83.825281">
      <ele>1472.904724</ele>
      <time>2016-10-20T12:57:51Z</time>
    </trkpt>
    <trkpt lat="28.388436" lon="83.825221">
      <ele>1473.017615</ele>
      <time>2016-10-20T12:58:02Z</time>
    </trkpt>
    <trkpt lat="28.388369" lon="83.825175">
      <ele>1473.344434</ele>
      <time>2016-10-20T12:58:16Z</time>
    </trkpt>
    <trkpt lat="28.388307" lon="83.825123">
      <ele>1474.434473</ele>
      <time>2016-10-20T12:59:00Z</time>
    </trkpt>
    <trkpt lat="28.388285" lon="83.825118">
      <ele>1475.262418</ele>
      <time>2016-10-20T12:59:14Z</time>
    </trkpt>
    <trkpt lat="28.388271" lon="83.825147">
      <ele>1475.831950</ele>
      <time>2016-10-20T13:00:03Z</time>
    </trkpt>
    <trkpt lat="28.388276" lon="83.825239">
      <ele>1476.393412</ele>
      <time>2016-10-20T13:00:08Z</time>
    </trkpt>
    <trkpt lat="28.388247" lon="83.825271">
      <ele>1476.808777</ele>
      <time>2016-10-20T13:00:20Z</time>
    </trkpt>
    <trkpt lat="28.388215" lon="83.825243">
      <ele>1475.943303</ele>
      <time>2016-10-20T13:00:40Z</time>
    </trkpt>
    <trkpt lat="28.388161" lon="83.825152">
      <ele>1475.286743</ele>
      <time>2016-10-20T13:00:52Z</time>
    </trkpt>
    <trkpt lat="28.388097" lon="83.825078">
      <ele>1474.131470</ele>
      <time>2016-10-20T13:01:01Z</time>
    </trkpt>
    <trkpt lat="28.388022" lon="83.825020">
      <ele>1472.768235</ele>
      <time>2016-10-20T13:01:12Z</time>
    </trkpt>
    <trkpt lat="28.387952" lon="83.824960">
      <ele>1471.093703</ele>
      <time>2016-10-20T13:01:25Z</time>
    </trkpt>
    <trkpt lat="28.387908" lon="83.824884">
      <ele>1469.158269</ele>
      <time>2016-10-20T13:01:37Z</time>
    </trkpt>
    <trkpt lat="28.387878" lon="83.824796">
      <ele>1466.999108</ele>
      <time>2016-10-20T13:01:52Z</time>
    </trkpt>
    <trkpt lat="28.387851" lon="83.824707">
      <ele>1464.508620</ele>
      <time>2016-10-20T13:02:13Z</time>
    </trkpt>
    <trkpt lat="28.387809" lon="83.824624">
      <ele>1461.331834</ele>
      <time>2016-10-20T13:02:30Z</time>
    </trkpt>
    <trkpt lat="28.387756" lon="83.824551">
      <ele>1457.808782</ele>
      <time>2016-10-20T13:02:39Z</time>
    </trkpt>
    <trkpt lat="28.387683" lon="83.824500">
      <ele>1454.076228</ele>
      <time>2016-10-20T13:02:48Z</time>
    </trkpt>
    <trkpt lat="28.387604" lon="83.824457">
      <ele>1450.130099</ele>
      <time>2016-10-20T13:02:56Z</time>
    </trkpt>
    <trkpt lat="28.387540" lon="83.824398">
      <ele>1445.998761</ele>
      <time>2016-10-20T13:03:07Z</time>
    </trkpt>
    <trkpt lat="28.387476" lon="83.824352">
      <ele>1442.373019</ele>
      <time>2016-10-20T13:03:21Z</time>
    </trkpt>
    <trkpt lat="28.387404" lon="83.824330">
      <ele>1438.733051</ele>
      <time>2016-10-20T13:03:39Z</time>
    </trkpt>
    <trkpt lat="28.387315" lon="83.824324">
      <ele>1435.361741</ele>
      <time>2016-10-20T13:03:56Z</time>
    </trkpt>
    <trkpt lat="28.387229" lon="83.824296">
      <ele>1432.190571</ele>
      <time>2016-10-20T13:04:20Z</time>
    </trkpt>
    <trkpt lat="28.387151" lon="83.824284">
      <ele>1425.413974</ele>
      <time>2016-10-20T13:04:38Z</time>
    </trkpt>
    <trkpt lat="28.387083" lon="83.824318">
      <ele>1422.225309</ele>
      <time>2016-10-20T13:05:00Z</time>
    </trkpt>
    <trkpt lat="28.387011" lon="83.824368">
      <ele>1417.353662</ele>
      <time>2016-10-20T13:05:15Z</time>
    </trkpt>
    <trkpt lat="28.386934" lon="83.824380">
      <ele>1414.958521</ele>
      <time>2016-10-20T13:05:37Z</time>
    </trkpt>
    <trkpt lat="28.386846" lon="83.824343">
      <ele>1412.867419</ele>
      <time>2016-10-20T13:05:51Z</time>
    </trkpt>
    <trkpt lat="28.386762" lon="83.824292">
      <ele>1411.376599</ele>
      <time>2016-10-20T13:06:04Z</time>
    </trkpt>
    <trkpt lat="28.386685" lon="83.824238">
      <ele>1410.028320</ele>
      <time>2016-10-20T13:06:14Z</time>
    </trkpt>
    <trkpt lat="28.386607" lon="83.824207">
      <ele>1408.883984</ele>
      <time>2016-10-20T13:06:24Z</time>
    </trkpt>
    <trkpt lat="28.386527" lon="83.824176">
      <ele>1407.665540</ele>
      <time>2016-10-20T13:06:40Z</time>
    </trkpt>
    <trkpt lat="28.386441" lon="83.824150">
      <ele>1406.283398</ele>
      <time>2016-10-20T13:06:52Z</time>
    </trkpt>
    <trkpt lat="28.386355" lon="83.824122">
      <ele>1405.338208</ele>
      <time>2016-10-20T13:07:11Z</time>
    </trkpt>
    <trkpt lat="28.386267" lon="83.824118">
      <ele>1404.215393</ele>
      <time>2016-10-20T13:07:32Z</time>
    </trkpt>
    <trkpt lat="28.386184" lon="83.824109">
      <ele>1402.763184</ele>
      <time>2016-10-20T13:07:50Z</time>
    </trkpt>
    <trkpt lat="28.386106" lon="83.824081">
      <ele>1401.240576</ele>
      <time>2016-10-20T13:08:03Z</time>
    </trkpt>
    <trkpt lat="28.386044" lon="83.824001">
      <ele>1399.736963</ele>
      <time>2016-10-20T13:08:14Z</time>
    </trkpt>
    <trkpt lat="28.385974" lon="83.823946">
      <ele>1398.123962</ele>
      <time>2016-10-20T13:08:21Z</time>
    </trkpt>
    <trkpt lat="28.385899" lon="83.823903">
      <ele>1396.513269</ele>
      <time>2016-10-20T13:08:43Z</time>
    </trkpt>
    <trkpt lat="28.385810" lon="83.823894">
      <ele>1395.108191</ele>
      <time>2016-10-20T13:08:54Z</time>
    </trkpt>
    <trkpt lat="28.385731" lon="83.823852">
      <ele>1393.421851</ele>
      <time>2016-10-20T13:09:02Z</time>
    </trkpt>
    <trkpt lat="28.385651" lon="83.823798">
      <ele>1391.363147</ele>
      <time>2016-10-20T13:09:13Z</time>
    </trkpt>
    <trkpt lat="28.385570" lon="83.823749">
      <ele>1389.322791</ele>
      <time>2016-10-20T13:09:29Z</time>
    </trkpt>
    <trkpt lat="28.385481" lon="83.823711">
      <ele>1388.563832</ele>
      <time>2016-10-20T13:09:48Z</time>
    </trkpt>
    <trkpt lat="28.385398" lon="83.823712">
      <ele>1386.570398</ele>
      <time>2016-10-20T13:09:57Z</time>
    </trkpt>
    <trkpt lat="28.385314" lon="83.823709">
      <ele>1386.175870</ele>
      <time>2016-10-20T13:10:15Z</time>
    </trkpt>
    <trkpt lat="28.385234" lon="83.823703">
      <ele>1385.041138</ele>
      <time>2016-10-20T13:10:28Z</time>
    </trkpt>
    <trkpt lat="28.385148" lon="83.823665">
      <ele>1384.219671</ele>
      <time>2016-10-20T13:10:36Z</time>
    </trkpt>
    <trkpt lat="28.385060" lon="83.823650">
      <ele>1383.887340</ele>
      <time>2016-10-20T13:10:51Z</time>
    </trkpt>
    <trkpt lat="28.384970" lon="83.823670">
      <ele>1383.797996</ele>
      <time>2016-10-20T13:11:04Z</time>
    </trkpt>
    <trkpt lat="28.384887" lon="83.823677">
      <ele>1383.703036</ele>
      <time>2016-10-20T13:11:16Z</time>
    </trkpt>
    <trkpt lat="28.384809" lon="83.823688">
      <ele>1384.032826</ele>
      <time>2016-10-20T13:11:50Z</time>
    </trkpt>
    <trkpt lat="28.384727" lon="83.823691">
      <ele>1384.501143</ele>
      <time>2016-10-20T13:11:59Z</time>
    </trkpt>
    <trkpt lat="28.384636" lon="83.823723">
      <ele>1385.078513</ele>
      <time>2016-10-20T13:12:08Z</time>
    </trkpt>
    <trkpt lat="28.384554" lon="83.823764">
      <ele>1385.812966</ele>
      <time>2016-10-20T13:12:18Z</time>
    </trkpt>
    <trkpt lat="28.384492" lon="83.823831">
      <ele>1386.428445</ele>
      <time>2016-10-20T13:12:28Z</time>
    </trkpt>
    <trkpt lat="28.384429" lon="83.823895">
      <ele>1386.795854</ele>
      <time>2016-10-20T13:12:36Z</time>
    </trkpt>
    <trkpt lat="28.384352" lon="83.823929">
      <ele>1387.069192</ele>
      <time>2016-10-20T13:12:48Z</time>
    </trkpt>
    <trkpt lat="28.384258" lon="83.823941">
      <ele>1387.223799</ele>
      <time>2016-10-20T13:12:56Z</time>
    </trkpt>
    <trkpt lat="28.384167" lon="83.823963">
      <ele>1386.739502</ele>
      <time>2016-10-20T13:13:05Z</time>
    </trkpt>
    <trkpt lat="28.384078" lon="83.823998">
      <ele>1386.254028</ele>
      <time>2016-10-20T13:13:16Z</time>
    </trkpt>
    <trkpt lat="28.383988" lon="83.824023">
      <ele>1385.835560</ele>
      <time>2016-10-20T13:13:26Z</time>
    </trkpt>
    <trkpt lat="28.383896" lon="83.824033">
      <ele>1385.330111</ele>
      <time>2016-10-20T13:13:35Z</time>
    </trkpt>
    <trkpt lat="28.383805" lon="83.824016">
      <ele>1384.944014</ele>
      <time>2016-10-20T13:13:49Z</time>
    </trkpt>
    <trkpt lat="28.383719" lon="83.823981">
      <ele>1384.612205</ele>
      <time>2016-10-20T13:14:04Z</time>
    </trkpt>
    <trkpt lat="28.383635" lon="83.823928">
      <ele>1384.211048</ele>
      <time>2016-10-20T13:14:19Z</time>
    </trkpt>
    <trkpt lat="28.383553" lon="83.823877">
      <ele>1383.948109</ele>
      <time>2016-10-20T13:14:37Z</time>
    </trkpt>
    <trkpt lat="28.383470" lon="83.823821">
      <ele>1383.743127</ele>
      <time>2016-10-20T13:14:46Z</time>
    </trkpt>
    <trkpt lat="28.383389" lon="83.823769">
      <ele>1383.843835</ele>
      <time>2016-10-20T13:14:53Z</time>
    </trkpt>
    <trkpt lat="28.383307" lon="83.823726">
      <ele>1384.220300</ele>
      <time>2016-10-20T13:15:03Z</time>
    </trkpt>
    <trkpt lat="28.383219" lon="83.823709">
      <ele>1384.299512</ele>
      <time>2016-10-20T13:15:25Z</time>
    </trkpt>
    <trkpt lat="28.383132" lon="83.823686">
      <ele>1384.423938</ele>
      <time>2016-10-20T13:15:59Z</time>
    </trkpt>
    <trkpt lat="28.383074" lon="83.823632">
      <ele>1384.747107</ele>
      <time>2016-10-20T13:16:18Z</time>
    </trkpt>
    <trkpt lat="28.383016" lon="83.823560">
      <ele>1385.136267</ele>
      <time>2016-10-20T13:16:36Z</time>
    </trkpt>
    <trkpt lat="28.382950" lon="83.823517">
      <ele>1385.481311</ele>
      <time>2016-10-20T13:16:47Z</time>
    </trkpt>
    <trkpt lat="28.382863" lon="83.823517">
      <ele>1385.973169</ele>
      <time>2016-10-20T13:17:06Z</time>
    </trkpt>
    <trkpt lat="28.382816" lon="83.823524">
      <ele>1386.294078</ele>
      <time>2016-10-20T13:21:12Z</time>
    </trkpt>
    <trkpt lat="28.382814" lon="83.823518">
      <ele>1397.665649</ele>
      <time>2016-10-20T13:21:37Z</time>
      <extensions>
        <pause>start</pause>
        <type>auto</type>
      </extensions>
    </trkpt>
    <trkpt lat="28.382999" lon="83.823263">
      <ele>1401.087769</ele>
      <time>2016-10-20T13:25:55Z</time>
      <extensions>
        <pause>end</pause>
        <type>manual</type>
      </extensions>
    </trkpt>
    <trkpt lat="28.382958" lon="83.823330">
      <ele>1386.992639</ele>
      <time>2016-10-20T13:26:02Z</time>
    </trkpt>
    <trkpt lat="28.382936" lon="83.823395">
      <ele>1387.538232</ele>
      <time>2016-10-20T13:26:16Z</time>
    </trkpt>
    <trkpt lat="28.382952" lon="83.823418">
      <ele>1389.198877</ele>
      <time>2016-10-20T13:27:29Z</time>
    </trkpt>
    <trkpt lat="28.382953" lon="83.823456">
      <ele>1389.968584</ele>
      <time>2016-10-20T13:29:17Z</time>
    </trkpt>
    <trkpt lat="28.382939" lon="83.823466">
      <ele>1390.895182</ele>
      <time>2016-10-20T13:29:36Z</time>
    </trkpt>
    <trkpt lat="28.382891" lon="83.823486">
      <ele>1374.844727</ele>
      <time>2016-10-20T13:30:12Z</time>
      <extensions>
        <pause>start</pause>
        <type>manual</type>
      </extensions>
    </trkpt>
    <trkpt lat="28.381995" lon="83.823329">
      <ele>1372.719238</ele>
      <time>2016-10-20T13:34:43Z</time>
      <extensions>
        <pause>end</pause>
        <type>manual</type>
      </extensions>
    </trkpt>
    <trkpt lat="28.381904" lon="83.823338">
      <ele>1400.884574</ele>
      <time>2016-10-20T13:34:55Z</time>
    </trkpt>
    <trkpt lat="28.381810" lon="83.823339">
      <ele>1393.571795</ele>
      <time>2016-10-20T13:35:08Z</time>
    </trkpt>
    <trkpt lat="28.381716" lon="83.823344">
      <ele>1391.378988</ele>
      <time>2016-10-20T13:35:20Z</time>
    </trkpt>
    <trkpt lat="28.381621" lon="83.823340">
      <ele>1388.667324</ele>
      <time>2016-10-20T13:35:35Z</time>
    </trkpt>
    <trkpt lat="28.381529" lon="83.823337">
      <ele>1381.649379</ele>
      <time>2016-10-20T13:35:50Z</time>
    </trkpt>
    <trkpt lat="28.381437" lon="83.823325">
      <ele>1372.938075</ele>
      <time>2016-10-20T13:36:01Z</time>
    </trkpt>
    <trkpt lat="28.381345" lon="83.823313">
      <ele>1369.592997</ele>
      <time>2016-10-20T13:36:13Z</time>
    </trkpt>
    <trkpt lat="28.381252" lon="83.823308">
      <ele>1368.387431</ele>
      <time>2016-10-20T13:36:25Z</time>
    </trkpt>
    <trkpt lat="28.381160" lon="83.823308">
      <ele>1367.938982</ele>
      <time>2016-10-20T13:36:36Z</time>
    </trkpt>
    <trkpt lat="28.381068" lon="83.823316">
      <ele>1367.195923</ele>
      <time>2016-10-20T13:36:51Z</time>
    </trkpt>
    <trkpt lat="28.380975" lon="83.823319">
      <ele>1367.047555</ele>
      <time>2016-10-20T13:37:07Z</time>
    </trkpt>
    <trkpt lat="28.380896" lon="83.823351">
      <ele>1366.774933</ele>
      <time>2016-10-20T13:37:32Z</time>
    </trkpt>
    <trkpt lat="28.380821" lon="83.823401">
      <ele>1366.404378</ele>
      <time>2016-10-20T13:37:40Z</time>
    </trkpt>
    <trkpt lat="28.380751" lon="83.823473">
      <ele>1366.099762</ele>
      <time>2016-10-20T13:37:52Z</time>
    </trkpt>
    <trkpt lat="28.380679" lon="83.823487">
      <ele>1365.661065</ele>
      <time>2016-10-20T13:38:03Z</time>
    </trkpt>
    <trkpt lat="28.380607" lon="83.823493">
      <ele>1365.163049</ele>
      <time>2016-10-20T13:38:11Z</time>
    </trkpt>
    <trkpt lat="28.380539" lon="83.823505">
      <ele>1364.835738</ele>
      <time>2016-10-20T13:38:25Z</time>
    </trkpt>
    <trkpt lat="28.380458" lon="83.823553">
      <ele>1364.268033</ele>
      <time>2016-10-20T13:38:39Z</time>
    </trkpt>
    <trkpt lat="28.380399" lon="83.823548">
      <ele>1363.908459</ele>
      <time>2016-10-20T13:38:59Z</time>
    </trkpt>
    <trkpt lat="28.380348" lon="83.823489">
      <ele>1363.387842</ele>
      <time>2016-10-20T13:39:07Z</time>
    </trkpt>
    <trkpt lat="28.380310" lon="83.823400">
      <ele>1362.970557</ele>
      <time>2016-10-20T13:39:15Z</time>
    </trkpt>
    <trkpt lat="28.380261" lon="83.823320">
      <ele>1362.765625</ele>
      <time>2016-10-20T13:39:31Z</time>
    </trkpt>
    <trkpt lat="28.380193" lon="83.823260">
      <ele>1362.326005</ele>
      <time>2016-10-20T13:39:43Z</time>
    </trkpt>
    <trkpt lat="28.380127" lon="83.823195">
      <ele>1361.958130</ele>
      <time>2016-10-20T13:40:01Z</time>
    </trkpt>
    <trkpt lat="28.380047" lon="83.823160">
      <ele>1361.435358</ele>
      <time>2016-10-20T13:40:15Z</time>
    </trkpt>
    <trkpt lat="28.379967" lon="83.823130">
      <ele>1360.897278</ele>
      <time>2016-10-20T13:40:29Z</time>
    </trkpt>
    <trkpt lat="28.379878" lon="83.823111">
      <ele>1359.723745</ele>
      <time>2016-10-20T13:40:45Z</time>
    </trkpt>
    <trkpt lat="28.379789" lon="83.823075">
      <ele>1358.656413</ele>
      <time>2016-10-20T13:40:57Z</time>
    </trkpt>
    <trkpt lat="28.379702" lon="83.823041">
      <ele>1357.698069</ele>
      <time>2016-10-20T13:41:19Z</time>
    </trkpt>
    <trkpt lat="28.379610" lon="83.823013">
      <ele>1356.892161</ele>
      <time>2016-10-20T13:41:34Z</time>
    </trkpt>
    <trkpt lat="28.379520" lon="83.823006">
      <ele>1356.355804</ele>
      <time>2016-10-20T13:41:46Z</time>
    </trkpt>
    <trkpt lat="28.379429" lon="83.823006">
      <ele>1355.760763</ele>
      <time>2016-10-20T13:42:00Z</time>
    </trkpt>
    <trkpt lat="28.379344" lon="83.822993">
      <ele>1355.557200</ele>
      <time>2016-10-20T13:42:13Z</time>
    </trkpt>
    <trkpt lat="28.379258" lon="83.822962">
      <ele>1355.450389</ele>
      <time>2016-10-20T13:42:22Z</time>
    </trkpt>
    <trkpt lat="28.379179" lon="83.822946">
      <ele>1355.293223</ele>
      <time>2016-10-20T13:42:41Z</time>
    </trkpt>
    <trkpt lat="28.379098" lon="83.822971">
      <ele>1354.627519</ele>
      <time>2016-10-20T13:42:59Z</time>
    </trkpt>
    <trkpt lat="28.379024" lon="83.822984">
      <ele>1354.603871</ele>
      <time>2016-10-20T13:43:20Z</time>
    </trkpt>
    <trkpt lat="28.378953" lon="83.822951">
      <ele>1355.053755</ele>
      <time>2016-10-20T13:43:31Z</time>
    </trkpt>
    <trkpt lat="28.378887" lon="83.822876">
      <ele>1355.361184</ele>
      <time>2016-10-20T13:43:40Z</time>
    </trkpt>
    <trkpt lat="28.378821" lon="83.822802">
      <ele>1355.688565</ele>
      <time>2016-10-20T13:43:53Z</time>
    </trkpt>
    <trkpt lat="28.378769" lon="83.822721">
      <ele>1355.555154</ele>
      <time>2016-10-20T13:44:08Z</time>
    </trkpt>
    <trkpt lat="28.378722" lon="83.822637">
      <ele>1354.727439</ele>
      <time>2016-10-20T13:44:18Z</time>
    </trkpt>
    <trkpt lat="28.378699" lon="83.822540">
      <ele>1353.851696</ele>
      <time>2016-10-20T13:44:27Z</time>
    </trkpt>
    <trkpt lat="28.378675" lon="83.822445">
      <ele>1352.639660</ele>
      <time>2016-10-20T13:44:44Z</time>
    </trkpt>
    <trkpt lat="28.378669" lon="83.822341">
      <ele>1350.740283</ele>
      <time>2016-10-20T13:44:59Z</time>
    </trkpt>
    <trkpt lat="28.378651" lon="83.822238">
      <ele>1349.356250</ele>
      <time>2016-10-20T13:45:14Z</time>
    </trkpt>
    <trkpt lat="28.378627" lon="83.822136">
      <ele>1348.246826</ele>
      <time>2016-10-20T13:45:25Z</time>
    </trkpt>
    <trkpt lat="28.378587" lon="83.822039">
      <ele>1346.770789</ele>
      <time>2016-10-20T13:45:39Z</time>
    </trkpt>
    <trkpt lat="28.378529" lon="83.821965">
      <ele>1345.306543</ele>
      <time>2016-10-20T13:45:56Z</time>
    </trkpt>
    <trkpt lat="28.378468" lon="83.821894">
      <ele>1343.747913</ele>
      <time>2016-10-20T13:46:11Z</time>
    </trkpt>
    <trkpt lat="28.378406" lon="83.821825">
      <ele>1343.125721</ele>
      <time>2016-10-20T13:46:24Z</time>
    </trkpt>
    <trkpt lat="28.378347" lon="83.821743">
      <ele>1341.472888</ele>
      <time>2016-10-20T13:46:38Z</time>
    </trkpt>
    <trkpt lat="28.378274" lon="83.821685">
      <ele>1340.509021</ele>
      <time>2016-10-20T13:46:52Z</time>
    </trkpt>
    <trkpt lat="28.378208" lon="83.821620">
      <ele>1339.659387</ele>
      <time>2016-10-20T13:47:01Z</time>
    </trkpt>
    <trkpt lat="28.378144" lon="83.821559">
      <ele>1338.579639</ele>
      <time>2016-10-20T13:47:17Z</time>
    </trkpt>
    <trkpt lat="28.378080" lon="83.821485">
      <ele>1337.312585</ele>
      <time>2016-10-20T13:47:32Z</time>
    </trkpt>
    <trkpt lat="28.378002" lon="83.821421">
      <ele>1336.067896</ele>
      <time>2016-10-20T13:47:43Z</time>
    </trkpt>
    <trkpt lat="28.377937" lon="83.821354">
      <ele>1335.127173</ele>
      <time>2016-10-20T13:47:53Z</time>
    </trkpt>
    <trkpt lat="28.377883" lon="83.821279">
      <ele>1334.273547</ele>
      <time>2016-10-20T13:48:03Z</time>
    </trkpt>
    <trkpt lat="28.377831" lon="83.821205">
      <ele>1333.385181</ele>
      <time>2016-10-20T13:48:20Z</time>
    </trkpt>
    <trkpt lat="28.377788" lon="83.821114">
      <ele>1332.710547</ele>
      <time>2016-10-20T13:48:37Z</time>
    </trkpt>
    <trkpt lat="28.377738" lon="83.821032">
      <ele>1332.102942</ele>
      <time>2016-10-20T13:48:55Z</time>
    </trkpt>
    <trkpt lat="28.377683" lon="83.820956">
      <ele>1331.769446</ele>
      <time>2016-10-20T13:49:09Z</time>
    </trkpt>
    <trkpt lat="28.377605" lon="83.820899">
      <ele>1333.327450</ele>
      <time>2016-10-20T13:49:19Z</time>
    </trkpt>
    <trkpt lat="28.377523" lon="83.820865">
      <ele>1335.266787</ele>
      <time>2016-10-20T13:49:30Z</time>
    </trkpt>
    <trkpt lat="28.377437" lon="83.820844">
      <ele>1337.773080</ele>
      <time>2016-10-20T13:49:41Z</time>
    </trkpt>
    <trkpt lat="28.377355" lon="83.820816">
      <ele>1340.533672</ele>
      <time>2016-10-20T13:49:57Z</time>
    </trkpt>
    <trkpt lat="28.377283" lon="83.820755">
      <ele>1343.305189</ele>
      <time>2016-10-20T13:50:11Z</time>
    </trkpt>
    <trkpt lat="28.377214" lon="83.820679">
      <ele>1346.050553</ele>
      <time>2016-10-20T13:50:23Z</time>
    </trkpt>
    <trkpt lat="28.377143" lon="83.820610">
      <ele>1348.909284</ele>
      <time>2016-10-20T13:50:34Z</time>
    </trkpt>
    <trkpt lat="28.377072" lon="83.820540">
      <ele>1351.441802</ele>
      <time>2016-10-20T13:50:46Z</time>
    </trkpt>
    <trkpt lat="28.377025" lon="83.820455">
      <ele>1354.029387</ele>
      <time>2016-10-20T13:50:56Z</time>
    </trkpt>
    <trkpt lat="28.377008" lon="83.820356">
      <ele>1356.524023</ele>
      <time>2016-10-20T13:51:06Z</time>
    </trkpt>
    <trkpt lat="28.377002" lon="83.820251">
      <ele>1357.029716</ele>
      <time>2016-10-20T13:51:17Z</time>
    </trkpt>
    <trkpt lat="28.376983" lon="83.820151">
      <ele>1357.257864</ele>
      <time>2016-10-20T13:51:27Z</time>
    </trkpt>
    <trkpt lat="28.376946" lon="83.820062">
      <ele>1357.168127</ele>
      <time>2016-10-20T13:51:42Z</time>
    </trkpt>
    <trkpt lat="28.376912" lon="83.819984">
      <ele>1356.935542</ele>
      <time>2016-10-20T13:51:58Z</time>
    </trkpt>
    <trkpt lat="28.376871" lon="83.819944">
      <ele>1356.716875</ele>
      <time>2016-10-20T13:52:06Z</time>
    </trkpt>
    <trkpt lat="28.376819" lon="83.819905">
      <ele>1356.632959</ele>
      <time>2016-10-20T13:52:13Z</time>
    </trkpt>
    <trkpt lat="28.376751" lon="83.819867">
      <ele>1356.444462</ele>
      <time>2016-10-20T13:52:37Z</time>
    </trkpt>
    <trkpt lat="28.376678" lon="83.819808">
      <ele>1356.196513</ele>
      <time>2016-10-20T13:53:10Z</time>
    </trkpt>
    <trkpt lat="28.376598" lon="83.819771">
      <ele>1354.617313</ele>
      <time>2016-10-20T13:53:24Z</time>
    </trkpt>
    <trkpt lat="28.376511" lon="83.819748">
      <ele>1354.084831</ele>
      <time>2016-10-20T13:53:42Z</time>
    </trkpt>
    <trkpt lat="28.376423" lon="83.819754">
      <ele>1352.261849</ele>
      <time>2016-10-20T13:53:54Z</time>
    </trkpt>
    <trkpt lat="28.376333" lon="83.819762">
      <ele>1350.227889</ele>
      <time>2016-10-20T13:54:05Z</time>
    </trkpt>
    <trkpt lat="28.376254" lon="83.819751">
      <ele>1348.349667</ele>
      <time>2016-10-20T13:54:27Z</time>
    </trkpt>
    <trkpt lat="28.376165" lon="83.819721">
      <ele>1346.551269</ele>
      <time>2016-10-20T13:54:43Z</time>
    </trkpt>
    <trkpt lat="28.376077" lon="83.819687">
      <ele>1344.351581</ele>
      <time>2016-10-20T13:54:56Z</time>
    </trkpt>
    <trkpt lat="28.375976" lon="83.819686">
      <ele>1342.253397</ele>
      <time>2016-10-20T13:55:06Z</time>
    </trkpt>
    <trkpt lat="28.375883" lon="83.819684">
      <ele>1340.191599</ele>
      <time>2016-10-20T13:55:15Z</time>
    </trkpt>
    <trkpt lat="28.375789" lon="83.819678">
      <ele>1337.987560</ele>
      <time>2016-10-20T13:55:25Z</time>
    </trkpt>
    <trkpt lat="28.375697" lon="83.819668">
      <ele>1335.714787</ele>
      <time>2016-10-20T13:55:37Z</time>
    </trkpt>
    <trkpt lat="28.375603" lon="83.819651">
      <ele>1334.726539</ele>
      <time>2016-10-20T13:55:46Z</time>
    </trkpt>
    <trkpt lat="28.375512" lon="83.819629">
      <ele>1332.486472</ele>
      <time>2016-10-20T13:55:58Z</time>
    </trkpt>
    <trkpt lat="28.375421" lon="83.819603">
      <ele>1331.519875</ele>
      <time>2016-10-20T13:56:13Z</time>
    </trkpt>
    <trkpt lat="28.375334" lon="83.819571">
      <ele>1330.279028</ele>
      <time>2016-10-20T13:56:30Z</time>
    </trkpt>
    <trkpt lat="28.375248" lon="83.819531">
      <ele>1329.200867</ele>
      <time>2016-10-20T13:56:41Z</time>
    </trkpt>
    <trkpt lat="28.375161" lon="83.819493">
      <ele>1327.960638</ele>
      <time>2016-10-20T13:56:59Z</time>
    </trkpt>
    <trkpt lat="28.375071" lon="83.819466">
      <ele>1327.497986</ele>
      <time>2016-10-20T13:57:06Z</time>
    </trkpt>
    <trkpt lat="28.374980" lon="83.819448">
      <ele>1326.423865</ele>
      <time>2016-10-20T13:57:27Z</time>
    </trkpt>
    <trkpt lat="28.374890" lon="83.819419">
      <ele>1325.433203</ele>
      <time>2016-10-20T13:57:37Z</time>
    </trkpt>
    <trkpt lat="28.374803" lon="83.819397">
      <ele>1324.146995</ele>
      <time>2016-10-20T13:57:49Z</time>
    </trkpt>
    <trkpt lat="28.374715" lon="83.819365">
      <ele>1323.371305</ele>
      <time>2016-10-20T13:58:15Z</time>
    </trkpt>
    <trkpt lat="28.374625" lon="83.819336">
      <ele>1322.675792</ele>
      <time>2016-10-20T13:58:26Z</time>
    </trkpt>
    <trkpt lat="28.374531" lon="83.819308">
      <ele>1321.989236</ele>
      <time>2016-10-20T13:58:37Z</time>
    </trkpt>
    <trkpt lat="28.374436" lon="83.819313">
      <ele>1321.068892</ele>
      <time>2016-10-20T13:58:46Z</time>
    </trkpt>
    <trkpt lat="28.374341" lon="83.819321">
      <ele>1319.811568</ele>
      <time>2016-10-20T13:58:58Z</time>
    </trkpt>
    <trkpt lat="28.374254" lon="83.819307">
      <ele>1318.604215</ele>
      <time>2016-10-20T13:59:14Z</time>
    </trkpt>
    <trkpt lat="28.374175" lon="83.819254">
      <ele>1317.470903</ele>
      <time>2016-10-20T13:59:28Z</time>
    </trkpt>
    <trkpt lat="28.374107" lon="83.819187">
      <ele>1316.980713</ele>
      <time>2016-10-20T13:59:39Z</time>
    </trkpt>
    <trkpt lat="28.374043" lon="83.819110">
      <ele>1315.909705</ele>
      <time>2016-10-20T13:59:55Z</time>
    </trkpt>
    <trkpt lat="28.373982" lon="83.819031">
      <ele>1314.628967</ele>
      <time>2016-10-20T14:00:03Z</time>
    </trkpt>
    <trkpt lat="28.373925" lon="83.818944">
      <ele>1313.606824</ele>
      <time>2016-10-20T14:00:11Z</time>
    </trkpt>
    <trkpt lat="28.373860" lon="83.818867">
      <ele>1312.792627</ele>
      <time>2016-10-20T14:00:19Z</time>
    </trkpt>
    <trkpt lat="28.373784" lon="83.818808">
      <ele>1312.025061</ele>
      <time>2016-10-20T14:00:30Z</time>
    </trkpt>
    <trkpt lat="28.373694" lon="83.818767">
      <ele>1310.992664</ele>
      <time>2016-10-20T14:00:37Z</time>
    </trkpt>
    <trkpt lat="28.373603" lon="83.818744">
      <ele>1310.162488</ele>
      <time>2016-10-20T14:00:46Z</time>
    </trkpt>
    <trkpt lat="28.373508" lon="83.818733">
      <ele>1309.785278</ele>
      <time>2016-10-20T14:00:55Z</time>
    </trkpt>
    <trkpt lat="28.373414" lon="83.818721">
      <ele>1309.454626</ele>
      <time>2016-10-20T14:01:07Z</time>
    </trkpt>
    <trkpt lat="28.373325" lon="83.818686">
      <ele>1309.182141</ele>
      <time>2016-10-20T14:01:23Z</time>
    </trkpt>
    <trkpt lat="28.373245" lon="83.818635">
      <ele>1308.983057</ele>
      <time>2016-10-20T14:02:00Z</time>
    </trkpt>
    <trkpt lat="28.373167" lon="83.818579">
      <ele>1307.864136</ele>
      <time>2016-10-20T14:03:21Z</time>
      <extensions>
        <pause>start</pause>
        <type>manual</type>
      </extensions>
    </trkpt>
    <trkpt lat="28.373041" lon="83.818598">
      <ele>1324.274919</ele>
      <time>2016-10-20T15:13:37Z</time>
      <extensions>
        <pause>end</pause>
        <type>manual</type>
      </extensions>
    </trkpt>
    <trkpt lat="28.372959" lon="83.818541">
      <ele>1308.049316</ele>
      <time>2016-10-20T15:14:26Z</time>
    </trkpt>
    <trkpt lat="28.372875" lon="83.818500">
      <ele>1307.476099</ele>
      <time>2016-10-20T15:14:36Z</time>
    </trkpt>
    <trkpt lat="28.372789" lon="83.818488">
      <ele>1307.312952</ele>
      <time>2016-10-20T15:14:48Z</time>
    </trkpt>
    <trkpt lat="28.372700" lon="83.818488">
      <ele>1308.930556</ele>
      <time>2016-10-20T15:15:06Z</time>
    </trkpt>
    <trkpt lat="28.372638" lon="83.818461">
      <ele>1310.505055</ele>
      <time>2016-10-20T15:15:23Z</time>
    </trkpt>
    <trkpt lat="28.372607" lon="83.818395">
      <ele>1311.602308</ele>
      <time>2016-10-20T15:16:32Z</time>
    </trkpt>
    <trkpt lat="28.372616" lon="83.818310">
      <ele>1312.962786</ele>
      <time>2016-10-20T15:16:58Z</time>
    </trkpt>
    <trkpt lat="28.372621" lon="83.818222">
      <ele>1314.546236</ele>
      <time>2016-10-20T15:17:49Z</time>
    </trkpt>
    <trkpt lat="28.372591" lon="83.818160">
      <ele>1316.362194</ele>
      <time>2016-10-20T15:18:11Z</time>
    </trkpt>
    <trkpt lat="28.372518" lon="83.818126">
      <ele>1318.799308</ele>
      <time>2016-10-20T15:18:43Z</time>
    </trkpt>
    <trkpt lat="28.372421" lon="83.818132">
      <ele>1321.663837</ele>
      <time>2016-10-20T15:18:53Z</time>
    </trkpt>
    <trkpt lat="28.372325" lon="83.818152">
      <ele>1325.109509</ele>
      <time>2016-10-20T15:19:06Z</time>
    </trkpt>
    <trkpt lat="28.372230" lon="83.818177">
      <ele>1328.749486</ele>
      <time>2016-10-20T15:19:17Z</time>
    </trkpt>
    <trkpt lat="28.372135" lon="83.818198">
      <ele>1332.585545</ele>
      <time>2016-10-20T15:19:29Z</time>
    </trkpt>
    <trkpt lat="28.372039" lon="83.818211">
      <ele>1335.028425</ele>
      <time>2016-10-20T15:19:40Z</time>
    </trkpt>
    <trkpt lat="28.371944" lon="83.818212">
      <ele>1337.589741</ele>
      <time>2016-10-20T15:19:51Z</time>
    </trkpt>
    <trkpt lat="28.371849" lon="83.818210">
      <ele>1340.298358</ele>
      <time>2016-10-20T15:20:03Z</time>
    </trkpt>
    <trkpt lat="28.371755" lon="83.818191">
      <ele>1342.031595</ele>
      <time>2016-10-20T15:20:15Z</time>
    </trkpt>
    <trkpt lat="28.371664" lon="83.818162">
      <ele>1344.767046</ele>
      <time>2016-10-20T15:20:27Z</time>
    </trkpt>
    <trkpt lat="28.371579" lon="83.818113">
      <ele>1347.330132</ele>
      <time>2016-10-20T15:20:45Z</time>
    </trkpt>
    <trkpt lat="28.371495" lon="83.818067">
      <ele>1349.361414</ele>
      <time>2016-10-20T15:21:07Z</time>
    </trkpt>
    <trkpt lat="28.371410" lon="83.818026">
      <ele>1350.891796</ele>
      <time>2016-10-20T15:21:22Z</time>
    </trkpt>
    <trkpt lat="28.371322" lon="83.818015">
      <ele>1351.687697</ele>
      <time>2016-10-20T15:21:43Z</time>
    </trkpt>
    <trkpt lat="28.371237" lon="83.817999">
      <ele>1352.397634</ele>
      <time>2016-10-20T15:22:01Z</time>
    </trkpt>
    <trkpt lat="28.371148" lon="83.817989">
      <ele>1352.902219</ele>
      <time>2016-10-20T15:22:17Z</time>
    </trkpt>
    <trkpt lat="28.371061" lon="83.817965">
      <ele>1354.144479</ele>
      <time>2016-10-20T15:22:29Z</time>
    </trkpt>
    <trkpt lat="28.370966" lon="83.817958">
      <ele>1354.989978</ele>
      <time>2016-10-20T15:22:46Z</time>
    </trkpt>
    <trkpt lat="28.370871" lon="83.817955">
      <ele>1356.011368</ele>
      <time>2016-10-20T15:22:58Z</time>
    </trkpt>
    <trkpt lat="28.370774" lon="83.817954">
      <ele>1357.272237</ele>
      <time>2016-10-20T15:23:09Z</time>
    </trkpt>
    <trkpt lat="28.370679" lon="83.817956">
      <ele>1358.523582</ele>
      <time>2016-10-20T15:23:20Z</time>
    </trkpt>
    <trkpt lat="28.370588" lon="83.817948">
      <ele>1359.884651</ele>
      <time>2016-10-20T15:23:38Z</time>
    </trkpt>
    <trkpt lat="28.370501" lon="83.817926">
      <ele>1361.440677</ele>
      <time>2016-10-20T15:23:43Z</time>
    </trkpt>
    <trkpt lat="28.370430" lon="83.817871">
      <ele>1363.042635</ele>
      <time>2016-10-20T15:23:52Z</time>
    </trkpt>
    <trkpt lat="28.370358" lon="83.817814">
      <ele>1364.592351</ele>
      <time>2016-10-20T15:24:08Z</time>
    </trkpt>
    <trkpt lat="28.370287" lon="83.817786">
      <ele>1365.540924</ele>
      <time>2016-10-20T15:24:20Z</time>
    </trkpt>
    <trkpt lat="28.370201" lon="83.817802">
      <ele>1366.876036</ele>
      <time>2016-10-20T15:24:29Z</time>
    </trkpt>
    <trkpt lat="28.370114" lon="83.817842">
      <ele>1367.996904</ele>
      <time>2016-10-20T15:24:39Z</time>
    </trkpt>
    <trkpt lat="28.370024" lon="83.817869">
      <ele>1368.959163</ele>
      <time>2016-10-20T15:24:49Z</time>
    </trkpt>
    <trkpt lat="28.369929" lon="83.817893">
      <ele>1370.062986</ele>
      <time>2016-10-20T15:25:04Z</time>
    </trkpt>
    <trkpt lat="28.369835" lon="83.817918">
      <ele>1371.001169</ele>
      <time>2016-10-20T15:25:16Z</time>
    </trkpt>
    <trkpt lat="28.369743" lon="83.817939">
      <ele>1372.028127</ele>
      <time>2016-10-20T15:25:27Z</time>
    </trkpt>
    <trkpt lat="28.369653" lon="83.817939">
      <ele>1373.039763</ele>
      <time>2016-10-20T15:25:36Z</time>
    </trkpt>
    <trkpt lat="28.369568" lon="83.817903">
      <ele>1374.053802</ele>
      <time>2016-10-20T15:25:44Z</time>
    </trkpt>
    <trkpt lat="28.369489" lon="83.817847">
      <ele>1375.090668</ele>
      <time>2016-10-20T15:25:53Z</time>
    </trkpt>
    <trkpt lat="28.369415" lon="83.817781">
      <ele>1376.160728</ele>
      <time>2016-10-20T15:26:03Z</time>
    </trkpt>
    <trkpt lat="28.369336" lon="83.817719">
      <ele>1377.142647</ele>
      <time>2016-10-20T15:26:15Z</time>
    </trkpt>
    <trkpt lat="28.369248" lon="83.817679">
      <ele>1378.071260</ele>
      <time>2016-10-20T15:26:26Z</time>
    </trkpt>
    <trkpt lat="28.369151" lon="83.817662">
      <ele>1379.004099</ele>
      <time>2016-10-20T15:26:37Z</time>
    </trkpt>
    <trkpt lat="28.369058" lon="83.817642">
      <ele>1379.575630</ele>
      <time>2016-10-20T15:26:47Z</time>
    </trkpt>
    <trkpt lat="28.368970" lon="83.817604">
      <ele>1380.033961</ele>
      <time>2016-10-20T15:26:57Z</time>
    </trkpt>
    <trkpt lat="28.368883" lon="83.817556">
      <ele>1380.451064</ele>
      <time>2016-10-20T15:27:07Z</time>
    </trkpt>
    <trkpt lat="28.368791" lon="83.817524">
      <ele>1380.719649</ele>
      <time>2016-10-20T15:27:16Z</time>
    </trkpt>
    <trkpt lat="28.368697" lon="83.817509">
      <ele>1380.968333</ele>
      <time>2016-10-20T15:27:28Z</time>
    </trkpt>
    <trkpt lat="28.368602" lon="83.817497">
      <ele>1381.518653</ele>
      <time>2016-10-20T15:27:37Z</time>
    </trkpt>
    <trkpt lat="28.368508" lon="83.817497">
      <ele>1381.836115</ele>
      <time>2016-10-20T15:27:47Z</time>
    </trkpt>
    <trkpt lat="28.368413" lon="83.817509">
      <ele>1382.187909</ele>
      <time>2016-10-20T15:27:58Z</time>
    </trkpt>
    <trkpt lat="28.368316" lon="83.817533">
      <ele>1382.568986</ele>
      <time>2016-10-20T15:28:07Z</time>
    </trkpt>
    <trkpt lat="28.368220" lon="83.817543">
      <ele>1382.933954</ele>
      <time>2016-10-20T15:28:17Z</time>
    </trkpt>
    <trkpt lat="28.368133" lon="83.817519">
      <ele>1383.249242</ele>
      <time>2016-10-20T15:28:25Z</time>
    </trkpt>
    <trkpt lat="28.368058" lon="83.817461">
      <ele>1383.466057</ele>
      <time>2016-10-20T15:28:34Z</time>
    </trkpt>
    <trkpt lat="28.367987" lon="83.817391">
      <ele>1383.617303</ele>
      <time>2016-10-20T15:28:44Z</time>
    </trkpt>
    <trkpt lat="28.367907" lon="83.817335">
      <ele>1383.813544</ele>
      <time>2016-10-20T15:28:53Z</time>
    </trkpt>
    <trkpt lat="28.367827" lon="83.817272">
      <ele>1383.942172</ele>
      <time>2016-10-20T15:29:04Z</time>
    </trkpt>
    <trkpt lat="28.367747" lon="83.817208">
      <ele>1384.085467</ele>
      <time>2016-10-20T15:29:18Z</time>
    </trkpt>
    <trkpt lat="28.367665" lon="83.817151">
      <ele>1384.111933</ele>
      <time>2016-10-20T15:29:27Z</time>
    </trkpt>
    <trkpt lat="28.367578" lon="83.817117">
      <ele>1384.126293</ele>
      <time>2016-10-20T15:29:38Z</time>
    </trkpt>
    <trkpt lat="28.367485" lon="83.817111">
      <ele>1384.249769</ele>
      <time>2016-10-20T15:29:47Z</time>
    </trkpt>
    <trkpt lat="28.367397" lon="83.817127">
      <ele>1384.475968</ele>
      <time>2016-10-20T15:29:57Z</time>
    </trkpt>
    <trkpt lat="28.367306" lon="83.817151">
      <ele>1384.501049</ele>
      <time>2016-10-20T15:30:07Z</time>
    </trkpt>
    <trkpt lat="28.367215" lon="83.817172">
      <ele>1384.896009</ele>
      <time>2016-10-20T15:30:18Z</time>
    </trkpt>
    <trkpt lat="28.367123" lon="83.817168">
      <ele>1385.391750</ele>
      <time>2016-10-20T15:30:26Z</time>
    </trkpt>
    <trkpt lat="28.367045" lon="83.817134">
      <ele>1386.225119</ele>
      <time>2016-10-20T15:30:42Z</time>
    </trkpt>
    <trkpt lat="28.366971" lon="83.817083">
      <ele>1386.504101</ele>
      <time>2016-10-20T15:30:52Z</time>
    </trkpt>
    <trkpt lat="28.366901" lon="83.817016">
      <ele>1386.864502</ele>
      <time>2016-10-20T15:31:08Z</time>
    </trkpt>
    <trkpt lat="28.366833" lon="83.816950">
      <ele>1387.381419</ele>
      <time>2016-10-20T15:31:18Z</time>
    </trkpt>
    <trkpt lat="28.366770" lon="83.816870">
      <ele>1387.931778</ele>
      <time>2016-10-20T15:31:27Z</time>
    </trkpt>
    <trkpt lat="28.366711" lon="83.816790">
      <ele>1388.664914</ele>
      <time>2016-10-20T15:31:38Z</time>
    </trkpt>
    <trkpt lat="28.366635" lon="83.816737">
      <ele>1389.153912</ele>
      <time>2016-10-20T15:31:49Z</time>
    </trkpt>
    <trkpt lat="28.366550" lon="83.816715">
      <ele>1389.193848</ele>
      <time>2016-10-20T15:32:01Z</time>
    </trkpt>
    <trkpt lat="28.366461" lon="83.816733">
      <ele>1389.006214</ele>
      <time>2016-10-20T15:32:12Z</time>
    </trkpt>
    <trkpt lat="28.366370" lon="83.816760">
      <ele>1388.872905</ele>
      <time>2016-10-20T15:32:33Z</time>
    </trkpt>
    <trkpt lat="28.366279" lon="83.816753">
      <ele>1388.692980</ele>
      <time>2016-10-20T15:33:07Z</time>
    </trkpt>
    <trkpt lat="28.366187" lon="83.816712">
      <ele>1388.687195</ele>
      <time>2016-10-20T15:33:15Z</time>
    </trkpt>
    <trkpt lat="28.366109" lon="83.816641">
      <ele>1388.802507</ele>
      <time>2016-10-20T15:33:22Z</time>
    </trkpt>
    <trkpt lat="28.366035" lon="83.816584">
      <ele>1388.861013</ele>
      <time>2016-10-20T15:33:32Z</time>
    </trkpt>
    <trkpt lat="28.365961" lon="83.816535">
      <ele>1389.017661</ele>
      <time>2016-10-20T15:33:44Z</time>
    </trkpt>
    <trkpt lat="28.365876" lon="83.816521">
      <ele>1389.005496</ele>
      <time>2016-10-20T15:33:55Z</time>
    </trkpt>
    <trkpt lat="28.365789" lon="83.816519">
      <ele>1389.184755</ele>
      <time>2016-10-20T15:34:07Z</time>
    </trkpt>
    <trkpt lat="28.365699" lon="83.816531">
      <ele>1389.732953</ele>
      <time>2016-10-20T15:34:20Z</time>
    </trkpt>
    <trkpt lat="28.365609" lon="83.816547">
      <ele>1390.744609</ele>
      <time>2016-10-20T15:34:31Z</time>
    </trkpt>
    <trkpt lat="28.365523" lon="83.816582">
      <ele>1391.915082</ele>
      <time>2016-10-20T15:34:44Z</time>
    </trkpt>
    <trkpt lat="28.365441" lon="83.816626">
      <ele>1393.205157</ele>
      <time>2016-10-20T15:34:58Z</time>
    </trkpt>
    <trkpt lat="28.365362" lon="83.816671">
      <ele>1394.475373</ele>
      <time>2016-10-20T15:35:23Z</time>
    </trkpt>
    <trkpt lat="28.365281" lon="83.816719">
      <ele>1395.891192</ele>
      <time>2016-10-20T15:35:41Z</time>
    </trkpt>
    <trkpt lat="28.365196" lon="83.816764">
      <ele>1397.188730</ele>
      <time>2016-10-20T15:35:59Z</time>
    </trkpt>
    <trkpt lat="28.365113" lon="83.816817">
      <ele>1398.402953</ele>
      <time>2016-10-20T15:36:19Z</time>
    </trkpt>
    <trkpt lat="28.365033" lon="83.816873">
      <ele>1399.639050</ele>
      <time>2016-10-20T15:36:31Z</time>
    </trkpt>
    <trkpt lat="28.364965" lon="83.816947">
      <ele>1401.005982</ele>
      <time>2016-10-20T15:36:45Z</time>
    </trkpt>
    <trkpt lat="28.364891" lon="83.816995">
      <ele>1402.626250</ele>
      <time>2016-10-20T15:36:55Z</time>
    </trkpt>
    <trkpt lat="28.364818" lon="83.816998">
      <ele>1404.223522</ele>
      <time>2016-10-20T15:37:05Z</time>
    </trkpt>
    <trkpt lat="28.364737" lon="83.816958">
      <ele>1405.803709</ele>
      <time>2016-10-20T15:37:14Z</time>
    </trkpt>
    <trkpt lat="28.364663" lon="83.816898">
      <ele>1407.427499</ele>
      <time>2016-10-20T15:37:22Z</time>
    </trkpt>
    <trkpt lat="28.364589" lon="83.816837">
      <ele>1408.971831</ele>
      <time>2016-10-20T15:37:32Z</time>
    </trkpt>
    <trkpt lat="28.364529" lon="83.816757">
      <ele>1410.039957</ele>
      <time>2016-10-20T15:37:51Z</time>
    </trkpt>
    <trkpt lat="28.364500" lon="83.816666">
      <ele>1411.054832</ele>
      <time>2016-10-20T15:38:03Z</time>
    </trkpt>
    <trkpt lat="28.364477" lon="83.816568">
      <ele>1411.926135</ele>
      <time>2016-10-20T15:38:15Z</time>
    </trkpt>
    <trkpt lat="28.364467" lon="83.816469">
      <ele>1412.605209</ele>
      <time>2016-10-20T15:38:27Z</time>
    </trkpt>
    <trkpt lat="28.364426" lon="83.816382">
      <ele>1413.043539</ele>
      <time>2016-10-20T15:38:39Z</time>
    </trkpt>
    <trkpt lat="28.364372" lon="83.816340">
      <ele>1413.025569</ele>
      <time>2016-10-20T15:38:47Z</time>
    </trkpt>
    <trkpt lat="28.364290" lon="83.816347">
      <ele>1412.645012</ele>
      <time>2016-10-20T15:38:56Z</time>
    </trkpt>
    <trkpt lat="28.364199" lon="83.816378">
      <ele>1411.891703</ele>
      <time>2016-10-20T15:39:05Z</time>
    </trkpt>
    <trkpt lat="28.364110" lon="83.816386">
      <ele>1410.666177</ele>
      <time>2016-10-20T15:39:13Z</time>
    </trkpt>
    <trkpt lat="28.364022" lon="83.816358">
      <ele>1409.219323</ele>
      <time>2016-10-20T15:39:21Z</time>
    </trkpt>
    <trkpt lat="28.363937" lon="83.816310">
      <ele>1408.550107</ele>
      <time>2016-10-20T15:39:30Z</time>
    </trkpt>
    <trkpt lat="28.363850" lon="83.816273">
      <ele>1407.488515</ele>
      <time>2016-10-20T15:39:38Z</time>
    </trkpt>
    <trkpt lat="28.363759" lon="83.816247">
      <ele>1406.410728</ele>
      <time>2016-10-20T15:39:47Z</time>
    </trkpt>
    <trkpt lat="28.363669" lon="83.816226">
      <ele>1405.497361</ele>
      <time>2016-10-20T15:39:55Z</time>
    </trkpt>
    <trkpt lat="28.363590" lon="83.816174">
      <ele>1404.743977</ele>
      <time>2016-10-20T15:40:03Z</time>
    </trkpt>
    <trkpt lat="28.363529" lon="83.816097">
      <ele>1404.166826</ele>
      <time>2016-10-20T15:40:16Z</time>
    </trkpt>
    <trkpt lat="28.363475" lon="83.816007">
      <ele>1403.224772</ele>
      <time>2016-10-20T15:41:01Z</time>
    </trkpt>
    <trkpt lat="28.363432" lon="83.815916">
      <ele>1402.978881</ele>
      <time>2016-10-20T15:41:14Z</time>
    </trkpt>
    <trkpt lat="28.363391" lon="83.815827">
      <ele>1402.871040</ele>
      <time>2016-10-20T15:41:55Z</time>
    </trkpt>
    <trkpt lat="28.363353" lon="83.815733">
      <ele>1403.002653</ele>
      <time>2016-10-20T15:42:16Z</time>
    </trkpt>
    <trkpt lat="28.363301" lon="83.815645">
      <ele>1403.152260</ele>
      <time>2016-10-20T15:43:07Z</time>
    </trkpt>
    <trkpt lat="28.363230" lon="83.815576">
      <ele>1403.403194</ele>
      <time>2016-10-20T15:43:13Z</time>
    </trkpt>
    <trkpt lat="28.363147" lon="83.815543">
      <ele>1403.928286</ele>
      <time>2016-10-20T15:43:34Z</time>
    </trkpt>
    <trkpt lat="28.363057" lon="83.815533">
      <ele>1404.634606</ele>
      <time>2016-10-20T15:43:47Z</time>
    </trkpt>
    <trkpt lat="28.362962" lon="83.815537">
      <ele>1405.614249</ele>
      <time>2016-10-20T15:43:57Z</time>
    </trkpt>
    <trkpt lat="28.362870" lon="83.815555">
      <ele>1407.166077</ele>
      <time>2016-10-20T15:44:06Z</time>
    </trkpt>
    <trkpt lat="28.362779" lon="83.815586">
      <ele>1407.495724</ele>
      <time>2016-10-20T15:44:14Z</time>
    </trkpt>
    <trkpt lat="28.362693" lon="83.815607">
      <ele>1408.418959</ele>
      <time>2016-10-20T15:44:28Z</time>
    </trkpt>
    <trkpt lat="28.362609" lon="83.815580">
      <ele>1409.630390</ele>
      <time>2016-10-20T15:44:36Z</time>
    </trkpt>
    <trkpt lat="28.362545" lon="83.815506">
      <ele>1410.957677</ele>
      <time>2016-10-20T15:44:45Z</time>
    </trkpt>
    <trkpt lat="28.362509" lon="83.815403">
      <ele>1412.341476</ele>
      <time>2016-10-20T15:44:54Z</time>
    </trkpt>
    <trkpt lat="28.362488" lon="83.815299">
      <ele>1413.753321</ele>
      <time>2016-10-20T15:45:07Z</time>
    </trkpt>
    <trkpt lat="28.362463" lon="83.815197">
      <ele>1414.887036</ele>
      <time>2016-10-20T15:45:19Z</time>
    </trkpt>
    <trkpt lat="28.362428" lon="83.815101">
      <ele>1415.655776</ele>
      <time>2016-10-20T15:45:29Z</time>
    </trkpt>
    <trkpt lat="28.362393" lon="83.815002">
      <ele>1416.020999</ele>
      <time>2016-10-20T15:45:39Z</time>
    </trkpt>
    <trkpt lat="28.362350" lon="83.814905">
      <ele>1416.103528</ele>
      <time>2016-10-20T15:45:48Z</time>
    </trkpt>
    <trkpt lat="28.362298" lon="83.814810">
      <ele>1416.042701</ele>
      <time>2016-10-20T15:45:59Z</time>
    </trkpt>
    <trkpt lat="28.362236" lon="83.814724">
      <ele>1415.778738</ele>
      <time>2016-10-20T15:46:08Z</time>
    </trkpt>
    <trkpt lat="28.362169" lon="83.814651">
      <ele>1415.187531</ele>
      <time>2016-10-20T15:46:21Z</time>
    </trkpt>
    <trkpt lat="28.362097" lon="83.814589">
      <ele>1414.256997</ele>
      <time>2016-10-20T15:46:28Z</time>
    </trkpt>
    <trkpt lat="28.362022" lon="83.814532">
      <ele>1413.136106</ele>
      <time>2016-10-20T15:46:36Z</time>
    </trkpt>
    <trkpt lat="28.361942" lon="83.814472">
      <ele>1411.689445</ele>
      <time>2016-10-20T15:46:45Z</time>
    </trkpt>
    <trkpt lat="28.361860" lon="83.814409">
      <ele>1410.089151</ele>
      <time>2016-10-20T15:46:54Z</time>
    </trkpt>
    <trkpt lat="28.361782" lon="83.814341">
      <ele>1408.470886</ele>
      <time>2016-10-20T15:47:03Z</time>
    </trkpt>
    <trkpt lat="28.361718" lon="83.814261">
      <ele>1406.821808</ele>
      <time>2016-10-20T15:47:13Z</time>
    </trkpt>
    <trkpt lat="28.361671" lon="83.814170">
      <ele>1405.079994</ele>
      <time>2016-10-20T15:47:25Z</time>
    </trkpt>
    <trkpt lat="28.361640" lon="83.814065">
      <ele>1403.404435</ele>
      <time>2016-10-20T15:47:41Z</time>
    </trkpt>
    <trkpt lat="28.361624" lon="83.813953">
      <ele>1401.820588</ele>
      <time>2016-10-20T15:47:49Z</time>
    </trkpt>
    <trkpt lat="28.361618" lon="83.813837">
      <ele>1400.414360</ele>
      <time>2016-10-20T15:47:56Z</time>
    </trkpt>
    <trkpt lat="28.361618" lon="83.813721">
      <ele>1399.078245</ele>
      <time>2016-10-20T15:48:03Z</time>
    </trkpt>
    <trkpt lat="28.361621" lon="83.813608">
      <ele>1397.907914</ele>
      <time>2016-10-20T15:48:11Z</time>
    </trkpt>
    <trkpt lat="28.361627" lon="83.813492">
      <ele>1396.821890</ele>
      <time>2016-10-20T15:48:18Z</time>
    </trkpt>
    <trkpt lat="28.361638" lon="83.813380">
      <ele>1395.953714</ele>
      <time>2016-10-20T15:48:26Z</time>
    </trkpt>
    <trkpt lat="28.361653" lon="83.813271">
      <ele>1395.251965</ele>
      <time>2016-10-20T15:48:34Z</time>
    </trkpt>
    <trkpt lat="28.361658" lon="83.813164">
      <ele>1394.645705</ele>
      <time>2016-10-20T15:48:51Z</time>
    </trkpt>
    <trkpt lat="28.361647" lon="83.813059">
      <ele>1394.101326</ele>
      <time>2016-10-20T15:48:58Z</time>
    </trkpt>
    <trkpt lat="28.361633" lon="83.812951">
      <ele>1393.641575</ele>
      <time>2016-10-20T15:49:08Z</time>
    </trkpt>
    <trkpt lat="28.361632" lon="83.812844">
      <ele>1393.262782</ele>
      <time>2016-10-20T15:49:17Z</time>
    </trkpt>
    <trkpt lat="28.361651" lon="83.812737">
      <ele>1392.974296</ele>
      <time>2016-10-20T15:49:24Z</time>
    </trkpt>
    <trkpt lat="28.361671" lon="83.812630">
      <ele>1392.709999</ele>
      <time>2016-10-20T15:49:30Z</time>
    </trkpt>
    <trkpt lat="28.361691" lon="83.812525">
      <ele>1392.603228</ele>
      <time>2016-10-20T15:49:37Z</time>
    </trkpt>
    <trkpt lat="28.361709" lon="83.812420">
      <ele>1392.484441</ele>
      <time>2016-10-20T15:49:44Z</time>
    </trkpt>
    <trkpt lat="28.361728" lon="83.812319">
      <ele>1392.293591</ele>
      <time>2016-10-20T15:49:51Z</time>
    </trkpt>
    <trkpt lat="28.361741" lon="83.812217">
      <ele>1392.003424</ele>
      <time>2016-10-20T15:49:58Z</time>
    </trkpt>
    <trkpt lat="28.361740" lon="83.812112">
      <ele>1391.691291</ele>
      <time>2016-10-20T15:50:05Z</time>
    </trkpt>
    <trkpt lat="28.361715" lon="83.812014">
      <ele>1391.392584</ele>
      <time>2016-10-20T15:50:13Z</time>
    </trkpt>
    <trkpt lat="28.361663" lon="83.811928">
      <ele>1391.108022</ele>
      <time>2016-10-20T15:50:21Z</time>
    </trkpt>
    <trkpt lat="28.361589" lon="83.811863">
      <ele>1390.867347</ele>
      <time>2016-10-20T15:50:30Z</time>
    </trkpt>
    <trkpt lat="28.361502" lon="83.811825">
      <ele>1390.630512</ele>
      <time>2016-10-20T15:50:37Z</time>
    </trkpt>
    <trkpt lat="28.361411" lon="83.811804">
      <ele>1390.489597</ele>
      <time>2016-10-20T15:50:47Z</time>
    </trkpt>
    <trkpt lat="28.361317" lon="83.811785">
      <ele>1390.245989</ele>
      <time>2016-10-20T15:50:55Z</time>
    </trkpt>
    <trkpt lat="28.361231" lon="83.811743">
      <ele>1390.086260</ele>
      <time>2016-10-20T15:51:03Z</time>
    </trkpt>
    <trkpt lat="28.361161" lon="83.811673">
      <ele>1390.079033</ele>
      <time>2016-10-20T15:51:11Z</time>
    </trkpt>
    <trkpt lat="28.361111" lon="83.811584">
      <ele>1390.344494</ele>
      <time>2016-10-20T15:51:21Z</time>
    </trkpt>
    <trkpt lat="28.361063" lon="83.811492">
      <ele>1390.782941</ele>
      <time>2016-10-20T15:51:31Z</time>
    </trkpt>
    <trkpt lat="28.361007" lon="83.811405">
      <ele>1391.316725</ele>
      <time>2016-10-20T15:51:40Z</time>
    </trkpt>
    <trkpt lat="28.360949" lon="83.811319">
      <ele>1391.801317</ele>
      <time>2016-10-20T15:51:48Z</time>
    </trkpt>
    <trkpt lat="28.360913" lon="83.811222">
      <ele>1392.377130</ele>
      <time>2016-10-20T15:52:00Z</time>
    </trkpt>
    <trkpt lat="28.360885" lon="83.811123">
      <ele>1392.977019</ele>
      <time>2016-10-20T15:52:09Z</time>
    </trkpt>
    <trkpt lat="28.360842" lon="83.811037">
      <ele>1393.614066</ele>
      <time>2016-10-20T15:52:20Z</time>
    </trkpt>
    <trkpt lat="28.360771" lon="83.810967">
      <ele>1394.151660</ele>
      <time>2016-10-20T15:52:29Z</time>
    </trkpt>
    <trkpt lat="28.360699" lon="83.810900">
      <ele>1394.549950</ele>
      <time>2016-10-20T15:52:41Z</time>
    </trkpt>
    <trkpt lat="28.360631" lon="83.810874">
      <ele>1394.839519</ele>
      <time>2016-10-20T15:52:58Z</time>
    </trkpt>
    <trkpt lat="28.360562" lon="83.810875">
      <ele>1395.137992</ele>
      <time>2016-10-20T15:53:16Z</time>
    </trkpt>
    <trkpt lat="28.360484" lon="83.810926">
      <ele>1395.290929</ele>
      <time>2016-10-20T15:53:41Z</time>
    </trkpt>
    <trkpt lat="28.360424" lon="83.810994">
      <ele>1395.361033</ele>
      <time>2016-10-20T15:53:54Z</time>
    </trkpt>
    <trkpt lat="28.360392" lon="83.811092">
      <ele>1395.565644</ele>
      <time>2016-10-20T15:54:14Z</time>
    </trkpt>
    <trkpt lat="28.360385" lon="83.811207">
      <ele>1395.408791</ele>
      <time>2016-10-20T15:54:24Z</time>
    </trkpt>
    <trkpt lat="28.360394" lon="83.811324">
      <ele>1394.678276</ele>
      <time>2016-10-20T15:54:32Z</time>
    </trkpt>
    <trkpt lat="28.360406" lon="83.811437">
      <ele>1393.777423</ele>
      <time>2016-10-20T15:54:40Z</time>
    </trkpt>
    <trkpt lat="28.360404" lon="83.811552">
      <ele>1393.244831</ele>
      <time>2016-10-20T15:54:47Z</time>
    </trkpt>
    <trkpt lat="28.360370" lon="83.811649">
      <ele>1392.621678</ele>
      <time>2016-10-20T15:55:03Z</time>
    </trkpt>
    <trkpt lat="28.360304" lon="83.811729">
      <ele>1391.813083</ele>
      <time>2016-10-20T15:55:12Z</time>
    </trkpt>
    <trkpt lat="28.360221" lon="83.811775">
      <ele>1390.644641</ele>
      <time>2016-10-20T15:55:19Z</time>
    </trkpt>
    <trkpt lat="28.360130" lon="83.811784">
      <ele>1389.429571</ele>
      <time>2016-10-20T15:55:28Z</time>
    </trkpt>
    <trkpt lat="28.360038" lon="83.811759">
      <ele>1388.291928</ele>
      <time>2016-10-20T15:55:37Z</time>
    </trkpt>
    <trkpt lat="28.359945" lon="83.811710">
      <ele>1387.035225</ele>
      <time>2016-10-20T15:55:44Z</time>
    </trkpt>
    <trkpt lat="28.359857" lon="83.811655">
      <ele>1385.964980</ele>
      <time>2016-10-20T15:55:53Z</time>
    </trkpt>
    <trkpt lat="28.359769" lon="83.811593">
      <ele>1385.310893</ele>
      <time>2016-10-20T15:56:04Z</time>
    </trkpt>
    <trkpt lat="28.359684" lon="83.811523">
      <ele>1384.785274</ele>
      <time>2016-10-20T15:56:12Z</time>
    </trkpt>
    <trkpt lat="28.359595" lon="83.811456">
      <ele>1383.897502</ele>
      <time>2016-10-20T15:56:20Z</time>
    </trkpt>
    <trkpt lat="28.359507" lon="83.811402">
      <ele>1383.069904</ele>
      <time>2016-10-20T15:56:29Z</time>
    </trkpt>
    <trkpt lat="28.359418" lon="83.811363">
      <ele>1382.420561</ele>
      <time>2016-10-20T15:56:37Z</time>
    </trkpt>
    <trkpt lat="28.359327" lon="83.811331">
      <ele>1381.952223</ele>
      <time>2016-10-20T15:56:44Z</time>
    </trkpt>
    <trkpt lat="28.359238" lon="83.811293">
      <ele>1381.451175</ele>
      <time>2016-10-20T15:56:56Z</time>
    </trkpt>
    <trkpt lat="28.359150" lon="83.811250">
      <ele>1380.879370</ele>
      <time>2016-10-20T15:57:09Z</time>
    </trkpt>
    <trkpt lat="28.359073" lon="83.811181">
      <ele>1380.207790</ele>
      <time>2016-10-20T15:57:19Z</time>
    </trkpt>
    <trkpt lat="28.359019" lon="83.811093">
      <ele>1379.593002</ele>
      <time>2016-10-20T15:57:31Z</time>
    </trkpt>
    <trkpt lat="28.358972" lon="83.810995">
      <ele>1378.943176</ele>
      <time>2016-10-20T15:57:44Z</time>
    </trkpt>
    <trkpt lat="28.358971" lon="83.810915">
      <ele>1378.536163</ele>
      <time>2016-10-20T15:58:41Z</time>
    </trkpt>
    <trkpt lat="28.359016" lon="83.810883">
      <ele>1378.236984</ele>
      <time>2016-10-20T15:58:49Z</time>
    </trkpt>
    <trkpt lat="28.359122" lon="83.810895">
      <ele>1378.090053</ele>
      <time>2016-10-20T15:58:51Z</time>
    </trkpt>
    <trkpt lat="28.359236" lon="83.810946">
      <ele>1378.080394</ele>
      <time>2016-10-20T15:58:53Z</time>
    </trkpt>
    <trkpt lat="28.359185" lon="83.810980">
      <ele>1377.910849</ele>
      <time>2016-10-20T15:58:55Z</time>
    </trkpt>
    </trkseg>
  </trk>
</gpx>
