<?xml version="1.0" encoding="UTF-8" ?>
<gpx
  version="1.1"
  creator="Tranggle Track 1.1.0 - http://www.beaglemap.com"
  xmlns:xsi="http://www.w3.org/2001/XMLSchema-instance"
  xmlns="http://www.topografix.com/GPX/1/1"
  xsi:schemaLocation="http://www.topografix.com/GPX/1/1 http://www.topografix.com/GPX/1/1/gpx.xsd">
  <metadata>
    <link href="http://www.beaglemap.com">
      <text>iPhone Tranggle 3.5.0</text>
    </link>
    <time>2016-10-17T19:55:09Z</time>
    <bounds minlat="28.428201" minlon="83.830075" maxlat="28.499361" maxlon="83.898079"/>
    <desc><![CDATA[CREATOR: F291188211BF24A4, MODEL: iPad5,4, FIRMWARE: 10.0.2, CONSTANT: M22, CATEGORY: Hiking]]></desc>
  </metadata>
  <wpt lat="28.493066" lon="83.892636">
    <ele>3109.530786</ele>
    <name><![CDATA[GPS 연결됨(1)]]></name>
    <extensions>
      <description><![CDATA[GPS 상태 안내]]></description>
      <maneuver>GPS status</maneuver>
    </extensions>
  </wpt>
  <wpt lat="28.495270" lon="83.889707">
    <ele>3109.749964</ele>
    <name><![CDATA[GPS 연결됨(2)]]></name>
    <extensions>
      <description><![CDATA[GPS 상태 안내]]></description>
      <maneuver>GPS status</maneuver>
    </extensions>
  </wpt>
  <wpt lat="28.492887" lon="83.893334">
    <ele>3109.126751</ele>
    <name><![CDATA[GPS 연결됨(3)]]></name>
    <extensions>
      <description><![CDATA[GPS 상태 안내]]></description>
      <maneuver>GPS status</maneuver>
    </extensions>
  </wpt>
  <trk>
    <trkseg>
    <trkpt lat="28.428201" lon="83.830075">
      <ele>2082.647705</ele>
      <time>2016-10-17T10:45:31Z</time>
    </trkpt>
    <trkpt lat="28.428234" lon="83.830143">
      <ele>2080.362334</ele>
      <time>2016-10-17T10:46:08Z</time>
    </trkpt>
    <trkpt lat="28.428297" lon="83.830183">
      <ele>2078.076963</ele>
      <time>2016-10-17T10:47:45Z</time>
    </trkpt>
    <trkpt lat="28.428389" lon="83.830205">
      <ele>2077.633206</ele>
      <time>2016-10-17T10:47:56Z</time>
    </trkpt>
    <trkpt lat="28.428481" lon="83.830222">
      <ele>2077.631537</ele>
      <time>2016-10-17T10:48:07Z</time>
    </trkpt>
    <trkpt lat="28.428569" lon="83.830251">
      <ele>2077.791323</ele>
      <time>2016-10-17T10:48:15Z</time>
    </trkpt>
    <trkpt lat="28.428653" lon="83.830285">
      <ele>2078.131339</ele>
      <time>2016-10-17T10:48:25Z</time>
    </trkpt>
    <trkpt lat="28.428732" lon="83.830336">
      <ele>2078.144933</ele>
      <time>2016-10-17T10:48:34Z</time>
    </trkpt>
    <trkpt lat="28.428814" lon="83.830381">
      <ele>2078.838680</ele>
      <time>2016-10-17T10:48:44Z</time>
    </trkpt>
    <trkpt lat="28.428900" lon="83.830418">
      <ele>2079.543828</ele>
      <time>2016-10-17T10:48:55Z</time>
    </trkpt>
    <trkpt lat="28.428987" lon="83.830436">
      <ele>2080.139011</ele>
      <time>2016-10-17T10:49:14Z</time>
    </trkpt>
    <trkpt lat="28.429074" lon="83.830457">
      <ele>2080.630605</ele>
      <time>2016-10-17T10:49:36Z</time>
    </trkpt>
    <trkpt lat="28.429160" lon="83.830483">
      <ele>2081.230142</ele>
      <time>2016-10-17T10:50:07Z</time>
    </trkpt>
    <trkpt lat="28.429249" lon="83.830516">
      <ele>2081.897826</ele>
      <time>2016-10-17T10:50:35Z</time>
    </trkpt>
    <trkpt lat="28.429332" lon="83.830558">
      <ele>2082.859294</ele>
      <time>2016-10-17T10:50:59Z</time>
    </trkpt>
    <trkpt lat="28.429419" lon="83.830594">
      <ele>2083.513181</ele>
      <time>2016-10-17T10:51:20Z</time>
    </trkpt>
    <trkpt lat="28.429498" lon="83.830646">
      <ele>2084.436697</ele>
      <time>2016-10-17T10:51:35Z</time>
    </trkpt>
    <trkpt lat="28.429575" lon="83.830698">
      <ele>2085.378834</ele>
      <time>2016-10-17T10:51:54Z</time>
    </trkpt>
    <trkpt lat="28.429651" lon="83.830757">
      <ele>2086.242923</ele>
      <time>2016-10-17T10:52:11Z</time>
    </trkpt>
    <trkpt lat="28.429733" lon="83.830800">
      <ele>2087.040147</ele>
      <time>2016-10-17T10:52:27Z</time>
    </trkpt>
    <trkpt lat="28.429823" lon="83.830825">
      <ele>2088.640955</ele>
      <time>2016-10-17T10:52:47Z</time>
    </trkpt>
    <trkpt lat="28.429909" lon="83.830850">
      <ele>2090.255300</ele>
      <time>2016-10-17T10:53:13Z</time>
    </trkpt>
    <trkpt lat="28.429989" lon="83.830890">
      <ele>2092.015502</ele>
      <time>2016-10-17T10:53:39Z</time>
    </trkpt>
    <trkpt lat="28.430061" lon="83.830951">
      <ele>2093.867721</ele>
      <time>2016-10-17T10:54:19Z</time>
    </trkpt>
    <trkpt lat="28.430132" lon="83.831016">
      <ele>2095.693681</ele>
      <time>2016-10-17T10:54:42Z</time>
    </trkpt>
    <trkpt lat="28.430205" lon="83.831078">
      <ele>2097.387632</ele>
      <time>2016-10-17T10:54:55Z</time>
    </trkpt>
    <trkpt lat="28.430281" lon="83.831135">
      <ele>2098.804800</ele>
      <time>2016-10-17T10:55:23Z</time>
    </trkpt>
    <trkpt lat="28.430354" lon="83.831194">
      <ele>2100.366904</ele>
      <time>2016-10-17T10:55:39Z</time>
    </trkpt>
    <trkpt lat="28.430421" lon="83.831267">
      <ele>2101.927652</ele>
      <time>2016-10-17T10:55:50Z</time>
    </trkpt>
    <trkpt lat="28.430486" lon="83.831341">
      <ele>2103.648779</ele>
      <time>2016-10-17T10:56:02Z</time>
    </trkpt>
    <trkpt lat="28.430552" lon="83.831412">
      <ele>2105.210169</ele>
      <time>2016-10-17T10:56:18Z</time>
    </trkpt>
    <trkpt lat="28.430619" lon="83.831480">
      <ele>2106.508609</ele>
      <time>2016-10-17T10:56:39Z</time>
    </trkpt>
    <trkpt lat="28.430682" lon="83.831551">
      <ele>2107.620772</ele>
      <time>2016-10-17T10:56:59Z</time>
    </trkpt>
    <trkpt lat="28.430746" lon="83.831621">
      <ele>2108.551071</ele>
      <time>2016-10-17T10:57:18Z</time>
    </trkpt>
    <trkpt lat="28.430806" lon="83.831696">
      <ele>2109.504273</ele>
      <time>2016-10-17T10:57:31Z</time>
    </trkpt>
    <trkpt lat="28.430868" lon="83.831768">
      <ele>2110.612900</ele>
      <time>2016-10-17T10:57:52Z</time>
    </trkpt>
    <trkpt lat="28.430934" lon="83.831836">
      <ele>2111.899278</ele>
      <time>2016-10-17T10:58:16Z</time>
    </trkpt>
    <trkpt lat="28.431001" lon="83.831899">
      <ele>2113.110781</ele>
      <time>2016-10-17T10:58:41Z</time>
    </trkpt>
    <trkpt lat="28.431067" lon="83.831965">
      <ele>2114.431139</ele>
      <time>2016-10-17T10:59:07Z</time>
    </trkpt>
    <trkpt lat="28.431130" lon="83.832031">
      <ele>2115.702921</ele>
      <time>2016-10-17T10:59:27Z</time>
    </trkpt>
    <trkpt lat="28.431199" lon="83.832093">
      <ele>2117.301100</ele>
      <time>2016-10-17T10:59:47Z</time>
    </trkpt>
    <trkpt lat="28.431273" lon="83.832149">
      <ele>2119.262368</ele>
      <time>2016-10-17T11:00:01Z</time>
    </trkpt>
    <trkpt lat="28.431333" lon="83.832220">
      <ele>2121.462838</ele>
      <time>2016-10-17T11:00:18Z</time>
    </trkpt>
    <trkpt lat="28.431394" lon="83.832296">
      <ele>2124.083619</ele>
      <time>2016-10-17T11:00:35Z</time>
    </trkpt>
    <trkpt lat="28.431460" lon="83.832366">
      <ele>2126.985207</ele>
      <time>2016-10-17T11:00:48Z</time>
    </trkpt>
    <trkpt lat="28.431536" lon="83.832428">
      <ele>2130.063461</ele>
      <time>2016-10-17T11:01:03Z</time>
    </trkpt>
    <trkpt lat="28.431613" lon="83.832482">
      <ele>2133.070898</ele>
      <time>2016-10-17T11:01:19Z</time>
    </trkpt>
    <trkpt lat="28.431690" lon="83.832536">
      <ele>2135.912689</ele>
      <time>2016-10-17T11:01:42Z</time>
    </trkpt>
    <trkpt lat="28.431768" lon="83.832589">
      <ele>2138.640571</ele>
      <time>2016-10-17T11:01:57Z</time>
    </trkpt>
    <trkpt lat="28.431818" lon="83.832661">
      <ele>2141.248121</ele>
      <time>2016-10-17T11:02:21Z</time>
    </trkpt>
    <trkpt lat="28.431855" lon="83.832749">
      <ele>2143.826881</ele>
      <time>2016-10-17T11:02:42Z</time>
    </trkpt>
    <trkpt lat="28.431896" lon="83.832831">
      <ele>2146.239159</ele>
      <time>2016-10-17T11:03:02Z</time>
    </trkpt>
    <trkpt lat="28.431953" lon="83.832908">
      <ele>2148.588976</ele>
      <time>2016-10-17T11:03:23Z</time>
    </trkpt>
    <trkpt lat="28.431999" lon="83.832995">
      <ele>2150.641589</ele>
      <time>2016-10-17T11:03:40Z</time>
    </trkpt>
    <trkpt lat="28.432032" lon="83.833094">
      <ele>2152.366974</ele>
      <time>2016-10-17T11:03:59Z</time>
    </trkpt>
    <trkpt lat="28.432064" lon="83.833195">
      <ele>2153.905635</ele>
      <time>2016-10-17T11:04:18Z</time>
    </trkpt>
    <trkpt lat="28.432096" lon="83.833293">
      <ele>2155.327851</ele>
      <time>2016-10-17T11:04:34Z</time>
    </trkpt>
    <trkpt lat="28.432121" lon="83.833394">
      <ele>2156.941694</ele>
      <time>2016-10-17T11:04:48Z</time>
    </trkpt>
    <trkpt lat="28.432149" lon="83.833494">
      <ele>2158.486735</ele>
      <time>2016-10-17T11:05:00Z</time>
    </trkpt>
    <trkpt lat="28.432180" lon="83.833592">
      <ele>2159.957305</ele>
      <time>2016-10-17T11:05:19Z</time>
    </trkpt>
    <trkpt lat="28.432215" lon="83.833686">
      <ele>2161.265792</ele>
      <time>2016-10-17T11:05:35Z</time>
    </trkpt>
    <trkpt lat="28.432240" lon="83.833784">
      <ele>2162.493892</ele>
      <time>2016-10-17T11:05:53Z</time>
    </trkpt>
    <trkpt lat="28.432275" lon="83.833864">
      <ele>2163.398015</ele>
      <time>2016-10-17T11:06:11Z</time>
    </trkpt>
    <trkpt lat="28.432304" lon="83.833946">
      <ele>2164.369168</ele>
      <time>2016-10-17T11:08:30Z</time>
    </trkpt>
    <trkpt lat="28.432351" lon="83.834013">
      <ele>2165.635943</ele>
      <time>2016-10-17T11:08:54Z</time>
    </trkpt>
    <trkpt lat="28.432408" lon="83.834076">
      <ele>2166.966833</ele>
      <time>2016-10-17T11:09:31Z</time>
    </trkpt>
    <trkpt lat="28.432465" lon="83.834138">
      <ele>2168.520037</ele>
      <time>2016-10-17T11:09:54Z</time>
    </trkpt>
    <trkpt lat="28.432522" lon="83.834204">
      <ele>2169.537859</ele>
      <time>2016-10-17T11:10:27Z</time>
    </trkpt>
    <trkpt lat="28.432547" lon="83.834294">
      <ele>2171.695521</ele>
      <time>2016-10-17T11:10:49Z</time>
    </trkpt>
    <trkpt lat="28.432563" lon="83.834385">
      <ele>2173.869131</ele>
      <time>2016-10-17T11:11:01Z</time>
    </trkpt>
    <trkpt lat="28.432557" lon="83.834489">
      <ele>2176.394046</ele>
      <time>2016-10-17T11:11:15Z</time>
    </trkpt>
    <trkpt lat="28.432575" lon="83.834584">
      <ele>2179.182600</ele>
      <time>2016-10-17T11:11:37Z</time>
    </trkpt>
    <trkpt lat="28.432615" lon="83.834674">
      <ele>2182.127795</ele>
      <time>2016-10-17T11:11:59Z</time>
    </trkpt>
    <trkpt lat="28.432676" lon="83.834752">
      <ele>2185.489118</ele>
      <time>2016-10-17T11:12:13Z</time>
    </trkpt>
    <trkpt lat="28.432749" lon="83.834823">
      <ele>2190.383417</ele>
      <time>2016-10-17T11:12:31Z</time>
    </trkpt>
    <trkpt lat="28.432812" lon="83.834897">
      <ele>2193.414068</ele>
      <time>2016-10-17T11:12:48Z</time>
    </trkpt>
    <trkpt lat="28.432872" lon="83.834977">
      <ele>2196.302664</ele>
      <time>2016-10-17T11:13:18Z</time>
    </trkpt>
    <trkpt lat="28.432918" lon="83.835065">
      <ele>2199.319039</ele>
      <time>2016-10-17T11:13:42Z</time>
    </trkpt>
    <trkpt lat="28.432969" lon="83.835151">
      <ele>2201.703460</ele>
      <time>2016-10-17T11:14:10Z</time>
    </trkpt>
    <trkpt lat="28.433023" lon="83.835228">
      <ele>2204.148785</ele>
      <time>2016-10-17T11:14:22Z</time>
    </trkpt>
    <trkpt lat="28.433078" lon="83.835305">
      <ele>2206.248879</ele>
      <time>2016-10-17T11:14:43Z</time>
    </trkpt>
    <trkpt lat="28.433136" lon="83.835374">
      <ele>2208.213419</ele>
      <time>2016-10-17T11:15:08Z</time>
    </trkpt>
    <trkpt lat="28.433189" lon="83.835447">
      <ele>2210.223355</ele>
      <time>2016-10-17T11:15:29Z</time>
    </trkpt>
    <trkpt lat="28.433244" lon="83.835517">
      <ele>2211.975342</ele>
      <time>2016-10-17T11:16:00Z</time>
    </trkpt>
    <trkpt lat="28.433293" lon="83.835595">
      <ele>2213.890816</ele>
      <time>2016-10-17T11:16:32Z</time>
    </trkpt>
    <trkpt lat="28.433344" lon="83.835671">
      <ele>2216.086777</ele>
      <time>2016-10-17T11:16:58Z</time>
    </trkpt>
    <trkpt lat="28.433394" lon="83.835750">
      <ele>2218.333211</ele>
      <time>2016-10-17T11:17:25Z</time>
    </trkpt>
    <trkpt lat="28.433457" lon="83.835819">
      <ele>2220.695980</ele>
      <time>2016-10-17T11:17:43Z</time>
    </trkpt>
    <trkpt lat="28.433509" lon="83.835869">
      <ele>2223.328859</ele>
      <time>2016-10-17T11:18:00Z</time>
    </trkpt>
    <trkpt lat="28.433555" lon="83.835895">
      <ele>2257.126100</ele>
      <time>2016-10-17T11:22:26Z</time>
      <extensions>
        <pause>start</pause>
        <type>auto</type>
      </extensions>
    </trkpt>
    <trkpt lat="28.433725" lon="83.836096">
      <ele>2270.249583</ele>
      <time>2016-10-17T11:24:44Z</time>
      <extensions>
        <pause>end</pause>
        <type>manual</type>
      </extensions>
    </trkpt>
    <trkpt lat="28.433782" lon="83.836181">
      <ele>2234.410902</ele>
      <time>2016-10-17T11:25:11Z</time>
    </trkpt>
    <trkpt lat="28.433831" lon="83.836273">
      <ele>2239.291813</ele>
      <time>2016-10-17T11:25:24Z</time>
    </trkpt>
    <trkpt lat="28.433890" lon="83.836354">
      <ele>2242.789840</ele>
      <time>2016-10-17T11:25:42Z</time>
    </trkpt>
    <trkpt lat="28.433931" lon="83.836436">
      <ele>2247.180641</ele>
      <time>2016-10-17T11:26:06Z</time>
    </trkpt>
    <trkpt lat="28.433978" lon="83.836509">
      <ele>2251.695355</ele>
      <time>2016-10-17T11:26:25Z</time>
    </trkpt>
    <trkpt lat="28.434020" lon="83.836589">
      <ele>2255.996651</ele>
      <time>2016-10-17T11:26:59Z</time>
    </trkpt>
    <trkpt lat="28.434068" lon="83.836668">
      <ele>2260.080913</ele>
      <time>2016-10-17T11:27:17Z</time>
    </trkpt>
    <trkpt lat="28.434089" lon="83.836755">
      <ele>2264.088910</ele>
      <time>2016-10-17T11:27:57Z</time>
    </trkpt>
    <trkpt lat="28.434095" lon="83.836853">
      <ele>2268.018256</ele>
      <time>2016-10-17T11:28:13Z</time>
    </trkpt>
    <trkpt lat="28.434109" lon="83.836949">
      <ele>2271.894382</ele>
      <time>2016-10-17T11:29:01Z</time>
    </trkpt>
    <trkpt lat="28.434153" lon="83.837038">
      <ele>2275.806696</ele>
      <time>2016-10-17T11:29:22Z</time>
    </trkpt>
    <trkpt lat="28.434212" lon="83.837112">
      <ele>2279.705737</ele>
      <time>2016-10-17T11:29:36Z</time>
    </trkpt>
    <trkpt lat="28.434279" lon="83.837182">
      <ele>2285.012312</ele>
      <time>2016-10-17T11:29:50Z</time>
    </trkpt>
    <trkpt lat="28.434343" lon="83.837255">
      <ele>2287.659215</ele>
      <time>2016-10-17T11:30:05Z</time>
    </trkpt>
    <trkpt lat="28.434401" lon="83.837336">
      <ele>2290.147254</ele>
      <time>2016-10-17T11:30:20Z</time>
    </trkpt>
    <trkpt lat="28.434449" lon="83.837421">
      <ele>2291.182374</ele>
      <time>2016-10-17T11:30:36Z</time>
    </trkpt>
    <trkpt lat="28.434483" lon="83.837514">
      <ele>2292.258674</ele>
      <time>2016-10-17T11:30:47Z</time>
    </trkpt>
    <trkpt lat="28.434507" lon="83.837613">
      <ele>2294.612534</ele>
      <time>2016-10-17T11:31:02Z</time>
    </trkpt>
    <trkpt lat="28.434531" lon="83.837713">
      <ele>2296.824389</ele>
      <time>2016-10-17T11:31:20Z</time>
    </trkpt>
    <trkpt lat="28.434562" lon="83.837807">
      <ele>2298.947117</ele>
      <time>2016-10-17T11:31:44Z</time>
    </trkpt>
    <trkpt lat="28.434568" lon="83.837903">
      <ele>2299.951419</ele>
      <time>2016-10-17T11:32:08Z</time>
    </trkpt>
    <trkpt lat="28.434570" lon="83.838000">
      <ele>2301.668448</ele>
      <time>2016-10-17T11:32:25Z</time>
    </trkpt>
    <trkpt lat="28.434565" lon="83.838099">
      <ele>2303.306781</ele>
      <time>2016-10-17T11:32:46Z</time>
    </trkpt>
    <trkpt lat="28.434591" lon="83.838187">
      <ele>2304.957919</ele>
      <time>2016-10-17T11:33:57Z</time>
    </trkpt>
    <trkpt lat="28.434636" lon="83.838258">
      <ele>2306.717190</ele>
      <time>2016-10-17T11:34:18Z</time>
    </trkpt>
    <trkpt lat="28.434703" lon="83.838317">
      <ele>2308.716238</ele>
      <time>2016-10-17T11:34:34Z</time>
    </trkpt>
    <trkpt lat="28.434785" lon="83.838352">
      <ele>2310.640465</ele>
      <time>2016-10-17T11:35:05Z</time>
    </trkpt>
    <trkpt lat="28.434859" lon="83.838384">
      <ele>2312.477267</ele>
      <time>2016-10-17T11:35:13Z</time>
    </trkpt>
    <trkpt lat="28.434922" lon="83.838413">
      <ele>2336.433222</ele>
      <time>2016-10-17T11:39:35Z</time>
      <extensions>
        <pause>start</pause>
        <type>auto</type>
      </extensions>
    </trkpt>
    <trkpt lat="28.435213" lon="83.838345">
      <ele>2330.612557</ele>
      <time>2016-10-17T11:45:59Z</time>
      <extensions>
        <pause>end</pause>
        <type>manual</type>
      </extensions>
    </trkpt>
    <trkpt lat="28.435310" lon="83.838368">
      <ele>2322.606289</ele>
      <time>2016-10-17T11:46:04Z</time>
    </trkpt>
    <trkpt lat="28.435409" lon="83.838379">
      <ele>2325.263238</ele>
      <time>2016-10-17T11:46:11Z</time>
    </trkpt>
    <trkpt lat="28.435509" lon="83.838385">
      <ele>2327.712510</ele>
      <time>2016-10-17T11:46:19Z</time>
    </trkpt>
    <trkpt lat="28.435606" lon="83.838392">
      <ele>2329.241031</ele>
      <time>2016-10-17T11:46:26Z</time>
    </trkpt>
    <trkpt lat="28.435702" lon="83.838401">
      <ele>2330.433380</ele>
      <time>2016-10-17T11:46:35Z</time>
    </trkpt>
    <trkpt lat="28.435797" lon="83.838407">
      <ele>2331.520458</ele>
      <time>2016-10-17T11:46:43Z</time>
    </trkpt>
    <trkpt lat="28.435894" lon="83.838411">
      <ele>2333.080980</ele>
      <time>2016-10-17T11:46:52Z</time>
    </trkpt>
    <trkpt lat="28.435991" lon="83.838417">
      <ele>2332.889599</ele>
      <time>2016-10-17T11:47:01Z</time>
    </trkpt>
    <trkpt lat="28.436085" lon="83.838430">
      <ele>2332.270869</ele>
      <time>2016-10-17T11:47:09Z</time>
    </trkpt>
    <trkpt lat="28.436178" lon="83.838444">
      <ele>2331.500524</ele>
      <time>2016-10-17T11:47:19Z</time>
    </trkpt>
    <trkpt lat="28.436270" lon="83.838473">
      <ele>2330.565409</ele>
      <time>2016-10-17T11:47:33Z</time>
    </trkpt>
    <trkpt lat="28.436359" lon="83.838513">
      <ele>2329.518064</ele>
      <time>2016-10-17T11:47:44Z</time>
    </trkpt>
    <trkpt lat="28.436440" lon="83.838571">
      <ele>2329.118757</ele>
      <time>2016-10-17T11:47:53Z</time>
    </trkpt>
    <trkpt lat="28.436516" lon="83.838634">
      <ele>2328.662109</ele>
      <time>2016-10-17T11:48:02Z</time>
    </trkpt>
    <trkpt lat="28.436577" lon="83.838713">
      <ele>2328.168609</ele>
      <time>2016-10-17T11:48:12Z</time>
    </trkpt>
    <trkpt lat="28.436624" lon="83.838801">
      <ele>2327.969408</ele>
      <time>2016-10-17T11:48:22Z</time>
    </trkpt>
    <trkpt lat="28.436680" lon="83.838872">
      <ele>2327.724528</ele>
      <time>2016-10-17T11:48:34Z</time>
    </trkpt>
    <trkpt lat="28.436752" lon="83.838926">
      <ele>2327.330118</ele>
      <time>2016-10-17T11:48:41Z</time>
    </trkpt>
    <trkpt lat="28.436843" lon="83.838963">
      <ele>2326.869017</ele>
      <time>2016-10-17T11:48:46Z</time>
    </trkpt>
    <trkpt lat="28.436931" lon="83.839010">
      <ele>2326.401759</ele>
      <time>2016-10-17T11:48:54Z</time>
    </trkpt>
    <trkpt lat="28.437018" lon="83.839058">
      <ele>2326.128166</ele>
      <time>2016-10-17T11:49:03Z</time>
    </trkpt>
    <trkpt lat="28.437105" lon="83.839105">
      <ele>2325.849886</ele>
      <time>2016-10-17T11:49:14Z</time>
    </trkpt>
    <trkpt lat="28.437185" lon="83.839163">
      <ele>2325.684115</ele>
      <time>2016-10-17T11:49:23Z</time>
    </trkpt>
    <trkpt lat="28.437260" lon="83.839226">
      <ele>2325.579445</ele>
      <time>2016-10-17T11:49:32Z</time>
    </trkpt>
    <trkpt lat="28.437331" lon="83.839297">
      <ele>2325.550661</ele>
      <time>2016-10-17T11:49:46Z</time>
    </trkpt>
    <trkpt lat="28.437397" lon="83.839371">
      <ele>2325.610514</ele>
      <time>2016-10-17T11:49:55Z</time>
    </trkpt>
    <trkpt lat="28.437462" lon="83.839444">
      <ele>2325.627411</ele>
      <time>2016-10-17T11:50:10Z</time>
    </trkpt>
    <trkpt lat="28.437514" lon="83.839526">
      <ele>2325.815240</ele>
      <time>2016-10-17T11:50:20Z</time>
    </trkpt>
    <trkpt lat="28.437565" lon="83.839609">
      <ele>2325.982504</ele>
      <time>2016-10-17T11:50:27Z</time>
    </trkpt>
    <trkpt lat="28.437609" lon="83.839705">
      <ele>2326.336721</ele>
      <time>2016-10-17T11:50:40Z</time>
    </trkpt>
    <trkpt lat="28.437667" lon="83.839794">
      <ele>2326.783785</ele>
      <time>2016-10-17T11:50:49Z</time>
    </trkpt>
    <trkpt lat="28.437712" lon="83.839890">
      <ele>2327.296586</ele>
      <time>2016-10-17T11:51:06Z</time>
    </trkpt>
    <trkpt lat="28.437766" lon="83.839974">
      <ele>2328.093248</ele>
      <time>2016-10-17T11:51:26Z</time>
    </trkpt>
    <trkpt lat="28.437826" lon="83.840049">
      <ele>2328.684432</ele>
      <time>2016-10-17T11:51:40Z</time>
    </trkpt>
    <trkpt lat="28.437903" lon="83.840110">
      <ele>2329.202124</ele>
      <time>2016-10-17T11:51:53Z</time>
    </trkpt>
    <trkpt lat="28.437983" lon="83.840163">
      <ele>2329.951714</ele>
      <time>2016-10-17T11:52:08Z</time>
    </trkpt>
    <trkpt lat="28.438065" lon="83.840218">
      <ele>2330.936714</ele>
      <time>2016-10-17T11:52:18Z</time>
    </trkpt>
    <trkpt lat="28.438142" lon="83.840277">
      <ele>2331.953742</ele>
      <time>2016-10-17T11:52:34Z</time>
    </trkpt>
    <trkpt lat="28.438210" lon="83.840353">
      <ele>2332.965980</ele>
      <time>2016-10-17T11:53:00Z</time>
    </trkpt>
    <trkpt lat="28.438274" lon="83.840424">
      <ele>2333.781675</ele>
      <time>2016-10-17T11:53:21Z</time>
    </trkpt>
    <trkpt lat="28.438348" lon="83.840488">
      <ele>2334.253655</ele>
      <time>2016-10-17T11:53:33Z</time>
    </trkpt>
    <trkpt lat="28.438438" lon="83.840526">
      <ele>2334.910357</ele>
      <time>2016-10-17T11:53:43Z</time>
    </trkpt>
    <trkpt lat="28.438529" lon="83.840565">
      <ele>2335.650688</ele>
      <time>2016-10-17T11:53:51Z</time>
    </trkpt>
    <trkpt lat="28.438616" lon="83.840608">
      <ele>2336.579927</ele>
      <time>2016-10-17T11:54:01Z</time>
    </trkpt>
    <trkpt lat="28.438694" lon="83.840672">
      <ele>2337.622117</ele>
      <time>2016-10-17T11:54:13Z</time>
    </trkpt>
    <trkpt lat="28.438767" lon="83.840744">
      <ele>2338.618234</ele>
      <time>2016-10-17T11:54:22Z</time>
    </trkpt>
    <trkpt lat="28.438829" lon="83.840823">
      <ele>2339.220068</ele>
      <time>2016-10-17T11:54:29Z</time>
    </trkpt>
    <trkpt lat="28.438880" lon="83.840911">
      <ele>2339.685095</ele>
      <time>2016-10-17T11:54:40Z</time>
    </trkpt>
    <trkpt lat="28.438928" lon="83.841002">
      <ele>2339.934902</ele>
      <time>2016-10-17T11:54:50Z</time>
    </trkpt>
    <trkpt lat="28.438994" lon="83.841073">
      <ele>2340.046360</ele>
      <time>2016-10-17T11:55:00Z</time>
    </trkpt>
    <trkpt lat="28.439063" lon="83.841145">
      <ele>2340.248336</ele>
      <time>2016-10-17T11:55:15Z</time>
    </trkpt>
    <trkpt lat="28.439135" lon="83.841211">
      <ele>2340.476233</ele>
      <time>2016-10-17T11:55:24Z</time>
    </trkpt>
    <trkpt lat="28.439200" lon="83.841290">
      <ele>2340.716126</ele>
      <time>2016-10-17T11:55:35Z</time>
    </trkpt>
    <trkpt lat="28.439268" lon="83.841362">
      <ele>2340.738667</ele>
      <time>2016-10-17T11:55:47Z</time>
    </trkpt>
    <trkpt lat="28.439339" lon="83.841431">
      <ele>2340.447943</ele>
      <time>2016-10-17T11:55:59Z</time>
    </trkpt>
    <trkpt lat="28.439409" lon="83.841499">
      <ele>2340.266406</ele>
      <time>2016-10-17T11:56:10Z</time>
    </trkpt>
    <trkpt lat="28.439482" lon="83.841564">
      <ele>2340.079086</ele>
      <time>2016-10-17T11:56:30Z</time>
    </trkpt>
    <trkpt lat="28.439558" lon="83.841619">
      <ele>2339.938632</ele>
      <time>2016-10-17T11:56:41Z</time>
    </trkpt>
    <trkpt lat="28.439635" lon="83.841673">
      <ele>2339.929948</ele>
      <time>2016-10-17T11:56:57Z</time>
    </trkpt>
    <trkpt lat="28.439716" lon="83.841723">
      <ele>2340.042922</ele>
      <time>2016-10-17T11:57:11Z</time>
    </trkpt>
    <trkpt lat="28.439792" lon="83.841786">
      <ele>2340.224610</ele>
      <time>2016-10-17T11:57:23Z</time>
    </trkpt>
    <trkpt lat="28.439862" lon="83.841857">
      <ele>2340.648926</ele>
      <time>2016-10-17T11:57:34Z</time>
    </trkpt>
    <trkpt lat="28.439930" lon="83.841929">
      <ele>2341.093050</ele>
      <time>2016-10-17T11:57:47Z</time>
    </trkpt>
    <trkpt lat="28.439990" lon="83.842007">
      <ele>2341.705899</ele>
      <time>2016-10-17T11:57:57Z</time>
    </trkpt>
    <trkpt lat="28.440058" lon="83.842077">
      <ele>2342.444327</ele>
      <time>2016-10-17T11:58:11Z</time>
    </trkpt>
    <trkpt lat="28.440122" lon="83.842155">
      <ele>2343.244896</ele>
      <time>2016-10-17T11:58:23Z</time>
    </trkpt>
    <trkpt lat="28.440198" lon="83.842213">
      <ele>2344.140091</ele>
      <time>2016-10-17T11:58:37Z</time>
    </trkpt>
    <trkpt lat="28.440280" lon="83.842249">
      <ele>2344.766698</ele>
      <time>2016-10-17T11:58:49Z</time>
    </trkpt>
    <trkpt lat="28.440371" lon="83.842257">
      <ele>2345.199752</ele>
      <time>2016-10-17T11:59:08Z</time>
    </trkpt>
    <trkpt lat="28.440463" lon="83.842258">
      <ele>2345.651498</ele>
      <time>2016-10-17T11:59:25Z</time>
    </trkpt>
    <trkpt lat="28.440558" lon="83.842256">
      <ele>2346.070310</ele>
      <time>2016-10-17T11:59:39Z</time>
    </trkpt>
    <trkpt lat="28.440649" lon="83.842244">
      <ele>2346.060397</ele>
      <time>2016-10-17T11:59:52Z</time>
    </trkpt>
    <trkpt lat="28.440739" lon="83.842229">
      <ele>2345.906232</ele>
      <time>2016-10-17T12:00:07Z</time>
    </trkpt>
    <trkpt lat="28.440829" lon="83.842215">
      <ele>2345.725827</ele>
      <time>2016-10-17T12:00:26Z</time>
    </trkpt>
    <trkpt lat="28.440883" lon="83.842246">
      <ele>2345.386922</ele>
      <time>2016-10-17T12:00:49Z</time>
    </trkpt>
    <trkpt lat="28.440917" lon="83.842312">
      <ele>2345.048949</ele>
      <time>2016-10-17T12:01:05Z</time>
    </trkpt>
    <trkpt lat="28.440921" lon="83.842416">
      <ele>2344.069501</ele>
      <time>2016-10-17T12:01:20Z</time>
    </trkpt>
    <trkpt lat="28.440951" lon="83.842512">
      <ele>2343.652420</ele>
      <time>2016-10-17T12:01:29Z</time>
    </trkpt>
    <trkpt lat="28.440968" lon="83.842609">
      <ele>2343.755258</ele>
      <time>2016-10-17T12:01:48Z</time>
    </trkpt>
    <trkpt lat="28.441011" lon="83.842675">
      <ele>2343.772578</ele>
      <time>2016-10-17T12:02:13Z</time>
    </trkpt>
    <trkpt lat="28.441058" lon="83.842735">
      <ele>2343.512994</ele>
      <time>2016-10-17T12:02:41Z</time>
    </trkpt>
    <trkpt lat="28.441133" lon="83.842789">
      <ele>2343.058143</ele>
      <time>2016-10-17T12:03:03Z</time>
    </trkpt>
    <trkpt lat="28.441211" lon="83.842831">
      <ele>2342.604316</ele>
      <time>2016-10-17T12:03:15Z</time>
    </trkpt>
    <trkpt lat="28.441276" lon="83.842886">
      <ele>2342.245942</ele>
      <time>2016-10-17T12:03:35Z</time>
    </trkpt>
    <trkpt lat="28.441341" lon="83.842934">
      <ele>2342.023537</ele>
      <time>2016-10-17T12:04:05Z</time>
    </trkpt>
    <trkpt lat="28.441403" lon="83.842995">
      <ele>2342.267915</ele>
      <time>2016-10-17T12:04:32Z</time>
    </trkpt>
    <trkpt lat="28.441480" lon="83.843046">
      <ele>2342.964449</ele>
      <time>2016-10-17T12:04:53Z</time>
    </trkpt>
    <trkpt lat="28.441562" lon="83.843096">
      <ele>2343.699293</ele>
      <time>2016-10-17T12:05:09Z</time>
    </trkpt>
    <trkpt lat="28.441626" lon="83.843168">
      <ele>2344.524731</ele>
      <time>2016-10-17T12:05:27Z</time>
    </trkpt>
    <trkpt lat="28.441674" lon="83.843254">
      <ele>2345.544500</ele>
      <time>2016-10-17T12:05:39Z</time>
    </trkpt>
    <trkpt lat="28.441706" lon="83.843349">
      <ele>2346.821802</ele>
      <time>2016-10-17T12:05:50Z</time>
    </trkpt>
    <trkpt lat="28.441738" lon="83.843444">
      <ele>2348.656952</ele>
      <time>2016-10-17T12:06:31Z</time>
    </trkpt>
    <trkpt lat="28.441784" lon="83.843527">
      <ele>2350.700723</ele>
      <time>2016-10-17T12:06:49Z</time>
    </trkpt>
    <trkpt lat="28.441840" lon="83.843601">
      <ele>2353.137593</ele>
      <time>2016-10-17T12:07:03Z</time>
    </trkpt>
    <trkpt lat="28.441913" lon="83.843647">
      <ele>2355.598207</ele>
      <time>2016-10-17T12:07:12Z</time>
    </trkpt>
    <trkpt lat="28.441990" lon="83.843673">
      <ele>2357.836776</ele>
      <time>2016-10-17T12:07:28Z</time>
    </trkpt>
    <trkpt lat="28.442046" lon="83.843713">
      <ele>2359.925261</ele>
      <time>2016-10-17T12:07:41Z</time>
    </trkpt>
    <trkpt lat="28.442078" lon="83.843785">
      <ele>2360.938268</ele>
      <time>2016-10-17T12:07:50Z</time>
    </trkpt>
    <trkpt lat="28.442106" lon="83.843841">
      <ele>2362.999332</ele>
      <time>2016-10-17T12:08:02Z</time>
    </trkpt>
    <trkpt lat="28.442142" lon="83.843892">
      <ele>2364.755866</ele>
      <time>2016-10-17T12:08:26Z</time>
    </trkpt>
    <trkpt lat="28.442197" lon="83.843933">
      <ele>2365.715256</ele>
      <time>2016-10-17T12:08:54Z</time>
    </trkpt>
    <trkpt lat="28.442256" lon="83.843984">
      <ele>2366.368929</ele>
      <time>2016-10-17T12:09:17Z</time>
    </trkpt>
    <trkpt lat="28.442331" lon="83.844025">
      <ele>2366.844544</ele>
      <time>2016-10-17T12:09:33Z</time>
    </trkpt>
    <trkpt lat="28.442417" lon="83.844047">
      <ele>2367.130496</ele>
      <time>2016-10-17T12:09:48Z</time>
    </trkpt>
    <trkpt lat="28.442506" lon="83.844085">
      <ele>2367.704371</ele>
      <time>2016-10-17T12:10:04Z</time>
    </trkpt>
    <trkpt lat="28.442601" lon="83.844109">
      <ele>2368.369767</ele>
      <time>2016-10-17T12:10:24Z</time>
    </trkpt>
    <trkpt lat="28.442700" lon="83.844123">
      <ele>2369.433892</ele>
      <time>2016-10-17T12:10:33Z</time>
    </trkpt>
    <trkpt lat="28.442796" lon="83.844122">
      <ele>2370.245514</ele>
      <time>2016-10-17T12:10:39Z</time>
    </trkpt>
    <trkpt lat="28.442890" lon="83.844113">
      <ele>2370.915552</ele>
      <time>2016-10-17T12:10:49Z</time>
    </trkpt>
    <trkpt lat="28.442977" lon="83.844090">
      <ele>2371.407487</ele>
      <time>2016-10-17T12:11:16Z</time>
    </trkpt>
    <trkpt lat="28.443063" lon="83.844061">
      <ele>2372.001645</ele>
      <time>2016-10-17T12:11:35Z</time>
    </trkpt>
    <trkpt lat="28.443150" lon="83.844040">
      <ele>2372.699431</ele>
      <time>2016-10-17T12:11:44Z</time>
    </trkpt>
    <trkpt lat="28.443232" lon="83.844062">
      <ele>2374.110668</ele>
      <time>2016-10-17T12:11:52Z</time>
    </trkpt>
    <trkpt lat="28.443307" lon="83.844123">
      <ele>2375.558991</ele>
      <time>2016-10-17T12:12:08Z</time>
    </trkpt>
    <trkpt lat="28.443380" lon="83.844162">
      <ele>2378.075387</ele>
      <time>2016-10-17T12:12:19Z</time>
    </trkpt>
    <trkpt lat="28.443453" lon="83.844197">
      <ele>2378.347127</ele>
      <time>2016-10-17T12:12:41Z</time>
    </trkpt>
    <trkpt lat="28.443521" lon="83.844232">
      <ele>2379.291921</ele>
      <time>2016-10-17T12:13:03Z</time>
    </trkpt>
    <trkpt lat="28.443580" lon="83.844314">
      <ele>2380.189340</ele>
      <time>2016-10-17T12:13:15Z</time>
    </trkpt>
    <trkpt lat="28.443624" lon="83.844407">
      <ele>2380.470970</ele>
      <time>2016-10-17T12:13:28Z</time>
    </trkpt>
    <trkpt lat="28.443686" lon="83.844469">
      <ele>2380.899048</ele>
      <time>2016-10-17T12:13:36Z</time>
    </trkpt>
    <trkpt lat="28.443756" lon="83.844521">
      <ele>2381.795994</ele>
      <time>2016-10-17T12:13:45Z</time>
    </trkpt>
    <trkpt lat="28.443838" lon="83.844568">
      <ele>2382.937960</ele>
      <time>2016-10-17T12:13:55Z</time>
    </trkpt>
    <trkpt lat="28.443902" lon="83.844643">
      <ele>2383.861899</ele>
      <time>2016-10-17T12:14:06Z</time>
    </trkpt>
    <trkpt lat="28.443972" lon="83.844709">
      <ele>2384.804002</ele>
      <time>2016-10-17T12:14:21Z</time>
    </trkpt>
    <trkpt lat="28.444053" lon="83.844753">
      <ele>2385.600783</ele>
      <time>2016-10-17T12:14:32Z</time>
    </trkpt>
    <trkpt lat="28.444146" lon="83.844784">
      <ele>2386.542704</ele>
      <time>2016-10-17T12:14:41Z</time>
    </trkpt>
    <trkpt lat="28.444231" lon="83.844831">
      <ele>2387.549565</ele>
      <time>2016-10-17T12:14:54Z</time>
    </trkpt>
    <trkpt lat="28.444308" lon="83.844899">
      <ele>2388.650784</ele>
      <time>2016-10-17T12:15:04Z</time>
    </trkpt>
    <trkpt lat="28.444388" lon="83.844961">
      <ele>2389.769389</ele>
      <time>2016-10-17T12:15:15Z</time>
    </trkpt>
    <trkpt lat="28.444470" lon="83.845015">
      <ele>2390.827819</ele>
      <time>2016-10-17T12:15:31Z</time>
    </trkpt>
    <trkpt lat="28.444559" lon="83.845052">
      <ele>2391.505726</ele>
      <time>2016-10-17T12:15:40Z</time>
    </trkpt>
    <trkpt lat="28.444619" lon="83.845117">
      <ele>2391.958487</ele>
      <time>2016-10-17T12:15:53Z</time>
    </trkpt>
    <trkpt lat="28.444654" lon="83.845211">
      <ele>2392.629817</ele>
      <time>2016-10-17T12:16:04Z</time>
    </trkpt>
    <trkpt lat="28.444676" lon="83.845324">
      <ele>2393.278235</ele>
      <time>2016-10-17T12:16:15Z</time>
    </trkpt>
    <trkpt lat="28.444705" lon="83.845434">
      <ele>2393.956422</ele>
      <time>2016-10-17T12:16:32Z</time>
    </trkpt>
    <trkpt lat="28.444722" lon="83.845489">
      <ele>2394.731581</ele>
      <time>2016-10-17T12:17:12Z</time>
    </trkpt>
    <trkpt lat="28.444713" lon="83.845509">
      <ele>2410.919240</ele>
      <time>2016-10-17T12:21:05Z</time>
      <extensions>
        <pause>start</pause>
        <type>auto</type>
      </extensions>
    </trkpt>
    <trkpt lat="28.444992" lon="83.845490">
      <ele>2408.745205</ele>
      <time>2016-10-17T12:22:40Z</time>
      <extensions>
        <pause>end</pause>
        <type>manual</type>
      </extensions>
    </trkpt>
    <trkpt lat="28.445087" lon="83.845461">
      <ele>2397.825370</ele>
      <time>2016-10-17T12:22:50Z</time>
    </trkpt>
    <trkpt lat="28.445182" lon="83.845431">
      <ele>2399.048695</ele>
      <time>2016-10-17T12:23:00Z</time>
    </trkpt>
    <trkpt lat="28.445277" lon="83.845419">
      <ele>2400.638090</ele>
      <time>2016-10-17T12:23:08Z</time>
    </trkpt>
    <trkpt lat="28.445371" lon="83.845428">
      <ele>2401.912450</ele>
      <time>2016-10-17T12:23:15Z</time>
    </trkpt>
    <trkpt lat="28.445463" lon="83.845456">
      <ele>2403.120022</ele>
      <time>2016-10-17T12:23:23Z</time>
    </trkpt>
    <trkpt lat="28.445557" lon="83.845491">
      <ele>2404.246456</ele>
      <time>2016-10-17T12:23:32Z</time>
    </trkpt>
    <trkpt lat="28.445650" lon="83.845500">
      <ele>2405.325789</ele>
      <time>2016-10-17T12:23:42Z</time>
    </trkpt>
    <trkpt lat="28.445745" lon="83.845502">
      <ele>2406.198319</ele>
      <time>2016-10-17T12:23:52Z</time>
    </trkpt>
    <trkpt lat="28.445833" lon="83.845511">
      <ele>2407.044081</ele>
      <time>2016-10-17T12:24:00Z</time>
    </trkpt>
    <trkpt lat="28.445918" lon="83.845547">
      <ele>2407.905104</ele>
      <time>2016-10-17T12:24:15Z</time>
    </trkpt>
    <trkpt lat="28.445999" lon="83.845593">
      <ele>2408.807283</ele>
      <time>2016-10-17T12:24:35Z</time>
    </trkpt>
    <trkpt lat="28.446083" lon="83.845639">
      <ele>2409.604481</ele>
      <time>2016-10-17T12:24:46Z</time>
    </trkpt>
    <trkpt lat="28.446160" lon="83.845697">
      <ele>2409.439765</ele>
      <time>2016-10-17T12:24:56Z</time>
    </trkpt>
    <trkpt lat="28.446236" lon="83.845736">
      <ele>2409.295631</ele>
      <time>2016-10-17T12:25:11Z</time>
    </trkpt>
    <trkpt lat="28.446313" lon="83.845741">
      <ele>2409.333149</ele>
      <time>2016-10-17T12:25:27Z</time>
    </trkpt>
    <trkpt lat="28.446399" lon="83.845717">
      <ele>2409.311925</ele>
      <time>2016-10-17T12:25:48Z</time>
    </trkpt>
    <trkpt lat="28.446484" lon="83.845702">
      <ele>2409.143458</ele>
      <time>2016-10-17T12:26:03Z</time>
    </trkpt>
    <trkpt lat="28.446570" lon="83.845717">
      <ele>2408.708888</ele>
      <time>2016-10-17T12:26:27Z</time>
    </trkpt>
    <trkpt lat="28.446655" lon="83.845731">
      <ele>2408.667694</ele>
      <time>2016-10-17T12:26:40Z</time>
    </trkpt>
    <trkpt lat="28.446744" lon="83.845740">
      <ele>2407.999983</ele>
      <time>2016-10-17T12:26:56Z</time>
    </trkpt>
    <trkpt lat="28.446835" lon="83.845736">
      <ele>2407.096872</ele>
      <time>2016-10-17T12:27:06Z</time>
    </trkpt>
    <trkpt lat="28.446928" lon="83.845730">
      <ele>2405.923114</ele>
      <time>2016-10-17T12:27:20Z</time>
    </trkpt>
    <trkpt lat="28.447018" lon="83.845716">
      <ele>2404.445786</ele>
      <time>2016-10-17T12:27:45Z</time>
    </trkpt>
    <trkpt lat="28.447108" lon="83.845708">
      <ele>2403.121598</ele>
      <time>2016-10-17T12:27:57Z</time>
    </trkpt>
    <trkpt lat="28.447197" lon="83.845695">
      <ele>2401.792684</ele>
      <time>2016-10-17T12:28:06Z</time>
    </trkpt>
    <trkpt lat="28.447287" lon="83.845687">
      <ele>2401.115065</ele>
      <time>2016-10-17T12:28:17Z</time>
    </trkpt>
    <trkpt lat="28.447377" lon="83.845668">
      <ele>2399.907090</ele>
      <time>2016-10-17T12:28:25Z</time>
    </trkpt>
    <trkpt lat="28.447470" lon="83.845651">
      <ele>2398.809688</ele>
      <time>2016-10-17T12:28:35Z</time>
    </trkpt>
    <trkpt lat="28.447564" lon="83.845632">
      <ele>2397.111856</ele>
      <time>2016-10-17T12:28:44Z</time>
    </trkpt>
    <trkpt lat="28.447659" lon="83.845611">
      <ele>2396.473757</ele>
      <time>2016-10-17T12:28:55Z</time>
    </trkpt>
    <trkpt lat="28.447754" lon="83.845586">
      <ele>2396.159966</ele>
      <time>2016-10-17T12:29:13Z</time>
    </trkpt>
    <trkpt lat="28.447844" lon="83.845558">
      <ele>2396.081684</ele>
      <time>2016-10-17T12:29:23Z</time>
    </trkpt>
    <trkpt lat="28.447925" lon="83.845562">
      <ele>2396.318371</ele>
      <time>2016-10-17T12:29:40Z</time>
    </trkpt>
    <trkpt lat="28.447996" lon="83.845603">
      <ele>2396.319093</ele>
      <time>2016-10-17T12:30:06Z</time>
    </trkpt>
    <trkpt lat="28.448065" lon="83.845672">
      <ele>2396.665246</ele>
      <time>2016-10-17T12:30:18Z</time>
    </trkpt>
    <trkpt lat="28.448144" lon="83.845714">
      <ele>2397.226148</ele>
      <time>2016-10-17T12:30:39Z</time>
    </trkpt>
    <trkpt lat="28.448231" lon="83.845744">
      <ele>2397.788601</ele>
      <time>2016-10-17T12:30:56Z</time>
    </trkpt>
    <trkpt lat="28.448319" lon="83.845777">
      <ele>2398.451696</ele>
      <time>2016-10-17T12:31:11Z</time>
    </trkpt>
    <trkpt lat="28.448405" lon="83.845820">
      <ele>2399.568067</ele>
      <time>2016-10-17T12:31:25Z</time>
    </trkpt>
    <trkpt lat="28.448493" lon="83.845842">
      <ele>2400.703015</ele>
      <time>2016-10-17T12:31:47Z</time>
    </trkpt>
    <trkpt lat="28.448579" lon="83.845863">
      <ele>2402.018795</ele>
      <time>2016-10-17T12:32:01Z</time>
    </trkpt>
    <trkpt lat="28.448667" lon="83.845869">
      <ele>2403.467005</ele>
      <time>2016-10-17T12:32:32Z</time>
    </trkpt>
    <trkpt lat="28.448753" lon="83.845893">
      <ele>2405.093792</ele>
      <time>2016-10-17T12:32:47Z</time>
    </trkpt>
    <trkpt lat="28.448840" lon="83.845898">
      <ele>2407.012668</ele>
      <time>2016-10-17T12:33:07Z</time>
    </trkpt>
    <trkpt lat="28.448919" lon="83.845885">
      <ele>2408.816199</ele>
      <time>2016-10-17T12:33:46Z</time>
    </trkpt>
    <trkpt lat="28.448996" lon="83.845878">
      <ele>2410.392236</ele>
      <time>2016-10-17T12:34:12Z</time>
    </trkpt>
    <trkpt lat="28.449074" lon="83.845893">
      <ele>2411.555035</ele>
      <time>2016-10-17T12:34:37Z</time>
    </trkpt>
    <trkpt lat="28.449151" lon="83.845950">
      <ele>2412.449200</ele>
      <time>2016-10-17T12:35:07Z</time>
    </trkpt>
    <trkpt lat="28.449211" lon="83.846026">
      <ele>2413.109647</ele>
      <time>2016-10-17T12:36:06Z</time>
    </trkpt>
    <trkpt lat="28.449254" lon="83.846118">
      <ele>2414.144791</ele>
      <time>2016-10-17T12:36:26Z</time>
    </trkpt>
    <trkpt lat="28.449295" lon="83.846215">
      <ele>2415.494381</ele>
      <time>2016-10-17T12:36:34Z</time>
    </trkpt>
    <trkpt lat="28.449341" lon="83.846309">
      <ele>2416.733423</ele>
      <time>2016-10-17T12:36:45Z</time>
    </trkpt>
    <trkpt lat="28.449387" lon="83.846405">
      <ele>2417.996469</ele>
      <time>2016-10-17T12:36:54Z</time>
    </trkpt>
    <trkpt lat="28.449431" lon="83.846498">
      <ele>2419.081336</ele>
      <time>2016-10-17T12:37:09Z</time>
    </trkpt>
    <trkpt lat="28.449472" lon="83.846592">
      <ele>2420.344438</ele>
      <time>2016-10-17T12:37:26Z</time>
    </trkpt>
    <trkpt lat="28.449513" lon="83.846687">
      <ele>2421.547164</ele>
      <time>2016-10-17T12:37:36Z</time>
    </trkpt>
    <trkpt lat="28.449536" lon="83.846787">
      <ele>2422.892142</ele>
      <time>2016-10-17T12:37:46Z</time>
    </trkpt>
    <trkpt lat="28.449553" lon="83.846890">
      <ele>2424.251981</ele>
      <time>2016-10-17T12:37:55Z</time>
    </trkpt>
    <trkpt lat="28.449580" lon="83.846991">
      <ele>2425.429534</ele>
      <time>2016-10-17T12:38:04Z</time>
    </trkpt>
    <trkpt lat="28.449631" lon="83.847081">
      <ele>2426.280723</ele>
      <time>2016-10-17T12:38:13Z</time>
    </trkpt>
    <trkpt lat="28.449690" lon="83.847166">
      <ele>2426.374985</ele>
      <time>2016-10-17T12:38:23Z</time>
    </trkpt>
    <trkpt lat="28.449754" lon="83.847241">
      <ele>2426.376495</ele>
      <time>2016-10-17T12:38:36Z</time>
    </trkpt>
    <trkpt lat="28.449821" lon="83.847312">
      <ele>2426.260769</ele>
      <time>2016-10-17T12:38:48Z</time>
    </trkpt>
    <trkpt lat="28.449895" lon="83.847379">
      <ele>2426.258839</ele>
      <time>2016-10-17T12:39:00Z</time>
    </trkpt>
    <trkpt lat="28.449965" lon="83.847455">
      <ele>2426.503107</ele>
      <time>2016-10-17T12:39:07Z</time>
    </trkpt>
    <trkpt lat="28.450037" lon="83.847533">
      <ele>2426.966352</ele>
      <time>2016-10-17T12:39:16Z</time>
    </trkpt>
    <trkpt lat="28.450110" lon="83.847610">
      <ele>2427.388951</ele>
      <time>2016-10-17T12:39:26Z</time>
    </trkpt>
    <trkpt lat="28.450188" lon="83.847675">
      <ele>2427.837567</ele>
      <time>2016-10-17T12:39:35Z</time>
    </trkpt>
    <trkpt lat="28.450267" lon="83.847726">
      <ele>2428.345497</ele>
      <time>2016-10-17T12:39:43Z</time>
    </trkpt>
    <trkpt lat="28.450332" lon="83.847784">
      <ele>2428.520772</ele>
      <time>2016-10-17T12:39:51Z</time>
    </trkpt>
    <trkpt lat="28.450365" lon="83.847856">
      <ele>2429.244029</ele>
      <time>2016-10-17T12:40:10Z</time>
    </trkpt>
    <trkpt lat="28.450362" lon="83.847958">
      <ele>2430.076712</ele>
      <time>2016-10-17T12:40:20Z</time>
    </trkpt>
    <trkpt lat="28.450364" lon="83.848060">
      <ele>2430.728315</ele>
      <time>2016-10-17T12:40:32Z</time>
    </trkpt>
    <trkpt lat="28.450383" lon="83.848162">
      <ele>2431.153185</ele>
      <time>2016-10-17T12:40:39Z</time>
    </trkpt>
    <trkpt lat="28.450409" lon="83.848269">
      <ele>2431.432048</ele>
      <time>2016-10-17T12:40:49Z</time>
    </trkpt>
    <trkpt lat="28.450427" lon="83.848377">
      <ele>2431.059388</ele>
      <time>2016-10-17T12:41:03Z</time>
    </trkpt>
    <trkpt lat="28.450433" lon="83.848487">
      <ele>2430.102426</ele>
      <time>2016-10-17T12:41:14Z</time>
    </trkpt>
    <trkpt lat="28.450441" lon="83.848592">
      <ele>2429.049166</ele>
      <time>2016-10-17T12:41:26Z</time>
    </trkpt>
    <trkpt lat="28.450451" lon="83.848695">
      <ele>2427.943621</ele>
      <time>2016-10-17T12:41:38Z</time>
    </trkpt>
    <trkpt lat="28.450461" lon="83.848785">
      <ele>2426.947763</ele>
      <time>2016-10-17T12:41:57Z</time>
    </trkpt>
    <trkpt lat="28.450468" lon="83.848876">
      <ele>2425.988750</ele>
      <time>2016-10-17T12:42:10Z</time>
    </trkpt>
    <trkpt lat="28.450464" lon="83.848970">
      <ele>2425.104660</ele>
      <time>2016-10-17T12:42:19Z</time>
    </trkpt>
    <trkpt lat="28.450466" lon="83.849077">
      <ele>2424.432007</ele>
      <time>2016-10-17T12:42:27Z</time>
    </trkpt>
    <trkpt lat="28.450474" lon="83.849183">
      <ele>2424.072889</ele>
      <time>2016-10-17T12:42:41Z</time>
    </trkpt>
    <trkpt lat="28.450483" lon="83.849289">
      <ele>2424.055518</ele>
      <time>2016-10-17T12:42:49Z</time>
    </trkpt>
    <trkpt lat="28.450491" lon="83.849394">
      <ele>2426.029457</ele>
      <time>2016-10-17T12:42:58Z</time>
    </trkpt>
    <trkpt lat="28.450504" lon="83.849498">
      <ele>2428.530912</ele>
      <time>2016-10-17T12:43:07Z</time>
    </trkpt>
    <trkpt lat="28.450527" lon="83.849601">
      <ele>2431.340246</ele>
      <time>2016-10-17T12:43:17Z</time>
    </trkpt>
    <trkpt lat="28.450555" lon="83.849703">
      <ele>2434.405610</ele>
      <time>2016-10-17T12:43:25Z</time>
    </trkpt>
    <trkpt lat="28.450586" lon="83.849803">
      <ele>2438.749982</ele>
      <time>2016-10-17T12:43:34Z</time>
    </trkpt>
    <trkpt lat="28.450631" lon="83.849891">
      <ele>2441.441784</ele>
      <time>2016-10-17T12:43:45Z</time>
    </trkpt>
    <trkpt lat="28.450663" lon="83.849957">
      <ele>2443.147297</ele>
      <time>2016-10-17T12:44:02Z</time>
    </trkpt>
    <trkpt lat="28.450672" lon="83.850006">
      <ele>2449.516878</ele>
      <time>2016-10-17T12:48:35Z</time>
      <extensions>
        <pause>start</pause>
        <type>auto</type>
      </extensions>
    </trkpt>
    <trkpt lat="28.450838" lon="83.850251">
      <ele>2445.460131</ele>
      <time>2016-10-17T12:50:25Z</time>
      <extensions>
        <pause>end</pause>
        <type>manual</type>
      </extensions>
    </trkpt>
    <trkpt lat="28.450885" lon="83.850343">
      <ele>2451.011994</ele>
      <time>2016-10-17T12:50:34Z</time>
    </trkpt>
    <trkpt lat="28.450946" lon="83.850413">
      <ele>2452.114936</ele>
      <time>2016-10-17T12:50:44Z</time>
    </trkpt>
    <trkpt lat="28.451019" lon="83.850464">
      <ele>2452.168775</ele>
      <time>2016-10-17T12:50:57Z</time>
    </trkpt>
    <trkpt lat="28.451106" lon="83.850484">
      <ele>2451.639444</ele>
      <time>2016-10-17T12:51:22Z</time>
    </trkpt>
    <trkpt lat="28.451191" lon="83.850485">
      <ele>2450.932740</ele>
      <time>2016-10-17T12:51:31Z</time>
    </trkpt>
    <trkpt lat="28.451276" lon="83.850452">
      <ele>2450.137190</ele>
      <time>2016-10-17T12:51:44Z</time>
    </trkpt>
    <trkpt lat="28.451350" lon="83.850391">
      <ele>2449.112370</ele>
      <time>2016-10-17T12:51:58Z</time>
    </trkpt>
    <trkpt lat="28.451421" lon="83.850315">
      <ele>2447.815834</ele>
      <time>2016-10-17T12:52:12Z</time>
    </trkpt>
    <trkpt lat="28.451489" lon="83.850240">
      <ele>2446.082878</ele>
      <time>2016-10-17T12:52:19Z</time>
    </trkpt>
    <trkpt lat="28.451558" lon="83.850168">
      <ele>2443.999220</ele>
      <time>2016-10-17T12:52:26Z</time>
    </trkpt>
    <trkpt lat="28.451632" lon="83.850105">
      <ele>2441.528100</ele>
      <time>2016-10-17T12:52:32Z</time>
    </trkpt>
    <trkpt lat="28.451707" lon="83.850049">
      <ele>2438.996771</ele>
      <time>2016-10-17T12:52:39Z</time>
    </trkpt>
    <trkpt lat="28.451795" lon="83.850015">
      <ele>2436.946583</ele>
      <time>2016-10-17T12:52:48Z</time>
    </trkpt>
    <trkpt lat="28.451888" lon="83.850004">
      <ele>2435.226491</ele>
      <time>2016-10-17T12:53:01Z</time>
    </trkpt>
    <trkpt lat="28.451971" lon="83.850030">
      <ele>2433.522037</ele>
      <time>2016-10-17T12:53:13Z</time>
    </trkpt>
    <trkpt lat="28.452042" lon="83.850087">
      <ele>2431.869199</ele>
      <time>2016-10-17T12:53:31Z</time>
    </trkpt>
    <trkpt lat="28.452096" lon="83.850170">
      <ele>2431.479733</ele>
      <time>2016-10-17T12:53:43Z</time>
    </trkpt>
    <trkpt lat="28.452139" lon="83.850259">
      <ele>2430.415747</ele>
      <time>2016-10-17T12:53:51Z</time>
    </trkpt>
    <trkpt lat="28.452183" lon="83.850347">
      <ele>2429.292229</ele>
      <time>2016-10-17T12:54:00Z</time>
    </trkpt>
    <trkpt lat="28.452230" lon="83.850435">
      <ele>2428.589234</ele>
      <time>2016-10-17T12:54:13Z</time>
    </trkpt>
    <trkpt lat="28.452293" lon="83.850514">
      <ele>2428.012662</ele>
      <time>2016-10-17T12:54:22Z</time>
    </trkpt>
    <trkpt lat="28.452360" lon="83.850587">
      <ele>2427.833435</ele>
      <time>2016-10-17T12:54:33Z</time>
    </trkpt>
    <trkpt lat="28.452434" lon="83.850653">
      <ele>2427.433060</ele>
      <time>2016-10-17T12:54:47Z</time>
    </trkpt>
    <trkpt lat="28.452509" lon="83.850715">
      <ele>2427.027254</ele>
      <time>2016-10-17T12:54:58Z</time>
    </trkpt>
    <trkpt lat="28.452585" lon="83.850776">
      <ele>2426.642496</ele>
      <time>2016-10-17T12:55:09Z</time>
    </trkpt>
    <trkpt lat="28.452657" lon="83.850842">
      <ele>2426.262086</ele>
      <time>2016-10-17T12:55:23Z</time>
    </trkpt>
    <trkpt lat="28.452726" lon="83.850914">
      <ele>2425.879085</ele>
      <time>2016-10-17T12:55:37Z</time>
    </trkpt>
    <trkpt lat="28.452780" lon="83.850999">
      <ele>2425.525518</ele>
      <time>2016-10-17T12:55:50Z</time>
    </trkpt>
    <trkpt lat="28.452832" lon="83.851088">
      <ele>2425.187756</ele>
      <time>2016-10-17T12:56:04Z</time>
    </trkpt>
    <trkpt lat="28.452890" lon="83.851173">
      <ele>2424.794942</ele>
      <time>2016-10-17T12:56:21Z</time>
    </trkpt>
    <trkpt lat="28.452959" lon="83.851252">
      <ele>2424.693020</ele>
      <time>2016-10-17T12:56:32Z</time>
    </trkpt>
    <trkpt lat="28.453025" lon="83.851329">
      <ele>2424.450655</ele>
      <time>2016-10-17T12:56:42Z</time>
    </trkpt>
    <trkpt lat="28.453084" lon="83.851411">
      <ele>2424.165904</ele>
      <time>2016-10-17T12:56:53Z</time>
    </trkpt>
    <trkpt lat="28.453134" lon="83.851498">
      <ele>2423.769585</ele>
      <time>2016-10-17T12:57:05Z</time>
    </trkpt>
    <trkpt lat="28.453189" lon="83.851581">
      <ele>2423.317764</ele>
      <time>2016-10-17T12:57:15Z</time>
    </trkpt>
    <trkpt lat="28.453246" lon="83.851666">
      <ele>2422.667009</ele>
      <time>2016-10-17T12:57:32Z</time>
    </trkpt>
    <trkpt lat="28.453312" lon="83.851739">
      <ele>2422.185722</ele>
      <time>2016-10-17T12:57:43Z</time>
    </trkpt>
    <trkpt lat="28.453368" lon="83.851819">
      <ele>2421.754432</ele>
      <time>2016-10-17T12:58:02Z</time>
    </trkpt>
    <trkpt lat="28.453412" lon="83.851900">
      <ele>2421.290270</ele>
      <time>2016-10-17T12:58:13Z</time>
    </trkpt>
    <trkpt lat="28.453418" lon="83.851986">
      <ele>2420.771162</ele>
      <time>2016-10-17T12:58:31Z</time>
    </trkpt>
    <trkpt lat="28.453431" lon="83.852067">
      <ele>2420.341720</ele>
      <time>2016-10-17T12:58:57Z</time>
    </trkpt>
    <trkpt lat="28.453457" lon="83.852142">
      <ele>2420.028452</ele>
      <time>2016-10-17T12:59:19Z</time>
    </trkpt>
    <trkpt lat="28.453503" lon="83.852226">
      <ele>2419.991072</ele>
      <time>2016-10-17T12:59:51Z</time>
    </trkpt>
    <trkpt lat="28.453535" lon="83.852311">
      <ele>2419.706125</ele>
      <time>2016-10-17T13:00:07Z</time>
    </trkpt>
    <trkpt lat="28.453555" lon="83.852401">
      <ele>2419.112030</ele>
      <time>2016-10-17T13:00:27Z</time>
    </trkpt>
    <trkpt lat="28.453579" lon="83.852490">
      <ele>2417.908296</ele>
      <time>2016-10-17T13:00:50Z</time>
    </trkpt>
    <trkpt lat="28.453612" lon="83.852582">
      <ele>2416.537174</ele>
      <time>2016-10-17T13:01:08Z</time>
    </trkpt>
    <trkpt lat="28.453655" lon="83.852671">
      <ele>2414.487366</ele>
      <time>2016-10-17T13:01:22Z</time>
    </trkpt>
    <trkpt lat="28.453694" lon="83.852760">
      <ele>2412.198589</ele>
      <time>2016-10-17T13:01:38Z</time>
    </trkpt>
    <trkpt lat="28.453731" lon="83.852848">
      <ele>2409.354544</ele>
      <time>2016-10-17T13:01:53Z</time>
    </trkpt>
    <trkpt lat="28.453756" lon="83.852941">
      <ele>2406.182753</ele>
      <time>2016-10-17T13:02:07Z</time>
    </trkpt>
    <trkpt lat="28.453777" lon="83.853038">
      <ele>2402.562147</ele>
      <time>2016-10-17T13:02:28Z</time>
    </trkpt>
    <trkpt lat="28.453799" lon="83.853135">
      <ele>2398.790540</ele>
      <time>2016-10-17T13:02:46Z</time>
    </trkpt>
    <trkpt lat="28.453827" lon="83.853235">
      <ele>2394.826642</ele>
      <time>2016-10-17T13:03:03Z</time>
    </trkpt>
    <trkpt lat="28.453859" lon="83.853335">
      <ele>2390.809110</ele>
      <time>2016-10-17T13:03:17Z</time>
    </trkpt>
    <trkpt lat="28.453896" lon="83.853433">
      <ele>2387.022865</ele>
      <time>2016-10-17T13:03:28Z</time>
    </trkpt>
    <trkpt lat="28.453940" lon="83.853523">
      <ele>2383.555811</ele>
      <time>2016-10-17T13:03:45Z</time>
    </trkpt>
    <trkpt lat="28.453976" lon="83.853616">
      <ele>2378.540747</ele>
      <time>2016-10-17T13:04:00Z</time>
    </trkpt>
    <trkpt lat="28.454008" lon="83.853706">
      <ele>2375.383386</ele>
      <time>2016-10-17T13:04:20Z</time>
    </trkpt>
    <trkpt lat="28.454036" lon="83.853796">
      <ele>2372.541295</ele>
      <time>2016-10-17T13:04:42Z</time>
    </trkpt>
    <trkpt lat="28.454069" lon="83.853886">
      <ele>2370.053338</ele>
      <time>2016-10-17T13:05:03Z</time>
    </trkpt>
    <trkpt lat="28.454103" lon="83.853981">
      <ele>2367.694280</ele>
      <time>2016-10-17T13:05:19Z</time>
    </trkpt>
    <trkpt lat="28.454132" lon="83.854079">
      <ele>2365.189863</ele>
      <time>2016-10-17T13:05:36Z</time>
    </trkpt>
    <trkpt lat="28.454168" lon="83.854172">
      <ele>2360.990925</ele>
      <time>2016-10-17T13:05:54Z</time>
    </trkpt>
    <trkpt lat="28.454209" lon="83.854262">
      <ele>2358.063243</ele>
      <time>2016-10-17T13:06:12Z</time>
    </trkpt>
    <trkpt lat="28.454259" lon="83.854349">
      <ele>2355.012467</ele>
      <time>2016-10-17T13:06:27Z</time>
    </trkpt>
    <trkpt lat="28.454310" lon="83.854434">
      <ele>2352.060869</ele>
      <time>2016-10-17T13:06:37Z</time>
    </trkpt>
    <trkpt lat="28.454369" lon="83.854510">
      <ele>2349.131274</ele>
      <time>2016-10-17T13:06:47Z</time>
    </trkpt>
    <trkpt lat="28.454425" lon="83.854588">
      <ele>2346.087585</ele>
      <time>2016-10-17T13:07:02Z</time>
    </trkpt>
    <trkpt lat="28.454491" lon="83.854659">
      <ele>2343.108478</ele>
      <time>2016-10-17T13:07:15Z</time>
    </trkpt>
    <trkpt lat="28.454532" lon="83.854743">
      <ele>2340.143635</ele>
      <time>2016-10-17T13:07:32Z</time>
    </trkpt>
    <trkpt lat="28.454578" lon="83.854824">
      <ele>2337.166534</ele>
      <time>2016-10-17T13:07:40Z</time>
    </trkpt>
    <trkpt lat="28.454613" lon="83.854914">
      <ele>2334.296311</ele>
      <time>2016-10-17T13:07:55Z</time>
    </trkpt>
    <trkpt lat="28.454659" lon="83.854999">
      <ele>2332.600403</ele>
      <time>2016-10-17T13:08:09Z</time>
    </trkpt>
    <trkpt lat="28.454703" lon="83.855086">
      <ele>2330.086290</ele>
      <time>2016-10-17T13:08:20Z</time>
    </trkpt>
    <trkpt lat="28.454749" lon="83.855171">
      <ele>2327.754360</ele>
      <time>2016-10-17T13:08:36Z</time>
    </trkpt>
    <trkpt lat="28.454803" lon="83.855252">
      <ele>2325.733258</ele>
      <time>2016-10-17T13:08:50Z</time>
    </trkpt>
    <trkpt lat="28.454862" lon="83.855330">
      <ele>2323.648266</ele>
      <time>2016-10-17T13:09:01Z</time>
    </trkpt>
    <trkpt lat="28.454930" lon="83.855400">
      <ele>2321.642936</ele>
      <time>2016-10-17T13:09:12Z</time>
    </trkpt>
    <trkpt lat="28.455010" lon="83.855459">
      <ele>2318.432285</ele>
      <time>2016-10-17T13:09:23Z</time>
    </trkpt>
    <trkpt lat="28.455097" lon="83.855506">
      <ele>2316.291385</ele>
      <time>2016-10-17T13:09:35Z</time>
    </trkpt>
    <trkpt lat="28.455187" lon="83.855548">
      <ele>2314.086416</ele>
      <time>2016-10-17T13:09:46Z</time>
    </trkpt>
    <trkpt lat="28.455279" lon="83.855575">
      <ele>2312.005677</ele>
      <time>2016-10-17T13:09:57Z</time>
    </trkpt>
    <trkpt lat="28.455372" lon="83.855603">
      <ele>2309.972359</ele>
      <time>2016-10-17T13:10:08Z</time>
    </trkpt>
    <trkpt lat="28.455463" lon="83.855641">
      <ele>2307.987915</ele>
      <time>2016-10-17T13:10:23Z</time>
    </trkpt>
    <trkpt lat="28.455549" lon="83.855695">
      <ele>2306.255552</ele>
      <time>2016-10-17T13:10:36Z</time>
    </trkpt>
    <trkpt lat="28.455622" lon="83.855764">
      <ele>2304.543642</ele>
      <time>2016-10-17T13:10:50Z</time>
    </trkpt>
    <trkpt lat="28.455674" lon="83.855846">
      <ele>2303.107549</ele>
      <time>2016-10-17T13:11:06Z</time>
    </trkpt>
    <trkpt lat="28.455720" lon="83.855936">
      <ele>2302.003155</ele>
      <time>2016-10-17T13:11:21Z</time>
    </trkpt>
    <trkpt lat="28.455775" lon="83.856019">
      <ele>2301.093316</ele>
      <time>2016-10-17T13:11:31Z</time>
    </trkpt>
    <trkpt lat="28.455843" lon="83.856092">
      <ele>2300.262201</ele>
      <time>2016-10-17T13:11:47Z</time>
    </trkpt>
    <trkpt lat="28.455915" lon="83.856163">
      <ele>2299.380679</ele>
      <time>2016-10-17T13:12:00Z</time>
    </trkpt>
    <trkpt lat="28.455985" lon="83.856235">
      <ele>2298.363182</ele>
      <time>2016-10-17T13:12:17Z</time>
    </trkpt>
    <trkpt lat="28.456069" lon="83.856284">
      <ele>2297.377256</ele>
      <time>2016-10-17T13:12:29Z</time>
    </trkpt>
    <trkpt lat="28.456156" lon="83.856321">
      <ele>2296.454935</ele>
      <time>2016-10-17T13:12:41Z</time>
    </trkpt>
    <trkpt lat="28.456242" lon="83.856357">
      <ele>2295.830033</ele>
      <time>2016-10-17T13:12:56Z</time>
    </trkpt>
    <trkpt lat="28.456318" lon="83.856411">
      <ele>2295.269712</ele>
      <time>2016-10-17T13:13:21Z</time>
    </trkpt>
    <trkpt lat="28.456384" lon="83.856481">
      <ele>2294.829530</ele>
      <time>2016-10-17T13:13:39Z</time>
    </trkpt>
    <trkpt lat="28.456452" lon="83.856551">
      <ele>2294.446543</ele>
      <time>2016-10-17T13:14:02Z</time>
    </trkpt>
    <trkpt lat="28.456525" lon="83.856599">
      <ele>2294.134271</ele>
      <time>2016-10-17T13:14:10Z</time>
    </trkpt>
    <trkpt lat="28.456614" lon="83.856636">
      <ele>2294.299044</ele>
      <time>2016-10-17T13:14:18Z</time>
    </trkpt>
    <trkpt lat="28.456694" lon="83.856683">
      <ele>2294.724068</ele>
      <time>2016-10-17T13:14:27Z</time>
    </trkpt>
    <trkpt lat="28.456771" lon="83.856747">
      <ele>2294.718419</ele>
      <time>2016-10-17T13:14:40Z</time>
    </trkpt>
    <trkpt lat="28.456842" lon="83.856800">
      <ele>2295.963742</ele>
      <time>2016-10-17T13:14:54Z</time>
    </trkpt>
    <trkpt lat="28.456930" lon="83.856819">
      <ele>2297.334173</ele>
      <time>2016-10-17T13:15:17Z</time>
    </trkpt>
    <trkpt lat="28.456990" lon="83.856827">
      <ele>2297.966395</ele>
      <time>2016-10-17T13:15:51Z</time>
    </trkpt>
    <trkpt lat="28.457022" lon="83.856834">
      <ele>2311.229075</ele>
      <time>2016-10-17T13:19:41Z</time>
      <extensions>
        <pause>start</pause>
        <type>auto</type>
      </extensions>
    </trkpt>
    <trkpt lat="28.457293" lon="83.856856">
      <ele>2314.555296</ele>
      <time>2016-10-17T13:48:00Z</time>
      <extensions>
        <pause>end</pause>
        <type>manual</type>
      </extensions>
    </trkpt>
    <trkpt lat="28.457345" lon="83.856928">
      <ele>2302.858959</ele>
      <time>2016-10-17T13:48:17Z</time>
    </trkpt>
    <trkpt lat="28.457417" lon="83.856973">
      <ele>2304.215183</ele>
      <time>2016-10-17T13:48:34Z</time>
    </trkpt>
    <trkpt lat="28.457496" lon="83.857010">
      <ele>2305.526176</ele>
      <time>2016-10-17T13:48:54Z</time>
    </trkpt>
    <trkpt lat="28.457577" lon="83.857048">
      <ele>2306.750897</ele>
      <time>2016-10-17T13:49:09Z</time>
    </trkpt>
    <trkpt lat="28.457656" lon="83.857096">
      <ele>2308.101164</ele>
      <time>2016-10-17T13:49:29Z</time>
    </trkpt>
    <trkpt lat="28.457739" lon="83.857139">
      <ele>2309.376601</ele>
      <time>2016-10-17T13:49:44Z</time>
    </trkpt>
    <trkpt lat="28.457810" lon="83.857199">
      <ele>2310.692645</ele>
      <time>2016-10-17T13:49:58Z</time>
    </trkpt>
    <trkpt lat="28.457876" lon="83.857269">
      <ele>2312.182325</ele>
      <time>2016-10-17T13:50:13Z</time>
    </trkpt>
    <trkpt lat="28.457933" lon="83.857349">
      <ele>2313.738878</ele>
      <time>2016-10-17T13:50:27Z</time>
    </trkpt>
    <trkpt lat="28.457997" lon="83.857420">
      <ele>2315.432563</ele>
      <time>2016-10-17T13:50:45Z</time>
    </trkpt>
    <trkpt lat="28.458066" lon="83.857487">
      <ele>2317.042390</ele>
      <time>2016-10-17T13:50:58Z</time>
    </trkpt>
    <trkpt lat="28.458146" lon="83.857539">
      <ele>2318.727687</ele>
      <time>2016-10-17T13:51:09Z</time>
    </trkpt>
    <trkpt lat="28.458222" lon="83.857601">
      <ele>2321.256900</ele>
      <time>2016-10-17T13:51:30Z</time>
    </trkpt>
    <trkpt lat="28.458297" lon="83.857655">
      <ele>2322.045029</ele>
      <time>2016-10-17T13:51:46Z</time>
    </trkpt>
    <trkpt lat="28.458373" lon="83.857697">
      <ele>2324.362993</ele>
      <time>2016-10-17T13:52:01Z</time>
    </trkpt>
    <trkpt lat="28.458461" lon="83.857726">
      <ele>2325.770400</ele>
      <time>2016-10-17T13:52:16Z</time>
    </trkpt>
    <trkpt lat="28.458551" lon="83.857744">
      <ele>2326.543766</ele>
      <time>2016-10-17T13:52:31Z</time>
    </trkpt>
    <trkpt lat="28.458641" lon="83.857770">
      <ele>2327.312083</ele>
      <time>2016-10-17T13:52:41Z</time>
    </trkpt>
    <trkpt lat="28.458729" lon="83.857799">
      <ele>2328.615061</ele>
      <time>2016-10-17T13:52:58Z</time>
    </trkpt>
    <trkpt lat="28.458777" lon="83.857866">
      <ele>2329.883092</ele>
      <time>2016-10-17T13:53:14Z</time>
    </trkpt>
    <trkpt lat="28.458783" lon="83.857955">
      <ele>2331.110665</ele>
      <time>2016-10-17T13:53:31Z</time>
    </trkpt>
    <trkpt lat="28.458756" lon="83.858063">
      <ele>2332.378432</ele>
      <time>2016-10-17T13:53:43Z</time>
    </trkpt>
    <trkpt lat="28.458769" lon="83.858134">
      <ele>2333.541546</ele>
      <time>2016-10-17T13:54:03Z</time>
    </trkpt>
    <trkpt lat="28.458824" lon="83.858170">
      <ele>2334.053716</ele>
      <time>2016-10-17T13:54:18Z</time>
    </trkpt>
    <trkpt lat="28.458915" lon="83.858172">
      <ele>2335.107811</ele>
      <time>2016-10-17T13:54:39Z</time>
    </trkpt>
    <trkpt lat="28.459003" lon="83.858186">
      <ele>2336.105250</ele>
      <time>2016-10-17T13:54:48Z</time>
    </trkpt>
    <trkpt lat="28.459092" lon="83.858196">
      <ele>2336.917121</ele>
      <time>2016-10-17T13:55:04Z</time>
    </trkpt>
    <trkpt lat="28.459180" lon="83.858214">
      <ele>2337.987545</ele>
      <time>2016-10-17T13:55:17Z</time>
    </trkpt>
    <trkpt lat="28.459267" lon="83.858234">
      <ele>2339.066986</ele>
      <time>2016-10-17T13:55:37Z</time>
    </trkpt>
    <trkpt lat="28.459350" lon="83.858279">
      <ele>2340.375958</ele>
      <time>2016-10-17T13:55:54Z</time>
    </trkpt>
    <trkpt lat="28.459424" lon="83.858338">
      <ele>2341.715914</ele>
      <time>2016-10-17T13:56:07Z</time>
    </trkpt>
    <trkpt lat="28.459493" lon="83.858402">
      <ele>2343.084683</ele>
      <time>2016-10-17T13:56:25Z</time>
    </trkpt>
    <trkpt lat="28.459536" lon="83.858481">
      <ele>2344.419050</ele>
      <time>2016-10-17T13:56:42Z</time>
    </trkpt>
    <trkpt lat="28.459538" lon="83.858559">
      <ele>2345.791312</ele>
      <time>2016-10-17T13:57:15Z</time>
    </trkpt>
    <trkpt lat="28.459505" lon="83.858645">
      <ele>2347.199752</ele>
      <time>2016-10-17T13:57:31Z</time>
    </trkpt>
    <trkpt lat="28.459503" lon="83.858698">
      <ele>2348.613150</ele>
      <time>2016-10-17T13:57:57Z</time>
    </trkpt>
    <trkpt lat="28.459552" lon="83.858723">
      <ele>2349.285154</ele>
      <time>2016-10-17T13:58:09Z</time>
    </trkpt>
    <trkpt lat="28.459592" lon="83.858740">
      <ele>2350.824974</ele>
      <time>2016-10-17T13:58:25Z</time>
    </trkpt>
    <trkpt lat="28.459615" lon="83.858784">
      <ele>2351.786730</ele>
      <time>2016-10-17T13:58:45Z</time>
    </trkpt>
    <trkpt lat="28.459638" lon="83.858840">
      <ele>2353.661171</ele>
      <time>2016-10-17T13:59:21Z</time>
    </trkpt>
    <trkpt lat="28.459707" lon="83.858894">
      <ele>2354.458860</ele>
      <time>2016-10-17T13:59:35Z</time>
    </trkpt>
    <trkpt lat="28.459790" lon="83.858936">
      <ele>2357.467754</ele>
      <time>2016-10-17T13:59:48Z</time>
    </trkpt>
    <trkpt lat="28.459869" lon="83.858996">
      <ele>2359.290690</ele>
      <time>2016-10-17T14:00:02Z</time>
    </trkpt>
    <trkpt lat="28.459942" lon="83.859066">
      <ele>2361.288987</ele>
      <time>2016-10-17T14:00:15Z</time>
    </trkpt>
    <trkpt lat="28.460012" lon="83.859144">
      <ele>2364.548902</ele>
      <time>2016-10-17T14:00:28Z</time>
    </trkpt>
    <trkpt lat="28.460072" lon="83.859226">
      <ele>2366.859181</ele>
      <time>2016-10-17T14:00:40Z</time>
    </trkpt>
    <trkpt lat="28.460133" lon="83.859310">
      <ele>2369.121891</ele>
      <time>2016-10-17T14:00:54Z</time>
    </trkpt>
    <trkpt lat="28.460181" lon="83.859404">
      <ele>2371.424991</ele>
      <time>2016-10-17T14:01:06Z</time>
    </trkpt>
    <trkpt lat="28.460229" lon="83.859499">
      <ele>2373.583291</ele>
      <time>2016-10-17T14:01:17Z</time>
    </trkpt>
    <trkpt lat="28.460260" lon="83.859596">
      <ele>2375.535621</ele>
      <time>2016-10-17T14:01:29Z</time>
    </trkpt>
    <trkpt lat="28.460305" lon="83.859679">
      <ele>2377.212702</ele>
      <time>2016-10-17T14:01:37Z</time>
    </trkpt>
    <trkpt lat="28.460358" lon="83.859757">
      <ele>2378.838847</ele>
      <time>2016-10-17T14:01:48Z</time>
    </trkpt>
    <trkpt lat="28.460428" lon="83.859827">
      <ele>2380.323246</ele>
      <time>2016-10-17T14:02:00Z</time>
    </trkpt>
    <trkpt lat="28.460484" lon="83.859909">
      <ele>2381.723068</ele>
      <time>2016-10-17T14:02:12Z</time>
    </trkpt>
    <trkpt lat="28.460547" lon="83.859976">
      <ele>2383.044074</ele>
      <time>2016-10-17T14:02:24Z</time>
    </trkpt>
    <trkpt lat="28.460625" lon="83.860014">
      <ele>2384.509673</ele>
      <time>2016-10-17T14:02:42Z</time>
    </trkpt>
    <trkpt lat="28.460710" lon="83.860047">
      <ele>2385.604564</ele>
      <time>2016-10-17T14:02:54Z</time>
    </trkpt>
    <trkpt lat="28.460787" lon="83.860093">
      <ele>2386.350459</ele>
      <time>2016-10-17T14:03:05Z</time>
    </trkpt>
    <trkpt lat="28.460851" lon="83.860167">
      <ele>2387.532979</ele>
      <time>2016-10-17T14:03:19Z</time>
    </trkpt>
    <trkpt lat="28.460922" lon="83.860237">
      <ele>2388.005881</ele>
      <time>2016-10-17T14:03:32Z</time>
    </trkpt>
    <trkpt lat="28.460994" lon="83.860302">
      <ele>2389.087924</ele>
      <time>2016-10-17T14:03:43Z</time>
    </trkpt>
    <trkpt lat="28.461061" lon="83.860371">
      <ele>2390.074435</ele>
      <time>2016-10-17T14:03:53Z</time>
    </trkpt>
    <trkpt lat="28.461126" lon="83.860446">
      <ele>2390.871593</ele>
      <time>2016-10-17T14:04:07Z</time>
    </trkpt>
    <trkpt lat="28.461198" lon="83.860515">
      <ele>2391.792124</ele>
      <time>2016-10-17T14:04:21Z</time>
    </trkpt>
    <trkpt lat="28.461262" lon="83.860588">
      <ele>2392.667264</ele>
      <time>2016-10-17T14:04:30Z</time>
    </trkpt>
    <trkpt lat="28.461330" lon="83.860653">
      <ele>2393.540966</ele>
      <time>2016-10-17T14:04:38Z</time>
    </trkpt>
    <trkpt lat="28.461398" lon="83.860714">
      <ele>2394.332315</ele>
      <time>2016-10-17T14:04:48Z</time>
    </trkpt>
    <trkpt lat="28.461487" lon="83.860752">
      <ele>2395.197180</ele>
      <time>2016-10-17T14:04:59Z</time>
    </trkpt>
    <trkpt lat="28.461579" lon="83.860785">
      <ele>2396.082362</ele>
      <time>2016-10-17T14:05:08Z</time>
    </trkpt>
    <trkpt lat="28.461667" lon="83.860823">
      <ele>2396.894911</ele>
      <time>2016-10-17T14:05:17Z</time>
    </trkpt>
    <trkpt lat="28.461748" lon="83.860864">
      <ele>2397.428993</ele>
      <time>2016-10-17T14:05:42Z</time>
    </trkpt>
    <trkpt lat="28.461823" lon="83.860919">
      <ele>2397.944946</ele>
      <time>2016-10-17T14:06:08Z</time>
    </trkpt>
    <trkpt lat="28.461903" lon="83.860960">
      <ele>2398.518307</ele>
      <time>2016-10-17T14:06:18Z</time>
    </trkpt>
    <trkpt lat="28.461986" lon="83.860978">
      <ele>2399.075177</ele>
      <time>2016-10-17T14:06:33Z</time>
    </trkpt>
    <trkpt lat="28.462080" lon="83.860979">
      <ele>2399.672633</ele>
      <time>2016-10-17T14:06:54Z</time>
    </trkpt>
    <trkpt lat="28.462159" lon="83.861009">
      <ele>2400.609522</ele>
      <time>2016-10-17T14:07:06Z</time>
    </trkpt>
    <trkpt lat="28.462239" lon="83.861054">
      <ele>2401.903078</ele>
      <time>2016-10-17T14:07:18Z</time>
    </trkpt>
    <trkpt lat="28.462316" lon="83.861097">
      <ele>2402.956402</ele>
      <time>2016-10-17T14:07:32Z</time>
    </trkpt>
    <trkpt lat="28.462405" lon="83.861105">
      <ele>2403.999798</ele>
      <time>2016-10-17T14:07:48Z</time>
    </trkpt>
    <trkpt lat="28.462493" lon="83.861104">
      <ele>2405.339509</ele>
      <time>2016-10-17T14:07:56Z</time>
    </trkpt>
    <trkpt lat="28.462584" lon="83.861088">
      <ele>2406.725048</ele>
      <time>2016-10-17T14:08:10Z</time>
    </trkpt>
    <trkpt lat="28.462673" lon="83.861062">
      <ele>2408.145685</ele>
      <time>2016-10-17T14:08:30Z</time>
    </trkpt>
    <trkpt lat="28.462762" lon="83.861037">
      <ele>2409.524404</ele>
      <time>2016-10-17T14:08:44Z</time>
    </trkpt>
    <trkpt lat="28.462847" lon="83.861001">
      <ele>2410.536944</ele>
      <time>2016-10-17T14:08:55Z</time>
    </trkpt>
    <trkpt lat="28.462932" lon="83.860968">
      <ele>2411.477678</ele>
      <time>2016-10-17T14:09:13Z</time>
    </trkpt>
    <trkpt lat="28.463018" lon="83.860942">
      <ele>2412.129417</ele>
      <time>2016-10-17T14:09:32Z</time>
    </trkpt>
    <trkpt lat="28.463107" lon="83.860941">
      <ele>2412.655251</ele>
      <time>2016-10-17T14:09:51Z</time>
    </trkpt>
    <trkpt lat="28.463202" lon="83.860948">
      <ele>2413.393596</ele>
      <time>2016-10-17T14:10:10Z</time>
    </trkpt>
    <trkpt lat="28.463298" lon="83.860951">
      <ele>2414.222484</ele>
      <time>2016-10-17T14:10:23Z</time>
    </trkpt>
    <trkpt lat="28.463389" lon="83.860963">
      <ele>2414.976548</ele>
      <time>2016-10-17T14:10:36Z</time>
    </trkpt>
    <trkpt lat="28.463476" lon="83.860976">
      <ele>2415.893446</ele>
      <time>2016-10-17T14:11:06Z</time>
    </trkpt>
    <trkpt lat="28.463557" lon="83.861013">
      <ele>2416.952570</ele>
      <time>2016-10-17T14:11:18Z</time>
    </trkpt>
    <trkpt lat="28.463603" lon="83.861068">
      <ele>2418.091087</ele>
      <time>2016-10-17T14:11:27Z</time>
    </trkpt>
    <trkpt lat="28.463618" lon="83.861159">
      <ele>2418.627920</ele>
      <time>2016-10-17T14:11:58Z</time>
    </trkpt>
    <trkpt lat="28.463612" lon="83.861261">
      <ele>2419.578794</ele>
      <time>2016-10-17T14:12:07Z</time>
    </trkpt>
    <trkpt lat="28.463624" lon="83.861361">
      <ele>2420.125940</ele>
      <time>2016-10-17T14:12:23Z</time>
    </trkpt>
    <trkpt lat="28.463658" lon="83.861451">
      <ele>2420.449106</ele>
      <time>2016-10-17T14:12:45Z</time>
    </trkpt>
    <trkpt lat="28.463712" lon="83.861524">
      <ele>2420.641633</ele>
      <time>2016-10-17T14:13:10Z</time>
    </trkpt>
    <trkpt lat="28.463787" lon="83.861570">
      <ele>2420.468097</ele>
      <time>2016-10-17T14:13:27Z</time>
    </trkpt>
    <trkpt lat="28.463866" lon="83.861613">
      <ele>2420.157654</ele>
      <time>2016-10-17T14:14:04Z</time>
    </trkpt>
    <trkpt lat="28.463928" lon="83.861672">
      <ele>2419.468491</ele>
      <time>2016-10-17T14:14:24Z</time>
    </trkpt>
    <trkpt lat="28.463954" lon="83.861746">
      <ele>2419.474037</ele>
      <time>2016-10-17T14:14:44Z</time>
    </trkpt>
    <trkpt lat="28.463941" lon="83.861830">
      <ele>2419.209722</ele>
      <time>2016-10-17T14:15:48Z</time>
    </trkpt>
    <trkpt lat="28.463913" lon="83.861916">
      <ele>2419.085772</ele>
      <time>2016-10-17T14:16:13Z</time>
    </trkpt>
    <trkpt lat="28.463896" lon="83.862014">
      <ele>2419.522258</ele>
      <time>2016-10-17T14:16:33Z</time>
    </trkpt>
    <trkpt lat="28.463899" lon="83.862118">
      <ele>2420.386235</ele>
      <time>2016-10-17T14:16:51Z</time>
    </trkpt>
    <trkpt lat="28.463903" lon="83.862194">
      <ele>2420.386235</ele>
      <time>2016-10-17T14:17:23Z</time>
    </trkpt>
    <trkpt lat="28.463902" lon="83.862241">
      <ele>2456.128240</ele>
      <time>2016-10-17T14:21:34Z</time>
      <extensions>
        <pause>start</pause>
        <type>auto</type>
      </extensions>
    </trkpt>
    <trkpt lat="28.464127" lon="83.862406">
      <ele>2460.179370</ele>
      <time>2016-10-17T14:24:11Z</time>
      <extensions>
        <pause>end</pause>
        <type>manual</type>
      </extensions>
    </trkpt>
    <trkpt lat="28.464202" lon="83.862466">
      <ele>2432.379474</ele>
      <time>2016-10-17T14:24:24Z</time>
    </trkpt>
    <trkpt lat="28.464285" lon="83.862521">
      <ele>2437.778031</ele>
      <time>2016-10-17T14:24:34Z</time>
    </trkpt>
    <trkpt lat="28.464376" lon="83.862554">
      <ele>2441.105189</ele>
      <time>2016-10-17T14:24:43Z</time>
    </trkpt>
    <trkpt lat="28.464466" lon="83.862558">
      <ele>2444.543759</ele>
      <time>2016-10-17T14:24:52Z</time>
    </trkpt>
    <trkpt lat="28.464557" lon="83.862552">
      <ele>2447.921646</ele>
      <time>2016-10-17T14:25:00Z</time>
    </trkpt>
    <trkpt lat="28.464623" lon="83.862581">
      <ele>2452.880982</ele>
      <time>2016-10-17T14:25:11Z</time>
    </trkpt>
    <trkpt lat="28.464689" lon="83.862643">
      <ele>2453.682944</ele>
      <time>2016-10-17T14:25:18Z</time>
    </trkpt>
    <trkpt lat="28.464754" lon="83.862705">
      <ele>2456.173395</ele>
      <time>2016-10-17T14:25:25Z</time>
    </trkpt>
    <trkpt lat="28.464841" lon="83.862747">
      <ele>2457.724504</ele>
      <time>2016-10-17T14:25:36Z</time>
    </trkpt>
    <trkpt lat="28.464905" lon="83.862806">
      <ele>2459.467364</ele>
      <time>2016-10-17T14:25:47Z</time>
    </trkpt>
    <trkpt lat="28.464969" lon="83.862866">
      <ele>2460.212930</ele>
      <time>2016-10-17T14:25:57Z</time>
    </trkpt>
    <trkpt lat="28.465036" lon="83.862914">
      <ele>2460.852624</ele>
      <time>2016-10-17T14:26:12Z</time>
    </trkpt>
    <trkpt lat="28.465123" lon="83.862943">
      <ele>2461.460206</ele>
      <time>2016-10-17T14:26:22Z</time>
    </trkpt>
    <trkpt lat="28.465210" lon="83.862976">
      <ele>2461.695761</ele>
      <time>2016-10-17T14:26:32Z</time>
    </trkpt>
    <trkpt lat="28.465266" lon="83.863039">
      <ele>2461.905155</ele>
      <time>2016-10-17T14:26:49Z</time>
    </trkpt>
    <trkpt lat="28.465322" lon="83.863104">
      <ele>2462.340173</ele>
      <time>2016-10-17T14:27:05Z</time>
    </trkpt>
    <trkpt lat="28.465358" lon="83.863189">
      <ele>2463.000202</ele>
      <time>2016-10-17T14:27:42Z</time>
    </trkpt>
    <trkpt lat="28.465411" lon="83.863269">
      <ele>2463.129966</ele>
      <time>2016-10-17T14:28:27Z</time>
    </trkpt>
    <trkpt lat="28.465459" lon="83.863358">
      <ele>2463.949292</ele>
      <time>2016-10-17T14:28:39Z</time>
    </trkpt>
    <trkpt lat="28.465527" lon="83.863423">
      <ele>2464.805140</ele>
      <time>2016-10-17T14:28:48Z</time>
    </trkpt>
    <trkpt lat="28.465573" lon="83.863496">
      <ele>2465.531911</ele>
      <time>2016-10-17T14:28:54Z</time>
    </trkpt>
    <trkpt lat="28.465572" lon="83.863561">
      <ele>2466.873710</ele>
      <time>2016-10-17T14:29:07Z</time>
    </trkpt>
    <trkpt lat="28.465543" lon="83.863652">
      <ele>2468.144424</ele>
      <time>2016-10-17T14:29:21Z</time>
    </trkpt>
    <trkpt lat="28.465527" lon="83.863744">
      <ele>2468.407479</ele>
      <time>2016-10-17T14:29:33Z</time>
    </trkpt>
    <trkpt lat="28.465541" lon="83.863850">
      <ele>2469.102778</ele>
      <time>2016-10-17T14:29:40Z</time>
    </trkpt>
    <trkpt lat="28.465548" lon="83.863959">
      <ele>2470.380464</ele>
      <time>2016-10-17T14:29:48Z</time>
    </trkpt>
    <trkpt lat="28.465545" lon="83.864068">
      <ele>2470.747797</ele>
      <time>2016-10-17T14:29:53Z</time>
    </trkpt>
    <trkpt lat="28.465528" lon="83.864178">
      <ele>2470.735410</ele>
      <time>2016-10-17T14:29:58Z</time>
    </trkpt>
    <trkpt lat="28.465525" lon="83.864284">
      <ele>2470.482765</ele>
      <time>2016-10-17T14:30:05Z</time>
    </trkpt>
    <trkpt lat="28.465553" lon="83.864361">
      <ele>2470.130029</ele>
      <time>2016-10-17T14:30:20Z</time>
    </trkpt>
    <trkpt lat="28.465601" lon="83.864435">
      <ele>2469.547677</ele>
      <time>2016-10-17T14:30:38Z</time>
    </trkpt>
    <trkpt lat="28.465672" lon="83.864478">
      <ele>2468.701110</ele>
      <time>2016-10-17T14:30:47Z</time>
    </trkpt>
    <trkpt lat="28.465729" lon="83.864544">
      <ele>2467.597133</ele>
      <time>2016-10-17T14:31:04Z</time>
    </trkpt>
    <trkpt lat="28.465755" lon="83.864606">
      <ele>2466.367262</ele>
      <time>2016-10-17T14:31:20Z</time>
    </trkpt>
    <trkpt lat="28.465760" lon="83.864696">
      <ele>2465.181807</ele>
      <time>2016-10-17T14:31:34Z</time>
    </trkpt>
    <trkpt lat="28.465780" lon="83.864772">
      <ele>2463.877666</ele>
      <time>2016-10-17T14:31:43Z</time>
    </trkpt>
    <trkpt lat="28.465843" lon="83.864843">
      <ele>2462.419549</ele>
      <time>2016-10-17T14:31:54Z</time>
    </trkpt>
    <trkpt lat="28.465915" lon="83.864910">
      <ele>2460.883003</ele>
      <time>2016-10-17T14:32:08Z</time>
    </trkpt>
    <trkpt lat="28.465974" lon="83.864997">
      <ele>2459.420102</ele>
      <time>2016-10-17T14:32:32Z</time>
    </trkpt>
    <trkpt lat="28.466035" lon="83.865077">
      <ele>2457.781877</ele>
      <time>2016-10-17T14:33:33Z</time>
    </trkpt>
    <trkpt lat="28.466107" lon="83.865135">
      <ele>2455.979068</ele>
      <time>2016-10-17T14:33:57Z</time>
    </trkpt>
    <trkpt lat="28.466190" lon="83.865179">
      <ele>2454.332483</ele>
      <time>2016-10-17T14:34:10Z</time>
    </trkpt>
    <trkpt lat="28.466265" lon="83.865238">
      <ele>2452.630013</ele>
      <time>2016-10-17T14:34:22Z</time>
    </trkpt>
    <trkpt lat="28.466337" lon="83.865310">
      <ele>2450.978585</ele>
      <time>2016-10-17T14:34:35Z</time>
    </trkpt>
    <trkpt lat="28.466410" lon="83.865377">
      <ele>2449.757447</ele>
      <time>2016-10-17T14:34:43Z</time>
    </trkpt>
    <trkpt lat="28.466492" lon="83.865426">
      <ele>2449.176766</ele>
      <time>2016-10-17T14:34:53Z</time>
    </trkpt>
    <trkpt lat="28.466579" lon="83.865459">
      <ele>2448.961747</ele>
      <time>2016-10-17T14:35:03Z</time>
    </trkpt>
    <trkpt lat="28.466669" lon="83.865469">
      <ele>2448.863604</ele>
      <time>2016-10-17T14:35:13Z</time>
    </trkpt>
    <trkpt lat="28.466747" lon="83.865496">
      <ele>2449.006833</ele>
      <time>2016-10-17T14:35:25Z</time>
    </trkpt>
    <trkpt lat="28.466806" lon="83.865555">
      <ele>2449.169459</ele>
      <time>2016-10-17T14:35:40Z</time>
    </trkpt>
    <trkpt lat="28.466852" lon="83.865647">
      <ele>2449.611160</ele>
      <time>2016-10-17T14:35:52Z</time>
    </trkpt>
    <trkpt lat="28.466909" lon="83.865724">
      <ele>2450.278889</ele>
      <time>2016-10-17T14:36:04Z</time>
    </trkpt>
    <trkpt lat="28.466977" lon="83.865794">
      <ele>2451.748897</ele>
      <time>2016-10-17T14:36:18Z</time>
    </trkpt>
    <trkpt lat="28.467045" lon="83.865862">
      <ele>2453.001985</ele>
      <time>2016-10-17T14:36:28Z</time>
    </trkpt>
    <trkpt lat="28.467087" lon="83.865948">
      <ele>2454.131063</ele>
      <time>2016-10-17T14:36:38Z</time>
    </trkpt>
    <trkpt lat="28.467124" lon="83.866041">
      <ele>2454.874367</ele>
      <time>2016-10-17T14:36:48Z</time>
    </trkpt>
    <trkpt lat="28.467166" lon="83.866129">
      <ele>2455.395613</ele>
      <time>2016-10-17T14:37:00Z</time>
    </trkpt>
    <trkpt lat="28.467226" lon="83.866210">
      <ele>2455.979659</ele>
      <time>2016-10-17T14:37:09Z</time>
    </trkpt>
    <trkpt lat="28.467292" lon="83.866281">
      <ele>2456.568847</ele>
      <time>2016-10-17T14:37:24Z</time>
    </trkpt>
    <trkpt lat="28.467349" lon="83.866361">
      <ele>2457.157843</ele>
      <time>2016-10-17T14:37:42Z</time>
    </trkpt>
    <trkpt lat="28.467419" lon="83.866419">
      <ele>2457.782181</ele>
      <time>2016-10-17T14:38:03Z</time>
    </trkpt>
    <trkpt lat="28.467498" lon="83.866465">
      <ele>2458.397747</ele>
      <time>2016-10-17T14:38:19Z</time>
    </trkpt>
    <trkpt lat="28.467585" lon="83.866505">
      <ele>2458.849463</ele>
      <time>2016-10-17T14:38:32Z</time>
    </trkpt>
    <trkpt lat="28.467661" lon="83.866566">
      <ele>2459.290390</ele>
      <time>2016-10-17T14:38:44Z</time>
    </trkpt>
    <trkpt lat="28.467728" lon="83.866639">
      <ele>2459.668793</ele>
      <time>2016-10-17T14:38:56Z</time>
    </trkpt>
    <trkpt lat="28.467797" lon="83.866712">
      <ele>2460.243265</ele>
      <time>2016-10-17T14:39:09Z</time>
    </trkpt>
    <trkpt lat="28.467870" lon="83.866782">
      <ele>2461.027329</ele>
      <time>2016-10-17T14:39:20Z</time>
    </trkpt>
    <trkpt lat="28.467925" lon="83.866862">
      <ele>2461.887447</ele>
      <time>2016-10-17T14:39:31Z</time>
    </trkpt>
    <trkpt lat="28.467952" lon="83.866953">
      <ele>2462.754172</ele>
      <time>2016-10-17T14:39:42Z</time>
    </trkpt>
    <trkpt lat="28.467984" lon="83.867049">
      <ele>2463.725232</ele>
      <time>2016-10-17T14:39:53Z</time>
    </trkpt>
    <trkpt lat="28.468026" lon="83.867144">
      <ele>2464.643940</ele>
      <time>2016-10-17T14:40:05Z</time>
    </trkpt>
    <trkpt lat="28.468084" lon="83.867235">
      <ele>2465.635552</ele>
      <time>2016-10-17T14:40:16Z</time>
    </trkpt>
    <trkpt lat="28.468127" lon="83.867321">
      <ele>2466.681091</ele>
      <time>2016-10-17T14:40:28Z</time>
    </trkpt>
    <trkpt lat="28.468171" lon="83.867400">
      <ele>2467.652888</ele>
      <time>2016-10-17T14:40:39Z</time>
    </trkpt>
    <trkpt lat="28.468223" lon="83.867473">
      <ele>2468.323030</ele>
      <time>2016-10-17T14:40:57Z</time>
    </trkpt>
    <trkpt lat="28.468277" lon="83.867558">
      <ele>2468.755104</ele>
      <time>2016-10-17T14:41:56Z</time>
    </trkpt>
    <trkpt lat="28.468322" lon="83.867654">
      <ele>2468.985552</ele>
      <time>2016-10-17T14:42:10Z</time>
    </trkpt>
    <trkpt lat="28.468378" lon="83.867737">
      <ele>2469.153932</ele>
      <time>2016-10-17T14:42:19Z</time>
    </trkpt>
    <trkpt lat="28.468448" lon="83.867800">
      <ele>2470.474766</ele>
      <time>2016-10-17T14:42:30Z</time>
    </trkpt>
    <trkpt lat="28.468536" lon="83.867843">
      <ele>2471.953112</ele>
      <time>2016-10-17T14:42:40Z</time>
    </trkpt>
    <trkpt lat="28.468614" lon="83.867895">
      <ele>2473.493279</ele>
      <time>2016-10-17T14:42:54Z</time>
    </trkpt>
    <trkpt lat="28.468692" lon="83.867937">
      <ele>2474.845433</ele>
      <time>2016-10-17T14:43:09Z</time>
    </trkpt>
    <trkpt lat="28.468762" lon="83.867991">
      <ele>2476.131608</ele>
      <time>2016-10-17T14:43:22Z</time>
    </trkpt>
    <trkpt lat="28.468818" lon="83.868054">
      <ele>2477.442411</ele>
      <time>2016-10-17T14:43:37Z</time>
    </trkpt>
    <trkpt lat="28.468864" lon="83.868137">
      <ele>2479.086702</ele>
      <time>2016-10-17T14:43:48Z</time>
    </trkpt>
    <trkpt lat="28.468919" lon="83.868203">
      <ele>2480.883448</ele>
      <time>2016-10-17T14:44:09Z</time>
    </trkpt>
    <trkpt lat="28.469000" lon="83.868236">
      <ele>2483.144562</ele>
      <time>2016-10-17T14:44:27Z</time>
    </trkpt>
    <trkpt lat="28.469088" lon="83.868235">
      <ele>2485.382385</ele>
      <time>2016-10-17T14:44:50Z</time>
    </trkpt>
    <trkpt lat="28.469177" lon="83.868231">
      <ele>2486.511772</ele>
      <time>2016-10-17T14:46:06Z</time>
    </trkpt>
    <trkpt lat="28.469269" lon="83.868226">
      <ele>2487.554219</ele>
      <time>2016-10-17T14:46:21Z</time>
    </trkpt>
    <trkpt lat="28.469359" lon="83.868252">
      <ele>2488.684905</ele>
      <time>2016-10-17T14:46:36Z</time>
    </trkpt>
    <trkpt lat="28.469444" lon="83.868296">
      <ele>2490.219571</ele>
      <time>2016-10-17T14:46:49Z</time>
    </trkpt>
    <trkpt lat="28.469510" lon="83.868370">
      <ele>2492.050366</ele>
      <time>2016-10-17T14:46:58Z</time>
    </trkpt>
    <trkpt lat="28.469523" lon="83.868446">
      <ele>2494.179118</ele>
      <time>2016-10-17T14:47:14Z</time>
    </trkpt>
    <trkpt lat="28.469486" lon="83.868524">
      <ele>2496.335609</ele>
      <time>2016-10-17T14:47:41Z</time>
    </trkpt>
    <trkpt lat="28.469442" lon="83.868610">
      <ele>2498.455704</ele>
      <time>2016-10-17T14:47:57Z</time>
    </trkpt>
    <trkpt lat="28.469432" lon="83.868708">
      <ele>2499.285621</ele>
      <time>2016-10-17T14:48:12Z</time>
    </trkpt>
    <trkpt lat="28.469450" lon="83.868824">
      <ele>2500.779544</ele>
      <time>2016-10-17T14:48:28Z</time>
    </trkpt>
    <trkpt lat="28.469471" lon="83.868939">
      <ele>2502.270522</ele>
      <time>2016-10-17T14:49:01Z</time>
    </trkpt>
    <trkpt lat="28.469496" lon="83.869051">
      <ele>2503.478108</ele>
      <time>2016-10-17T14:49:14Z</time>
    </trkpt>
    <trkpt lat="28.469529" lon="83.869153">
      <ele>2505.278810</ele>
      <time>2016-10-17T14:49:23Z</time>
    </trkpt>
    <trkpt lat="28.469567" lon="83.869248">
      <ele>2505.564622</ele>
      <time>2016-10-17T14:49:34Z</time>
    </trkpt>
    <trkpt lat="28.469608" lon="83.869341">
      <ele>2505.488071</ele>
      <time>2016-10-17T14:49:44Z</time>
    </trkpt>
    <trkpt lat="28.469648" lon="83.869435">
      <ele>2505.131197</ele>
      <time>2016-10-17T14:50:01Z</time>
    </trkpt>
    <trkpt lat="28.469691" lon="83.869528">
      <ele>2504.624099</ele>
      <time>2016-10-17T14:50:18Z</time>
    </trkpt>
    <trkpt lat="28.469745" lon="83.869606">
      <ele>2504.070816</ele>
      <time>2016-10-17T14:53:23Z</time>
    </trkpt>
    <trkpt lat="28.469788" lon="83.869651">
      <ele>2504.070816</ele>
      <time>2016-10-17T14:53:49Z</time>
    </trkpt>
    <trkpt lat="28.469815" lon="83.869666">
      <ele>2506.116831</ele>
      <time>2016-10-17T14:55:02Z</time>
      <extensions>
        <pause>start</pause>
        <type>auto</type>
      </extensions>
    </trkpt>
    <trkpt lat="28.469959" lon="83.869937">
      <ele>2503.954634</ele>
      <time>2016-10-17T15:59:07Z</time>
      <extensions>
        <pause>end</pause>
        <type>manual</type>
      </extensions>
    </trkpt>
    <trkpt lat="28.470000" lon="83.870032">
      <ele>2503.041158</ele>
      <time>2016-10-17T15:59:25Z</time>
    </trkpt>
    <trkpt lat="28.470040" lon="83.870128">
      <ele>2503.288740</ele>
      <time>2016-10-17T15:59:35Z</time>
    </trkpt>
    <trkpt lat="28.470080" lon="83.870223">
      <ele>2503.674157</ele>
      <time>2016-10-17T15:59:43Z</time>
    </trkpt>
    <trkpt lat="28.470134" lon="83.870310">
      <ele>2503.949831</ele>
      <time>2016-10-17T15:59:53Z</time>
    </trkpt>
    <trkpt lat="28.470186" lon="83.870394">
      <ele>2504.042124</ele>
      <time>2016-10-17T16:00:02Z</time>
    </trkpt>
    <trkpt lat="28.470243" lon="83.870474">
      <ele>2504.249970</ele>
      <time>2016-10-17T16:00:15Z</time>
    </trkpt>
    <trkpt lat="28.470297" lon="83.870558">
      <ele>2504.362285</ele>
      <time>2016-10-17T16:00:34Z</time>
    </trkpt>
    <trkpt lat="28.470355" lon="83.870641">
      <ele>2504.450161</ele>
      <time>2016-10-17T16:00:54Z</time>
    </trkpt>
    <trkpt lat="28.470416" lon="83.870721">
      <ele>2504.544971</ele>
      <time>2016-10-17T16:01:15Z</time>
    </trkpt>
    <trkpt lat="28.470479" lon="83.870797">
      <ele>2504.594786</ele>
      <time>2016-10-17T16:01:29Z</time>
    </trkpt>
    <trkpt lat="28.470546" lon="83.870871">
      <ele>2504.682784</ele>
      <time>2016-10-17T16:01:42Z</time>
    </trkpt>
    <trkpt lat="28.470597" lon="83.870957">
      <ele>2504.727865</ele>
      <time>2016-10-17T16:01:57Z</time>
    </trkpt>
    <trkpt lat="28.470636" lon="83.871052">
      <ele>2504.910435</ele>
      <time>2016-10-17T16:02:17Z</time>
    </trkpt>
    <trkpt lat="28.470669" lon="83.871146">
      <ele>2505.155192</ele>
      <time>2016-10-17T16:02:30Z</time>
    </trkpt>
    <trkpt lat="28.470714" lon="83.871235">
      <ele>2505.897020</ele>
      <time>2016-10-17T16:02:50Z</time>
    </trkpt>
    <trkpt lat="28.470769" lon="83.871317">
      <ele>2506.358064</ele>
      <time>2016-10-17T16:03:05Z</time>
    </trkpt>
    <trkpt lat="28.470834" lon="83.871398">
      <ele>2506.701152</ele>
      <time>2016-10-17T16:03:15Z</time>
    </trkpt>
    <trkpt lat="28.470898" lon="83.871480">
      <ele>2507.341386</ele>
      <time>2016-10-17T16:03:28Z</time>
    </trkpt>
    <trkpt lat="28.470953" lon="83.871568">
      <ele>2508.298628</ele>
      <time>2016-10-17T16:03:42Z</time>
    </trkpt>
    <trkpt lat="28.471007" lon="83.871652">
      <ele>2508.741131</ele>
      <time>2016-10-17T16:03:57Z</time>
    </trkpt>
    <trkpt lat="28.471065" lon="83.871730">
      <ele>2510.029648</ele>
      <time>2016-10-17T16:04:10Z</time>
    </trkpt>
    <trkpt lat="28.471141" lon="83.871785">
      <ele>2511.120982</ele>
      <time>2016-10-17T16:04:23Z</time>
    </trkpt>
    <trkpt lat="28.471213" lon="83.871842">
      <ele>2512.242019</ele>
      <time>2016-10-17T16:04:40Z</time>
    </trkpt>
    <trkpt lat="28.471291" lon="83.871896">
      <ele>2513.260331</ele>
      <time>2016-10-17T16:04:53Z</time>
    </trkpt>
    <trkpt lat="28.471364" lon="83.871965">
      <ele>2514.223160</ele>
      <time>2016-10-17T16:05:09Z</time>
    </trkpt>
    <trkpt lat="28.471444" lon="83.872027">
      <ele>2515.132588</ele>
      <time>2016-10-17T16:05:27Z</time>
    </trkpt>
    <trkpt lat="28.471522" lon="83.872082">
      <ele>2516.102298</ele>
      <time>2016-10-17T16:05:38Z</time>
    </trkpt>
    <trkpt lat="28.471589" lon="83.872148">
      <ele>2517.139339</ele>
      <time>2016-10-17T16:05:56Z</time>
    </trkpt>
    <trkpt lat="28.471657" lon="83.872214">
      <ele>2518.161908</ele>
      <time>2016-10-17T16:06:13Z</time>
    </trkpt>
    <trkpt lat="28.471717" lon="83.872291">
      <ele>2518.890178</ele>
      <time>2016-10-17T16:06:33Z</time>
    </trkpt>
    <trkpt lat="28.471782" lon="83.872363">
      <ele>2519.553836</ele>
      <time>2016-10-17T16:06:46Z</time>
    </trkpt>
    <trkpt lat="28.471839" lon="83.872447">
      <ele>2520.324239</ele>
      <time>2016-10-17T16:07:02Z</time>
    </trkpt>
    <trkpt lat="28.471908" lon="83.872519">
      <ele>2521.103985</ele>
      <time>2016-10-17T16:07:13Z</time>
    </trkpt>
    <trkpt lat="28.471989" lon="83.872570">
      <ele>2521.756972</ele>
      <time>2016-10-17T16:07:25Z</time>
    </trkpt>
    <trkpt lat="28.472072" lon="83.872617">
      <ele>2522.469555</ele>
      <time>2016-10-17T16:07:40Z</time>
    </trkpt>
    <trkpt lat="28.472149" lon="83.872673">
      <ele>2523.358231</ele>
      <time>2016-10-17T16:08:00Z</time>
    </trkpt>
    <trkpt lat="28.472228" lon="83.872738">
      <ele>2524.211821</ele>
      <time>2016-10-17T16:08:11Z</time>
    </trkpt>
    <trkpt lat="28.472316" lon="83.872790">
      <ele>2524.841241</ele>
      <time>2016-10-17T16:08:27Z</time>
    </trkpt>
    <trkpt lat="28.472409" lon="83.872842">
      <ele>2525.414724</ele>
      <time>2016-10-17T16:08:37Z</time>
    </trkpt>
    <trkpt lat="28.472498" lon="83.872887">
      <ele>2526.015854</ele>
      <time>2016-10-17T16:08:48Z</time>
    </trkpt>
    <trkpt lat="28.472579" lon="83.872939">
      <ele>2526.508785</ele>
      <time>2016-10-17T16:09:03Z</time>
    </trkpt>
    <trkpt lat="28.472640" lon="83.873002">
      <ele>2526.858075</ele>
      <time>2016-10-17T16:09:34Z</time>
    </trkpt>
    <trkpt lat="28.472668" lon="83.873087">
      <ele>2527.303090</ele>
      <time>2016-10-17T16:09:53Z</time>
    </trkpt>
    <trkpt lat="28.472694" lon="83.873178">
      <ele>2527.776674</ele>
      <time>2016-10-17T16:10:16Z</time>
    </trkpt>
    <trkpt lat="28.472739" lon="83.873226">
      <ele>2528.053617</ele>
      <time>2016-10-17T16:10:52Z</time>
    </trkpt>
    <trkpt lat="28.472815" lon="83.873254">
      <ele>2528.147083</ele>
      <time>2016-10-17T16:11:06Z</time>
    </trkpt>
    <trkpt lat="28.472860" lon="83.873285">
      <ele>2527.919361</ele>
      <time>2016-10-17T16:11:36Z</time>
    </trkpt>
    <trkpt lat="28.472899" lon="83.873351">
      <ele>2527.718887</ele>
      <time>2016-10-17T16:12:10Z</time>
    </trkpt>
    <trkpt lat="28.472937" lon="83.873428">
      <ele>2527.934905</ele>
      <time>2016-10-17T16:12:23Z</time>
    </trkpt>
    <trkpt lat="28.473015" lon="83.873492">
      <ele>2528.594240</ele>
      <time>2016-10-17T16:12:38Z</time>
    </trkpt>
    <trkpt lat="28.473087" lon="83.873564">
      <ele>2529.376799</ele>
      <time>2016-10-17T16:12:51Z</time>
    </trkpt>
    <trkpt lat="28.473154" lon="83.873642">
      <ele>2530.321017</ele>
      <time>2016-10-17T16:13:07Z</time>
    </trkpt>
    <trkpt lat="28.473218" lon="83.873721">
      <ele>2531.691790</ele>
      <time>2016-10-17T16:13:25Z</time>
    </trkpt>
    <trkpt lat="28.473287" lon="83.873789">
      <ele>2532.799148</ele>
      <time>2016-10-17T16:13:38Z</time>
    </trkpt>
    <trkpt lat="28.473335" lon="83.873862">
      <ele>2533.978188</ele>
      <time>2016-10-17T16:14:02Z</time>
    </trkpt>
    <trkpt lat="28.473360" lon="83.873952">
      <ele>2535.269128</ele>
      <time>2016-10-17T16:14:24Z</time>
    </trkpt>
    <trkpt lat="28.473360" lon="83.874056">
      <ele>2536.439125</ele>
      <time>2016-10-17T16:14:39Z</time>
    </trkpt>
    <trkpt lat="28.473356" lon="83.874160">
      <ele>2538.022007</ele>
      <time>2016-10-17T16:14:50Z</time>
    </trkpt>
    <trkpt lat="28.473357" lon="83.874262">
      <ele>2539.490916</ele>
      <time>2016-10-17T16:15:04Z</time>
    </trkpt>
    <trkpt lat="28.473374" lon="83.874361">
      <ele>2540.871391</ele>
      <time>2016-10-17T16:15:13Z</time>
    </trkpt>
    <trkpt lat="28.473395" lon="83.874460">
      <ele>2541.885405</ele>
      <time>2016-10-17T16:15:26Z</time>
    </trkpt>
    <trkpt lat="28.473408" lon="83.874563">
      <ele>2542.587698</ele>
      <time>2016-10-17T16:15:39Z</time>
    </trkpt>
    <trkpt lat="28.473412" lon="83.874666">
      <ele>2543.227853</ele>
      <time>2016-10-17T16:15:51Z</time>
    </trkpt>
    <trkpt lat="28.473434" lon="83.874765">
      <ele>2543.742776</ele>
      <time>2016-10-17T16:16:03Z</time>
    </trkpt>
    <trkpt lat="28.473481" lon="83.874851">
      <ele>2544.533929</ele>
      <time>2016-10-17T16:16:13Z</time>
    </trkpt>
    <trkpt lat="28.473538" lon="83.874932">
      <ele>2545.564609</ele>
      <time>2016-10-17T16:16:27Z</time>
    </trkpt>
    <trkpt lat="28.473577" lon="83.875017">
      <ele>2546.617300</ele>
      <time>2016-10-17T16:16:47Z</time>
    </trkpt>
    <trkpt lat="28.473605" lon="83.875108">
      <ele>2547.559782</ele>
      <time>2016-10-17T16:17:08Z</time>
    </trkpt>
    <trkpt lat="28.473624" lon="83.875205">
      <ele>2548.732402</ele>
      <time>2016-10-17T16:17:39Z</time>
    </trkpt>
    <trkpt lat="28.473656" lon="83.875303">
      <ele>2549.715708</ele>
      <time>2016-10-17T16:17:55Z</time>
    </trkpt>
    <trkpt lat="28.473676" lon="83.875406">
      <ele>2550.691236</ele>
      <time>2016-10-17T16:18:14Z</time>
    </trkpt>
    <trkpt lat="28.473699" lon="83.875510">
      <ele>2551.975674</ele>
      <time>2016-10-17T16:18:31Z</time>
    </trkpt>
    <trkpt lat="28.473725" lon="83.875608">
      <ele>2553.435237</ele>
      <time>2016-10-17T16:18:48Z</time>
    </trkpt>
    <trkpt lat="28.473766" lon="83.875698">
      <ele>2554.850710</ele>
      <time>2016-10-17T16:19:12Z</time>
    </trkpt>
    <trkpt lat="28.473805" lon="83.875788">
      <ele>2556.254145</ele>
      <time>2016-10-17T16:19:34Z</time>
    </trkpt>
    <trkpt lat="28.473852" lon="83.875874">
      <ele>2557.855270</ele>
      <time>2016-10-17T16:19:58Z</time>
    </trkpt>
    <trkpt lat="28.473900" lon="83.875958">
      <ele>2559.449914</ele>
      <time>2016-10-17T16:20:11Z</time>
    </trkpt>
    <trkpt lat="28.473962" lon="83.876038">
      <ele>2561.064098</ele>
      <time>2016-10-17T16:20:34Z</time>
    </trkpt>
    <trkpt lat="28.474023" lon="83.876115">
      <ele>2562.729926</ele>
      <time>2016-10-17T16:20:55Z</time>
    </trkpt>
    <trkpt lat="28.474081" lon="83.876197">
      <ele>2564.593691</ele>
      <time>2016-10-17T16:21:07Z</time>
    </trkpt>
    <trkpt lat="28.474128" lon="83.876283">
      <ele>2566.652909</ele>
      <time>2016-10-17T16:21:18Z</time>
    </trkpt>
    <trkpt lat="28.474170" lon="83.876376">
      <ele>2568.756805</ele>
      <time>2016-10-17T16:21:34Z</time>
    </trkpt>
    <trkpt lat="28.474208" lon="83.876471">
      <ele>2570.793196</ele>
      <time>2016-10-17T16:21:48Z</time>
    </trkpt>
    <trkpt lat="28.474267" lon="83.876541">
      <ele>2572.757691</ele>
      <time>2016-10-17T16:22:08Z</time>
    </trkpt>
    <trkpt lat="28.474333" lon="83.876605">
      <ele>2574.690320</ele>
      <time>2016-10-17T16:23:46Z</time>
    </trkpt>
    <trkpt lat="28.474405" lon="83.876667">
      <ele>2576.495686</ele>
      <time>2016-10-17T16:24:00Z</time>
    </trkpt>
    <trkpt lat="28.474461" lon="83.876752">
      <ele>2578.295234</ele>
      <time>2016-10-17T16:24:14Z</time>
    </trkpt>
    <trkpt lat="28.474511" lon="83.876845">
      <ele>2580.088183</ele>
      <time>2016-10-17T16:24:25Z</time>
    </trkpt>
    <trkpt lat="28.474560" lon="83.876939">
      <ele>2581.716626</ele>
      <time>2016-10-17T16:24:41Z</time>
    </trkpt>
    <trkpt lat="28.474617" lon="83.877027">
      <ele>2583.036892</ele>
      <time>2016-10-17T16:24:55Z</time>
    </trkpt>
    <trkpt lat="28.474681" lon="83.877103">
      <ele>2584.086767</ele>
      <time>2016-10-17T16:25:19Z</time>
    </trkpt>
    <trkpt lat="28.474751" lon="83.877170">
      <ele>2585.050366</ele>
      <time>2016-10-17T16:25:43Z</time>
    </trkpt>
    <trkpt lat="28.474821" lon="83.877238">
      <ele>2585.882538</ele>
      <time>2016-10-17T16:25:51Z</time>
    </trkpt>
    <trkpt lat="28.474887" lon="83.877313">
      <ele>2586.577381</ele>
      <time>2016-10-17T16:26:02Z</time>
    </trkpt>
    <trkpt lat="28.474958" lon="83.877384">
      <ele>2587.173701</ele>
      <time>2016-10-17T16:26:15Z</time>
    </trkpt>
    <trkpt lat="28.475036" lon="83.877436">
      <ele>2587.678868</ele>
      <time>2016-10-17T16:26:27Z</time>
    </trkpt>
    <trkpt lat="28.475117" lon="83.877484">
      <ele>2588.278574</ele>
      <time>2016-10-17T16:26:39Z</time>
    </trkpt>
    <trkpt lat="28.475185" lon="83.877536">
      <ele>2588.782625</ele>
      <time>2016-10-17T16:27:01Z</time>
    </trkpt>
    <trkpt lat="28.475236" lon="83.877615">
      <ele>2589.297032</ele>
      <time>2016-10-17T16:27:31Z</time>
    </trkpt>
    <trkpt lat="28.475268" lon="83.877710">
      <ele>2589.973148</ele>
      <time>2016-10-17T16:27:41Z</time>
    </trkpt>
    <trkpt lat="28.475289" lon="83.877814">
      <ele>2590.623058</ele>
      <time>2016-10-17T16:27:52Z</time>
    </trkpt>
    <trkpt lat="28.475301" lon="83.877920">
      <ele>2591.194131</ele>
      <time>2016-10-17T16:28:01Z</time>
    </trkpt>
    <trkpt lat="28.475315" lon="83.878022">
      <ele>2591.706698</ele>
      <time>2016-10-17T16:28:13Z</time>
    </trkpt>
    <trkpt lat="28.475340" lon="83.878118">
      <ele>2592.700543</ele>
      <time>2016-10-17T16:28:35Z</time>
    </trkpt>
    <trkpt lat="28.475383" lon="83.878212">
      <ele>2593.585083</ele>
      <time>2016-10-17T16:29:03Z</time>
    </trkpt>
    <trkpt lat="28.475449" lon="83.878280">
      <ele>2594.482658</ele>
      <time>2016-10-17T16:29:16Z</time>
    </trkpt>
    <trkpt lat="28.475528" lon="83.878337">
      <ele>2595.250987</ele>
      <time>2016-10-17T16:29:30Z</time>
    </trkpt>
    <trkpt lat="28.475605" lon="83.878392">
      <ele>2596.171269</ele>
      <time>2016-10-17T16:29:50Z</time>
    </trkpt>
    <trkpt lat="28.475673" lon="83.878465">
      <ele>2597.362859</ele>
      <time>2016-10-17T16:30:17Z</time>
    </trkpt>
    <trkpt lat="28.475735" lon="83.878544">
      <ele>2598.485842</ele>
      <time>2016-10-17T16:30:39Z</time>
    </trkpt>
    <trkpt lat="28.475741" lon="83.878591">
      <ele>2599.592097</ele>
      <time>2016-10-17T16:31:00Z</time>
    </trkpt>
    <trkpt lat="28.475755" lon="83.878602">
      <ele>2600.165932</ele>
      <time>2016-10-17T16:33:56Z</time>
    </trkpt>
    <trkpt lat="28.475755" lon="83.878597">
      <ele>2600.091651</ele>
      <time>2016-10-17T16:34:04Z</time>
    </trkpt>
    <trkpt lat="28.475795" lon="83.878606">
      <ele>2608.483528</ele>
      <time>2016-10-17T16:34:51Z</time>
      <extensions>
        <pause>start</pause>
        <type>auto</type>
      </extensions>
    </trkpt>
    <trkpt lat="28.476043" lon="83.878737">
      <ele>2606.820548</ele>
      <time>2016-10-17T16:35:22Z</time>
      <extensions>
        <pause>end</pause>
        <type>manual</type>
      </extensions>
    </trkpt>
    <trkpt lat="28.476131" lon="83.878716">
      <ele>2604.192202</ele>
      <time>2016-10-17T16:35:32Z</time>
    </trkpt>
    <trkpt lat="28.476202" lon="83.878731">
      <ele>2605.069264</ele>
      <time>2016-10-17T16:35:51Z</time>
    </trkpt>
    <trkpt lat="28.476270" lon="83.878770">
      <ele>2605.926201</ele>
      <time>2016-10-17T16:36:06Z</time>
    </trkpt>
    <trkpt lat="28.476339" lon="83.878816">
      <ele>2606.674860</ele>
      <time>2016-10-17T16:36:23Z</time>
    </trkpt>
    <trkpt lat="28.476375" lon="83.878860">
      <ele>2606.967545</ele>
      <time>2016-10-17T16:36:38Z</time>
    </trkpt>
    <trkpt lat="28.476388" lon="83.878923">
      <ele>2606.978331</ele>
      <time>2016-10-17T16:36:47Z</time>
    </trkpt>
    <trkpt lat="28.476400" lon="83.879012">
      <ele>2607.488029</ele>
      <time>2016-10-17T16:37:01Z</time>
    </trkpt>
    <trkpt lat="28.476454" lon="83.879097">
      <ele>2608.069841</ele>
      <time>2016-10-17T16:37:32Z</time>
    </trkpt>
    <trkpt lat="28.476511" lon="83.879181">
      <ele>2608.269013</ele>
      <time>2016-10-17T16:38:02Z</time>
    </trkpt>
    <trkpt lat="28.476548" lon="83.879273">
      <ele>2608.243215</ele>
      <time>2016-10-17T16:38:11Z</time>
    </trkpt>
    <trkpt lat="28.476578" lon="83.879373">
      <ele>2608.091599</ele>
      <time>2016-10-17T16:38:26Z</time>
    </trkpt>
    <trkpt lat="28.476609" lon="83.879471">
      <ele>2608.113148</ele>
      <time>2016-10-17T16:38:33Z</time>
    </trkpt>
    <trkpt lat="28.476641" lon="83.879567">
      <ele>2608.278068</ele>
      <time>2016-10-17T16:39:04Z</time>
    </trkpt>
    <trkpt lat="28.476687" lon="83.879639">
      <ele>2608.759076</ele>
      <time>2016-10-17T16:39:23Z</time>
    </trkpt>
    <trkpt lat="28.476755" lon="83.879689">
      <ele>2609.290613</ele>
      <time>2016-10-17T16:39:39Z</time>
    </trkpt>
    <trkpt lat="28.476822" lon="83.879741">
      <ele>2609.879099</ele>
      <time>2016-10-17T16:39:59Z</time>
    </trkpt>
    <trkpt lat="28.476853" lon="83.879819">
      <ele>2610.998444</ele>
      <time>2016-10-17T16:40:09Z</time>
    </trkpt>
    <trkpt lat="28.476883" lon="83.879904">
      <ele>2611.651304</ele>
      <time>2016-10-17T16:40:20Z</time>
    </trkpt>
    <trkpt lat="28.476910" lon="83.879989">
      <ele>2612.328389</ele>
      <time>2016-10-17T16:40:32Z</time>
    </trkpt>
    <trkpt lat="28.476970" lon="83.880061">
      <ele>2612.986239</ele>
      <time>2016-10-17T16:40:53Z</time>
    </trkpt>
    <trkpt lat="28.477017" lon="83.880146">
      <ele>2614.192124</ele>
      <time>2016-10-17T16:41:05Z</time>
    </trkpt>
    <trkpt lat="28.477080" lon="83.880222">
      <ele>2615.680472</ele>
      <time>2016-10-17T16:41:20Z</time>
    </trkpt>
    <trkpt lat="28.477125" lon="83.880313">
      <ele>2617.265128</ele>
      <time>2016-10-17T16:41:36Z</time>
    </trkpt>
    <trkpt lat="28.477163" lon="83.880406">
      <ele>2619.493509</ele>
      <time>2016-10-17T16:41:50Z</time>
    </trkpt>
    <trkpt lat="28.477189" lon="83.880507">
      <ele>2620.750550</ele>
      <time>2016-10-17T16:42:04Z</time>
    </trkpt>
    <trkpt lat="28.477226" lon="83.880601">
      <ele>2621.981312</ele>
      <time>2016-10-17T16:42:20Z</time>
    </trkpt>
    <trkpt lat="28.477266" lon="83.880695">
      <ele>2623.212325</ele>
      <time>2016-10-17T16:42:37Z</time>
    </trkpt>
    <trkpt lat="28.477310" lon="83.880787">
      <ele>2624.550354</ele>
      <time>2016-10-17T16:42:48Z</time>
    </trkpt>
    <trkpt lat="28.477348" lon="83.880885">
      <ele>2625.543661</ele>
      <time>2016-10-17T16:43:00Z</time>
    </trkpt>
    <trkpt lat="28.477394" lon="83.880977">
      <ele>2626.437977</ele>
      <time>2016-10-17T16:43:18Z</time>
    </trkpt>
    <trkpt lat="28.477456" lon="83.881050">
      <ele>2627.416378</ele>
      <time>2016-10-17T16:43:33Z</time>
    </trkpt>
    <trkpt lat="28.477518" lon="83.881118">
      <ele>2628.361972</ele>
      <time>2016-10-17T16:43:57Z</time>
    </trkpt>
    <trkpt lat="28.477551" lon="83.881191">
      <ele>2629.343280</ele>
      <time>2016-10-17T16:44:24Z</time>
    </trkpt>
    <trkpt lat="28.477551" lon="83.881286">
      <ele>2630.084940</ele>
      <time>2016-10-17T16:44:35Z</time>
    </trkpt>
    <trkpt lat="28.477550" lon="83.881384">
      <ele>2631.030189</ele>
      <time>2016-10-17T16:44:45Z</time>
    </trkpt>
    <trkpt lat="28.477572" lon="83.881480">
      <ele>2631.602415</ele>
      <time>2016-10-17T16:44:57Z</time>
    </trkpt>
    <trkpt lat="28.477612" lon="83.881574">
      <ele>2632.317354</ele>
      <time>2016-10-17T16:45:09Z</time>
    </trkpt>
    <trkpt lat="28.477655" lon="83.881662">
      <ele>2633.343653</ele>
      <time>2016-10-17T16:45:31Z</time>
    </trkpt>
    <trkpt lat="28.477683" lon="83.881755">
      <ele>2634.629624</ele>
      <time>2016-10-17T16:45:49Z</time>
    </trkpt>
    <trkpt lat="28.477690" lon="83.881849">
      <ele>2635.830832</ele>
      <time>2016-10-17T16:46:04Z</time>
    </trkpt>
    <trkpt lat="28.477693" lon="83.881949">
      <ele>2636.787335</ele>
      <time>2016-10-17T16:46:23Z</time>
    </trkpt>
    <trkpt lat="28.477698" lon="83.882048">
      <ele>2637.642526</ele>
      <time>2016-10-17T16:46:38Z</time>
    </trkpt>
    <trkpt lat="28.477732" lon="83.882141">
      <ele>2638.447941</ele>
      <time>2016-10-17T16:46:54Z</time>
    </trkpt>
    <trkpt lat="28.477764" lon="83.882233">
      <ele>2639.681302</ele>
      <time>2016-10-17T16:47:12Z</time>
    </trkpt>
    <trkpt lat="28.477804" lon="83.882323">
      <ele>2640.994351</ele>
      <time>2016-10-17T16:47:31Z</time>
    </trkpt>
    <trkpt lat="28.477828" lon="83.882421">
      <ele>2642.348899</ele>
      <time>2016-10-17T16:47:49Z</time>
    </trkpt>
    <trkpt lat="28.477845" lon="83.882523">
      <ele>2643.641950</ele>
      <time>2016-10-17T16:48:06Z</time>
    </trkpt>
    <trkpt lat="28.477856" lon="83.882627">
      <ele>2644.637471</ele>
      <time>2016-10-17T16:48:20Z</time>
    </trkpt>
    <trkpt lat="28.477875" lon="83.882729">
      <ele>2645.727583</ele>
      <time>2016-10-17T16:48:39Z</time>
    </trkpt>
    <trkpt lat="28.477891" lon="83.882832">
      <ele>2647.052283</ele>
      <time>2016-10-17T16:48:58Z</time>
    </trkpt>
    <trkpt lat="28.477918" lon="83.882930">
      <ele>2648.678281</ele>
      <time>2016-10-17T16:49:21Z</time>
    </trkpt>
    <trkpt lat="28.477945" lon="83.883031">
      <ele>2650.282025</ele>
      <time>2016-10-17T16:49:34Z</time>
    </trkpt>
    <trkpt lat="28.477988" lon="83.883121">
      <ele>2651.795903</ele>
      <time>2016-10-17T16:49:59Z</time>
    </trkpt>
    <trkpt lat="28.478034" lon="83.883206">
      <ele>2653.161194</ele>
      <time>2016-10-17T16:50:25Z</time>
    </trkpt>
    <trkpt lat="28.478072" lon="83.883290">
      <ele>2654.715482</ele>
      <time>2016-10-17T16:50:50Z</time>
    </trkpt>
    <trkpt lat="28.478114" lon="83.883371">
      <ele>2656.343308</ele>
      <time>2016-10-17T16:51:13Z</time>
    </trkpt>
    <trkpt lat="28.478165" lon="83.883440">
      <ele>2657.961654</ele>
      <time>2016-10-17T16:51:42Z</time>
    </trkpt>
    <trkpt lat="28.478229" lon="83.883511">
      <ele>2659.612994</ele>
      <time>2016-10-17T16:52:16Z</time>
    </trkpt>
    <trkpt lat="28.478302" lon="83.883565">
      <ele>2661.386332</ele>
      <time>2016-10-17T16:52:45Z</time>
    </trkpt>
    <trkpt lat="28.478362" lon="83.883637">
      <ele>2663.352726</ele>
      <time>2016-10-17T16:53:13Z</time>
    </trkpt>
    <trkpt lat="28.478434" lon="83.883680">
      <ele>2665.398467</ele>
      <time>2016-10-17T16:53:38Z</time>
    </trkpt>
    <trkpt lat="28.478489" lon="83.883748">
      <ele>2667.618918</ele>
      <time>2016-10-17T16:53:58Z</time>
    </trkpt>
    <trkpt lat="28.478540" lon="83.883819">
      <ele>2670.072228</ele>
      <time>2016-10-17T16:54:11Z</time>
    </trkpt>
    <trkpt lat="28.478579" lon="83.883913">
      <ele>2672.736499</ele>
      <time>2016-10-17T16:54:30Z</time>
    </trkpt>
    <trkpt lat="28.478632" lon="83.883987">
      <ele>2675.444545</ele>
      <time>2016-10-17T16:54:54Z</time>
    </trkpt>
    <trkpt lat="28.478700" lon="83.884051">
      <ele>2678.239620</ele>
      <time>2016-10-17T16:55:23Z</time>
    </trkpt>
    <trkpt lat="28.478774" lon="83.884107">
      <ele>2681.340003</ele>
      <time>2016-10-17T16:55:40Z</time>
    </trkpt>
    <trkpt lat="28.478847" lon="83.884140">
      <ele>2684.420617</ele>
      <time>2016-10-17T16:55:57Z</time>
    </trkpt>
    <trkpt lat="28.478881" lon="83.884148">
      <ele>2685.856388</ele>
      <time>2016-10-17T16:56:41Z</time>
    </trkpt>
    <trkpt lat="28.478879" lon="83.884126">
      <ele>2712.902543</ele>
      <time>2016-10-17T17:00:24Z</time>
      <extensions>
        <pause>start</pause>
        <type>auto</type>
      </extensions>
    </trkpt>
    <trkpt lat="28.478907" lon="83.884428">
      <ele>2717.157818</ele>
      <time>2016-10-17T17:01:56Z</time>
      <extensions>
        <pause>end</pause>
        <type>manual</type>
      </extensions>
    </trkpt>
    <trkpt lat="28.478955" lon="83.884469">
      <ele>2695.881442</ele>
      <time>2016-10-17T17:02:14Z</time>
    </trkpt>
    <trkpt lat="28.479020" lon="83.884505">
      <ele>2698.480468</ele>
      <time>2016-10-17T17:02:38Z</time>
    </trkpt>
    <trkpt lat="28.479109" lon="83.884529">
      <ele>2701.140243</ele>
      <time>2016-10-17T17:02:57Z</time>
    </trkpt>
    <trkpt lat="28.479172" lon="83.884615">
      <ele>2704.793361</ele>
      <time>2016-10-17T17:03:09Z</time>
    </trkpt>
    <trkpt lat="28.479235" lon="83.884702">
      <ele>2707.368202</ele>
      <time>2016-10-17T17:03:18Z</time>
    </trkpt>
    <trkpt lat="28.479303" lon="83.884776">
      <ele>2709.678094</ele>
      <time>2016-10-17T17:03:30Z</time>
    </trkpt>
    <trkpt lat="28.479382" lon="83.884819">
      <ele>2712.153508</ele>
      <time>2016-10-17T17:03:45Z</time>
    </trkpt>
    <trkpt lat="28.479470" lon="83.884817">
      <ele>2714.437598</ele>
      <time>2016-10-17T17:03:55Z</time>
    </trkpt>
    <trkpt lat="28.479550" lon="83.884826">
      <ele>2716.372448</ele>
      <time>2016-10-17T17:04:07Z</time>
    </trkpt>
    <trkpt lat="28.479631" lon="83.884840">
      <ele>2718.157109</ele>
      <time>2016-10-17T17:04:49Z</time>
    </trkpt>
    <trkpt lat="28.479705" lon="83.884895">
      <ele>2719.840496</ele>
      <time>2016-10-17T17:06:14Z</time>
    </trkpt>
    <trkpt lat="28.479755" lon="83.884963">
      <ele>2721.488879</ele>
      <time>2016-10-17T17:06:34Z</time>
    </trkpt>
    <trkpt lat="28.479788" lon="83.885049">
      <ele>2722.376099</ele>
      <time>2016-10-17T17:06:59Z</time>
    </trkpt>
    <trkpt lat="28.479821" lon="83.885082">
      <ele>2723.804876</ele>
      <time>2016-10-17T17:07:42Z</time>
    </trkpt>
    <trkpt lat="28.479881" lon="83.885061">
      <ele>2724.417822</ele>
      <time>2016-10-17T17:08:12Z</time>
    </trkpt>
    <trkpt lat="28.479918" lon="83.885048">
      <ele>2726.330822</ele>
      <time>2016-10-17T17:08:19Z</time>
    </trkpt>
    <trkpt lat="28.479919" lon="83.885071">
      <ele>2725.051761</ele>
      <time>2016-10-17T17:09:09Z</time>
    </trkpt>
    <trkpt lat="28.479878" lon="83.885127">
      <ele>2742.373269</ele>
      <time>2016-10-17T17:11:15Z</time>
      <extensions>
        <pause>start</pause>
        <type>auto</type>
      </extensions>
    </trkpt>
    <trkpt lat="28.480069" lon="83.885338">
      <ele>2748.251710</ele>
      <time>2016-10-17T17:16:03Z</time>
      <extensions>
        <pause>end</pause>
        <type>manual</type>
      </extensions>
    </trkpt>
    <trkpt lat="28.480130" lon="83.885376">
      <ele>2732.194783</ele>
      <time>2016-10-17T17:16:24Z</time>
    </trkpt>
    <trkpt lat="28.480196" lon="83.885397">
      <ele>2734.015557</ele>
      <time>2016-10-17T17:17:00Z</time>
    </trkpt>
    <trkpt lat="28.480266" lon="83.885402">
      <ele>2734.755961</ele>
      <time>2016-10-17T17:17:19Z</time>
    </trkpt>
    <trkpt lat="28.480335" lon="83.885461">
      <ele>2736.183996</ele>
      <time>2016-10-17T17:17:46Z</time>
    </trkpt>
    <trkpt lat="28.480410" lon="83.885503">
      <ele>2738.155846</ele>
      <time>2016-10-17T17:18:11Z</time>
    </trkpt>
    <trkpt lat="28.480484" lon="83.885545">
      <ele>2740.360011</ele>
      <time>2016-10-17T17:18:27Z</time>
    </trkpt>
    <trkpt lat="28.480569" lon="83.885575">
      <ele>2742.561608</ele>
      <time>2016-10-17T17:18:46Z</time>
    </trkpt>
    <trkpt lat="28.480648" lon="83.885603">
      <ele>2744.898138</ele>
      <time>2016-10-17T17:19:13Z</time>
    </trkpt>
    <trkpt lat="28.480729" lon="83.885624">
      <ele>2747.473043</ele>
      <time>2016-10-17T17:19:59Z</time>
    </trkpt>
    <trkpt lat="28.480797" lon="83.885601">
      <ele>2749.909006</ele>
      <time>2016-10-17T17:20:32Z</time>
    </trkpt>
    <trkpt lat="28.480867" lon="83.885572">
      <ele>2752.150960</ele>
      <time>2016-10-17T17:20:51Z</time>
    </trkpt>
    <trkpt lat="28.480904" lon="83.885565">
      <ele>2754.548934</ele>
      <time>2016-10-17T17:21:17Z</time>
    </trkpt>
    <trkpt lat="28.480956" lon="83.885587">
      <ele>2755.800059</ele>
      <time>2016-10-17T17:21:55Z</time>
    </trkpt>
    <trkpt lat="28.481012" lon="83.885627">
      <ele>2758.505870</ele>
      <time>2016-10-17T17:23:01Z</time>
    </trkpt>
    <trkpt lat="28.481103" lon="83.885640">
      <ele>2761.582846</ele>
      <time>2016-10-17T17:23:17Z</time>
    </trkpt>
    <trkpt lat="28.481189" lon="83.885634">
      <ele>2766.352240</ele>
      <time>2016-10-17T17:23:29Z</time>
    </trkpt>
    <trkpt lat="28.481247" lon="83.885657">
      <ele>2770.818546</ele>
      <time>2016-10-17T17:23:38Z</time>
    </trkpt>
    <trkpt lat="28.481289" lon="83.885710">
      <ele>2773.748710</ele>
      <time>2016-10-17T17:23:50Z</time>
    </trkpt>
    <trkpt lat="28.481325" lon="83.885814">
      <ele>2774.879526</ele>
      <time>2016-10-17T17:24:04Z</time>
    </trkpt>
    <trkpt lat="28.481373" lon="83.885910">
      <ele>2775.918916</ele>
      <time>2016-10-17T17:24:24Z</time>
    </trkpt>
    <trkpt lat="28.481435" lon="83.885959">
      <ele>2778.097926</ele>
      <time>2016-10-17T17:24:36Z</time>
    </trkpt>
    <trkpt lat="28.481507" lon="83.885974">
      <ele>2778.791065</ele>
      <time>2016-10-17T17:24:50Z</time>
    </trkpt>
    <trkpt lat="28.481590" lon="83.885949">
      <ele>2781.891306</ele>
      <time>2016-10-17T17:25:30Z</time>
    </trkpt>
    <trkpt lat="28.481668" lon="83.885911">
      <ele>2783.526929</ele>
      <time>2016-10-17T17:26:14Z</time>
    </trkpt>
    <trkpt lat="28.481736" lon="83.885854">
      <ele>2785.248134</ele>
      <time>2016-10-17T17:26:46Z</time>
    </trkpt>
    <trkpt lat="28.481810" lon="83.885804">
      <ele>2786.549755</ele>
      <time>2016-10-17T17:28:05Z</time>
    </trkpt>
    <trkpt lat="28.481864" lon="83.885811">
      <ele>2787.689616</ele>
      <time>2016-10-17T17:28:48Z</time>
    </trkpt>
    <trkpt lat="28.481927" lon="83.885859">
      <ele>2788.485056</ele>
      <time>2016-10-17T17:29:57Z</time>
    </trkpt>
    <trkpt lat="28.481974" lon="83.885939">
      <ele>2790.035822</ele>
      <time>2016-10-17T17:30:10Z</time>
    </trkpt>
    <trkpt lat="28.482033" lon="83.886015">
      <ele>2791.867166</ele>
      <time>2016-10-17T17:30:30Z</time>
    </trkpt>
    <trkpt lat="28.482096" lon="83.886079">
      <ele>2794.423595</ele>
      <time>2016-10-17T17:30:39Z</time>
    </trkpt>
    <trkpt lat="28.482168" lon="83.886133">
      <ele>2796.616118</ele>
      <time>2016-10-17T17:30:56Z</time>
    </trkpt>
    <trkpt lat="28.482255" lon="83.886170">
      <ele>2800.012364</ele>
      <time>2016-10-17T17:31:10Z</time>
    </trkpt>
    <trkpt lat="28.482336" lon="83.886221">
      <ele>2802.544635</ele>
      <time>2016-10-17T17:31:30Z</time>
    </trkpt>
    <trkpt lat="28.482377" lon="83.886288">
      <ele>2805.038237</ele>
      <time>2016-10-17T17:31:53Z</time>
    </trkpt>
    <trkpt lat="28.482397" lon="83.886379">
      <ele>2807.323905</ele>
      <time>2016-10-17T17:32:03Z</time>
    </trkpt>
    <trkpt lat="28.482421" lon="83.886464">
      <ele>2809.579012</ele>
      <time>2016-10-17T17:32:22Z</time>
    </trkpt>
    <trkpt lat="28.482485" lon="83.886504">
      <ele>2811.626508</ele>
      <time>2016-10-17T17:32:37Z</time>
    </trkpt>
    <trkpt lat="28.482572" lon="83.886510">
      <ele>2811.844953</ele>
      <time>2016-10-17T17:32:49Z</time>
    </trkpt>
    <trkpt lat="28.482665" lon="83.886506">
      <ele>2814.300537</ele>
      <time>2016-10-17T17:33:04Z</time>
    </trkpt>
    <trkpt lat="28.482762" lon="83.886527">
      <ele>2814.955254</ele>
      <time>2016-10-17T17:33:27Z</time>
    </trkpt>
    <trkpt lat="28.482858" lon="83.886555">
      <ele>2815.260999</ele>
      <time>2016-10-17T17:33:59Z</time>
    </trkpt>
    <trkpt lat="28.482946" lon="83.886588">
      <ele>2815.428836</ele>
      <time>2016-10-17T17:34:42Z</time>
    </trkpt>
    <trkpt lat="28.483021" lon="83.886636">
      <ele>2815.827034</ele>
      <time>2016-10-17T17:35:14Z</time>
    </trkpt>
    <trkpt lat="28.483102" lon="83.886690">
      <ele>2816.141249</ele>
      <time>2016-10-17T17:35:30Z</time>
    </trkpt>
    <trkpt lat="28.483187" lon="83.886743">
      <ele>2816.696177</ele>
      <time>2016-10-17T17:36:07Z</time>
    </trkpt>
    <trkpt lat="28.483280" lon="83.886787">
      <ele>2817.516059</ele>
      <time>2016-10-17T17:36:23Z</time>
    </trkpt>
    <trkpt lat="28.483361" lon="83.886845">
      <ele>2818.631624</ele>
      <time>2016-10-17T17:36:41Z</time>
    </trkpt>
    <trkpt lat="28.483434" lon="83.886914">
      <ele>2820.080720</ele>
      <time>2016-10-17T17:36:58Z</time>
    </trkpt>
    <trkpt lat="28.483484" lon="83.886998">
      <ele>2821.589366</ele>
      <time>2016-10-17T17:37:11Z</time>
    </trkpt>
    <trkpt lat="28.483525" lon="83.887087">
      <ele>2823.133966</ele>
      <time>2016-10-17T17:37:21Z</time>
    </trkpt>
    <trkpt lat="28.483557" lon="83.887185">
      <ele>2824.681451</ele>
      <time>2016-10-17T17:37:40Z</time>
    </trkpt>
    <trkpt lat="28.483615" lon="83.887258">
      <ele>2826.256024</ele>
      <time>2016-10-17T17:38:22Z</time>
    </trkpt>
    <trkpt lat="28.483690" lon="83.887306">
      <ele>2827.410015</ele>
      <time>2016-10-17T17:38:38Z</time>
    </trkpt>
    <trkpt lat="28.483760" lon="83.887354">
      <ele>2828.575043</ele>
      <time>2016-10-17T17:38:55Z</time>
    </trkpt>
    <trkpt lat="28.483826" lon="83.887415">
      <ele>2829.682436</ele>
      <time>2016-10-17T17:39:31Z</time>
    </trkpt>
    <trkpt lat="28.483889" lon="83.887480">
      <ele>2830.382392</ele>
      <time>2016-10-17T17:39:40Z</time>
    </trkpt>
    <trkpt lat="28.483969" lon="83.887534">
      <ele>2830.840123</ele>
      <time>2016-10-17T17:39:54Z</time>
    </trkpt>
    <trkpt lat="28.484033" lon="83.887600">
      <ele>2830.976067</ele>
      <time>2016-10-17T17:40:08Z</time>
    </trkpt>
    <trkpt lat="28.484051" lon="83.887684">
      <ele>2830.926384</ele>
      <time>2016-10-17T17:40:25Z</time>
    </trkpt>
    <trkpt lat="28.484060" lon="83.887780">
      <ele>2831.113578</ele>
      <time>2016-10-17T17:40:40Z</time>
    </trkpt>
    <trkpt lat="28.484078" lon="83.887873">
      <ele>2831.305103</ele>
      <time>2016-10-17T17:40:53Z</time>
    </trkpt>
    <trkpt lat="28.484129" lon="83.887966">
      <ele>2831.603731</ele>
      <time>2016-10-17T17:41:08Z</time>
    </trkpt>
    <trkpt lat="28.484171" lon="83.888059">
      <ele>2831.823787</ele>
      <time>2016-10-17T17:41:21Z</time>
    </trkpt>
    <trkpt lat="28.484210" lon="83.888150">
      <ele>2831.908083</ele>
      <time>2016-10-17T17:41:31Z</time>
    </trkpt>
    <trkpt lat="28.484253" lon="83.888235">
      <ele>2831.929183</ele>
      <time>2016-10-17T17:42:00Z</time>
    </trkpt>
    <trkpt lat="28.484314" lon="83.888308">
      <ele>2831.849234</ele>
      <time>2016-10-17T17:42:25Z</time>
    </trkpt>
    <trkpt lat="28.484389" lon="83.888349">
      <ele>2831.992747</ele>
      <time>2016-10-17T17:42:48Z</time>
    </trkpt>
    <trkpt lat="28.484465" lon="83.888392">
      <ele>2832.393164</ele>
      <time>2016-10-17T17:43:07Z</time>
    </trkpt>
    <trkpt lat="28.484545" lon="83.888427">
      <ele>2833.047834</ele>
      <time>2016-10-17T17:43:30Z</time>
    </trkpt>
    <trkpt lat="28.484599" lon="83.888499">
      <ele>2834.016672</ele>
      <time>2016-10-17T17:43:45Z</time>
    </trkpt>
    <trkpt lat="28.484653" lon="83.888548">
      <ele>2834.984340</ele>
      <time>2016-10-17T17:44:00Z</time>
    </trkpt>
    <trkpt lat="28.484699" lon="83.888585">
      <ele>2846.110289</ele>
      <time>2016-10-17T17:48:31Z</time>
      <extensions>
        <pause>start</pause>
        <type>auto</type>
      </extensions>
    </trkpt>
    <trkpt lat="28.484895" lon="83.888801">
      <ele>2848.742311</ele>
      <time>2016-10-17T18:04:32Z</time>
      <extensions>
        <pause>end</pause>
        <type>manual</type>
      </extensions>
    </trkpt>
    <trkpt lat="28.484992" lon="83.888807">
      <ele>2839.038380</ele>
      <time>2016-10-17T18:04:48Z</time>
    </trkpt>
    <trkpt lat="28.485088" lon="83.888807">
      <ele>2841.435474</ele>
      <time>2016-10-17T18:05:03Z</time>
    </trkpt>
    <trkpt lat="28.485180" lon="83.888822">
      <ele>2842.703715</ele>
      <time>2016-10-17T18:05:19Z</time>
    </trkpt>
    <trkpt lat="28.485274" lon="83.888848">
      <ele>2844.035741</ele>
      <time>2016-10-17T18:05:31Z</time>
    </trkpt>
    <trkpt lat="28.485365" lon="83.888889">
      <ele>2845.348030</ele>
      <time>2016-10-17T18:05:51Z</time>
    </trkpt>
    <trkpt lat="28.485457" lon="83.888922">
      <ele>2846.539969</ele>
      <time>2016-10-17T18:06:07Z</time>
    </trkpt>
    <trkpt lat="28.485545" lon="83.888927">
      <ele>2847.542587</ele>
      <time>2016-10-17T18:06:23Z</time>
    </trkpt>
    <trkpt lat="28.485620" lon="83.888953">
      <ele>2848.823487</ele>
      <time>2016-10-17T18:06:35Z</time>
    </trkpt>
    <trkpt lat="28.485694" lon="83.888988">
      <ele>2850.152011</ele>
      <time>2016-10-17T18:06:47Z</time>
    </trkpt>
    <trkpt lat="28.485766" lon="83.889051">
      <ele>2851.462987</ele>
      <time>2016-10-17T18:07:01Z</time>
    </trkpt>
    <trkpt lat="28.485850" lon="83.889068">
      <ele>2853.004806</ele>
      <time>2016-10-17T18:07:16Z</time>
    </trkpt>
    <trkpt lat="28.485920" lon="83.889100">
      <ele>2854.560054</ele>
      <time>2016-10-17T18:07:36Z</time>
    </trkpt>
    <trkpt lat="28.485992" lon="83.889111">
      <ele>2856.270093</ele>
      <time>2016-10-17T18:07:50Z</time>
    </trkpt>
    <trkpt lat="28.486066" lon="83.889159">
      <ele>2857.792296</ele>
      <time>2016-10-17T18:08:04Z</time>
    </trkpt>
    <trkpt lat="28.486141" lon="83.889206">
      <ele>2859.211152</ele>
      <time>2016-10-17T18:08:16Z</time>
    </trkpt>
    <trkpt lat="28.486217" lon="83.889262">
      <ele>2860.621909</ele>
      <time>2016-10-17T18:08:31Z</time>
    </trkpt>
    <trkpt lat="28.486294" lon="83.889297">
      <ele>2861.182522</ele>
      <time>2016-10-17T18:08:54Z</time>
    </trkpt>
    <trkpt lat="28.486369" lon="83.889333">
      <ele>2861.949812</ele>
      <time>2016-10-17T18:09:06Z</time>
    </trkpt>
    <trkpt lat="28.486429" lon="83.889394">
      <ele>2863.137676</ele>
      <time>2016-10-17T18:09:32Z</time>
    </trkpt>
    <trkpt lat="28.486483" lon="83.889481">
      <ele>2864.085382</ele>
      <time>2016-10-17T18:09:50Z</time>
    </trkpt>
    <trkpt lat="28.486531" lon="83.889570">
      <ele>2864.523369</ele>
      <time>2016-10-17T18:10:11Z</time>
    </trkpt>
    <trkpt lat="28.486596" lon="83.889640">
      <ele>2865.632862</ele>
      <time>2016-10-17T18:10:22Z</time>
    </trkpt>
    <trkpt lat="28.486671" lon="83.889664">
      <ele>2866.773994</ele>
      <time>2016-10-17T18:10:36Z</time>
    </trkpt>
    <trkpt lat="28.486764" lon="83.889672">
      <ele>2867.675547</ele>
      <time>2016-10-17T18:10:58Z</time>
    </trkpt>
    <trkpt lat="28.486846" lon="83.889701">
      <ele>2868.720410</ele>
      <time>2016-10-17T18:11:14Z</time>
    </trkpt>
    <trkpt lat="28.486912" lon="83.889776">
      <ele>2869.932514</ele>
      <time>2016-10-17T18:11:25Z</time>
    </trkpt>
    <trkpt lat="28.486975" lon="83.889856">
      <ele>2871.066816</ele>
      <time>2016-10-17T18:11:35Z</time>
    </trkpt>
    <trkpt lat="28.487044" lon="83.889922">
      <ele>2872.216884</ele>
      <time>2016-10-17T18:11:44Z</time>
    </trkpt>
    <trkpt lat="28.487106" lon="83.889993">
      <ele>2873.366028</ele>
      <time>2016-10-17T18:12:28Z</time>
    </trkpt>
    <trkpt lat="28.487169" lon="83.890060">
      <ele>2874.617354</ele>
      <time>2016-10-17T18:12:37Z</time>
    </trkpt>
    <trkpt lat="28.487225" lon="83.890145">
      <ele>2875.808325</ele>
      <time>2016-10-17T18:12:47Z</time>
    </trkpt>
    <trkpt lat="28.487278" lon="83.890231">
      <ele>2876.784187</ele>
      <time>2016-10-17T18:12:59Z</time>
    </trkpt>
    <trkpt lat="28.487332" lon="83.890316">
      <ele>2877.950637</ele>
      <time>2016-10-17T18:13:07Z</time>
    </trkpt>
    <trkpt lat="28.487388" lon="83.890395">
      <ele>2878.803677</ele>
      <time>2016-10-17T18:13:19Z</time>
    </trkpt>
    <trkpt lat="28.487445" lon="83.890473">
      <ele>2879.375051</ele>
      <time>2016-10-17T18:13:32Z</time>
    </trkpt>
    <trkpt lat="28.487480" lon="83.890498">
      <ele>2879.607046</ele>
      <time>2016-10-17T18:13:47Z</time>
    </trkpt>
    <trkpt lat="28.487525" lon="83.890498">
      <ele>2879.644603</ele>
      <time>2016-10-17T18:13:58Z</time>
    </trkpt>
    <trkpt lat="28.487581" lon="83.890491">
      <ele>2879.984149</ele>
      <time>2016-10-17T18:14:15Z</time>
    </trkpt>
    <trkpt lat="28.487646" lon="83.890549">
      <ele>2880.433959</ele>
      <time>2016-10-17T18:14:36Z</time>
    </trkpt>
    <trkpt lat="28.487701" lon="83.890630">
      <ele>2880.833879</ele>
      <time>2016-10-17T18:14:51Z</time>
    </trkpt>
    <trkpt lat="28.487753" lon="83.890717">
      <ele>2881.545863</ele>
      <time>2016-10-17T18:15:03Z</time>
    </trkpt>
    <trkpt lat="28.487781" lon="83.890819">
      <ele>2882.246006</ele>
      <time>2016-10-17T18:15:17Z</time>
    </trkpt>
    <trkpt lat="28.487820" lon="83.890903">
      <ele>2883.147731</ele>
      <time>2016-10-17T18:15:23Z</time>
    </trkpt>
    <trkpt lat="28.487871" lon="83.890964">
      <ele>2883.869331</ele>
      <time>2016-10-17T18:15:38Z</time>
    </trkpt>
    <trkpt lat="28.487920" lon="83.891015">
      <ele>2885.003637</ele>
      <time>2016-10-17T18:15:54Z</time>
    </trkpt>
    <trkpt lat="28.487965" lon="83.891066">
      <ele>2885.928926</ele>
      <time>2016-10-17T18:16:06Z</time>
    </trkpt>
    <trkpt lat="28.487983" lon="83.891143">
      <ele>2886.436649</ele>
      <time>2016-10-17T18:16:37Z</time>
    </trkpt>
    <trkpt lat="28.488040" lon="83.891180">
      <ele>2887.354006</ele>
      <time>2016-10-17T18:16:59Z</time>
    </trkpt>
    <trkpt lat="28.488090" lon="83.891228">
      <ele>2888.397144</ele>
      <time>2016-10-17T18:17:17Z</time>
    </trkpt>
    <trkpt lat="28.488162" lon="83.891263">
      <ele>2889.636267</ele>
      <time>2016-10-17T18:17:59Z</time>
    </trkpt>
    <trkpt lat="28.488218" lon="83.891337">
      <ele>2890.913121</ele>
      <time>2016-10-17T18:18:13Z</time>
    </trkpt>
    <trkpt lat="28.488280" lon="83.891412">
      <ele>2892.346313</ele>
      <time>2016-10-17T18:18:29Z</time>
    </trkpt>
    <trkpt lat="28.488324" lon="83.891496">
      <ele>2893.939483</ele>
      <time>2016-10-17T18:19:26Z</time>
    </trkpt>
    <trkpt lat="28.488375" lon="83.891574">
      <ele>2895.627129</ele>
      <time>2016-10-17T18:22:53Z</time>
    </trkpt>
    <trkpt lat="28.488426" lon="83.891646">
      <ele>2897.653130</ele>
      <time>2016-10-17T18:23:05Z</time>
    </trkpt>
    <trkpt lat="28.488476" lon="83.891723">
      <ele>2899.701981</ele>
      <time>2016-10-17T18:23:53Z</time>
    </trkpt>
    <trkpt lat="28.488524" lon="83.891800">
      <ele>2901.798574</ele>
      <time>2016-10-17T18:23:59Z</time>
    </trkpt>
    <trkpt lat="28.488557" lon="83.891896">
      <ele>2905.012588</ele>
      <time>2016-10-17T18:24:30Z</time>
    </trkpt>
    <trkpt lat="28.488608" lon="83.891976">
      <ele>2907.844605</ele>
      <time>2016-10-17T18:24:54Z</time>
    </trkpt>
    <trkpt lat="28.488660" lon="83.892056">
      <ele>2910.905374</ele>
      <time>2016-10-17T18:25:21Z</time>
    </trkpt>
    <trkpt lat="28.488722" lon="83.892128">
      <ele>2914.165072</ele>
      <time>2016-10-17T18:26:04Z</time>
    </trkpt>
    <trkpt lat="28.488779" lon="83.892150">
      <ele>2917.256707</ele>
      <time>2016-10-17T18:26:28Z</time>
    </trkpt>
    <trkpt lat="28.488844" lon="83.892163">
      <ele>2918.755811</ele>
      <time>2016-10-17T18:26:42Z</time>
    </trkpt>
    <trkpt lat="28.488885" lon="83.892148">
      <ele>2921.937441</ele>
      <time>2016-10-17T18:27:19Z</time>
    </trkpt>
    <trkpt lat="28.488907" lon="83.892154">
      <ele>2951.948750</ele>
      <time>2016-10-17T18:30:22Z</time>
      <extensions>
        <pause>start</pause>
        <type>auto</type>
      </extensions>
    </trkpt>
    <trkpt lat="28.489184" lon="83.892142">
      <ele>2956.817613</ele>
      <time>2016-10-17T18:31:55Z</time>
      <extensions>
        <pause>end</pause>
        <type>manual</type>
      </extensions>
    </trkpt>
    <trkpt lat="28.489252" lon="83.892204">
      <ele>2935.556621</ele>
      <time>2016-10-17T18:32:16Z</time>
    </trkpt>
    <trkpt lat="28.489320" lon="83.892272">
      <ele>2939.800326</ele>
      <time>2016-10-17T18:32:28Z</time>
    </trkpt>
    <trkpt lat="28.489387" lon="83.892340">
      <ele>2942.112619</ele>
      <time>2016-10-17T18:32:45Z</time>
    </trkpt>
    <trkpt lat="28.489466" lon="83.892398">
      <ele>2944.634877</ele>
      <time>2016-10-17T18:32:56Z</time>
    </trkpt>
    <trkpt lat="28.489548" lon="83.892423">
      <ele>2946.938050</ele>
      <time>2016-10-17T18:33:09Z</time>
    </trkpt>
    <trkpt lat="28.489632" lon="83.892430">
      <ele>2949.176188</ele>
      <time>2016-10-17T18:33:25Z</time>
    </trkpt>
    <trkpt lat="28.489717" lon="83.892426">
      <ele>2951.156310</ele>
      <time>2016-10-17T18:33:51Z</time>
    </trkpt>
    <trkpt lat="28.489802" lon="83.892431">
      <ele>2952.948820</ele>
      <time>2016-10-17T18:34:42Z</time>
    </trkpt>
    <trkpt lat="28.489887" lon="83.892430">
      <ele>2954.546399</ele>
      <time>2016-10-17T18:35:01Z</time>
    </trkpt>
    <trkpt lat="28.489965" lon="83.892442">
      <ele>2956.008204</ele>
      <time>2016-10-17T18:36:13Z</time>
    </trkpt>
    <trkpt lat="28.490027" lon="83.892491">
      <ele>2957.568599</ele>
      <time>2016-10-17T18:36:43Z</time>
    </trkpt>
    <trkpt lat="28.490085" lon="83.892564">
      <ele>2959.378557</ele>
      <time>2016-10-17T18:37:00Z</time>
    </trkpt>
    <trkpt lat="28.490140" lon="83.892638">
      <ele>2959.919193</ele>
      <time>2016-10-17T18:37:23Z</time>
    </trkpt>
    <trkpt lat="28.490204" lon="83.892701">
      <ele>2963.257229</ele>
      <time>2016-10-17T18:38:01Z</time>
    </trkpt>
    <trkpt lat="28.490251" lon="83.892778">
      <ele>2965.386564</ele>
      <time>2016-10-17T18:38:27Z</time>
    </trkpt>
    <trkpt lat="28.490311" lon="83.892838">
      <ele>2968.586780</ele>
      <time>2016-10-17T18:39:07Z</time>
    </trkpt>
    <trkpt lat="28.490383" lon="83.892864">
      <ele>2970.104152</ele>
      <time>2016-10-17T18:39:34Z</time>
    </trkpt>
    <trkpt lat="28.490473" lon="83.892859">
      <ele>2971.261926</ele>
      <time>2016-10-17T18:39:59Z</time>
    </trkpt>
    <trkpt lat="28.490530" lon="83.892882">
      <ele>2974.433962</ele>
      <time>2016-10-17T18:40:49Z</time>
    </trkpt>
    <trkpt lat="28.490580" lon="83.892905">
      <ele>2976.090255</ele>
      <time>2016-10-17T18:41:32Z</time>
    </trkpt>
    <trkpt lat="28.490626" lon="83.892925">
      <ele>2977.705607</ele>
      <time>2016-10-17T18:43:48Z</time>
    </trkpt>
    <trkpt lat="28.490694" lon="83.892908">
      <ele>3012.707712</ele>
      <time>2016-10-17T18:45:00Z</time>
      <extensions>
        <pause>start</pause>
        <type>auto</type>
      </extensions>
    </trkpt>
    <trkpt lat="28.490846" lon="83.892674">
      <ele>3022.766942</ele>
      <time>2016-10-17T18:52:51Z</time>
      <extensions>
        <pause>end</pause>
        <type>manual</type>
      </extensions>
    </trkpt>
    <trkpt lat="28.490901" lon="83.892604">
      <ele>2991.205479</ele>
      <time>2016-10-17T18:54:13Z</time>
    </trkpt>
    <trkpt lat="28.490953" lon="83.892524">
      <ele>2996.035668</ele>
      <time>2016-10-17T18:54:47Z</time>
    </trkpt>
    <trkpt lat="28.491011" lon="83.892456">
      <ele>2998.987251</ele>
      <time>2016-10-17T18:55:28Z</time>
    </trkpt>
    <trkpt lat="28.491087" lon="83.892431">
      <ele>3002.684881</ele>
      <time>2016-10-17T18:55:58Z</time>
    </trkpt>
    <trkpt lat="28.491168" lon="83.892431">
      <ele>3006.559955</ele>
      <time>2016-10-17T18:56:25Z</time>
    </trkpt>
    <trkpt lat="28.491249" lon="83.892436">
      <ele>3010.201356</ele>
      <time>2016-10-17T18:57:22Z</time>
    </trkpt>
    <trkpt lat="28.491328" lon="83.892452">
      <ele>3013.969095</ele>
      <time>2016-10-17T18:58:10Z</time>
    </trkpt>
    <trkpt lat="28.491406" lon="83.892490">
      <ele>3017.900899</ele>
      <time>2016-10-17T18:58:46Z</time>
    </trkpt>
    <trkpt lat="28.491485" lon="83.892514">
      <ele>3021.826287</ele>
      <time>2016-10-17T19:00:56Z</time>
    </trkpt>
    <trkpt lat="28.491568" lon="83.892529">
      <ele>3025.926556</ele>
      <time>2016-10-17T19:01:11Z</time>
    </trkpt>
    <trkpt lat="28.491661" lon="83.892526">
      <ele>3029.904650</ele>
      <time>2016-10-17T19:01:32Z</time>
    </trkpt>
    <trkpt lat="28.491758" lon="83.892537">
      <ele>3036.274952</ele>
      <time>2016-10-17T19:02:00Z</time>
    </trkpt>
    <trkpt lat="28.491849" lon="83.892526">
      <ele>3040.607556</ele>
      <time>2016-10-17T19:02:16Z</time>
    </trkpt>
    <trkpt lat="28.491933" lon="83.892530">
      <ele>3045.908863</ele>
      <time>2016-10-17T19:02:43Z</time>
    </trkpt>
    <trkpt lat="28.492015" lon="83.892538">
      <ele>3049.057645</ele>
      <time>2016-10-17T19:03:25Z</time>
    </trkpt>
    <trkpt lat="28.492098" lon="83.892578">
      <ele>3050.044166</ele>
      <time>2016-10-17T19:03:40Z</time>
    </trkpt>
    <trkpt lat="28.492180" lon="83.892616">
      <ele>3051.050696</ele>
      <time>2016-10-17T19:03:55Z</time>
    </trkpt>
    <trkpt lat="28.492262" lon="83.892654">
      <ele>3053.801374</ele>
      <time>2016-10-17T19:04:11Z</time>
    </trkpt>
    <trkpt lat="28.492346" lon="83.892683">
      <ele>3055.309080</ele>
      <time>2016-10-17T19:04:40Z</time>
    </trkpt>
    <trkpt lat="28.492433" lon="83.892702">
      <ele>3057.557458</ele>
      <time>2016-10-17T19:05:13Z</time>
    </trkpt>
    <trkpt lat="28.492511" lon="83.892692">
      <ele>3059.488470</ele>
      <time>2016-10-17T19:05:34Z</time>
    </trkpt>
    <trkpt lat="28.492592" lon="83.892679">
      <ele>3061.095448</ele>
      <time>2016-10-17T19:07:40Z</time>
    </trkpt>
    <trkpt lat="28.492671" lon="83.892649">
      <ele>3062.648509</ele>
      <time>2016-10-17T19:07:55Z</time>
    </trkpt>
    <trkpt lat="28.492750" lon="83.892615">
      <ele>3064.276781</ele>
      <time>2016-10-17T19:08:11Z</time>
    </trkpt>
    <trkpt lat="28.492807" lon="83.892609">
      <ele>3066.025377</ele>
      <time>2016-10-17T19:08:48Z</time>
    </trkpt>
    <trkpt lat="28.492857" lon="83.892635">
      <ele>3067.086266</ele>
      <time>2016-10-17T19:09:31Z</time>
    </trkpt>
    <trkpt lat="28.492911" lon="83.892703">
      <ele>3069.076889</ele>
      <time>2016-10-17T19:10:42Z</time>
    </trkpt>
    <trkpt lat="28.492985" lon="83.892749">
      <ele>3071.128544</ele>
      <time>2016-10-17T19:10:57Z</time>
    </trkpt>
    <trkpt lat="28.493055" lon="83.892747">
      <ele>3073.282176</ele>
      <time>2016-10-17T19:11:18Z</time>
    </trkpt>
    <trkpt lat="28.493081" lon="83.892697">
      <ele>3075.508331</ele>
      <time>2016-10-17T19:11:49Z</time>
    </trkpt>
    <trkpt lat="28.493073" lon="83.892595">
      <ele>3077.889890</ele>
      <time>2016-10-17T19:12:25Z</time>
    </trkpt>
    <trkpt lat="28.493041" lon="83.892471">
      <ele>3080.530803</ele>
      <time>2016-10-17T19:12:28Z</time>
    </trkpt>
    <trkpt lat="28.493042" lon="83.892458">
      <ele>3084.556656</ele>
      <time>2016-10-17T19:12:31Z</time>
    </trkpt>
    <trkpt lat="28.493056" lon="83.892561">
      <ele>3086.094791</ele>
      <time>2016-10-17T19:12:32Z</time>
    </trkpt>
    <trkpt lat="28.493116" lon="83.892759">
      <ele>3090.585094</ele>
      <time>2016-10-17T19:12:34Z</time>
    </trkpt>
    <trkpt lat="28.493092" lon="83.893058">
      <ele>3101.092394</ele>
      <time>2016-10-17T19:13:54Z</time>
    </trkpt>
    <trkpt lat="28.493016" lon="83.893285">
      <ele>3102.623509</ele>
      <time>2016-10-17T19:14:11Z</time>
    </trkpt>
    <trkpt lat="28.492860" lon="83.893383">
      <ele>3106.739441</ele>
      <time>2016-10-17T19:14:14Z</time>
    </trkpt>
    <trkpt lat="28.491940" lon="83.894683">
      <ele>3108.275420</ele>
      <time>2016-10-17T19:14:16Z</time>
    </trkpt>
    <trkpt lat="28.491078" lon="83.895950">
      <ele>3108.275420</ele>
      <time>2016-10-17T19:14:19Z</time>
    </trkpt>
    <trkpt lat="28.490377" lon="83.897091">
      <ele>3108.739219</ele>
      <time>2016-10-17T19:14:22Z</time>
    </trkpt>
    <trkpt lat="28.490530" lon="83.896821">
      <ele>3109.523778</ele>
      <time>2016-10-17T19:14:28Z</time>
    </trkpt>
    <trkpt lat="28.490677" lon="83.896548">
      <ele>3109.131498</ele>
      <time>2016-10-17T19:14:29Z</time>
    </trkpt>
    <trkpt lat="28.490735" lon="83.896263">
      <ele>3109.293811</ele>
      <time>2016-10-17T19:14:30Z</time>
    </trkpt>
    <trkpt lat="28.491168" lon="83.895373">
      <ele>3108.658007</ele>
      <time>2016-10-17T19:14:32Z</time>
    </trkpt>
    <trkpt lat="28.491775" lon="83.894285">
      <ele>3108.658007</ele>
      <time>2016-10-17T19:14:33Z</time>
    </trkpt>
    <trkpt lat="28.492467" lon="83.893297">
      <ele>3108.784907</ele>
      <time>2016-10-17T19:14:34Z</time>
    </trkpt>
    <trkpt lat="28.492876" lon="83.892825">
      <ele>3108.802186</ele>
      <time>2016-10-17T19:14:35Z</time>
      <extensions>
        <pause>start</pause>
        <type>auto</type>
      </extensions>
    </trkpt>
    <trkpt lat="28.493842" lon="83.891436">
      <ele>3108.879185</ele>
      <time>2016-10-17T19:14:39Z</time>
      <extensions>
        <pause>end</pause>
        <type>manual</type>
      </extensions>
    </trkpt>
    <trkpt lat="28.494099" lon="83.891092">
      <ele>3108.883474</ele>
      <time>2016-10-17T19:14:40Z</time>
    </trkpt>
    <trkpt lat="28.494415" lon="83.890631">
      <ele>3108.881329</ele>
      <time>2016-10-17T19:14:41Z</time>
    </trkpt>
    <trkpt lat="28.494715" lon="83.890166">
      <ele>3108.665538</ele>
      <time>2016-10-17T19:14:43Z</time>
    </trkpt>
    <trkpt lat="28.494995" lon="83.889721">
      <ele>3108.611130</ele>
      <time>2016-10-17T19:14:44Z</time>
    </trkpt>
    <trkpt lat="28.495203" lon="83.889401">
      <ele>3108.614614</ele>
      <time>2016-10-17T19:14:45Z</time>
    </trkpt>
    <trkpt lat="28.495409" lon="83.889095">
      <ele>3108.670166</ele>
      <time>2016-10-17T19:14:46Z</time>
    </trkpt>
    <trkpt lat="28.495613" lon="83.888791">
      <ele>3108.635498</ele>
      <time>2016-10-17T19:14:47Z</time>
    </trkpt>
    <trkpt lat="28.495806" lon="83.888497">
      <ele>3108.638428</ele>
      <time>2016-10-17T19:14:48Z</time>
    </trkpt>
    <trkpt lat="28.495991" lon="83.888218">
      <ele>3108.652405</ele>
      <time>2016-10-17T19:14:49Z</time>
    </trkpt>
    <trkpt lat="28.495336" lon="83.889199">
      <ele>3108.879185</ele>
      <time>2016-10-17T19:14:50Z</time>
    </trkpt>
    <trkpt lat="28.495578" lon="83.888832">
      <ele>3108.848145</ele>
      <time>2016-10-17T19:14:51Z</time>
    </trkpt>
    <trkpt lat="28.495813" lon="83.888470">
      <ele>3108.848145</ele>
      <time>2016-10-17T19:14:53Z</time>
    </trkpt>
    <trkpt lat="28.496877" lon="83.886863">
      <ele>3108.862549</ele>
      <time>2016-10-17T19:14:54Z</time>
    </trkpt>
    <trkpt lat="28.497033" lon="83.886616">
      <ele>3108.892822</ele>
      <time>2016-10-17T19:14:55Z</time>
    </trkpt>
    <trkpt lat="28.497188" lon="83.886371">
      <ele>3108.877686</ele>
      <time>2016-10-17T19:14:56Z</time>
    </trkpt>
    <trkpt lat="28.497371" lon="83.886089">
      <ele>3108.892822</ele>
      <time>2016-10-17T19:14:57Z</time>
    </trkpt>
    <trkpt lat="28.497526" lon="83.885850">
      <ele>3108.910828</ele>
      <time>2016-10-17T19:14:59Z</time>
    </trkpt>
    <trkpt lat="28.497605" lon="83.885727">
      <ele>3108.932520</ele>
      <time>2016-10-17T19:15:01Z</time>
    </trkpt>
    <trkpt lat="28.496202" lon="83.887920">
      <ele>3109.575720</ele>
      <time>2016-10-17T19:15:04Z</time>
    </trkpt>
    <trkpt lat="28.494713" lon="83.890143">
      <ele>3109.575720</ele>
      <time>2016-10-17T19:15:09Z</time>
    </trkpt>
    <trkpt lat="28.493251" lon="83.892424">
      <ele>3109.744937</ele>
      <time>2016-10-17T19:15:12Z</time>
    </trkpt>
    <trkpt lat="28.493186" lon="83.892588">
      <ele>3109.531566</ele>
      <time>2016-10-17T19:15:16Z</time>
    </trkpt>
    <trkpt lat="28.493137" lon="83.892832">
      <ele>3109.571467</ele>
      <time>2016-10-17T19:15:17Z</time>
    </trkpt>
    <trkpt lat="28.493122" lon="83.892909">
      <ele>3109.551517</ele>
      <time>2016-10-17T19:15:18Z</time>
    </trkpt>
    <trkpt lat="28.493108" lon="83.892792">
      <ele>3109.551517</ele>
      <time>2016-10-17T19:15:18Z</time>
    </trkpt>
    <trkpt lat="28.493066" lon="83.892636">
      <ele>3109.530786</ele>
      <time>2016-10-17T19:15:30Z</time>
      <extensions>
        <pause>start</pause>
        <type>auto</type>
      </extensions>
    </trkpt>
    <trkpt lat="28.493324" lon="83.892444">
      <ele>3109.463922</ele>
      <time>2016-10-17T19:15:35Z</time>
      <extensions>
        <pause>end</pause>
        <type>manual</type>
      </extensions>
    </trkpt>
    <trkpt lat="28.493299" lon="83.892567">
      <ele>3109.529852</ele>
      <time>2016-10-17T19:15:39Z</time>
    </trkpt>
    <trkpt lat="28.493282" lon="83.892675">
      <ele>3109.529423</ele>
      <time>2016-10-17T19:15:42Z</time>
    </trkpt>
    <trkpt lat="28.493232" lon="83.892735">
      <ele>3109.550789</ele>
      <time>2016-10-17T19:15:50Z</time>
    </trkpt>
    <trkpt lat="28.493182" lon="83.892800">
      <ele>3109.548198</ele>
      <time>2016-10-17T19:15:54Z</time>
    </trkpt>
    <trkpt lat="28.493161" lon="83.892724">
      <ele>3109.501873</ele>
      <time>2016-10-17T19:15:59Z</time>
    </trkpt>
    <trkpt lat="28.493152" lon="83.892703">
      <ele>3109.490274</ele>
      <time>2016-10-17T19:16:02Z</time>
    </trkpt>
    <trkpt lat="28.493153" lon="83.892700">
      <ele>3109.452769</ele>
      <time>2016-10-17T19:16:09Z</time>
    </trkpt>
    <trkpt lat="28.493106" lon="83.892847">
      <ele>3109.424309</ele>
      <time>2016-10-17T19:16:13Z</time>
    </trkpt>
    <trkpt lat="28.493052" lon="83.892967">
      <ele>3109.404340</ele>
      <time>2016-10-17T19:16:18Z</time>
    </trkpt>
    <trkpt lat="28.492996" lon="83.893072">
      <ele>3109.385943</ele>
      <time>2016-10-17T19:16:22Z</time>
    </trkpt>
    <trkpt lat="28.492897" lon="83.893229">
      <ele>3109.362240</ele>
      <time>2016-10-17T19:16:29Z</time>
    </trkpt>
    <trkpt lat="28.492503" lon="83.893888">
      <ele>3109.215820</ele>
      <time>2016-10-17T19:16:33Z</time>
    </trkpt>
    <trkpt lat="28.492090" lon="83.894568">
      <ele>3109.217820</ele>
      <time>2016-10-17T19:16:34Z</time>
    </trkpt>
    <trkpt lat="28.491681" lon="83.895257">
      <ele>3109.216820</ele>
      <time>2016-10-17T19:16:35Z</time>
    </trkpt>
    <trkpt lat="28.491288" lon="83.895931">
      <ele>3109.365210</ele>
      <time>2016-10-17T19:16:36Z</time>
    </trkpt>
    <trkpt lat="28.490904" lon="83.896640">
      <ele>3109.291548</ele>
      <time>2016-10-17T19:16:37Z</time>
    </trkpt>
    <trkpt lat="28.490518" lon="83.897278">
      <ele>3109.328379</ele>
      <time>2016-10-17T19:16:38Z</time>
    </trkpt>
    <trkpt lat="28.490330" lon="83.897553">
      <ele>3109.265151</ele>
      <time>2016-10-17T19:16:41Z</time>
    </trkpt>
    <trkpt lat="28.490121" lon="83.897814">
      <ele>3109.209069</ele>
      <time>2016-10-17T19:16:42Z</time>
    </trkpt>
    <trkpt lat="28.489923" lon="83.898046">
      <ele>3109.155776</ele>
      <time>2016-10-17T19:16:43Z</time>
    </trkpt>
    <trkpt lat="28.489926" lon="83.898042">
      <ele>3109.057947</ele>
      <time>2016-10-17T19:16:44Z</time>
    </trkpt>
    <trkpt lat="28.489908" lon="83.898079">
      <ele>3109.071578</ele>
      <time>2016-10-17T19:16:45Z</time>
    </trkpt>
    <trkpt lat="28.490092" lon="83.897874">
      <ele>3109.041493</ele>
      <time>2016-10-17T19:16:47Z</time>
    </trkpt>
    <trkpt lat="28.490190" lon="83.897678">
      <ele>3109.041493</ele>
      <time>2016-10-17T19:16:48Z</time>
    </trkpt>
    <trkpt lat="28.490456" lon="83.897231">
      <ele>3109.037493</ele>
      <time>2016-10-17T19:16:50Z</time>
    </trkpt>
    <trkpt lat="28.492808" lon="83.893493">
      <ele>3109.575439</ele>
      <time>2016-10-17T19:16:50Z</time>
    </trkpt>
    <trkpt lat="28.495394" lon="83.889317">
      <ele>3109.575439</ele>
      <time>2016-10-17T19:17:16Z</time>
    </trkpt>
    <trkpt lat="28.497982" lon="83.885010">
      <ele>3109.564209</ele>
      <time>2016-10-17T19:17:18Z</time>
    </trkpt>
    <trkpt lat="28.498178" lon="83.884459">
      <ele>3109.522461</ele>
      <time>2016-10-17T19:17:19Z</time>
    </trkpt>
    <trkpt lat="28.498367" lon="83.883923">
      <ele>3109.518555</ele>
      <time>2016-10-17T19:17:20Z</time>
    </trkpt>
    <trkpt lat="28.498524" lon="83.883534">
      <ele>3109.520508</ele>
      <time>2016-10-17T19:17:21Z</time>
    </trkpt>
    <trkpt lat="28.498689" lon="83.883150">
      <ele>3109.515462</ele>
      <time>2016-10-17T19:17:22Z</time>
    </trkpt>
    <trkpt lat="28.498858" lon="83.882769">
      <ele>3109.504476</ele>
      <time>2016-10-17T19:17:23Z</time>
    </trkpt>
    <trkpt lat="28.499020" lon="83.882398">
      <ele>3109.495117</ele>
      <time>2016-10-17T19:17:24Z</time>
    </trkpt>
    <trkpt lat="28.499183" lon="83.882043">
      <ele>3109.489746</ele>
      <time>2016-10-17T19:17:25Z</time>
    </trkpt>
    <trkpt lat="28.499361" lon="83.881711">
      <ele>3109.488953</ele>
      <time>2016-10-17T19:17:26Z</time>
    </trkpt>
    <trkpt lat="28.497144" lon="83.885696">
      <ele>3109.126751</ele>
      <time>2016-10-17T19:17:26Z</time>
    </trkpt>
    <trkpt lat="28.492887" lon="83.893334">
      <ele>3109.126751</ele>
      <time>2016-10-17T19:22:14Z</time>
      <extensions>
        <pause>start</pause>
        <type>auto</type>
      </extensions>
    </trkpt>
    <trkpt lat="28.493320" lon="83.893499">
      <ele>3115.210449</ele>
      <time>2016-10-17T19:22:19Z</time>
      <extensions>
        <pause>end</pause>
        <type>manual</type>
      </extensions>
    </trkpt>
    <trkpt lat="28.493296" lon="83.893466">
      <ele>3121.259033</ele>
      <time>2016-10-17T19:22:21Z</time>
    </trkpt>
    <trkpt lat="28.493292" lon="83.893297">
      <ele>3118.234741</ele>
      <time>2016-10-17T19:22:23Z</time>
    </trkpt>
    <trkpt lat="28.493312" lon="83.892998">
      <ele>3117.886637</ele>
      <time>2016-10-17T19:22:44Z</time>
    </trkpt>
    <trkpt lat="28.493358" lon="83.893067">
      <ele>3115.975830</ele>
      <time>2016-10-17T19:23:06Z</time>
    </trkpt>
    <trkpt lat="28.493414" lon="83.893137">
      <ele>3114.165381</ele>
      <time>2016-10-17T19:23:24Z</time>
    </trkpt>
    <trkpt lat="28.493465" lon="83.893213">
      <ele>3113.904114</ele>
      <time>2016-10-17T19:23:40Z</time>
    </trkpt>
    <trkpt lat="28.493526" lon="83.893284">
      <ele>3111.412664</ele>
      <time>2016-10-17T19:23:55Z</time>
    </trkpt>
    <trkpt lat="28.493593" lon="83.893352">
      <ele>3109.400408</ele>
      <time>2016-10-17T19:24:24Z</time>
    </trkpt>
    <trkpt lat="28.493690" lon="83.893393">
      <ele>3107.617081</ele>
      <time>2016-10-17T19:24:50Z</time>
    </trkpt>
    <trkpt lat="28.493794" lon="83.893404">
      <ele>3105.343422</ele>
      <time>2016-10-17T19:24:57Z</time>
    </trkpt>
    <trkpt lat="28.493830" lon="83.893409">
      <ele>3103.700093</ele>
      <time>2016-10-17T19:25:07Z</time>
    </trkpt>
    <trkpt lat="28.493784" lon="83.893418">
      <ele>3102.330477</ele>
      <time>2016-10-17T19:25:11Z</time>
    </trkpt>
    <trkpt lat="28.493717" lon="83.893397">
      <ele>3101.264732</ele>
      <time>2016-10-17T19:25:12Z</time>
    </trkpt>
    <trkpt lat="28.493716" lon="83.893389">
      <ele>3099.274020</ele>
      <time>2016-10-17T19:25:15Z</time>
    </trkpt>
    <trkpt lat="28.493788" lon="83.893383">
      <ele>3098.558325</ele>
      <time>2016-10-17T19:25:19Z</time>
    </trkpt>
    <trkpt lat="28.493878" lon="83.893428">
      <ele>3098.040236</ele>
      <time>2016-10-17T19:25:25Z</time>
    </trkpt>
    <trkpt lat="28.493950" lon="83.893481">
      <ele>3097.693259</ele>
      <time>2016-10-17T19:25:31Z</time>
    </trkpt>
    <trkpt lat="28.494022" lon="83.893539">
      <ele>3096.438244</ele>
      <time>2016-10-17T19:25:45Z</time>
    </trkpt>
    <trkpt lat="28.494090" lon="83.893605">
      <ele>3095.185223</ele>
      <time>2016-10-17T19:25:59Z</time>
    </trkpt>
    <trkpt lat="28.494149" lon="83.893676">
      <ele>3094.405967</ele>
      <time>2016-10-17T19:26:18Z</time>
    </trkpt>
    <trkpt lat="28.494164" lon="83.893762">
      <ele>3094.368928</ele>
      <time>2016-10-17T19:26:40Z</time>
    </trkpt>
    <trkpt lat="28.494149" lon="83.893864">
      <ele>3093.812840</ele>
      <time>2016-10-17T19:26:54Z</time>
    </trkpt>
    <trkpt lat="28.494133" lon="83.893965">
      <ele>3093.754538</ele>
      <time>2016-10-17T19:27:16Z</time>
    </trkpt>
    <trkpt lat="28.494145" lon="83.894059">
      <ele>3093.796717</ele>
      <time>2016-10-17T19:27:38Z</time>
    </trkpt>
    <trkpt lat="28.494187" lon="83.894140">
      <ele>3093.726100</ele>
      <time>2016-10-17T19:27:58Z</time>
    </trkpt>
    <trkpt lat="28.494257" lon="83.894201">
      <ele>3093.974099</ele>
      <time>2016-10-17T19:28:12Z</time>
    </trkpt>
    <trkpt lat="28.494342" lon="83.894237">
      <ele>3094.110253</ele>
      <time>2016-10-17T19:28:31Z</time>
    </trkpt>
    <trkpt lat="28.494428" lon="83.894260">
      <ele>3094.016994</ele>
      <time>2016-10-17T19:29:02Z</time>
    </trkpt>
    <trkpt lat="28.494512" lon="83.894286">
      <ele>3093.698334</ele>
      <time>2016-10-17T19:29:20Z</time>
    </trkpt>
    <trkpt lat="28.494592" lon="83.894334">
      <ele>3093.075097</ele>
      <time>2016-10-17T19:29:27Z</time>
    </trkpt>
    <trkpt lat="28.494616" lon="83.894386">
      <ele>3092.271697</ele>
      <time>2016-10-17T19:29:36Z</time>
    </trkpt>
    <trkpt lat="28.494640" lon="83.894401">
      <ele>3092.094891</ele>
      <time>2016-10-17T19:29:45Z</time>
    </trkpt>
    <trkpt lat="28.494639" lon="83.894431">
      <ele>3091.249309</ele>
      <time>2016-10-17T19:30:11Z</time>
    </trkpt>
    <trkpt lat="28.494664" lon="83.894483">
      <ele>3090.441993</ele>
      <time>2016-10-17T19:30:22Z</time>
    </trkpt>
    <trkpt lat="28.494658" lon="83.894588">
      <ele>3089.035275</ele>
      <time>2016-10-17T19:30:32Z</time>
    </trkpt>
    <trkpt lat="28.494672" lon="83.894682">
      <ele>3087.417618</ele>
      <time>2016-10-17T19:30:48Z</time>
    </trkpt>
    <trkpt lat="28.494710" lon="83.894765">
      <ele>3086.370212</ele>
      <time>2016-10-17T19:32:44Z</time>
    </trkpt>
    <trkpt lat="28.494773" lon="83.894841">
      <ele>3085.121977</ele>
      <time>2016-10-17T19:33:00Z</time>
    </trkpt>
    <trkpt lat="28.494842" lon="83.894907">
      <ele>3083.876730</ele>
      <time>2016-10-17T19:33:09Z</time>
    </trkpt>
    <trkpt lat="28.494911" lon="83.894976">
      <ele>3082.851490</ele>
      <time>2016-10-17T19:33:24Z</time>
    </trkpt>
    <trkpt lat="28.494981" lon="83.895048">
      <ele>3082.126624</ele>
      <time>2016-10-17T19:33:38Z</time>
    </trkpt>
    <trkpt lat="28.495050" lon="83.895118">
      <ele>3081.544801</ele>
      <time>2016-10-17T19:33:59Z</time>
    </trkpt>
    <trkpt lat="28.495122" lon="83.895179">
      <ele>3081.161128</ele>
      <time>2016-10-17T19:34:17Z</time>
    </trkpt>
    <trkpt lat="28.495202" lon="83.895229">
      <ele>3080.861218</ele>
      <time>2016-10-17T19:34:40Z</time>
    </trkpt>
    <trkpt lat="28.495280" lon="83.895282">
      <ele>3080.735944</ele>
      <time>2016-10-17T19:34:53Z</time>
    </trkpt>
    <trkpt lat="28.495364" lon="83.895319">
      <ele>3080.334097</ele>
      <time>2016-10-17T19:35:08Z</time>
    </trkpt>
    <trkpt lat="28.495446" lon="83.895362">
      <ele>3080.223739</ele>
      <time>2016-10-17T19:35:28Z</time>
    </trkpt>
    <trkpt lat="28.495507" lon="83.895420">
      <ele>3080.213394</ele>
      <time>2016-10-17T19:35:36Z</time>
    </trkpt>
    <trkpt lat="28.495558" lon="83.895501">
      <ele>3080.407113</ele>
      <time>2016-10-17T19:35:55Z</time>
    </trkpt>
    <trkpt lat="28.495599" lon="83.895588">
      <ele>3080.763170</ele>
      <time>2016-10-17T19:36:10Z</time>
    </trkpt>
    <trkpt lat="28.495650" lon="83.895673">
      <ele>3081.325322</ele>
      <time>2016-10-17T19:36:26Z</time>
    </trkpt>
    <trkpt lat="28.495689" lon="83.895769">
      <ele>3081.995971</ele>
      <time>2016-10-17T19:36:40Z</time>
    </trkpt>
    <trkpt lat="28.495716" lon="83.895874">
      <ele>3082.866238</ele>
      <time>2016-10-17T19:36:52Z</time>
    </trkpt>
    <trkpt lat="28.495746" lon="83.895977">
      <ele>3084.071596</ele>
      <time>2016-10-17T19:37:07Z</time>
    </trkpt>
    <trkpt lat="28.495779" lon="83.896072">
      <ele>3085.328886</ele>
      <time>2016-10-17T19:37:18Z</time>
    </trkpt>
    <trkpt lat="28.495833" lon="83.896155">
      <ele>3087.021047</ele>
      <time>2016-10-17T19:37:33Z</time>
    </trkpt>
    <trkpt lat="28.495898" lon="83.896210">
      <ele>3088.785774</ele>
      <time>2016-10-17T19:37:53Z</time>
    </trkpt>
    <trkpt lat="28.495967" lon="83.896260">
      <ele>3090.316500</ele>
      <time>2016-10-17T19:38:02Z</time>
    </trkpt>
    <trkpt lat="28.496042" lon="83.896296">
      <ele>3091.647710</ele>
      <time>2016-10-17T19:38:22Z</time>
    </trkpt>
    <trkpt lat="28.496108" lon="83.896358">
      <ele>3092.986974</ele>
      <time>2016-10-17T19:38:58Z</time>
    </trkpt>
    <trkpt lat="28.496174" lon="83.896417">
      <ele>3094.324680</ele>
      <time>2016-10-17T19:39:24Z</time>
    </trkpt>
    <trkpt lat="28.496236" lon="83.896483">
      <ele>3095.579796</ele>
      <time>2016-10-17T19:41:51Z</time>
    </trkpt>
    <trkpt lat="28.496301" lon="83.896545">
      <ele>3097.056817</ele>
      <time>2016-10-17T19:42:06Z</time>
    </trkpt>
    <trkpt lat="28.496380" lon="83.896576">
      <ele>3098.613534</ele>
      <time>2016-10-17T19:42:38Z</time>
    </trkpt>
    <trkpt lat="28.496450" lon="83.896618">
      <ele>3099.736432</ele>
      <time>2016-10-17T19:43:08Z</time>
    </trkpt>
    <trkpt lat="28.496513" lon="83.896666">
      <ele>3101.721539</ele>
      <time>2016-10-17T19:43:53Z</time>
    </trkpt>
    <trkpt lat="28.496568" lon="83.896746">
      <ele>3104.027201</ele>
      <time>2016-10-17T19:44:33Z</time>
    </trkpt>
    <trkpt lat="28.496628" lon="83.896816">
      <ele>3106.345620</ele>
      <time>2016-10-17T19:44:59Z</time>
    </trkpt>
    <trkpt lat="28.496695" lon="83.896878">
      <ele>3108.930924</ele>
      <time>2016-10-17T19:45:43Z</time>
    </trkpt>
    <trkpt lat="28.496760" lon="83.896942">
      <ele>3111.604920</ele>
      <time>2016-10-17T19:46:04Z</time>
    </trkpt>
    <trkpt lat="28.496832" lon="83.896995">
      <ele>3114.373037</ele>
      <time>2016-10-17T19:46:31Z</time>
    </trkpt>
    <trkpt lat="28.496910" lon="83.897010">
      <ele>3117.209726</ele>
      <time>2016-10-17T19:47:02Z</time>
    </trkpt>
    <trkpt lat="28.496995" lon="83.897022">
      <ele>3120.134309</ele>
      <time>2016-10-17T19:47:37Z</time>
    </trkpt>
    <trkpt lat="28.497080" lon="83.897038">
      <ele>3123.264735</ele>
      <time>2016-10-17T19:47:51Z</time>
    </trkpt>
    <trkpt lat="28.497139" lon="83.897110">
      <ele>3126.411762</ele>
      <time>2016-10-17T19:48:12Z</time>
    </trkpt>
    <trkpt lat="28.497188" lon="83.897190">
      <ele>3129.525964</ele>
      <time>2016-10-17T19:48:40Z</time>
    </trkpt>
    <trkpt lat="28.497195" lon="83.897289">
      <ele>3132.749491</ele>
      <time>2016-10-17T19:49:06Z</time>
    </trkpt>
    <trkpt lat="28.497182" lon="83.897379">
      <ele>3135.446197</ele>
      <time>2016-10-17T19:49:18Z</time>
    </trkpt>
    <trkpt lat="28.497158" lon="83.897406">
      <ele>3137.860433</ele>
      <time>2016-10-17T19:49:37Z</time>
    </trkpt>
    <trkpt lat="28.497140" lon="83.897434">
      <ele>3138.887939</ele>
      <time>2016-10-17T19:49:57Z</time>
    </trkpt>
    <trkpt lat="28.497144" lon="83.897466">
      <ele>3139.667104</ele>
      <time>2016-10-17T19:51:12Z</time>
    </trkpt>
    <trkpt lat="28.497158" lon="83.897567">
      <ele>3142.968015</ele>
      <time>2016-10-17T19:51:30Z</time>
    </trkpt>
    <trkpt lat="28.497194" lon="83.897644">
      <ele>3143.541315</ele>
      <time>2016-10-17T19:51:42Z</time>
    </trkpt>
    <trkpt lat="28.497241" lon="83.897700">
      <ele>3154.868054</ele>
      <time>2016-10-17T19:54:58Z</time>
      <extensions>
        <pause>start</pause>
        <type>auto</type>
      </extensions>
    </trkpt>
    <trkpt lat="28.497241" lon="83.897700">
      <ele>3154.868054</ele>
      <time>2016-10-17T19:55:07Z</time>
      <extensions>
        <pause>end</pause>
        <type>manual</type>
      </extensions>
    </trkpt>
    </trkseg>
  </trk>
</gpx>
