<?xml version="1.0" encoding="UTF-8" ?>
<gpx
  version="1.1"
  creator="Tranggle Track 1.1.0 - http://www.beaglemap.com"
  xmlns:xsi="http://www.w3.org/2001/XMLSchema-instance"
  xmlns="http://www.topografix.com/GPX/1/1"
  xsi:schemaLocation="http://www.topografix.com/GPX/1/1 http://www.topografix.com/GPX/1/1/gpx.xsd">
  <metadata>
    <link href="http://www.beaglemap.com">
      <text>iPhone Tranggle 3.5.0</text>
    </link>
    <time>2016-10-19T19:33:21Z</time>
    <bounds minlat="28.417910" minlon="83.817022" maxlat="28.525157" maxlon="83.908352"/>
    <desc><![CDATA[CREATOR: F291188211BF24A4, MODEL: iPad5,4, FIRMWARE: 10.0.2, CONSTANT: M22, CATEGORY: Hiking]]></desc>
  </metadata>
  <wpt lat="28.469877" lon="83.869879">
    <ele>2524.089567</ele>
    <name><![CDATA[도반]]></name>
    <extensions>
      <maneuver>Straight</maneuver>
    </extensions>
  </wpt>
  <wpt lat="28.457382" lon="83.857054">
    <ele>2332.761330</ele>
    <name><![CDATA[뱀부]]></name>
  </wpt>
  <wpt lat="28.434617" lon="83.838458">
    <ele>2339.980176</ele>
    <name><![CDATA[시누와]]></name>
  </wpt>
  <wpt lat="28.428163" lon="83.830152">
    <ele>2087.094558</ele>
    <name><![CDATA[시누와]]></name>
  </wpt>
  <wpt lat="28.428108" lon="83.830138">
    <ele>2080.401834</ele>
    <name><![CDATA[Way point 5]]></name>
  </wpt>
  <trk>
    <trkseg>
    <trkpt lat="28.525157" lon="83.907789">
      <ele>3671.394531</ele>
      <time>2016-10-19T10:21:07Z</time>
    </trkpt>
    <trkpt lat="28.525082" lon="83.907767">
      <ele>3662.863770</ele>
      <time>2016-10-19T10:21:11Z</time>
    </trkpt>
    <trkpt lat="28.524997" lon="83.907764">
      <ele>3654.333008</ele>
      <time>2016-10-19T10:21:19Z</time>
    </trkpt>
    <trkpt lat="28.524903" lon="83.907781">
      <ele>3653.120605</ele>
      <time>2016-10-19T10:21:25Z</time>
    </trkpt>
    <trkpt lat="28.524811" lon="83.907811">
      <ele>3652.165365</ele>
      <time>2016-10-19T10:21:31Z</time>
    </trkpt>
    <trkpt lat="28.524719" lon="83.907851">
      <ele>3651.055298</ele>
      <time>2016-10-19T10:21:38Z</time>
    </trkpt>
    <trkpt lat="28.524626" lon="83.907892">
      <ele>3650.126465</ele>
      <time>2016-10-19T10:21:46Z</time>
    </trkpt>
    <trkpt lat="28.524533" lon="83.907931">
      <ele>3649.074829</ele>
      <time>2016-10-19T10:21:53Z</time>
    </trkpt>
    <trkpt lat="28.524440" lon="83.907956">
      <ele>3648.397018</ele>
      <time>2016-10-19T10:22:00Z</time>
    </trkpt>
    <trkpt lat="28.524348" lon="83.907971">
      <ele>3647.983108</ele>
      <time>2016-10-19T10:22:11Z</time>
    </trkpt>
    <trkpt lat="28.524255" lon="83.907975">
      <ele>3647.707162</ele>
      <time>2016-10-19T10:22:23Z</time>
    </trkpt>
    <trkpt lat="28.524161" lon="83.907982">
      <ele>3647.006989</ele>
      <time>2016-10-19T10:22:38Z</time>
    </trkpt>
    <trkpt lat="28.524069" lon="83.908000">
      <ele>3646.669794</ele>
      <time>2016-10-19T10:22:45Z</time>
    </trkpt>
    <trkpt lat="28.523980" lon="83.908035">
      <ele>3646.078073</ele>
      <time>2016-10-19T10:22:58Z</time>
    </trkpt>
    <trkpt lat="28.523894" lon="83.908077">
      <ele>3645.249816</ele>
      <time>2016-10-19T10:23:08Z</time>
    </trkpt>
    <trkpt lat="28.523807" lon="83.908107">
      <ele>3644.624183</ele>
      <time>2016-10-19T10:23:18Z</time>
    </trkpt>
    <trkpt lat="28.523717" lon="83.908119">
      <ele>3643.894885</ele>
      <time>2016-10-19T10:23:32Z</time>
    </trkpt>
    <trkpt lat="28.523623" lon="83.908109">
      <ele>3643.330094</ele>
      <time>2016-10-19T10:23:43Z</time>
    </trkpt>
    <trkpt lat="28.523530" lon="83.908107">
      <ele>3642.877357</ele>
      <time>2016-10-19T10:23:53Z</time>
    </trkpt>
    <trkpt lat="28.523444" lon="83.908131">
      <ele>3641.881614</ele>
      <time>2016-10-19T10:24:01Z</time>
    </trkpt>
    <trkpt lat="28.523372" lon="83.908192">
      <ele>3640.787131</ele>
      <time>2016-10-19T10:24:10Z</time>
    </trkpt>
    <trkpt lat="28.523309" lon="83.908271">
      <ele>3639.577355</ele>
      <time>2016-10-19T10:24:18Z</time>
    </trkpt>
    <trkpt lat="28.523240" lon="83.908320">
      <ele>3638.087342</ele>
      <time>2016-10-19T10:24:27Z</time>
    </trkpt>
    <trkpt lat="28.523184" lon="83.908306">
      <ele>3637.290927</ele>
      <time>2016-10-19T10:24:42Z</time>
    </trkpt>
    <trkpt lat="28.523119" lon="83.908272">
      <ele>3635.444232</ele>
      <time>2016-10-19T10:24:59Z</time>
    </trkpt>
    <trkpt lat="28.523051" lon="83.908244">
      <ele>3633.756541</ele>
      <time>2016-10-19T10:25:08Z</time>
    </trkpt>
    <trkpt lat="28.522956" lon="83.908251">
      <ele>3632.331808</ele>
      <time>2016-10-19T10:25:18Z</time>
    </trkpt>
    <trkpt lat="28.522859" lon="83.908252">
      <ele>3630.811703</ele>
      <time>2016-10-19T10:25:26Z</time>
    </trkpt>
    <trkpt lat="28.522764" lon="83.908251">
      <ele>3628.927854</ele>
      <time>2016-10-19T10:25:32Z</time>
    </trkpt>
    <trkpt lat="28.522670" lon="83.908250">
      <ele>3626.996674</ele>
      <time>2016-10-19T10:25:39Z</time>
    </trkpt>
    <trkpt lat="28.522577" lon="83.908257">
      <ele>3625.272201</ele>
      <time>2016-10-19T10:25:49Z</time>
    </trkpt>
    <trkpt lat="28.522485" lon="83.908262">
      <ele>3623.594425</ele>
      <time>2016-10-19T10:25:57Z</time>
    </trkpt>
    <trkpt lat="28.522394" lon="83.908268">
      <ele>3621.888856</ele>
      <time>2016-10-19T10:26:05Z</time>
    </trkpt>
    <trkpt lat="28.522302" lon="83.908255">
      <ele>3621.188368</ele>
      <time>2016-10-19T10:26:13Z</time>
    </trkpt>
    <trkpt lat="28.522207" lon="83.908238">
      <ele>3619.223811</ele>
      <time>2016-10-19T10:26:23Z</time>
    </trkpt>
    <trkpt lat="28.522111" lon="83.908228">
      <ele>3618.390725</ele>
      <time>2016-10-19T10:26:33Z</time>
    </trkpt>
    <trkpt lat="28.522015" lon="83.908218">
      <ele>3617.548979</ele>
      <time>2016-10-19T10:26:42Z</time>
    </trkpt>
    <trkpt lat="28.521925" lon="83.908200">
      <ele>3616.823617</ele>
      <time>2016-10-19T10:26:49Z</time>
    </trkpt>
    <trkpt lat="28.521840" lon="83.908159">
      <ele>3616.368277</ele>
      <time>2016-10-19T10:26:58Z</time>
    </trkpt>
    <trkpt lat="28.521756" lon="83.908127">
      <ele>3615.827217</ele>
      <time>2016-10-19T10:27:09Z</time>
    </trkpt>
    <trkpt lat="28.521671" lon="83.908113">
      <ele>3615.039299</ele>
      <time>2016-10-19T10:27:25Z</time>
    </trkpt>
    <trkpt lat="28.521582" lon="83.908118">
      <ele>3614.307116</ele>
      <time>2016-10-19T10:27:37Z</time>
    </trkpt>
    <trkpt lat="28.521491" lon="83.908129">
      <ele>3613.739517</ele>
      <time>2016-10-19T10:27:48Z</time>
    </trkpt>
    <trkpt lat="28.521400" lon="83.908137">
      <ele>3612.968596</ele>
      <time>2016-10-19T10:27:59Z</time>
    </trkpt>
    <trkpt lat="28.521310" lon="83.908146">
      <ele>3612.157819</ele>
      <time>2016-10-19T10:28:10Z</time>
    </trkpt>
    <trkpt lat="28.521217" lon="83.908146">
      <ele>3610.831465</ele>
      <time>2016-10-19T10:28:22Z</time>
    </trkpt>
    <trkpt lat="28.521120" lon="83.908149">
      <ele>3609.391920</ele>
      <time>2016-10-19T10:28:33Z</time>
    </trkpt>
    <trkpt lat="28.521022" lon="83.908142">
      <ele>3607.772986</ele>
      <time>2016-10-19T10:28:43Z</time>
    </trkpt>
    <trkpt lat="28.520925" lon="83.908133">
      <ele>3606.002981</ele>
      <time>2016-10-19T10:28:54Z</time>
    </trkpt>
    <trkpt lat="28.520832" lon="83.908115">
      <ele>3604.097023</ele>
      <time>2016-10-19T10:29:06Z</time>
    </trkpt>
    <trkpt lat="28.520741" lon="83.908092">
      <ele>3602.142205</ele>
      <time>2016-10-19T10:29:14Z</time>
    </trkpt>
    <trkpt lat="28.520650" lon="83.908076">
      <ele>3600.113740</ele>
      <time>2016-10-19T10:29:23Z</time>
    </trkpt>
    <trkpt lat="28.520558" lon="83.908064">
      <ele>3597.905795</ele>
      <time>2016-10-19T10:29:34Z</time>
    </trkpt>
    <trkpt lat="28.520468" lon="83.908052">
      <ele>3595.480229</ele>
      <time>2016-10-19T10:29:44Z</time>
    </trkpt>
    <trkpt lat="28.520383" lon="83.908043">
      <ele>3594.137315</ele>
      <time>2016-10-19T10:30:03Z</time>
    </trkpt>
    <trkpt lat="28.520299" lon="83.908027">
      <ele>3591.758122</ele>
      <time>2016-10-19T10:30:26Z</time>
    </trkpt>
    <trkpt lat="28.520212" lon="83.908011">
      <ele>3589.532394</ele>
      <time>2016-10-19T10:30:42Z</time>
    </trkpt>
    <trkpt lat="28.520124" lon="83.907996">
      <ele>3587.300414</ele>
      <time>2016-10-19T10:31:04Z</time>
    </trkpt>
    <trkpt lat="28.520038" lon="83.907978">
      <ele>3585.135420</ele>
      <time>2016-10-19T10:31:24Z</time>
    </trkpt>
    <trkpt lat="28.519951" lon="83.907971">
      <ele>3582.856141</ele>
      <time>2016-10-19T10:31:36Z</time>
    </trkpt>
    <trkpt lat="28.519863" lon="83.907954">
      <ele>3580.493760</ele>
      <time>2016-10-19T10:31:49Z</time>
    </trkpt>
    <trkpt lat="28.519776" lon="83.907945">
      <ele>3578.169735</ele>
      <time>2016-10-19T10:32:19Z</time>
    </trkpt>
    <trkpt lat="28.519687" lon="83.907934">
      <ele>3574.230292</ele>
      <time>2016-10-19T10:32:31Z</time>
    </trkpt>
    <trkpt lat="28.519599" lon="83.907925">
      <ele>3573.117407</ele>
      <time>2016-10-19T10:32:46Z</time>
    </trkpt>
    <trkpt lat="28.519510" lon="83.907910">
      <ele>3570.392913</ele>
      <time>2016-10-19T10:32:58Z</time>
    </trkpt>
    <trkpt lat="28.519425" lon="83.907883">
      <ele>3567.491728</ele>
      <time>2016-10-19T10:33:11Z</time>
    </trkpt>
    <trkpt lat="28.519333" lon="83.907858">
      <ele>3564.574324</ele>
      <time>2016-10-19T10:33:29Z</time>
    </trkpt>
    <trkpt lat="28.519241" lon="83.907831">
      <ele>3561.404796</ele>
      <time>2016-10-19T10:33:37Z</time>
    </trkpt>
    <trkpt lat="28.519159" lon="83.907790">
      <ele>3557.908339</ele>
      <time>2016-10-19T10:33:50Z</time>
    </trkpt>
    <trkpt lat="28.519089" lon="83.907729">
      <ele>3554.489140</ele>
      <time>2016-10-19T10:33:59Z</time>
    </trkpt>
    <trkpt lat="28.519018" lon="83.907677">
      <ele>3551.141204</ele>
      <time>2016-10-19T10:34:07Z</time>
    </trkpt>
    <trkpt lat="28.518939" lon="83.907631">
      <ele>3547.643607</ele>
      <time>2016-10-19T10:34:18Z</time>
    </trkpt>
    <trkpt lat="28.518856" lon="83.907598">
      <ele>3544.375825</ele>
      <time>2016-10-19T10:34:33Z</time>
    </trkpt>
    <trkpt lat="28.518774" lon="83.907579">
      <ele>3541.289734</ele>
      <time>2016-10-19T10:34:47Z</time>
    </trkpt>
    <trkpt lat="28.518685" lon="83.907587">
      <ele>3538.329122</ele>
      <time>2016-10-19T10:35:00Z</time>
    </trkpt>
    <trkpt lat="28.518595" lon="83.907610">
      <ele>3535.589605</ele>
      <time>2016-10-19T10:35:19Z</time>
    </trkpt>
    <trkpt lat="28.518511" lon="83.907649">
      <ele>3532.513736</ele>
      <time>2016-10-19T10:35:32Z</time>
    </trkpt>
    <trkpt lat="28.518434" lon="83.907705">
      <ele>3530.432179</ele>
      <time>2016-10-19T10:39:10Z</time>
    </trkpt>
    <trkpt lat="28.518359" lon="83.907772">
      <ele>3528.616815</ele>
      <time>2016-10-19T10:39:19Z</time>
    </trkpt>
    <trkpt lat="28.518276" lon="83.907806">
      <ele>3526.801775</ele>
      <time>2016-10-19T10:39:30Z</time>
    </trkpt>
    <trkpt lat="28.518188" lon="83.907809">
      <ele>3524.992193</ele>
      <time>2016-10-19T10:39:41Z</time>
    </trkpt>
    <trkpt lat="28.518101" lon="83.907780">
      <ele>3523.298379</ele>
      <time>2016-10-19T10:39:51Z</time>
    </trkpt>
    <trkpt lat="28.518016" lon="83.907755">
      <ele>3521.517031</ele>
      <time>2016-10-19T10:40:03Z</time>
    </trkpt>
    <trkpt lat="28.517937" lon="83.907716">
      <ele>3520.803471</ele>
      <time>2016-10-19T10:40:13Z</time>
    </trkpt>
    <trkpt lat="28.517855" lon="83.907705">
      <ele>3518.986778</ele>
      <time>2016-10-19T10:40:23Z</time>
    </trkpt>
    <trkpt lat="28.517773" lon="83.907686">
      <ele>3516.995057</ele>
      <time>2016-10-19T10:40:32Z</time>
    </trkpt>
    <trkpt lat="28.517686" lon="83.907687">
      <ele>3514.670167</ele>
      <time>2016-10-19T10:40:46Z</time>
    </trkpt>
    <trkpt lat="28.517599" lon="83.907669">
      <ele>3512.047881</ele>
      <time>2016-10-19T10:41:04Z</time>
    </trkpt>
    <trkpt lat="28.517509" lon="83.907660">
      <ele>3509.427358</ele>
      <time>2016-10-19T10:41:22Z</time>
    </trkpt>
    <trkpt lat="28.517417" lon="83.907657">
      <ele>3506.867021</ele>
      <time>2016-10-19T10:41:32Z</time>
    </trkpt>
    <trkpt lat="28.517326" lon="83.907660">
      <ele>3504.518758</ele>
      <time>2016-10-19T10:41:42Z</time>
    </trkpt>
    <trkpt lat="28.517237" lon="83.907667">
      <ele>3502.217448</ele>
      <time>2016-10-19T10:41:56Z</time>
    </trkpt>
    <trkpt lat="28.517149" lon="83.907669">
      <ele>3499.828889</ele>
      <time>2016-10-19T10:42:18Z</time>
    </trkpt>
    <trkpt lat="28.517065" lon="83.907647">
      <ele>3497.278206</ele>
      <time>2016-10-19T10:42:34Z</time>
    </trkpt>
    <trkpt lat="28.516983" lon="83.907607">
      <ele>3494.764257</ele>
      <time>2016-10-19T10:42:48Z</time>
    </trkpt>
    <trkpt lat="28.516901" lon="83.907558">
      <ele>3492.388058</ele>
      <time>2016-10-19T10:43:00Z</time>
    </trkpt>
    <trkpt lat="28.516812" lon="83.907518">
      <ele>3490.001292</ele>
      <time>2016-10-19T10:43:17Z</time>
    </trkpt>
    <trkpt lat="28.516722" lon="83.907486">
      <ele>3487.510783</ele>
      <time>2016-10-19T10:43:39Z</time>
    </trkpt>
    <trkpt lat="28.516633" lon="83.907461">
      <ele>3485.090933</ele>
      <time>2016-10-19T10:43:51Z</time>
    </trkpt>
    <trkpt lat="28.516546" lon="83.907432">
      <ele>3482.628700</ele>
      <time>2016-10-19T10:44:04Z</time>
    </trkpt>
    <trkpt lat="28.516460" lon="83.907396">
      <ele>3480.125103</ele>
      <time>2016-10-19T10:44:16Z</time>
    </trkpt>
    <trkpt lat="28.516374" lon="83.907357">
      <ele>3477.638504</ele>
      <time>2016-10-19T10:44:27Z</time>
    </trkpt>
    <trkpt lat="28.516283" lon="83.907332">
      <ele>3474.481350</ele>
      <time>2016-10-19T10:44:41Z</time>
    </trkpt>
    <trkpt lat="28.516192" lon="83.907322">
      <ele>3472.322813</ele>
      <time>2016-10-19T10:44:54Z</time>
    </trkpt>
    <trkpt lat="28.516102" lon="83.907308">
      <ele>3470.149330</ele>
      <time>2016-10-19T10:45:08Z</time>
    </trkpt>
    <trkpt lat="28.516023" lon="83.907269">
      <ele>3468.013560</ele>
      <time>2016-10-19T10:45:18Z</time>
    </trkpt>
    <trkpt lat="28.515956" lon="83.907199">
      <ele>3465.971786</ele>
      <time>2016-10-19T10:45:40Z</time>
    </trkpt>
    <trkpt lat="28.515887" lon="83.907138">
      <ele>3464.008355</ele>
      <time>2016-10-19T10:45:53Z</time>
    </trkpt>
    <trkpt lat="28.515810" lon="83.907094">
      <ele>3463.128388</ele>
      <time>2016-10-19T10:46:02Z</time>
    </trkpt>
    <trkpt lat="28.515725" lon="83.907067">
      <ele>3461.087718</ele>
      <time>2016-10-19T10:46:21Z</time>
    </trkpt>
    <trkpt lat="28.515640" lon="83.907031">
      <ele>3458.972852</ele>
      <time>2016-10-19T10:46:36Z</time>
    </trkpt>
    <trkpt lat="28.515558" lon="83.906986">
      <ele>3456.718068</ele>
      <time>2016-10-19T10:46:50Z</time>
    </trkpt>
    <trkpt lat="28.515482" lon="83.906931">
      <ele>3455.215104</ele>
      <time>2016-10-19T10:47:11Z</time>
    </trkpt>
    <trkpt lat="28.515412" lon="83.906866">
      <ele>3454.119070</ele>
      <time>2016-10-19T10:47:27Z</time>
    </trkpt>
    <trkpt lat="28.515339" lon="83.906803">
      <ele>3453.355169</ele>
      <time>2016-10-19T10:47:41Z</time>
    </trkpt>
    <trkpt lat="28.515251" lon="83.906749">
      <ele>3451.708396</ele>
      <time>2016-10-19T10:47:50Z</time>
    </trkpt>
    <trkpt lat="28.515156" lon="83.906712">
      <ele>3450.419738</ele>
      <time>2016-10-19T10:48:00Z</time>
    </trkpt>
    <trkpt lat="28.515063" lon="83.906678">
      <ele>3449.043315</ele>
      <time>2016-10-19T10:48:11Z</time>
    </trkpt>
    <trkpt lat="28.514973" lon="83.906653">
      <ele>3447.690505</ele>
      <time>2016-10-19T10:48:22Z</time>
    </trkpt>
    <trkpt lat="28.514885" lon="83.906623">
      <ele>3446.534243</ele>
      <time>2016-10-19T10:48:33Z</time>
    </trkpt>
    <trkpt lat="28.514795" lon="83.906595">
      <ele>3446.310911</ele>
      <time>2016-10-19T10:48:48Z</time>
    </trkpt>
    <trkpt lat="28.514713" lon="83.906549">
      <ele>3444.920431</ele>
      <time>2016-10-19T10:48:58Z</time>
    </trkpt>
    <trkpt lat="28.514641" lon="83.906486">
      <ele>3443.499441</ele>
      <time>2016-10-19T10:49:16Z</time>
    </trkpt>
    <trkpt lat="28.514577" lon="83.906411">
      <ele>3442.129073</ele>
      <time>2016-10-19T10:49:28Z</time>
    </trkpt>
    <trkpt lat="28.514504" lon="83.906370">
      <ele>3440.635840</ele>
      <time>2016-10-19T10:49:41Z</time>
    </trkpt>
    <trkpt lat="28.514425" lon="83.906347">
      <ele>3439.487720</ele>
      <time>2016-10-19T10:49:54Z</time>
    </trkpt>
    <trkpt lat="28.514339" lon="83.906348">
      <ele>3438.608159</ele>
      <time>2016-10-19T10:50:12Z</time>
    </trkpt>
    <trkpt lat="28.514259" lon="83.906365">
      <ele>3437.818570</ele>
      <time>2016-10-19T10:50:53Z</time>
    </trkpt>
    <trkpt lat="28.514182" lon="83.906409">
      <ele>3437.100920</ele>
      <time>2016-10-19T10:51:07Z</time>
    </trkpt>
    <trkpt lat="28.514109" lon="83.906473">
      <ele>3436.769664</ele>
      <time>2016-10-19T10:51:21Z</time>
    </trkpt>
    <trkpt lat="28.514029" lon="83.906513">
      <ele>3436.245825</ele>
      <time>2016-10-19T10:51:34Z</time>
    </trkpt>
    <trkpt lat="28.513943" lon="83.906538">
      <ele>3435.376815</ele>
      <time>2016-10-19T10:51:54Z</time>
    </trkpt>
    <trkpt lat="28.513853" lon="83.906544">
      <ele>3434.324914</ele>
      <time>2016-10-19T10:52:11Z</time>
    </trkpt>
    <trkpt lat="28.513765" lon="83.906543">
      <ele>3432.952549</ele>
      <time>2016-10-19T10:52:54Z</time>
    </trkpt>
    <trkpt lat="28.513682" lon="83.906519">
      <ele>3431.266787</ele>
      <time>2016-10-19T10:53:11Z</time>
    </trkpt>
    <trkpt lat="28.513600" lon="83.906482">
      <ele>3429.388685</ele>
      <time>2016-10-19T10:53:31Z</time>
    </trkpt>
    <trkpt lat="28.513528" lon="83.906424">
      <ele>3427.186786</ele>
      <time>2016-10-19T10:53:43Z</time>
    </trkpt>
    <trkpt lat="28.513453" lon="83.906373">
      <ele>3424.746634</ele>
      <time>2016-10-19T10:53:57Z</time>
    </trkpt>
    <trkpt lat="28.513397" lon="83.906304">
      <ele>3422.318768</ele>
      <time>2016-10-19T10:54:10Z</time>
    </trkpt>
    <trkpt lat="28.513334" lon="83.906242">
      <ele>3420.880394</ele>
      <time>2016-10-19T10:54:22Z</time>
    </trkpt>
    <trkpt lat="28.513275" lon="83.906170">
      <ele>3417.810396</ele>
      <time>2016-10-19T10:54:36Z</time>
    </trkpt>
    <trkpt lat="28.513195" lon="83.906127">
      <ele>3414.786911</ele>
      <time>2016-10-19T10:54:48Z</time>
    </trkpt>
    <trkpt lat="28.513116" lon="83.906122">
      <ele>3411.915276</ele>
      <time>2016-10-19T10:55:00Z</time>
    </trkpt>
    <trkpt lat="28.513060" lon="83.906104">
      <ele>3409.065945</ele>
      <time>2016-10-19T10:55:15Z</time>
    </trkpt>
    <trkpt lat="28.513023" lon="83.906059">
      <ele>3406.228053</ele>
      <time>2016-10-19T10:55:31Z</time>
    </trkpt>
    <trkpt lat="28.512982" lon="83.905981">
      <ele>3403.447472</ele>
      <time>2016-10-19T10:55:43Z</time>
    </trkpt>
    <trkpt lat="28.512919" lon="83.905912">
      <ele>3400.657521</ele>
      <time>2016-10-19T10:55:53Z</time>
    </trkpt>
    <trkpt lat="28.512832" lon="83.905860">
      <ele>3397.985111</ele>
      <time>2016-10-19T10:56:05Z</time>
    </trkpt>
    <trkpt lat="28.512744" lon="83.905803">
      <ele>3395.419566</ele>
      <time>2016-10-19T10:56:16Z</time>
    </trkpt>
    <trkpt lat="28.512651" lon="83.905759">
      <ele>3391.418852</ele>
      <time>2016-10-19T10:56:27Z</time>
    </trkpt>
    <trkpt lat="28.512563" lon="83.905722">
      <ele>3389.198332</ele>
      <time>2016-10-19T10:56:39Z</time>
    </trkpt>
    <trkpt lat="28.512474" lon="83.905705">
      <ele>3386.999052</ele>
      <time>2016-10-19T10:56:51Z</time>
    </trkpt>
    <trkpt lat="28.512380" lon="83.905708">
      <ele>3384.846045</ele>
      <time>2016-10-19T10:57:03Z</time>
    </trkpt>
    <trkpt lat="28.512283" lon="83.905726">
      <ele>3382.889777</ele>
      <time>2016-10-19T10:57:15Z</time>
    </trkpt>
    <trkpt lat="28.512189" lon="83.905756">
      <ele>3381.073427</ele>
      <time>2016-10-19T10:57:27Z</time>
    </trkpt>
    <trkpt lat="28.512097" lon="83.905778">
      <ele>3379.367018</ele>
      <time>2016-10-19T10:57:38Z</time>
    </trkpt>
    <trkpt lat="28.512006" lon="83.905802">
      <ele>3377.651016</ele>
      <time>2016-10-19T10:57:48Z</time>
    </trkpt>
    <trkpt lat="28.511921" lon="83.905786">
      <ele>3376.001911</ele>
      <time>2016-10-19T10:57:58Z</time>
    </trkpt>
    <trkpt lat="28.511843" lon="83.905749">
      <ele>3374.306070</ele>
      <time>2016-10-19T10:58:08Z</time>
    </trkpt>
    <trkpt lat="28.511770" lon="83.905687">
      <ele>3372.687375</ele>
      <time>2016-10-19T10:58:21Z</time>
    </trkpt>
    <trkpt lat="28.511694" lon="83.905628">
      <ele>3371.056834</ele>
      <time>2016-10-19T10:58:33Z</time>
    </trkpt>
    <trkpt lat="28.511620" lon="83.905564">
      <ele>3368.734220</ele>
      <time>2016-10-19T10:58:45Z</time>
    </trkpt>
    <trkpt lat="28.511543" lon="83.905504">
      <ele>3367.309911</ele>
      <time>2016-10-19T10:58:56Z</time>
    </trkpt>
    <trkpt lat="28.511459" lon="83.905452">
      <ele>3365.679033</ele>
      <time>2016-10-19T10:59:07Z</time>
    </trkpt>
    <trkpt lat="28.511384" lon="83.905391">
      <ele>3363.989869</ele>
      <time>2016-10-19T10:59:14Z</time>
    </trkpt>
    <trkpt lat="28.511313" lon="83.905318">
      <ele>3362.288683</ele>
      <time>2016-10-19T10:59:24Z</time>
    </trkpt>
    <trkpt lat="28.511258" lon="83.905230">
      <ele>3360.856432</ele>
      <time>2016-10-19T10:59:38Z</time>
    </trkpt>
    <trkpt lat="28.511212" lon="83.905138">
      <ele>3359.442465</ele>
      <time>2016-10-19T10:59:48Z</time>
    </trkpt>
    <trkpt lat="28.511162" lon="83.905055">
      <ele>3358.229975</ele>
      <time>2016-10-19T10:59:57Z</time>
    </trkpt>
    <trkpt lat="28.511102" lon="83.904980">
      <ele>3357.541878</ele>
      <time>2016-10-19T11:00:08Z</time>
    </trkpt>
    <trkpt lat="28.511017" lon="83.904942">
      <ele>3356.588622</ele>
      <time>2016-10-19T11:00:18Z</time>
    </trkpt>
    <trkpt lat="28.510934" lon="83.904906">
      <ele>3355.782677</ele>
      <time>2016-10-19T11:00:27Z</time>
    </trkpt>
    <trkpt lat="28.510851" lon="83.904863">
      <ele>3355.010970</ele>
      <time>2016-10-19T11:00:35Z</time>
    </trkpt>
    <trkpt lat="28.510785" lon="83.904789">
      <ele>3354.302137</ele>
      <time>2016-10-19T11:00:44Z</time>
    </trkpt>
    <trkpt lat="28.510714" lon="83.904728">
      <ele>3353.821451</ele>
      <time>2016-10-19T11:00:52Z</time>
    </trkpt>
    <trkpt lat="28.510642" lon="83.904675">
      <ele>3353.325167</ele>
      <time>2016-10-19T11:01:02Z</time>
    </trkpt>
    <trkpt lat="28.510556" lon="83.904662">
      <ele>3352.804220</ele>
      <time>2016-10-19T11:01:18Z</time>
    </trkpt>
    <trkpt lat="28.510474" lon="83.904668">
      <ele>3352.147590</ele>
      <time>2016-10-19T11:01:30Z</time>
    </trkpt>
    <trkpt lat="28.510388" lon="83.904694">
      <ele>3351.548311</ele>
      <time>2016-10-19T11:01:43Z</time>
    </trkpt>
    <trkpt lat="28.510302" lon="83.904709">
      <ele>3351.101995</ele>
      <time>2016-10-19T11:01:54Z</time>
    </trkpt>
    <trkpt lat="28.510209" lon="83.904707">
      <ele>3350.653308</ele>
      <time>2016-10-19T11:02:09Z</time>
    </trkpt>
    <trkpt lat="28.510114" lon="83.904714">
      <ele>3349.894876</ele>
      <time>2016-10-19T11:02:19Z</time>
    </trkpt>
    <trkpt lat="28.510019" lon="83.904713">
      <ele>3348.955277</ele>
      <time>2016-10-19T11:02:30Z</time>
    </trkpt>
    <trkpt lat="28.509927" lon="83.904714">
      <ele>3347.865386</ele>
      <time>2016-10-19T11:02:39Z</time>
    </trkpt>
    <trkpt lat="28.509837" lon="83.904719">
      <ele>3346.860377</ele>
      <time>2016-10-19T11:02:51Z</time>
    </trkpt>
    <trkpt lat="28.509748" lon="83.904729">
      <ele>3345.689550</ele>
      <time>2016-10-19T11:03:00Z</time>
    </trkpt>
    <trkpt lat="28.509658" lon="83.904734">
      <ele>3344.568331</ele>
      <time>2016-10-19T11:03:09Z</time>
    </trkpt>
    <trkpt lat="28.509565" lon="83.904719">
      <ele>3343.413396</ele>
      <time>2016-10-19T11:03:19Z</time>
    </trkpt>
    <trkpt lat="28.509472" lon="83.904715">
      <ele>3342.214068</ele>
      <time>2016-10-19T11:03:28Z</time>
    </trkpt>
    <trkpt lat="28.509382" lon="83.904728">
      <ele>3340.843753</ele>
      <time>2016-10-19T11:03:36Z</time>
    </trkpt>
    <trkpt lat="28.509292" lon="83.904749">
      <ele>3339.343719</ele>
      <time>2016-10-19T11:03:44Z</time>
    </trkpt>
    <trkpt lat="28.509202" lon="83.904763">
      <ele>3337.992725</ele>
      <time>2016-10-19T11:03:53Z</time>
    </trkpt>
    <trkpt lat="28.509108" lon="83.904759">
      <ele>3336.731637</ele>
      <time>2016-10-19T11:04:06Z</time>
    </trkpt>
    <trkpt lat="28.509014" lon="83.904743">
      <ele>3335.550146</ele>
      <time>2016-10-19T11:04:22Z</time>
    </trkpt>
    <trkpt lat="28.508920" lon="83.904731">
      <ele>3334.333825</ele>
      <time>2016-10-19T11:04:33Z</time>
    </trkpt>
    <trkpt lat="28.508828" lon="83.904715">
      <ele>3333.330043</ele>
      <time>2016-10-19T11:04:43Z</time>
    </trkpt>
    <trkpt lat="28.508741" lon="83.904724">
      <ele>3332.252807</ele>
      <time>2016-10-19T11:04:55Z</time>
    </trkpt>
    <trkpt lat="28.508651" lon="83.904744">
      <ele>3330.323366</ele>
      <time>2016-10-19T11:05:08Z</time>
    </trkpt>
    <trkpt lat="28.508562" lon="83.904763">
      <ele>3329.106959</ele>
      <time>2016-10-19T11:05:14Z</time>
    </trkpt>
    <trkpt lat="28.508468" lon="83.904758">
      <ele>3328.475335</ele>
      <time>2016-10-19T11:05:22Z</time>
    </trkpt>
    <trkpt lat="28.508376" lon="83.904742">
      <ele>3327.222490</ele>
      <time>2016-10-19T11:05:32Z</time>
    </trkpt>
    <trkpt lat="28.508282" lon="83.904723">
      <ele>3326.012954</ele>
      <time>2016-10-19T11:05:40Z</time>
    </trkpt>
    <trkpt lat="28.508191" lon="83.904699">
      <ele>3324.955716</ele>
      <time>2016-10-19T11:05:52Z</time>
    </trkpt>
    <trkpt lat="28.508097" lon="83.904670">
      <ele>3323.535880</ele>
      <time>2016-10-19T11:06:03Z</time>
    </trkpt>
    <trkpt lat="28.508003" lon="83.904640">
      <ele>3322.499153</ele>
      <time>2016-10-19T11:06:18Z</time>
    </trkpt>
    <trkpt lat="28.507911" lon="83.904603">
      <ele>3321.526712</ele>
      <time>2016-10-19T11:06:26Z</time>
    </trkpt>
    <trkpt lat="28.507821" lon="83.904555">
      <ele>3320.600608</ele>
      <time>2016-10-19T11:06:35Z</time>
    </trkpt>
    <trkpt lat="28.507728" lon="83.904528">
      <ele>3319.808437</ele>
      <time>2016-10-19T11:06:45Z</time>
    </trkpt>
    <trkpt lat="28.507629" lon="83.904517">
      <ele>3319.004600</ele>
      <time>2016-10-19T11:06:51Z</time>
    </trkpt>
    <trkpt lat="28.507532" lon="83.904534">
      <ele>3318.242055</ele>
      <time>2016-10-19T11:07:01Z</time>
    </trkpt>
    <trkpt lat="28.507439" lon="83.904529">
      <ele>3317.537606</ele>
      <time>2016-10-19T11:07:07Z</time>
    </trkpt>
    <trkpt lat="28.507359" lon="83.904502">
      <ele>3316.817506</ele>
      <time>2016-10-19T11:07:18Z</time>
    </trkpt>
    <trkpt lat="28.507275" lon="83.904470">
      <ele>3316.034328</ele>
      <time>2016-10-19T11:07:33Z</time>
    </trkpt>
    <trkpt lat="28.507199" lon="83.904424">
      <ele>3315.657375</ele>
      <time>2016-10-19T11:07:40Z</time>
    </trkpt>
    <trkpt lat="28.507115" lon="83.904391">
      <ele>3314.502007</ele>
      <time>2016-10-19T11:07:52Z</time>
    </trkpt>
    <trkpt lat="28.507033" lon="83.904346">
      <ele>3314.086658</ele>
      <time>2016-10-19T11:08:08Z</time>
    </trkpt>
    <trkpt lat="28.506943" lon="83.904320">
      <ele>3313.336509</ele>
      <time>2016-10-19T11:08:18Z</time>
    </trkpt>
    <trkpt lat="28.506856" lon="83.904320">
      <ele>3312.674911</ele>
      <time>2016-10-19T11:08:28Z</time>
    </trkpt>
    <trkpt lat="28.506770" lon="83.904336">
      <ele>3312.079543</ele>
      <time>2016-10-19T11:08:39Z</time>
    </trkpt>
    <trkpt lat="28.506685" lon="83.904373">
      <ele>3311.456306</ele>
      <time>2016-10-19T11:08:46Z</time>
    </trkpt>
    <trkpt lat="28.506597" lon="83.904390">
      <ele>3310.863050</ele>
      <time>2016-10-19T11:08:54Z</time>
    </trkpt>
    <trkpt lat="28.506506" lon="83.904406">
      <ele>3310.277589</ele>
      <time>2016-10-19T11:09:09Z</time>
    </trkpt>
    <trkpt lat="28.506412" lon="83.904406">
      <ele>3309.916531</ele>
      <time>2016-10-19T11:09:16Z</time>
    </trkpt>
    <trkpt lat="28.506322" lon="83.904394">
      <ele>3309.501285</ele>
      <time>2016-10-19T11:09:28Z</time>
    </trkpt>
    <trkpt lat="28.506287" lon="83.904337">
      <ele>3309.086574</ele>
      <time>2016-10-19T11:09:38Z</time>
    </trkpt>
    <trkpt lat="28.506262" lon="83.904253">
      <ele>3308.692960</ele>
      <time>2016-10-19T11:10:01Z</time>
    </trkpt>
    <trkpt lat="28.506232" lon="83.904176">
      <ele>3308.480935</ele>
      <time>2016-10-19T11:12:00Z</time>
    </trkpt>
    <trkpt lat="28.506146" lon="83.904123">
      <ele>3308.044888</ele>
      <time>2016-10-19T11:12:08Z</time>
    </trkpt>
    <trkpt lat="28.506061" lon="83.904074">
      <ele>3307.538390</ele>
      <time>2016-10-19T11:12:17Z</time>
    </trkpt>
    <trkpt lat="28.505982" lon="83.904014">
      <ele>3307.093999</ele>
      <time>2016-10-19T11:12:24Z</time>
    </trkpt>
    <trkpt lat="28.505906" lon="83.903951">
      <ele>3306.748906</ele>
      <time>2016-10-19T11:12:32Z</time>
    </trkpt>
    <trkpt lat="28.505832" lon="83.903886">
      <ele>3306.460864</ele>
      <time>2016-10-19T11:12:39Z</time>
    </trkpt>
    <trkpt lat="28.505774" lon="83.903806">
      <ele>3306.238434</ele>
      <time>2016-10-19T11:12:47Z</time>
    </trkpt>
    <trkpt lat="28.505710" lon="83.903736">
      <ele>3305.617139</ele>
      <time>2016-10-19T11:12:54Z</time>
    </trkpt>
    <trkpt lat="28.505641" lon="83.903672">
      <ele>3305.523124</ele>
      <time>2016-10-19T11:13:01Z</time>
    </trkpt>
    <trkpt lat="28.505556" lon="83.903625">
      <ele>3305.307764</ele>
      <time>2016-10-19T11:13:22Z</time>
    </trkpt>
    <trkpt lat="28.505491" lon="83.903551">
      <ele>3305.099694</ele>
      <time>2016-10-19T11:13:30Z</time>
    </trkpt>
    <trkpt lat="28.505421" lon="83.903483">
      <ele>3304.900813</ele>
      <time>2016-10-19T11:14:12Z</time>
    </trkpt>
    <trkpt lat="28.505346" lon="83.903429">
      <ele>3304.713547</ele>
      <time>2016-10-19T11:14:24Z</time>
    </trkpt>
    <trkpt lat="28.505257" lon="83.903394">
      <ele>3304.638464</ele>
      <time>2016-10-19T11:14:31Z</time>
    </trkpt>
    <trkpt lat="28.505177" lon="83.903346">
      <ele>3304.652367</ele>
      <time>2016-10-19T11:14:39Z</time>
    </trkpt>
    <trkpt lat="28.505108" lon="83.903275">
      <ele>3304.586421</ele>
      <time>2016-10-19T11:14:47Z</time>
    </trkpt>
    <trkpt lat="28.505042" lon="83.903236">
      <ele>3304.494625</ele>
      <time>2016-10-19T11:14:57Z</time>
    </trkpt>
    <trkpt lat="28.504964" lon="83.903230">
      <ele>3304.390856</ele>
      <time>2016-10-19T11:15:22Z</time>
    </trkpt>
    <trkpt lat="28.504876" lon="83.903238">
      <ele>3304.451083</ele>
      <time>2016-10-19T11:15:31Z</time>
    </trkpt>
    <trkpt lat="28.504786" lon="83.903208">
      <ele>3304.474553</ele>
      <time>2016-10-19T11:15:41Z</time>
    </trkpt>
    <trkpt lat="28.504700" lon="83.903168">
      <ele>3304.638738</ele>
      <time>2016-10-19T11:16:03Z</time>
    </trkpt>
    <trkpt lat="28.504623" lon="83.903115">
      <ele>3304.963981</ele>
      <time>2016-10-19T11:16:23Z</time>
    </trkpt>
    <trkpt lat="28.504562" lon="83.903049">
      <ele>3305.211954</ele>
      <time>2016-10-19T11:16:31Z</time>
    </trkpt>
    <trkpt lat="28.504514" lon="83.902957">
      <ele>3305.557021</ele>
      <time>2016-10-19T11:16:40Z</time>
    </trkpt>
    <trkpt lat="28.504458" lon="83.902869">
      <ele>3305.919418</ele>
      <time>2016-10-19T11:16:49Z</time>
    </trkpt>
    <trkpt lat="28.504429" lon="83.902777">
      <ele>3306.044002</ele>
      <time>2016-10-19T11:17:00Z</time>
    </trkpt>
    <trkpt lat="28.504387" lon="83.902738">
      <ele>3306.120592</ele>
      <time>2016-10-19T11:17:17Z</time>
    </trkpt>
    <trkpt lat="28.504345" lon="83.902747">
      <ele>3306.281867</ele>
      <time>2016-10-19T11:17:42Z</time>
    </trkpt>
    <trkpt lat="28.504319" lon="83.902778">
      <ele>3306.399038</ele>
      <time>2016-10-19T11:17:59Z</time>
    </trkpt>
    <trkpt lat="28.504297" lon="83.902755">
      <ele>3306.263045</ele>
      <time>2016-10-19T11:19:12Z</time>
    </trkpt>
    <trkpt lat="28.504284" lon="83.902678">
      <ele>3306.169018</ele>
      <time>2016-10-19T11:20:23Z</time>
    </trkpt>
    <trkpt lat="28.504257" lon="83.902582">
      <ele>3306.181556</ele>
      <time>2016-10-19T11:20:31Z</time>
    </trkpt>
    <trkpt lat="28.504232" lon="83.902495">
      <ele>3306.201333</ele>
      <time>2016-10-19T11:20:35Z</time>
    </trkpt>
    <trkpt lat="28.504195" lon="83.902426">
      <ele>3306.124764</ele>
      <time>2016-10-19T11:20:44Z</time>
    </trkpt>
    <trkpt lat="28.504123" lon="83.902363">
      <ele>3305.959956</ele>
      <time>2016-10-19T11:20:50Z</time>
    </trkpt>
    <trkpt lat="28.504041" lon="83.902305">
      <ele>3305.779645</ele>
      <time>2016-10-19T11:21:03Z</time>
    </trkpt>
    <trkpt lat="28.503979" lon="83.902222">
      <ele>3305.624248</ele>
      <time>2016-10-19T11:21:15Z</time>
    </trkpt>
    <trkpt lat="28.503915" lon="83.902192">
      <ele>3305.491287</ele>
      <time>2016-10-19T11:21:22Z</time>
    </trkpt>
    <trkpt lat="28.503859" lon="83.902159">
      <ele>3305.526915</ele>
      <time>2016-10-19T11:21:34Z</time>
    </trkpt>
    <trkpt lat="28.503795" lon="83.902133">
      <ele>3305.390167</ele>
      <time>2016-10-19T11:21:43Z</time>
    </trkpt>
    <trkpt lat="28.503729" lon="83.902060">
      <ele>3305.509583</ele>
      <time>2016-10-19T11:21:52Z</time>
    </trkpt>
    <trkpt lat="28.503640" lon="83.901998">
      <ele>3305.608363</ele>
      <time>2016-10-19T11:22:02Z</time>
    </trkpt>
    <trkpt lat="28.503538" lon="83.901945">
      <ele>3305.684840</ele>
      <time>2016-10-19T11:22:17Z</time>
    </trkpt>
    <trkpt lat="28.503459" lon="83.901881">
      <ele>3305.751697</ele>
      <time>2016-10-19T11:22:27Z</time>
    </trkpt>
    <trkpt lat="28.503395" lon="83.901825">
      <ele>3305.575743</ele>
      <time>2016-10-19T11:22:36Z</time>
    </trkpt>
    <trkpt lat="28.503345" lon="83.901759">
      <ele>3305.273378</ele>
      <time>2016-10-19T11:22:43Z</time>
    </trkpt>
    <trkpt lat="28.503265" lon="83.901729">
      <ele>3304.871630</ele>
      <time>2016-10-19T11:22:52Z</time>
    </trkpt>
    <trkpt lat="28.503188" lon="83.901716">
      <ele>3304.283321</ele>
      <time>2016-10-19T11:23:01Z</time>
    </trkpt>
    <trkpt lat="28.503098" lon="83.901744">
      <ele>3303.501809</ele>
      <time>2016-10-19T11:23:08Z</time>
    </trkpt>
    <trkpt lat="28.503007" lon="83.901768">
      <ele>3302.315601</ele>
      <time>2016-10-19T11:23:17Z</time>
    </trkpt>
    <trkpt lat="28.502911" lon="83.901775">
      <ele>3300.993933</ele>
      <time>2016-10-19T11:23:31Z</time>
    </trkpt>
    <trkpt lat="28.502812" lon="83.901765">
      <ele>3299.752602</ele>
      <time>2016-10-19T11:23:45Z</time>
    </trkpt>
    <trkpt lat="28.502724" lon="83.901734">
      <ele>3297.801470</ele>
      <time>2016-10-19T11:24:05Z</time>
    </trkpt>
    <trkpt lat="28.502662" lon="83.901675">
      <ele>3296.423024</ele>
      <time>2016-10-19T11:24:13Z</time>
    </trkpt>
    <trkpt lat="28.502602" lon="83.901599">
      <ele>3295.215512</ele>
      <time>2016-10-19T11:24:30Z</time>
    </trkpt>
    <trkpt lat="28.502530" lon="83.901535">
      <ele>3294.098731</ele>
      <time>2016-10-19T11:24:38Z</time>
    </trkpt>
    <trkpt lat="28.502439" lon="83.901487">
      <ele>3293.129488</ele>
      <time>2016-10-19T11:24:45Z</time>
    </trkpt>
    <trkpt lat="28.502354" lon="83.901434">
      <ele>3292.171632</ele>
      <time>2016-10-19T11:24:56Z</time>
    </trkpt>
    <trkpt lat="28.502284" lon="83.901372">
      <ele>3290.985886</ele>
      <time>2016-10-19T11:25:06Z</time>
    </trkpt>
    <trkpt lat="28.502217" lon="83.901345">
      <ele>3289.860947</ele>
      <time>2016-10-19T11:25:27Z</time>
    </trkpt>
    <trkpt lat="28.502152" lon="83.901317">
      <ele>3288.793833</ele>
      <time>2016-10-19T11:25:40Z</time>
    </trkpt>
    <trkpt lat="28.502081" lon="83.901290">
      <ele>3288.220997</ele>
      <time>2016-10-19T11:26:06Z</time>
    </trkpt>
    <trkpt lat="28.502015" lon="83.901259">
      <ele>3287.287763</ele>
      <time>2016-10-19T11:26:22Z</time>
    </trkpt>
    <trkpt lat="28.501994" lon="83.901229">
      <ele>3286.299267</ele>
      <time>2016-10-19T11:26:42Z</time>
    </trkpt>
    <trkpt lat="28.501968" lon="83.901223">
      <ele>3285.533695</ele>
      <time>2016-10-19T11:27:03Z</time>
    </trkpt>
    <trkpt lat="28.501944" lon="83.901171">
      <ele>3284.933054</ele>
      <time>2016-10-19T11:27:28Z</time>
    </trkpt>
    <trkpt lat="28.501862" lon="83.901141">
      <ele>3283.157507</ele>
      <time>2016-10-19T11:27:37Z</time>
    </trkpt>
    <trkpt lat="28.501782" lon="83.901100">
      <ele>3281.799807</ele>
      <time>2016-10-19T11:27:45Z</time>
    </trkpt>
    <trkpt lat="28.501694" lon="83.901081">
      <ele>3279.932182</ele>
      <time>2016-10-19T11:27:59Z</time>
    </trkpt>
    <trkpt lat="28.501609" lon="83.901061">
      <ele>3278.109914</ele>
      <time>2016-10-19T11:28:14Z</time>
    </trkpt>
    <trkpt lat="28.501524" lon="83.901046">
      <ele>3276.264368</ele>
      <time>2016-10-19T11:28:33Z</time>
    </trkpt>
    <trkpt lat="28.501437" lon="83.901024">
      <ele>3274.490541</ele>
      <time>2016-10-19T11:28:44Z</time>
    </trkpt>
    <trkpt lat="28.501357" lon="83.901028">
      <ele>3273.358185</ele>
      <time>2016-10-19T11:29:03Z</time>
    </trkpt>
    <trkpt lat="28.501302" lon="83.901005">
      <ele>3271.389715</ele>
      <time>2016-10-19T11:29:12Z</time>
    </trkpt>
    <trkpt lat="28.501248" lon="83.900977">
      <ele>3270.464470</ele>
      <time>2016-10-19T11:29:57Z</time>
    </trkpt>
    <trkpt lat="28.501195" lon="83.900897">
      <ele>3266.656911</ele>
      <time>2016-10-19T11:30:12Z</time>
    </trkpt>
    <trkpt lat="28.501122" lon="83.900827">
      <ele>3264.081533</ele>
      <time>2016-10-19T11:30:26Z</time>
    </trkpt>
    <trkpt lat="28.501046" lon="83.900765">
      <ele>3261.682065</ele>
      <time>2016-10-19T11:30:36Z</time>
    </trkpt>
    <trkpt lat="28.500963" lon="83.900719">
      <ele>3259.194364</ele>
      <time>2016-10-19T11:30:48Z</time>
    </trkpt>
    <trkpt lat="28.500874" lon="83.900704">
      <ele>3256.493665</ele>
      <time>2016-10-19T11:31:06Z</time>
    </trkpt>
    <trkpt lat="28.500782" lon="83.900701">
      <ele>3253.832897</ele>
      <time>2016-10-19T11:31:18Z</time>
    </trkpt>
    <trkpt lat="28.500693" lon="83.900697">
      <ele>3251.532174</ele>
      <time>2016-10-19T11:31:28Z</time>
    </trkpt>
    <trkpt lat="28.500603" lon="83.900677">
      <ele>3248.288003</ele>
      <time>2016-10-19T11:31:44Z</time>
    </trkpt>
    <trkpt lat="28.500520" lon="83.900636">
      <ele>3246.487558</ele>
      <time>2016-10-19T11:31:53Z</time>
    </trkpt>
    <trkpt lat="28.500439" lon="83.900587">
      <ele>3242.689632</ele>
      <time>2016-10-19T11:32:03Z</time>
    </trkpt>
    <trkpt lat="28.500356" lon="83.900541">
      <ele>3241.229632</ele>
      <time>2016-10-19T11:32:14Z</time>
    </trkpt>
    <trkpt lat="28.500269" lon="83.900515">
      <ele>3239.751089</ele>
      <time>2016-10-19T11:32:23Z</time>
    </trkpt>
    <trkpt lat="28.500190" lon="83.900486">
      <ele>3238.251899</ele>
      <time>2016-10-19T11:32:36Z</time>
    </trkpt>
    <trkpt lat="28.500117" lon="83.900481">
      <ele>3237.507530</ele>
      <time>2016-10-19T11:32:54Z</time>
    </trkpt>
    <trkpt lat="28.500043" lon="83.900470">
      <ele>3236.270500</ele>
      <time>2016-10-19T11:33:02Z</time>
    </trkpt>
    <trkpt lat="28.499962" lon="83.900470">
      <ele>3235.294298</ele>
      <time>2016-10-19T11:33:13Z</time>
    </trkpt>
    <trkpt lat="28.499877" lon="83.900456">
      <ele>3234.362923</ele>
      <time>2016-10-19T11:33:32Z</time>
    </trkpt>
    <trkpt lat="28.499795" lon="83.900435">
      <ele>3233.269273</ele>
      <time>2016-10-19T11:33:38Z</time>
    </trkpt>
    <trkpt lat="28.499719" lon="83.900398">
      <ele>3230.829413</ele>
      <time>2016-10-19T11:33:48Z</time>
    </trkpt>
    <trkpt lat="28.499643" lon="83.900354">
      <ele>3228.946414</ele>
      <time>2016-10-19T11:33:59Z</time>
    </trkpt>
    <trkpt lat="28.499566" lon="83.900314">
      <ele>3227.222466</ele>
      <time>2016-10-19T11:34:08Z</time>
    </trkpt>
    <trkpt lat="28.499478" lon="83.900305">
      <ele>3225.257442</ele>
      <time>2016-10-19T11:34:20Z</time>
    </trkpt>
    <trkpt lat="28.499398" lon="83.900273">
      <ele>3223.303545</ele>
      <time>2016-10-19T11:34:31Z</time>
    </trkpt>
    <trkpt lat="28.499326" lon="83.900223">
      <ele>3222.159575</ele>
      <time>2016-10-19T11:34:40Z</time>
    </trkpt>
    <trkpt lat="28.499256" lon="83.900148">
      <ele>3220.439057</ele>
      <time>2016-10-19T11:34:53Z</time>
    </trkpt>
    <trkpt lat="28.499178" lon="83.900078">
      <ele>3217.283269</ele>
      <time>2016-10-19T11:35:04Z</time>
    </trkpt>
    <trkpt lat="28.499092" lon="83.900023">
      <ele>3215.136772</ele>
      <time>2016-10-19T11:35:14Z</time>
    </trkpt>
    <trkpt lat="28.499007" lon="83.899972">
      <ele>3214.264084</ele>
      <time>2016-10-19T11:35:23Z</time>
    </trkpt>
    <trkpt lat="28.498949" lon="83.899907">
      <ele>3212.407068</ele>
      <time>2016-10-19T11:35:37Z</time>
    </trkpt>
    <trkpt lat="28.498897" lon="83.899828">
      <ele>3210.891141</ele>
      <time>2016-10-19T11:35:50Z</time>
    </trkpt>
    <trkpt lat="28.498846" lon="83.899748">
      <ele>3209.498807</ele>
      <time>2016-10-19T11:36:00Z</time>
    </trkpt>
    <trkpt lat="28.498771" lon="83.899684">
      <ele>3208.413071</ele>
      <time>2016-10-19T11:36:10Z</time>
    </trkpt>
    <trkpt lat="28.498687" lon="83.899637">
      <ele>3207.598475</ele>
      <time>2016-10-19T11:36:21Z</time>
    </trkpt>
    <trkpt lat="28.498606" lon="83.899583">
      <ele>3207.601811</ele>
      <time>2016-10-19T11:36:33Z</time>
    </trkpt>
    <trkpt lat="28.498528" lon="83.899529">
      <ele>3207.758130</ele>
      <time>2016-10-19T11:36:50Z</time>
    </trkpt>
    <trkpt lat="28.498459" lon="83.899456">
      <ele>3208.052826</ele>
      <time>2016-10-19T11:37:02Z</time>
    </trkpt>
    <trkpt lat="28.498382" lon="83.899398">
      <ele>3208.790155</ele>
      <time>2016-10-19T11:37:14Z</time>
    </trkpt>
    <trkpt lat="28.498310" lon="83.899334">
      <ele>3209.793826</ele>
      <time>2016-10-19T11:37:29Z</time>
    </trkpt>
    <trkpt lat="28.498253" lon="83.899258">
      <ele>3210.834740</ele>
      <time>2016-10-19T11:37:43Z</time>
    </trkpt>
    <trkpt lat="28.498201" lon="83.899174">
      <ele>3212.117823</ele>
      <time>2016-10-19T11:37:58Z</time>
    </trkpt>
    <trkpt lat="28.498170" lon="83.899123">
      <ele>3213.606607</ele>
      <time>2016-10-19T11:38:05Z</time>
    </trkpt>
    <trkpt lat="28.498151" lon="83.899114">
      <ele>3223.016568</ele>
      <time>2016-10-19T11:42:30Z</time>
      <extensions>
        <pause>start</pause>
        <type>auto</type>
      </extensions>
    </trkpt>
    <trkpt lat="28.497979" lon="83.898875">
      <ele>3222.071070</ele>
      <time>2016-10-19T11:43:16Z</time>
      <extensions>
        <pause>end</pause>
        <type>manual</type>
      </extensions>
    </trkpt>
    <trkpt lat="28.497910" lon="83.898810">
      <ele>3218.024279</ele>
      <time>2016-10-19T11:43:34Z</time>
    </trkpt>
    <trkpt lat="28.497839" lon="83.898758">
      <ele>3218.909569</ele>
      <time>2016-10-19T11:43:45Z</time>
    </trkpt>
    <trkpt lat="28.497771" lon="83.898756">
      <ele>3219.734101</ele>
      <time>2016-10-19T11:44:09Z</time>
    </trkpt>
    <trkpt lat="28.497698" lon="83.898776">
      <ele>3220.347085</ele>
      <time>2016-10-19T11:44:20Z</time>
    </trkpt>
    <trkpt lat="28.497623" lon="83.898792">
      <ele>3220.613340</ele>
      <time>2016-10-19T11:44:42Z</time>
    </trkpt>
    <trkpt lat="28.497550" lon="83.898751">
      <ele>3220.691061</ele>
      <time>2016-10-19T11:44:59Z</time>
    </trkpt>
    <trkpt lat="28.497478" lon="83.898697">
      <ele>3220.992127</ele>
      <time>2016-10-19T11:45:13Z</time>
    </trkpt>
    <trkpt lat="28.497405" lon="83.898644">
      <ele>3220.204874</ele>
      <time>2016-10-19T11:46:19Z</time>
    </trkpt>
    <trkpt lat="28.497340" lon="83.898595">
      <ele>3219.070048</ele>
      <time>2016-10-19T11:46:29Z</time>
    </trkpt>
    <trkpt lat="28.497306" lon="83.898528">
      <ele>3217.431026</ele>
      <time>2016-10-19T11:46:35Z</time>
    </trkpt>
    <trkpt lat="28.497314" lon="83.898437">
      <ele>3215.158621</ele>
      <time>2016-10-19T11:47:14Z</time>
    </trkpt>
    <trkpt lat="28.497319" lon="83.898344">
      <ele>3212.590484</ele>
      <time>2016-10-19T11:47:24Z</time>
    </trkpt>
    <trkpt lat="28.497320" lon="83.898259">
      <ele>3210.243871</ele>
      <time>2016-10-19T11:47:34Z</time>
    </trkpt>
    <trkpt lat="28.497308" lon="83.898178">
      <ele>3209.004372</ele>
      <time>2016-10-19T11:47:39Z</time>
    </trkpt>
    <trkpt lat="28.497304" lon="83.898087">
      <ele>3205.869656</ele>
      <time>2016-10-19T11:47:44Z</time>
    </trkpt>
    <trkpt lat="28.497284" lon="83.897999">
      <ele>3202.928932</ele>
      <time>2016-10-19T11:47:50Z</time>
    </trkpt>
    <trkpt lat="28.497259" lon="83.897904">
      <ele>3198.554097</ele>
      <time>2016-10-19T11:48:02Z</time>
    </trkpt>
    <trkpt lat="28.497237" lon="83.897807">
      <ele>3195.432623</ele>
      <time>2016-10-19T11:48:10Z</time>
    </trkpt>
    <trkpt lat="28.497223" lon="83.897704">
      <ele>3193.390120</ele>
      <time>2016-10-19T11:48:24Z</time>
    </trkpt>
    <trkpt lat="28.497225" lon="83.897667">
      <ele>3191.176376</ele>
      <time>2016-10-19T11:48:33Z</time>
    </trkpt>
    <trkpt lat="28.497256" lon="83.897644">
      <ele>3188.927588</ele>
      <time>2016-10-19T11:48:53Z</time>
    </trkpt>
    <trkpt lat="28.497288" lon="83.897687">
      <ele>3184.981072</ele>
      <time>2016-10-19T11:49:01Z</time>
    </trkpt>
    <trkpt lat="28.497280" lon="83.897692">
      <ele>3183.337863</ele>
      <time>2016-10-19T11:49:09Z</time>
    </trkpt>
    <trkpt lat="28.497251" lon="83.897709">
      <ele>3181.175042</ele>
      <time>2016-10-19T11:51:55Z</time>
    </trkpt>
    <trkpt lat="28.497239" lon="83.897683">
      <ele>3158.246826</ele>
      <time>2016-10-19T11:53:03Z</time>
      <extensions>
        <pause>start</pause>
        <type>auto</type>
      </extensions>
    </trkpt>
    <trkpt lat="28.497165" lon="83.897389">
      <ele>3152.200928</ele>
      <time>2016-10-19T11:56:01Z</time>
      <extensions>
        <pause>end</pause>
        <type>manual</type>
      </extensions>
    </trkpt>
    <trkpt lat="28.497172" lon="83.897289">
      <ele>3166.716808</ele>
      <time>2016-10-19T11:56:10Z</time>
    </trkpt>
    <trkpt lat="28.497143" lon="83.897203">
      <ele>3161.663831</ele>
      <time>2016-10-19T11:56:19Z</time>
    </trkpt>
    <trkpt lat="28.497071" lon="83.897141">
      <ele>3158.803711</ele>
      <time>2016-10-19T11:56:35Z</time>
    </trkpt>
    <trkpt lat="28.496993" lon="83.897089">
      <ele>3156.974101</ele>
      <time>2016-10-19T11:56:42Z</time>
    </trkpt>
    <trkpt lat="28.496909" lon="83.897061">
      <ele>3155.243754</ele>
      <time>2016-10-19T11:56:51Z</time>
    </trkpt>
    <trkpt lat="28.496831" lon="83.897016">
      <ele>3153.994893</ele>
      <time>2016-10-19T11:57:06Z</time>
    </trkpt>
    <trkpt lat="28.496748" lon="83.896974">
      <ele>3152.858088</ele>
      <time>2016-10-19T11:57:25Z</time>
    </trkpt>
    <trkpt lat="28.496683" lon="83.896904">
      <ele>3152.789262</ele>
      <time>2016-10-19T11:57:40Z</time>
    </trkpt>
    <trkpt lat="28.496629" lon="83.896839">
      <ele>3152.896285</ele>
      <time>2016-10-19T11:57:59Z</time>
    </trkpt>
    <trkpt lat="28.496582" lon="83.896794">
      <ele>3152.975852</ele>
      <time>2016-10-19T11:58:21Z</time>
    </trkpt>
    <trkpt lat="28.496541" lon="83.896742">
      <ele>3153.078512</ele>
      <time>2016-10-19T11:59:06Z</time>
    </trkpt>
    <trkpt lat="28.496486" lon="83.896690">
      <ele>3153.251343</ele>
      <time>2016-10-19T11:59:25Z</time>
    </trkpt>
    <trkpt lat="28.496425" lon="83.896623">
      <ele>3153.172424</ele>
      <time>2016-10-19T11:59:45Z</time>
    </trkpt>
    <trkpt lat="28.496344" lon="83.896574">
      <ele>3152.392911</ele>
      <time>2016-10-19T12:00:01Z</time>
    </trkpt>
    <trkpt lat="28.496272" lon="83.896523">
      <ele>3150.481157</ele>
      <time>2016-10-19T12:00:38Z</time>
    </trkpt>
    <trkpt lat="28.496204" lon="83.896462">
      <ele>3145.654719</ele>
      <time>2016-10-19T12:00:56Z</time>
    </trkpt>
    <trkpt lat="28.496128" lon="83.896427">
      <ele>3142.819602</ele>
      <time>2016-10-19T12:01:17Z</time>
    </trkpt>
    <trkpt lat="28.496045" lon="83.896400">
      <ele>3141.655151</ele>
      <time>2016-10-19T12:01:38Z</time>
    </trkpt>
    <trkpt lat="28.495963" lon="83.896373">
      <ele>3139.538441</ele>
      <time>2016-10-19T12:01:53Z</time>
    </trkpt>
    <trkpt lat="28.495893" lon="83.896308">
      <ele>3135.930575</ele>
      <time>2016-10-19T12:02:13Z</time>
    </trkpt>
    <trkpt lat="28.495832" lon="83.896229">
      <ele>3132.157315</ele>
      <time>2016-10-19T12:02:25Z</time>
    </trkpt>
    <trkpt lat="28.495781" lon="83.896141">
      <ele>3128.317405</ele>
      <time>2016-10-19T12:02:37Z</time>
    </trkpt>
    <trkpt lat="28.495736" lon="83.896049">
      <ele>3124.666859</ele>
      <time>2016-10-19T12:02:47Z</time>
    </trkpt>
    <trkpt lat="28.495706" lon="83.895950">
      <ele>3120.941539</ele>
      <time>2016-10-19T12:02:56Z</time>
    </trkpt>
    <trkpt lat="28.495669" lon="83.895856">
      <ele>3117.748868</ele>
      <time>2016-10-19T12:03:06Z</time>
    </trkpt>
    <trkpt lat="28.495627" lon="83.895765">
      <ele>3115.049538</ele>
      <time>2016-10-19T12:03:17Z</time>
    </trkpt>
    <trkpt lat="28.495563" lon="83.895685">
      <ele>3112.985130</ele>
      <time>2016-10-19T12:03:27Z</time>
    </trkpt>
    <trkpt lat="28.495498" lon="83.895602">
      <ele>3110.279883</ele>
      <time>2016-10-19T12:03:40Z</time>
    </trkpt>
    <trkpt lat="28.495443" lon="83.895514">
      <ele>3108.905322</ele>
      <time>2016-10-19T12:03:50Z</time>
    </trkpt>
    <trkpt lat="28.495375" lon="83.895449">
      <ele>3107.871671</ele>
      <time>2016-10-19T12:04:01Z</time>
    </trkpt>
    <trkpt lat="28.495300" lon="83.895395">
      <ele>3107.288619</ele>
      <time>2016-10-19T12:04:11Z</time>
    </trkpt>
    <trkpt lat="28.495217" lon="83.895354">
      <ele>3106.593062</ele>
      <time>2016-10-19T12:04:26Z</time>
    </trkpt>
    <trkpt lat="28.495141" lon="83.895300">
      <ele>3106.093726</ele>
      <time>2016-10-19T12:04:34Z</time>
    </trkpt>
    <trkpt lat="28.495070" lon="83.895245">
      <ele>3105.413647</ele>
      <time>2016-10-19T12:04:46Z</time>
    </trkpt>
    <trkpt lat="28.495010" lon="83.895175">
      <ele>3104.767139</ele>
      <time>2016-10-19T12:04:56Z</time>
    </trkpt>
    <trkpt lat="28.494950" lon="83.895106">
      <ele>3104.078931</ele>
      <time>2016-10-19T12:05:07Z</time>
    </trkpt>
    <trkpt lat="28.494888" lon="83.895035">
      <ele>3103.465356</ele>
      <time>2016-10-19T12:05:20Z</time>
    </trkpt>
    <trkpt lat="28.494808" lon="83.894977">
      <ele>3103.415572</ele>
      <time>2016-10-19T12:05:37Z</time>
    </trkpt>
    <trkpt lat="28.494737" lon="83.894907">
      <ele>3103.103318</ele>
      <time>2016-10-19T12:05:51Z</time>
    </trkpt>
    <trkpt lat="28.494663" lon="83.894840">
      <ele>3102.455458</ele>
      <time>2016-10-19T12:06:09Z</time>
    </trkpt>
    <trkpt lat="28.494622" lon="83.894757">
      <ele>3101.749275</ele>
      <time>2016-10-19T12:06:30Z</time>
    </trkpt>
    <trkpt lat="28.494593" lon="83.894667">
      <ele>3101.300414</ele>
      <time>2016-10-19T12:06:40Z</time>
    </trkpt>
    <trkpt lat="28.494585" lon="83.894561">
      <ele>3100.928173</ele>
      <time>2016-10-19T12:06:51Z</time>
    </trkpt>
    <trkpt lat="28.494553" lon="83.894463">
      <ele>3100.855751</ele>
      <time>2016-10-19T12:07:02Z</time>
    </trkpt>
    <trkpt lat="28.494498" lon="83.894387">
      <ele>3100.792765</ele>
      <time>2016-10-19T12:07:20Z</time>
    </trkpt>
    <trkpt lat="28.494425" lon="83.894331">
      <ele>3100.944177</ele>
      <time>2016-10-19T12:07:42Z</time>
    </trkpt>
    <trkpt lat="28.494341" lon="83.894299">
      <ele>3100.943016</ele>
      <time>2016-10-19T12:07:56Z</time>
    </trkpt>
    <trkpt lat="28.494262" lon="83.894253">
      <ele>3101.040317</ele>
      <time>2016-10-19T12:08:08Z</time>
    </trkpt>
    <trkpt lat="28.494197" lon="83.894189">
      <ele>3100.582912</ele>
      <time>2016-10-19T12:08:39Z</time>
    </trkpt>
    <trkpt lat="28.494163" lon="83.894098">
      <ele>3100.413597</ele>
      <time>2016-10-19T12:09:06Z</time>
    </trkpt>
    <trkpt lat="28.494150" lon="83.893997">
      <ele>3100.410435</ele>
      <time>2016-10-19T12:09:34Z</time>
    </trkpt>
    <trkpt lat="28.494168" lon="83.893901">
      <ele>3100.633728</ele>
      <time>2016-10-19T12:10:08Z</time>
    </trkpt>
    <trkpt lat="28.494188" lon="83.893802">
      <ele>3100.697622</ele>
      <time>2016-10-19T12:10:33Z</time>
    </trkpt>
    <trkpt lat="28.494199" lon="83.893705">
      <ele>3100.912035</ele>
      <time>2016-10-19T12:10:50Z</time>
    </trkpt>
    <trkpt lat="28.494161" lon="83.893634">
      <ele>3101.496824</ele>
      <time>2016-10-19T12:11:02Z</time>
    </trkpt>
    <trkpt lat="28.494090" lon="83.893592">
      <ele>3102.297909</ele>
      <time>2016-10-19T12:11:20Z</time>
    </trkpt>
    <trkpt lat="28.493999" lon="83.893568">
      <ele>3103.464199</ele>
      <time>2016-10-19T12:11:29Z</time>
    </trkpt>
    <trkpt lat="28.493908" lon="83.893528">
      <ele>3104.443538</ele>
      <time>2016-10-19T12:11:40Z</time>
    </trkpt>
    <trkpt lat="28.493817" lon="83.893491">
      <ele>3105.901773</ele>
      <time>2016-10-19T12:11:50Z</time>
    </trkpt>
    <trkpt lat="28.493723" lon="83.893464">
      <ele>3107.338003</ele>
      <time>2016-10-19T12:12:03Z</time>
    </trkpt>
    <trkpt lat="28.493644" lon="83.893425">
      <ele>3108.655908</ele>
      <time>2016-10-19T12:12:13Z</time>
    </trkpt>
    <trkpt lat="28.493574" lon="83.893368">
      <ele>3109.921175</ele>
      <time>2016-10-19T12:12:28Z</time>
    </trkpt>
    <trkpt lat="28.493525" lon="83.893285">
      <ele>3110.777133</ele>
      <time>2016-10-19T12:12:47Z</time>
    </trkpt>
    <trkpt lat="28.493468" lon="83.893209">
      <ele>3111.812420</ele>
      <time>2016-10-19T12:13:07Z</time>
    </trkpt>
    <trkpt lat="28.493416" lon="83.893125">
      <ele>3113.025307</ele>
      <time>2016-10-19T12:13:27Z</time>
    </trkpt>
    <trkpt lat="28.493370" lon="83.893039">
      <ele>3113.069664</ele>
      <time>2016-10-19T12:13:57Z</time>
    </trkpt>
    <trkpt lat="28.493341" lon="83.892942">
      <ele>3113.079404</ele>
      <time>2016-10-19T12:14:18Z</time>
    </trkpt>
    <trkpt lat="28.493312" lon="83.892846">
      <ele>3113.158921</ele>
      <time>2016-10-19T12:14:32Z</time>
    </trkpt>
    <trkpt lat="28.493256" lon="83.892787">
      <ele>3113.287473</ele>
      <time>2016-10-19T12:14:50Z</time>
    </trkpt>
    <trkpt lat="28.493175" lon="83.892766">
      <ele>3129.161325</ele>
      <time>2016-10-19T12:15:31Z</time>
      <extensions>
        <pause>start</pause>
        <type>manual</type>
      </extensions>
    </trkpt>
    <trkpt lat="28.493157" lon="83.892815">
      <ele>3130.162010</ele>
      <time>2016-10-19T12:16:47Z</time>
      <extensions>
        <pause>end</pause>
        <type>manual</type>
      </extensions>
    </trkpt>
    <trkpt lat="28.493072" lon="83.892782">
      <ele>3115.823875</ele>
      <time>2016-10-19T12:17:05Z</time>
    </trkpt>
    <trkpt lat="28.492987" lon="83.892754">
      <ele>3117.562779</ele>
      <time>2016-10-19T12:17:24Z</time>
    </trkpt>
    <trkpt lat="28.492915" lon="83.892708">
      <ele>3119.093938</ele>
      <time>2016-10-19T12:17:39Z</time>
    </trkpt>
    <trkpt lat="28.492849" lon="83.892649">
      <ele>3120.896883</ele>
      <time>2016-10-19T12:17:54Z</time>
    </trkpt>
    <trkpt lat="28.492780" lon="83.892594">
      <ele>3122.837851</ele>
      <time>2016-10-19T12:18:13Z</time>
    </trkpt>
    <trkpt lat="28.492702" lon="83.892562">
      <ele>3124.241456</ele>
      <time>2016-10-19T12:18:25Z</time>
    </trkpt>
    <trkpt lat="28.492621" lon="83.892542">
      <ele>3125.012404</ele>
      <time>2016-10-19T12:18:31Z</time>
    </trkpt>
    <trkpt lat="28.492550" lon="83.892543">
      <ele>3124.506086</ele>
      <time>2016-10-19T12:18:45Z</time>
    </trkpt>
    <trkpt lat="28.492513" lon="83.892582">
      <ele>3124.306746</ele>
      <time>2016-10-19T12:19:10Z</time>
    </trkpt>
    <trkpt lat="28.492498" lon="83.892663">
      <ele>3123.585707</ele>
      <time>2016-10-19T12:19:23Z</time>
    </trkpt>
    <trkpt lat="28.492473" lon="83.892722">
      <ele>3122.509725</ele>
      <time>2016-10-19T12:19:36Z</time>
    </trkpt>
    <trkpt lat="28.492406" lon="83.892741">
      <ele>3120.680392</ele>
      <time>2016-10-19T12:19:54Z</time>
    </trkpt>
    <trkpt lat="28.492313" lon="83.892726">
      <ele>3118.359362</ele>
      <time>2016-10-19T12:20:09Z</time>
    </trkpt>
    <trkpt lat="28.492224" lon="83.892706">
      <ele>3115.593377</ele>
      <time>2016-10-19T12:20:23Z</time>
    </trkpt>
    <trkpt lat="28.492137" lon="83.892677">
      <ele>3112.498026</ele>
      <time>2016-10-19T12:20:35Z</time>
    </trkpt>
    <trkpt lat="28.492053" lon="83.892636">
      <ele>3108.939934</ele>
      <time>2016-10-19T12:20:43Z</time>
    </trkpt>
    <trkpt lat="28.491969" lon="83.892599">
      <ele>3103.185738</ele>
      <time>2016-10-19T12:20:52Z</time>
    </trkpt>
    <trkpt lat="28.491885" lon="83.892589">
      <ele>3099.577296</ele>
      <time>2016-10-19T12:21:06Z</time>
    </trkpt>
    <trkpt lat="28.491795" lon="83.892595">
      <ele>3096.021400</ele>
      <time>2016-10-19T12:21:18Z</time>
    </trkpt>
    <trkpt lat="28.491707" lon="83.892592">
      <ele>3092.671303</ele>
      <time>2016-10-19T12:21:29Z</time>
    </trkpt>
    <trkpt lat="28.491617" lon="83.892582">
      <ele>3089.522582</ele>
      <time>2016-10-19T12:21:42Z</time>
    </trkpt>
    <trkpt lat="28.491536" lon="83.892546">
      <ele>3086.276218</ele>
      <time>2016-10-19T12:21:56Z</time>
    </trkpt>
    <trkpt lat="28.491456" lon="83.892530">
      <ele>3083.938821</ele>
      <time>2016-10-19T12:22:08Z</time>
    </trkpt>
    <trkpt lat="28.491377" lon="83.892500">
      <ele>3081.540059</ele>
      <time>2016-10-19T12:22:25Z</time>
    </trkpt>
    <trkpt lat="28.491294" lon="83.892484">
      <ele>3079.331143</ele>
      <time>2016-10-19T12:22:43Z</time>
    </trkpt>
    <trkpt lat="28.491212" lon="83.892463">
      <ele>3077.207612</ele>
      <time>2016-10-19T12:23:02Z</time>
    </trkpt>
    <trkpt lat="28.491131" lon="83.892437">
      <ele>3075.241132</ele>
      <time>2016-10-19T12:23:25Z</time>
    </trkpt>
    <trkpt lat="28.491051" lon="83.892422">
      <ele>3073.361422</ele>
      <time>2016-10-19T12:23:45Z</time>
    </trkpt>
    <trkpt lat="28.490986" lon="83.892438">
      <ele>3070.359839</ele>
      <time>2016-10-19T12:24:02Z</time>
    </trkpt>
    <trkpt lat="28.490942" lon="83.892503">
      <ele>3068.230721</ele>
      <time>2016-10-19T12:24:24Z</time>
    </trkpt>
    <trkpt lat="28.490910" lon="83.892598">
      <ele>3065.790529</ele>
      <time>2016-10-19T12:24:49Z</time>
    </trkpt>
    <trkpt lat="28.490861" lon="83.892660">
      <ele>3063.035201</ele>
      <time>2016-10-19T12:25:07Z</time>
    </trkpt>
    <trkpt lat="28.490805" lon="83.892723">
      <ele>3061.400561</ele>
      <time>2016-10-19T12:25:28Z</time>
    </trkpt>
    <trkpt lat="28.490754" lon="83.892787">
      <ele>3058.327919</ele>
      <time>2016-10-19T12:25:41Z</time>
    </trkpt>
    <trkpt lat="28.490700" lon="83.892849">
      <ele>3055.335009</ele>
      <time>2016-10-19T12:26:02Z</time>
    </trkpt>
    <trkpt lat="28.490629" lon="83.892872">
      <ele>3052.221121</ele>
      <time>2016-10-19T12:26:20Z</time>
    </trkpt>
    <trkpt lat="28.490541" lon="83.892852">
      <ele>3049.029712</ele>
      <time>2016-10-19T12:26:39Z</time>
    </trkpt>
    <trkpt lat="28.490457" lon="83.892852">
      <ele>3045.644066</ele>
      <time>2016-10-19T12:26:57Z</time>
    </trkpt>
    <trkpt lat="28.490373" lon="83.892851">
      <ele>3042.048781</ele>
      <time>2016-10-19T12:27:16Z</time>
    </trkpt>
    <trkpt lat="28.490297" lon="83.892836">
      <ele>3038.500826</ele>
      <time>2016-10-19T12:27:32Z</time>
    </trkpt>
    <trkpt lat="28.490241" lon="83.892767">
      <ele>3034.927855</ele>
      <time>2016-10-19T12:27:57Z</time>
    </trkpt>
    <trkpt lat="28.490205" lon="83.892671">
      <ele>3031.456078</ele>
      <time>2016-10-19T12:28:07Z</time>
    </trkpt>
    <trkpt lat="28.490162" lon="83.892585">
      <ele>3028.100057</ele>
      <time>2016-10-19T12:28:20Z</time>
    </trkpt>
    <trkpt lat="28.490106" lon="83.892507">
      <ele>3024.626263</ele>
      <time>2016-10-19T12:28:35Z</time>
    </trkpt>
    <trkpt lat="28.490034" lon="83.892454">
      <ele>3021.164815</ele>
      <time>2016-10-19T12:28:49Z</time>
    </trkpt>
    <trkpt lat="28.489959" lon="83.892418">
      <ele>3017.688402</ele>
      <time>2016-10-19T12:29:18Z</time>
    </trkpt>
    <trkpt lat="28.489874" lon="83.892422">
      <ele>3014.306744</ele>
      <time>2016-10-19T12:29:51Z</time>
    </trkpt>
    <trkpt lat="28.489790" lon="83.892429">
      <ele>3010.870941</ele>
      <time>2016-10-19T12:30:30Z</time>
    </trkpt>
    <trkpt lat="28.489704" lon="83.892430">
      <ele>3007.569013</ele>
      <time>2016-10-19T12:30:53Z</time>
    </trkpt>
    <trkpt lat="28.489614" lon="83.892417">
      <ele>3002.748780</ele>
      <time>2016-10-19T12:31:05Z</time>
    </trkpt>
    <trkpt lat="28.489521" lon="83.892395">
      <ele>2999.608507</ele>
      <time>2016-10-19T12:31:22Z</time>
    </trkpt>
    <trkpt lat="28.489436" lon="83.892348">
      <ele>2996.372535</ele>
      <time>2016-10-19T12:31:34Z</time>
    </trkpt>
    <trkpt lat="28.489354" lon="83.892289">
      <ele>2993.115518</ele>
      <time>2016-10-19T12:31:49Z</time>
    </trkpt>
    <trkpt lat="28.489272" lon="83.892236">
      <ele>2988.255933</ele>
      <time>2016-10-19T12:32:01Z</time>
    </trkpt>
    <trkpt lat="28.489184" lon="83.892212">
      <ele>2985.168725</ele>
      <time>2016-10-19T12:32:18Z</time>
    </trkpt>
    <trkpt lat="28.489093" lon="83.892199">
      <ele>2982.212650</ele>
      <time>2016-10-19T12:32:39Z</time>
    </trkpt>
    <trkpt lat="28.489001" lon="83.892202">
      <ele>2979.428861</ele>
      <time>2016-10-19T12:32:51Z</time>
    </trkpt>
    <trkpt lat="28.488915" lon="83.892183">
      <ele>2976.849309</ele>
      <time>2016-10-19T12:33:03Z</time>
    </trkpt>
    <trkpt lat="28.488832" lon="83.892166">
      <ele>2974.484691</ele>
      <time>2016-10-19T12:33:15Z</time>
    </trkpt>
    <trkpt lat="28.488757" lon="83.892116">
      <ele>2972.000919</ele>
      <time>2016-10-19T12:33:37Z</time>
    </trkpt>
    <trkpt lat="28.488692" lon="83.892058">
      <ele>2969.629960</ele>
      <time>2016-10-19T12:33:49Z</time>
    </trkpt>
    <trkpt lat="28.488634" lon="83.891976">
      <ele>2967.352448</ele>
      <time>2016-10-19T12:34:10Z</time>
    </trkpt>
    <trkpt lat="28.488586" lon="83.891892">
      <ele>2965.383289</ele>
      <time>2016-10-19T12:34:26Z</time>
    </trkpt>
    <trkpt lat="28.488540" lon="83.891807">
      <ele>2963.348063</ele>
      <time>2016-10-19T12:34:48Z</time>
    </trkpt>
    <trkpt lat="28.488502" lon="83.891714">
      <ele>2961.153864</ele>
      <time>2016-10-19T12:35:06Z</time>
    </trkpt>
    <trkpt lat="28.488456" lon="83.891625">
      <ele>2959.037100</ele>
      <time>2016-10-19T12:35:23Z</time>
    </trkpt>
    <trkpt lat="28.488407" lon="83.891537">
      <ele>2956.937485</ele>
      <time>2016-10-19T12:35:33Z</time>
    </trkpt>
    <trkpt lat="28.488347" lon="83.891462">
      <ele>2954.477765</ele>
      <time>2016-10-19T12:35:44Z</time>
    </trkpt>
    <trkpt lat="28.488285" lon="83.891382">
      <ele>2951.803345</ele>
      <time>2016-10-19T12:35:57Z</time>
    </trkpt>
    <trkpt lat="28.488226" lon="83.891302">
      <ele>2949.022382</ele>
      <time>2016-10-19T12:36:10Z</time>
    </trkpt>
    <trkpt lat="28.488175" lon="83.891213">
      <ele>2946.316115</ele>
      <time>2016-10-19T12:36:24Z</time>
    </trkpt>
    <trkpt lat="28.488114" lon="83.891142">
      <ele>2944.907167</ele>
      <time>2016-10-19T12:36:44Z</time>
    </trkpt>
    <trkpt lat="28.488040" lon="83.891096">
      <ele>2942.151935</ele>
      <time>2016-10-19T12:36:55Z</time>
    </trkpt>
    <trkpt lat="28.487968" lon="83.891052">
      <ele>2939.120239</ele>
      <time>2016-10-19T12:37:02Z</time>
    </trkpt>
    <trkpt lat="28.487907" lon="83.890996">
      <ele>2936.391316</ele>
      <time>2016-10-19T12:37:24Z</time>
    </trkpt>
    <trkpt lat="28.487853" lon="83.890920">
      <ele>2933.838547</ele>
      <time>2016-10-19T12:37:43Z</time>
    </trkpt>
    <trkpt lat="28.487804" lon="83.890838">
      <ele>2931.254481</ele>
      <time>2016-10-19T12:38:10Z</time>
    </trkpt>
    <trkpt lat="28.487756" lon="83.890754">
      <ele>2928.520659</ele>
      <time>2016-10-19T12:38:22Z</time>
    </trkpt>
    <trkpt lat="28.487714" lon="83.890662">
      <ele>2925.964438</ele>
      <time>2016-10-19T12:38:36Z</time>
    </trkpt>
    <trkpt lat="28.487654" lon="83.890590">
      <ele>2923.237880</ele>
      <time>2016-10-19T12:38:50Z</time>
    </trkpt>
    <trkpt lat="28.487582" lon="83.890537">
      <ele>2920.368103</ele>
      <time>2016-10-19T12:39:07Z</time>
    </trkpt>
    <trkpt lat="28.487502" lon="83.890492">
      <ele>2917.475619</ele>
      <time>2016-10-19T12:39:32Z</time>
    </trkpt>
    <trkpt lat="28.487425" lon="83.890437">
      <ele>2914.744110</ele>
      <time>2016-10-19T12:39:58Z</time>
    </trkpt>
    <trkpt lat="28.487358" lon="83.890364">
      <ele>2912.264739</ele>
      <time>2016-10-19T12:40:10Z</time>
    </trkpt>
    <trkpt lat="28.487296" lon="83.890285">
      <ele>2910.075504</ele>
      <time>2016-10-19T12:40:20Z</time>
    </trkpt>
    <trkpt lat="28.487237" lon="83.890204">
      <ele>2907.797346</ele>
      <time>2016-10-19T12:40:34Z</time>
    </trkpt>
    <trkpt lat="28.487179" lon="83.890122">
      <ele>2905.441701</ele>
      <time>2016-10-19T12:40:47Z</time>
    </trkpt>
    <trkpt lat="28.487112" lon="83.890044">
      <ele>2903.013814</ele>
      <time>2016-10-19T12:41:04Z</time>
    </trkpt>
    <trkpt lat="28.487044" lon="83.889967">
      <ele>2900.684592</ele>
      <time>2016-10-19T12:41:16Z</time>
    </trkpt>
    <trkpt lat="28.486975" lon="83.889889">
      <ele>2898.707179</ele>
      <time>2016-10-19T12:41:26Z</time>
    </trkpt>
    <trkpt lat="28.486917" lon="83.889805">
      <ele>2897.138646</ele>
      <time>2016-10-19T12:41:35Z</time>
    </trkpt>
    <trkpt lat="28.486852" lon="83.889727">
      <ele>2895.904855</ele>
      <time>2016-10-19T12:41:45Z</time>
    </trkpt>
    <trkpt lat="28.486775" lon="83.889669">
      <ele>2894.831827</ele>
      <time>2016-10-19T12:41:58Z</time>
    </trkpt>
    <trkpt lat="28.486686" lon="83.889642">
      <ele>2893.860174</ele>
      <time>2016-10-19T12:42:10Z</time>
    </trkpt>
    <trkpt lat="28.486603" lon="83.889610">
      <ele>2892.653736</ele>
      <time>2016-10-19T12:42:22Z</time>
    </trkpt>
    <trkpt lat="28.486526" lon="83.889565">
      <ele>2891.796798</ele>
      <time>2016-10-19T12:42:38Z</time>
    </trkpt>
    <trkpt lat="28.486452" lon="83.889498">
      <ele>2891.375422</ele>
      <time>2016-10-19T12:42:58Z</time>
    </trkpt>
    <trkpt lat="28.486368" lon="83.889451">
      <ele>2891.157093</ele>
      <time>2016-10-19T12:43:17Z</time>
    </trkpt>
    <trkpt lat="28.486284" lon="83.889404">
      <ele>2891.078304</ele>
      <time>2016-10-19T12:43:30Z</time>
    </trkpt>
    <trkpt lat="28.486201" lon="83.889354">
      <ele>2891.088397</ele>
      <time>2016-10-19T12:43:42Z</time>
    </trkpt>
    <trkpt lat="28.486128" lon="83.889280">
      <ele>2890.777477</ele>
      <time>2016-10-19T12:43:53Z</time>
    </trkpt>
    <trkpt lat="28.486053" lon="83.889210">
      <ele>2890.250531</ele>
      <time>2016-10-19T12:44:03Z</time>
    </trkpt>
    <trkpt lat="28.485987" lon="83.889134">
      <ele>2889.481357</ele>
      <time>2016-10-19T12:44:13Z</time>
    </trkpt>
    <trkpt lat="28.485913" lon="83.889105">
      <ele>2888.511265</ele>
      <time>2016-10-19T12:44:28Z</time>
    </trkpt>
    <trkpt lat="28.485836" lon="83.889090">
      <ele>2888.278382</ele>
      <time>2016-10-19T12:45:01Z</time>
    </trkpt>
    <trkpt lat="28.485746" lon="83.889099">
      <ele>2887.128921</ele>
      <time>2016-10-19T12:45:13Z</time>
    </trkpt>
    <trkpt lat="28.485660" lon="83.889066">
      <ele>2885.846042</ele>
      <time>2016-10-19T12:45:23Z</time>
    </trkpt>
    <trkpt lat="28.485574" lon="83.889035">
      <ele>2884.725514</ele>
      <time>2016-10-19T12:45:54Z</time>
    </trkpt>
    <trkpt lat="28.485490" lon="83.889003">
      <ele>2883.470879</ele>
      <time>2016-10-19T12:46:07Z</time>
    </trkpt>
    <trkpt lat="28.485400" lon="83.888985">
      <ele>2882.361618</ele>
      <time>2016-10-19T12:46:18Z</time>
    </trkpt>
    <trkpt lat="28.485311" lon="83.888956">
      <ele>2880.996248</ele>
      <time>2016-10-19T12:46:28Z</time>
    </trkpt>
    <trkpt lat="28.485221" lon="83.888917">
      <ele>2879.776082</ele>
      <time>2016-10-19T12:46:37Z</time>
    </trkpt>
    <trkpt lat="28.485133" lon="83.888875">
      <ele>2878.611704</ele>
      <time>2016-10-19T12:46:46Z</time>
    </trkpt>
    <trkpt lat="28.485042" lon="83.888847">
      <ele>2877.398534</ele>
      <time>2016-10-19T12:46:57Z</time>
    </trkpt>
    <trkpt lat="28.484953" lon="83.888834">
      <ele>2876.165372</ele>
      <time>2016-10-19T12:47:09Z</time>
    </trkpt>
    <trkpt lat="28.484871" lon="83.888811">
      <ele>2874.947593</ele>
      <time>2016-10-19T12:47:29Z</time>
    </trkpt>
    <trkpt lat="28.484817" lon="83.888751">
      <ele>2873.510970</ele>
      <time>2016-10-19T12:48:29Z</time>
    </trkpt>
    <trkpt lat="28.484767" lon="83.888668">
      <ele>2871.819926</ele>
      <time>2016-10-19T12:48:40Z</time>
    </trkpt>
    <trkpt lat="28.484712" lon="83.888586">
      <ele>2849.161288</ele>
      <time>2016-10-19T12:49:39Z</time>
      <extensions>
        <pause>start</pause>
        <type>manual</type>
      </extensions>
    </trkpt>
    <trkpt lat="28.484181" lon="83.888169">
      <ele>2835.088637</ele>
      <time>2016-10-19T13:04:00Z</time>
      <extensions>
        <pause>end</pause>
        <type>manual</type>
      </extensions>
    </trkpt>
    <trkpt lat="28.484116" lon="83.888097">
      <ele>2858.248476</ele>
      <time>2016-10-19T13:04:13Z</time>
    </trkpt>
    <trkpt lat="28.484055" lon="83.888021">
      <ele>2854.697941</ele>
      <time>2016-10-19T13:04:25Z</time>
    </trkpt>
    <trkpt lat="28.484015" lon="83.887937">
      <ele>2850.735682</ele>
      <time>2016-10-19T13:04:33Z</time>
    </trkpt>
    <trkpt lat="28.484010" lon="83.887837">
      <ele>2846.877285</ele>
      <time>2016-10-19T13:04:41Z</time>
    </trkpt>
    <trkpt lat="28.484007" lon="83.887734">
      <ele>2843.005166</ele>
      <time>2016-10-19T13:04:51Z</time>
    </trkpt>
    <trkpt lat="28.483978" lon="83.887648">
      <ele>2839.517741</ele>
      <time>2016-10-19T13:05:05Z</time>
    </trkpt>
    <trkpt lat="28.483906" lon="83.887584">
      <ele>2836.328929</ele>
      <time>2016-10-19T13:05:16Z</time>
    </trkpt>
    <trkpt lat="28.483848" lon="83.887518">
      <ele>2833.413064</ele>
      <time>2016-10-19T13:05:25Z</time>
    </trkpt>
    <trkpt lat="28.483799" lon="83.887439">
      <ele>2830.983775</ele>
      <time>2016-10-19T13:05:34Z</time>
    </trkpt>
    <trkpt lat="28.483752" lon="83.887376">
      <ele>2830.530170</ele>
      <time>2016-10-19T13:05:41Z</time>
    </trkpt>
    <trkpt lat="28.483682" lon="83.887328">
      <ele>2830.606463</ele>
      <time>2016-10-19T13:05:48Z</time>
    </trkpt>
    <trkpt lat="28.483618" lon="83.887278">
      <ele>2830.388424</ele>
      <time>2016-10-19T13:06:03Z</time>
    </trkpt>
    <trkpt lat="28.483564" lon="83.887198">
      <ele>2830.341484</ele>
      <time>2016-10-19T13:06:14Z</time>
    </trkpt>
    <trkpt lat="28.483526" lon="83.887103">
      <ele>2830.455515</ele>
      <time>2016-10-19T13:06:24Z</time>
    </trkpt>
    <trkpt lat="28.483476" lon="83.887018">
      <ele>2830.431627</ele>
      <time>2016-10-19T13:06:33Z</time>
    </trkpt>
    <trkpt lat="28.483424" lon="83.886931">
      <ele>2830.760237</ele>
      <time>2016-10-19T13:06:41Z</time>
    </trkpt>
    <trkpt lat="28.483357" lon="83.886851">
      <ele>2830.977464</ele>
      <time>2016-10-19T13:06:51Z</time>
    </trkpt>
    <trkpt lat="28.483282" lon="83.886771">
      <ele>2831.197693</ele>
      <time>2016-10-19T13:06:59Z</time>
    </trkpt>
    <trkpt lat="28.483200" lon="83.886709">
      <ele>2831.672513</ele>
      <time>2016-10-19T13:07:09Z</time>
    </trkpt>
    <trkpt lat="28.483112" lon="83.886661">
      <ele>2832.010364</ele>
      <time>2016-10-19T13:07:21Z</time>
    </trkpt>
    <trkpt lat="28.483026" lon="83.886632">
      <ele>2832.196541</ele>
      <time>2016-10-19T13:07:34Z</time>
    </trkpt>
    <trkpt lat="28.482940" lon="83.886600">
      <ele>2832.510614</ele>
      <time>2016-10-19T13:07:50Z</time>
    </trkpt>
    <trkpt lat="28.482854" lon="83.886575">
      <ele>2832.929872</ele>
      <time>2016-10-19T13:08:02Z</time>
    </trkpt>
    <trkpt lat="28.482762" lon="83.886545">
      <ele>2833.381045</ele>
      <time>2016-10-19T13:08:16Z</time>
    </trkpt>
    <trkpt lat="28.482663" lon="83.886533">
      <ele>2833.857853</ele>
      <time>2016-10-19T13:08:28Z</time>
    </trkpt>
    <trkpt lat="28.482562" lon="83.886540">
      <ele>2834.133121</ele>
      <time>2016-10-19T13:08:39Z</time>
    </trkpt>
    <trkpt lat="28.482480" lon="83.886525">
      <ele>2833.567145</ele>
      <time>2016-10-19T13:08:54Z</time>
    </trkpt>
    <trkpt lat="28.482434" lon="83.886469">
      <ele>2832.902598</ele>
      <time>2016-10-19T13:09:06Z</time>
    </trkpt>
    <trkpt lat="28.482404" lon="83.886371">
      <ele>2831.956987</ele>
      <time>2016-10-19T13:09:14Z</time>
    </trkpt>
    <trkpt lat="28.482372" lon="83.886274">
      <ele>2830.777436</ele>
      <time>2016-10-19T13:09:24Z</time>
    </trkpt>
    <trkpt lat="28.482311" lon="83.886197">
      <ele>2829.548910</ele>
      <time>2016-10-19T13:09:33Z</time>
    </trkpt>
    <trkpt lat="28.482234" lon="83.886151">
      <ele>2828.451112</ele>
      <time>2016-10-19T13:09:44Z</time>
    </trkpt>
    <trkpt lat="28.482146" lon="83.886129">
      <ele>2827.339019</ele>
      <time>2016-10-19T13:10:00Z</time>
    </trkpt>
    <trkpt lat="28.482074" lon="83.886090">
      <ele>2826.274011</ele>
      <time>2016-10-19T13:10:09Z</time>
    </trkpt>
    <trkpt lat="28.482014" lon="83.886026">
      <ele>2825.093103</ele>
      <time>2016-10-19T13:10:19Z</time>
    </trkpt>
    <trkpt lat="28.481960" lon="83.885943">
      <ele>2824.206422</ele>
      <time>2016-10-19T13:10:38Z</time>
    </trkpt>
    <trkpt lat="28.481912" lon="83.885862">
      <ele>2824.253419</ele>
      <time>2016-10-19T13:10:49Z</time>
    </trkpt>
    <trkpt lat="28.481855" lon="83.885793">
      <ele>2824.021113</ele>
      <time>2016-10-19T13:10:58Z</time>
    </trkpt>
    <trkpt lat="28.481792" lon="83.885761">
      <ele>2823.917444</ele>
      <time>2016-10-19T13:11:12Z</time>
    </trkpt>
    <trkpt lat="28.481703" lon="83.885770">
      <ele>2823.919130</ele>
      <time>2016-10-19T13:11:21Z</time>
    </trkpt>
    <trkpt lat="28.481629" lon="83.885762">
      <ele>2824.251668</ele>
      <time>2016-10-19T13:11:31Z</time>
    </trkpt>
    <trkpt lat="28.481579" lon="83.885704">
      <ele>2824.390964</ele>
      <time>2016-10-19T13:11:42Z</time>
    </trkpt>
    <trkpt lat="28.481547" lon="83.885606">
      <ele>2824.420428</ele>
      <time>2016-10-19T13:11:53Z</time>
    </trkpt>
    <trkpt lat="28.481527" lon="83.885501">
      <ele>2824.544061</ele>
      <time>2016-10-19T13:12:05Z</time>
    </trkpt>
    <trkpt lat="28.481510" lon="83.885394">
      <ele>2824.739195</ele>
      <time>2016-10-19T13:12:15Z</time>
    </trkpt>
    <trkpt lat="28.481477" lon="83.885308">
      <ele>2825.097464</ele>
      <time>2016-10-19T13:12:28Z</time>
    </trkpt>
    <trkpt lat="28.481418" lon="83.885264">
      <ele>2825.268989</ele>
      <time>2016-10-19T13:12:43Z</time>
    </trkpt>
    <trkpt lat="28.481331" lon="83.885267">
      <ele>2825.557302</ele>
      <time>2016-10-19T13:12:57Z</time>
    </trkpt>
    <trkpt lat="28.481243" lon="83.885292">
      <ele>2825.952816</ele>
      <time>2016-10-19T13:13:07Z</time>
    </trkpt>
    <trkpt lat="28.481159" lon="83.885298">
      <ele>2826.386696</ele>
      <time>2016-10-19T13:13:17Z</time>
    </trkpt>
    <trkpt lat="28.481076" lon="83.885311">
      <ele>2826.864426</ele>
      <time>2016-10-19T13:13:39Z</time>
    </trkpt>
    <trkpt lat="28.480994" lon="83.885302">
      <ele>2827.350770</ele>
      <time>2016-10-19T13:13:51Z</time>
    </trkpt>
    <trkpt lat="28.480923" lon="83.885330">
      <ele>2827.510446</ele>
      <time>2016-10-19T13:14:06Z</time>
    </trkpt>
    <trkpt lat="28.480889" lon="83.885372">
      <ele>2827.187541</ele>
      <time>2016-10-19T13:14:36Z</time>
    </trkpt>
    <trkpt lat="28.480890" lon="83.885458">
      <ele>2827.117686</ele>
      <time>2016-10-19T13:14:52Z</time>
    </trkpt>
    <trkpt lat="28.480911" lon="83.885553">
      <ele>2826.725812</ele>
      <time>2016-10-19T13:15:13Z</time>
    </trkpt>
    <trkpt lat="28.480896" lon="83.885631">
      <ele>2825.944498</ele>
      <time>2016-10-19T13:15:30Z</time>
    </trkpt>
    <trkpt lat="28.480849" lon="83.885686">
      <ele>2824.854179</ele>
      <time>2016-10-19T13:16:04Z</time>
    </trkpt>
    <trkpt lat="28.480770" lon="83.885689">
      <ele>2823.164389</ele>
      <time>2016-10-19T13:16:36Z</time>
    </trkpt>
    <trkpt lat="28.480690" lon="83.885688">
      <ele>2821.116045</ele>
      <time>2016-10-19T13:16:49Z</time>
    </trkpt>
    <trkpt lat="28.480605" lon="83.885664">
      <ele>2818.518969</ele>
      <time>2016-10-19T13:17:03Z</time>
    </trkpt>
    <trkpt lat="28.480519" lon="83.885653">
      <ele>2815.578981</ele>
      <time>2016-10-19T13:17:10Z</time>
    </trkpt>
    <trkpt lat="28.480431" lon="83.885629">
      <ele>2812.252031</ele>
      <time>2016-10-19T13:17:37Z</time>
    </trkpt>
    <trkpt lat="28.480350" lon="83.885598">
      <ele>2808.703101</ele>
      <time>2016-10-19T13:17:50Z</time>
    </trkpt>
    <trkpt lat="28.480267" lon="83.885561">
      <ele>2805.214699</ele>
      <time>2016-10-19T13:18:04Z</time>
    </trkpt>
    <trkpt lat="28.480190" lon="83.885516">
      <ele>2801.493991</ele>
      <time>2016-10-19T13:18:24Z</time>
    </trkpt>
    <trkpt lat="28.480117" lon="83.885464">
      <ele>2797.663293</ele>
      <time>2016-10-19T13:18:38Z</time>
    </trkpt>
    <trkpt lat="28.480058" lon="83.885395">
      <ele>2794.412933</ele>
      <time>2016-10-19T13:18:57Z</time>
    </trkpt>
    <trkpt lat="28.479995" lon="83.885327">
      <ele>2789.291865</ele>
      <time>2016-10-19T13:19:28Z</time>
    </trkpt>
    <trkpt lat="28.479925" lon="83.885262">
      <ele>2786.570154</ele>
      <time>2016-10-19T13:19:40Z</time>
    </trkpt>
    <trkpt lat="28.479844" lon="83.885216">
      <ele>2783.883342</ele>
      <time>2016-10-19T13:19:51Z</time>
    </trkpt>
    <trkpt lat="28.479786" lon="83.885147">
      <ele>2781.263806</ele>
      <time>2016-10-19T13:20:04Z</time>
    </trkpt>
    <trkpt lat="28.479729" lon="83.885081">
      <ele>2778.680553</ele>
      <time>2016-10-19T13:20:13Z</time>
    </trkpt>
    <trkpt lat="28.479674" lon="83.885005">
      <ele>2776.262702</ele>
      <time>2016-10-19T13:20:18Z</time>
    </trkpt>
    <trkpt lat="28.479595" lon="83.884968">
      <ele>2773.235845</ele>
      <time>2016-10-19T13:20:39Z</time>
    </trkpt>
    <trkpt lat="28.479508" lon="83.884955">
      <ele>2771.385926</ele>
      <time>2016-10-19T13:21:02Z</time>
    </trkpt>
    <trkpt lat="28.479427" lon="83.884936">
      <ele>2769.371966</ele>
      <time>2016-10-19T13:21:10Z</time>
    </trkpt>
    <trkpt lat="28.479358" lon="83.884885">
      <ele>2766.614002</ele>
      <time>2016-10-19T13:21:25Z</time>
    </trkpt>
    <trkpt lat="28.479294" lon="83.884813">
      <ele>2763.825769</ele>
      <time>2016-10-19T13:21:34Z</time>
    </trkpt>
    <trkpt lat="28.479224" lon="83.884741">
      <ele>2761.133587</ele>
      <time>2016-10-19T13:21:45Z</time>
    </trkpt>
    <trkpt lat="28.479156" lon="83.884665">
      <ele>2758.411351</ele>
      <time>2016-10-19T13:21:55Z</time>
    </trkpt>
    <trkpt lat="28.479084" lon="83.884589">
      <ele>2755.985468</ele>
      <time>2016-10-19T13:22:09Z</time>
    </trkpt>
    <trkpt lat="28.479012" lon="83.884525">
      <ele>2753.623808</ele>
      <time>2016-10-19T13:22:20Z</time>
    </trkpt>
    <trkpt lat="28.478943" lon="83.884459">
      <ele>2751.339326</ele>
      <time>2016-10-19T13:22:32Z</time>
    </trkpt>
    <trkpt lat="28.478880" lon="83.884389">
      <ele>2749.420210</ele>
      <time>2016-10-19T13:22:47Z</time>
    </trkpt>
    <trkpt lat="28.478825" lon="83.884309">
      <ele>2747.706905</ele>
      <time>2016-10-19T13:23:00Z</time>
    </trkpt>
    <trkpt lat="28.478762" lon="83.884239">
      <ele>2745.962398</ele>
      <time>2016-10-19T13:23:16Z</time>
    </trkpt>
    <trkpt lat="28.478695" lon="83.884173">
      <ele>2744.391615</ele>
      <time>2016-10-19T13:23:30Z</time>
    </trkpt>
    <trkpt lat="28.478623" lon="83.884110">
      <ele>2742.778381</ele>
      <time>2016-10-19T13:23:50Z</time>
    </trkpt>
    <trkpt lat="28.478567" lon="83.884030">
      <ele>2741.105328</ele>
      <time>2016-10-19T13:24:04Z</time>
    </trkpt>
    <trkpt lat="28.478514" lon="83.883945">
      <ele>2739.635861</ele>
      <time>2016-10-19T13:24:25Z</time>
    </trkpt>
    <trkpt lat="28.478464" lon="83.883861">
      <ele>2737.971502</ele>
      <time>2016-10-19T13:24:37Z</time>
    </trkpt>
    <trkpt lat="28.478398" lon="83.883792">
      <ele>2736.211523</ele>
      <time>2016-10-19T13:24:49Z</time>
    </trkpt>
    <trkpt lat="28.478334" lon="83.883727">
      <ele>2734.180487</ele>
      <time>2016-10-19T13:25:09Z</time>
    </trkpt>
    <trkpt lat="28.478275" lon="83.883662">
      <ele>2731.714963</ele>
      <time>2016-10-19T13:25:30Z</time>
    </trkpt>
    <trkpt lat="28.478210" lon="83.883602">
      <ele>2729.010244</ele>
      <time>2016-10-19T13:26:04Z</time>
    </trkpt>
    <trkpt lat="28.478148" lon="83.883536">
      <ele>2726.431262</ele>
      <time>2016-10-19T13:26:19Z</time>
    </trkpt>
    <trkpt lat="28.478085" lon="83.883463">
      <ele>2723.784397</ele>
      <time>2016-10-19T13:26:33Z</time>
    </trkpt>
    <trkpt lat="28.478042" lon="83.883375">
      <ele>2721.009820</ele>
      <time>2016-10-19T13:26:48Z</time>
    </trkpt>
    <trkpt lat="28.477998" lon="83.883289">
      <ele>2718.121276</ele>
      <time>2016-10-19T13:27:05Z</time>
    </trkpt>
    <trkpt lat="28.477948" lon="83.883207">
      <ele>2714.786106</ele>
      <time>2016-10-19T13:27:20Z</time>
    </trkpt>
    <trkpt lat="28.477896" lon="83.883126">
      <ele>2711.471499</ele>
      <time>2016-10-19T13:27:34Z</time>
    </trkpt>
    <trkpt lat="28.477856" lon="83.883032">
      <ele>2708.163736</ele>
      <time>2016-10-19T13:27:45Z</time>
    </trkpt>
    <trkpt lat="28.477825" lon="83.882934">
      <ele>2705.037963</ele>
      <time>2016-10-19T13:27:55Z</time>
    </trkpt>
    <trkpt lat="28.477801" lon="83.882834">
      <ele>2701.865655</ele>
      <time>2016-10-19T13:28:08Z</time>
    </trkpt>
    <trkpt lat="28.477774" lon="83.882736">
      <ele>2698.526073</ele>
      <time>2016-10-19T13:28:16Z</time>
    </trkpt>
    <trkpt lat="28.477761" lon="83.882635">
      <ele>2695.167199</ele>
      <time>2016-10-19T13:28:27Z</time>
    </trkpt>
    <trkpt lat="28.477739" lon="83.882535">
      <ele>2691.825125</ele>
      <time>2016-10-19T13:28:40Z</time>
    </trkpt>
    <trkpt lat="28.477712" lon="83.882434">
      <ele>2687.507541</ele>
      <time>2016-10-19T13:28:52Z</time>
    </trkpt>
    <trkpt lat="28.477680" lon="83.882327">
      <ele>2684.826728</ele>
      <time>2016-10-19T13:29:04Z</time>
    </trkpt>
    <trkpt lat="28.477658" lon="83.882217">
      <ele>2682.703199</ele>
      <time>2016-10-19T13:29:15Z</time>
    </trkpt>
    <trkpt lat="28.477634" lon="83.882114">
      <ele>2680.649481</ele>
      <time>2016-10-19T13:29:23Z</time>
    </trkpt>
    <trkpt lat="28.477619" lon="83.882019">
      <ele>2678.642550</ele>
      <time>2016-10-19T13:29:35Z</time>
    </trkpt>
    <trkpt lat="28.477584" lon="83.881932">
      <ele>2676.613399</ele>
      <time>2016-10-19T13:29:50Z</time>
    </trkpt>
    <trkpt lat="28.477562" lon="83.881834">
      <ele>2674.775842</ele>
      <time>2016-10-19T13:29:58Z</time>
    </trkpt>
    <trkpt lat="28.477525" lon="83.881736">
      <ele>2673.216956</ele>
      <time>2016-10-19T13:30:06Z</time>
    </trkpt>
    <trkpt lat="28.477511" lon="83.881626">
      <ele>2671.687056</ele>
      <time>2016-10-19T13:30:19Z</time>
    </trkpt>
    <trkpt lat="28.477507" lon="83.881518">
      <ele>2670.115013</ele>
      <time>2016-10-19T13:30:27Z</time>
    </trkpt>
    <trkpt lat="28.477497" lon="83.881415">
      <ele>2668.446992</ele>
      <time>2016-10-19T13:30:36Z</time>
    </trkpt>
    <trkpt lat="28.477478" lon="83.881317">
      <ele>2666.941411</ele>
      <time>2016-10-19T13:30:48Z</time>
    </trkpt>
    <trkpt lat="28.477438" lon="83.881225">
      <ele>2665.424357</ele>
      <time>2016-10-19T13:31:01Z</time>
    </trkpt>
    <trkpt lat="28.477401" lon="83.881127">
      <ele>2663.922154</ele>
      <time>2016-10-19T13:31:13Z</time>
    </trkpt>
    <trkpt lat="28.477372" lon="83.881027">
      <ele>2662.532407</ele>
      <time>2016-10-19T13:31:21Z</time>
    </trkpt>
    <trkpt lat="28.477353" lon="83.880919">
      <ele>2661.112290</ele>
      <time>2016-10-19T13:31:29Z</time>
    </trkpt>
    <trkpt lat="28.477341" lon="83.880809">
      <ele>2659.755894</ele>
      <time>2016-10-19T13:31:36Z</time>
    </trkpt>
    <trkpt lat="28.477307" lon="83.880710">
      <ele>2658.339056</ele>
      <time>2016-10-19T13:31:45Z</time>
    </trkpt>
    <trkpt lat="28.477257" lon="83.880624">
      <ele>2656.938500</ele>
      <time>2016-10-19T13:31:53Z</time>
    </trkpt>
    <trkpt lat="28.477195" lon="83.880545">
      <ele>2655.807693</ele>
      <time>2016-10-19T13:32:03Z</time>
    </trkpt>
    <trkpt lat="28.477177" lon="83.880468">
      <ele>2654.855590</ele>
      <time>2016-10-19T13:32:13Z</time>
    </trkpt>
    <trkpt lat="28.477165" lon="83.880387">
      <ele>2654.434575</ele>
      <time>2016-10-19T13:32:19Z</time>
    </trkpt>
    <trkpt lat="28.477157" lon="83.880303">
      <ele>2653.537822</ele>
      <time>2016-10-19T13:32:29Z</time>
    </trkpt>
    <trkpt lat="28.477111" lon="83.880210">
      <ele>2652.585950</ele>
      <time>2016-10-19T13:32:36Z</time>
    </trkpt>
    <trkpt lat="28.477064" lon="83.880117">
      <ele>2651.425063</ele>
      <time>2016-10-19T13:32:47Z</time>
    </trkpt>
    <trkpt lat="28.476999" lon="83.880048">
      <ele>2650.306761</ele>
      <time>2016-10-19T13:32:57Z</time>
    </trkpt>
    <trkpt lat="28.476928" lon="83.879987">
      <ele>2649.506206</ele>
      <time>2016-10-19T13:33:07Z</time>
    </trkpt>
    <trkpt lat="28.476854" lon="83.879927">
      <ele>2648.987309</ele>
      <time>2016-10-19T13:33:18Z</time>
    </trkpt>
    <trkpt lat="28.476793" lon="83.879844">
      <ele>2648.558199</ele>
      <time>2016-10-19T13:33:36Z</time>
    </trkpt>
    <trkpt lat="28.476731" lon="83.879762">
      <ele>2648.248840</ele>
      <time>2016-10-19T13:33:46Z</time>
    </trkpt>
    <trkpt lat="28.476672" lon="83.879680">
      <ele>2647.685878</ele>
      <time>2016-10-19T13:33:54Z</time>
    </trkpt>
    <trkpt lat="28.476619" lon="83.879593">
      <ele>2647.074599</ele>
      <time>2016-10-19T13:34:03Z</time>
    </trkpt>
    <trkpt lat="28.476589" lon="83.879494">
      <ele>2646.395196</ele>
      <time>2016-10-19T13:34:11Z</time>
    </trkpt>
    <trkpt lat="28.476560" lon="83.879388">
      <ele>2645.747072</ele>
      <time>2016-10-19T13:34:19Z</time>
    </trkpt>
    <trkpt lat="28.476535" lon="83.879285">
      <ele>2645.075732</ele>
      <time>2016-10-19T13:34:30Z</time>
    </trkpt>
    <trkpt lat="28.476492" lon="83.879194">
      <ele>2644.279817</ele>
      <time>2016-10-19T13:34:39Z</time>
    </trkpt>
    <trkpt lat="28.476432" lon="83.879117">
      <ele>2643.173950</ele>
      <time>2016-10-19T13:34:54Z</time>
    </trkpt>
    <trkpt lat="28.476354" lon="83.879046">
      <ele>2641.890690</ele>
      <time>2016-10-19T13:35:04Z</time>
    </trkpt>
    <trkpt lat="28.476311" lon="83.878969">
      <ele>2640.705109</ele>
      <time>2016-10-19T13:35:14Z</time>
    </trkpt>
    <trkpt lat="28.476275" lon="83.878895">
      <ele>2639.398746</ele>
      <time>2016-10-19T13:35:23Z</time>
    </trkpt>
    <trkpt lat="28.476242" lon="83.878824">
      <ele>2638.197172</ele>
      <time>2016-10-19T13:35:40Z</time>
    </trkpt>
    <trkpt lat="28.476165" lon="83.878793">
      <ele>2636.701536</ele>
      <time>2016-10-19T13:35:53Z</time>
    </trkpt>
    <trkpt lat="28.476085" lon="83.878778">
      <ele>2635.197070</ele>
      <time>2016-10-19T13:36:05Z</time>
    </trkpt>
    <trkpt lat="28.475995" lon="83.878772">
      <ele>2633.611006</ele>
      <time>2016-10-19T13:36:24Z</time>
    </trkpt>
    <trkpt lat="28.475907" lon="83.878743">
      <ele>2632.191827</ele>
      <time>2016-10-19T13:36:33Z</time>
    </trkpt>
    <trkpt lat="28.475822" lon="83.878695">
      <ele>2631.212868</ele>
      <time>2016-10-19T13:36:43Z</time>
    </trkpt>
    <trkpt lat="28.475758" lon="83.878623">
      <ele>2630.691128</ele>
      <time>2016-10-19T13:36:53Z</time>
    </trkpt>
    <trkpt lat="28.475705" lon="83.878538">
      <ele>2630.042211</ele>
      <time>2016-10-19T13:37:01Z</time>
    </trkpt>
    <trkpt lat="28.475657" lon="83.878446">
      <ele>2629.023541</ele>
      <time>2016-10-19T13:37:09Z</time>
    </trkpt>
    <trkpt lat="28.475587" lon="83.878377">
      <ele>2628.187191</ele>
      <time>2016-10-19T13:37:23Z</time>
    </trkpt>
    <trkpt lat="28.475505" lon="83.878332">
      <ele>2627.514272</ele>
      <time>2016-10-19T13:37:36Z</time>
    </trkpt>
    <trkpt lat="28.475417" lon="83.878293">
      <ele>2627.260391</ele>
      <time>2016-10-19T13:37:45Z</time>
    </trkpt>
    <trkpt lat="28.475355" lon="83.878233">
      <ele>2627.157158</ele>
      <time>2016-10-19T13:37:52Z</time>
    </trkpt>
    <trkpt lat="28.475321" lon="83.878144">
      <ele>2627.100838</ele>
      <time>2016-10-19T13:38:04Z</time>
    </trkpt>
    <trkpt lat="28.475299" lon="83.878038">
      <ele>2626.992764</ele>
      <time>2016-10-19T13:38:14Z</time>
    </trkpt>
    <trkpt lat="28.475275" lon="83.877934">
      <ele>2626.366637</ele>
      <time>2016-10-19T13:38:24Z</time>
    </trkpt>
    <trkpt lat="28.475247" lon="83.877830">
      <ele>2625.920039</ele>
      <time>2016-10-19T13:38:33Z</time>
    </trkpt>
    <trkpt lat="28.475233" lon="83.877728">
      <ele>2625.102829</ele>
      <time>2016-10-19T13:38:43Z</time>
    </trkpt>
    <trkpt lat="28.475214" lon="83.877624">
      <ele>2624.401122</ele>
      <time>2016-10-19T13:39:05Z</time>
    </trkpt>
    <trkpt lat="28.475172" lon="83.877541">
      <ele>2623.750411</ele>
      <time>2016-10-19T13:40:43Z</time>
    </trkpt>
    <trkpt lat="28.475102" lon="83.877487">
      <ele>2623.006225</ele>
      <time>2016-10-19T13:40:55Z</time>
    </trkpt>
    <trkpt lat="28.475010" lon="83.877449">
      <ele>2622.362107</ele>
      <time>2016-10-19T13:41:05Z</time>
    </trkpt>
    <trkpt lat="28.474921" lon="83.877401">
      <ele>2621.815929</ele>
      <time>2016-10-19T13:41:16Z</time>
    </trkpt>
    <trkpt lat="28.474841" lon="83.877332">
      <ele>2621.141228</ele>
      <time>2016-10-19T13:41:25Z</time>
    </trkpt>
    <trkpt lat="28.474768" lon="83.877262">
      <ele>2620.677730</ele>
      <time>2016-10-19T13:41:32Z</time>
    </trkpt>
    <trkpt lat="28.474697" lon="83.877194">
      <ele>2620.267907</ele>
      <time>2016-10-19T13:41:43Z</time>
    </trkpt>
    <trkpt lat="28.474630" lon="83.877122">
      <ele>2619.902090</ele>
      <time>2016-10-19T13:41:49Z</time>
    </trkpt>
    <trkpt lat="28.474564" lon="83.877046">
      <ele>2619.429301</ele>
      <time>2016-10-19T13:42:07Z</time>
    </trkpt>
    <trkpt lat="28.474493" lon="83.876973">
      <ele>2619.033999</ele>
      <time>2016-10-19T13:42:16Z</time>
    </trkpt>
    <trkpt lat="28.474426" lon="83.876900">
      <ele>2618.791034</ele>
      <time>2016-10-19T13:42:22Z</time>
    </trkpt>
    <trkpt lat="28.474382" lon="83.876817">
      <ele>2618.469419</ele>
      <time>2016-10-19T13:42:31Z</time>
    </trkpt>
    <trkpt lat="28.474342" lon="83.876725">
      <ele>2617.412285</ele>
      <time>2016-10-19T13:42:37Z</time>
    </trkpt>
    <trkpt lat="28.474295" lon="83.876641">
      <ele>2617.007893</ele>
      <time>2016-10-19T13:42:49Z</time>
    </trkpt>
    <trkpt lat="28.474228" lon="83.876564">
      <ele>2616.329544</ele>
      <time>2016-10-19T13:42:59Z</time>
    </trkpt>
    <trkpt lat="28.474173" lon="83.876478">
      <ele>2615.269808</ele>
      <time>2016-10-19T13:43:08Z</time>
    </trkpt>
    <trkpt lat="28.474130" lon="83.876381">
      <ele>2614.528389</ele>
      <time>2016-10-19T13:43:16Z</time>
    </trkpt>
    <trkpt lat="28.474089" lon="83.876280">
      <ele>2613.699562</ele>
      <time>2016-10-19T13:43:22Z</time>
    </trkpt>
    <trkpt lat="28.474031" lon="83.876200">
      <ele>2612.880141</ele>
      <time>2016-10-19T13:43:29Z</time>
    </trkpt>
    <trkpt lat="28.473974" lon="83.876120">
      <ele>2611.888599</ele>
      <time>2016-10-19T13:43:38Z</time>
    </trkpt>
    <trkpt lat="28.473915" lon="83.876044">
      <ele>2610.852490</ele>
      <time>2016-10-19T13:43:45Z</time>
    </trkpt>
    <trkpt lat="28.473878" lon="83.875948">
      <ele>2609.797267</ele>
      <time>2016-10-19T13:43:51Z</time>
    </trkpt>
    <trkpt lat="28.473827" lon="83.875865">
      <ele>2609.344758</ele>
      <time>2016-10-19T13:43:57Z</time>
    </trkpt>
    <trkpt lat="28.473782" lon="83.875782">
      <ele>2608.337863</ele>
      <time>2016-10-19T13:44:07Z</time>
    </trkpt>
    <trkpt lat="28.473729" lon="83.875703">
      <ele>2607.206814</ele>
      <time>2016-10-19T13:44:19Z</time>
    </trkpt>
    <trkpt lat="28.473696" lon="83.875610">
      <ele>2605.898244</ele>
      <time>2016-10-19T13:44:31Z</time>
    </trkpt>
    <trkpt lat="28.473668" lon="83.875512">
      <ele>2604.557561</ele>
      <time>2016-10-19T13:44:37Z</time>
    </trkpt>
    <trkpt lat="28.473658" lon="83.875406">
      <ele>2603.202524</ele>
      <time>2016-10-19T13:44:45Z</time>
    </trkpt>
    <trkpt lat="28.473643" lon="83.875300">
      <ele>2601.766692</ele>
      <time>2016-10-19T13:44:54Z</time>
    </trkpt>
    <trkpt lat="28.473615" lon="83.875206">
      <ele>2600.115750</ele>
      <time>2016-10-19T13:45:06Z</time>
    </trkpt>
    <trkpt lat="28.473577" lon="83.875114">
      <ele>2598.442347</ele>
      <time>2016-10-19T13:45:18Z</time>
    </trkpt>
    <trkpt lat="28.473546" lon="83.875023">
      <ele>2596.745471</ele>
      <time>2016-10-19T13:45:28Z</time>
    </trkpt>
    <trkpt lat="28.473522" lon="83.874921">
      <ele>2595.004834</ele>
      <time>2016-10-19T13:45:35Z</time>
    </trkpt>
    <trkpt lat="28.473486" lon="83.874823">
      <ele>2593.327944</ele>
      <time>2016-10-19T13:45:43Z</time>
    </trkpt>
    <trkpt lat="28.473444" lon="83.874724">
      <ele>2591.549999</ele>
      <time>2016-10-19T13:45:52Z</time>
    </trkpt>
    <trkpt lat="28.473420" lon="83.874621">
      <ele>2589.645020</ele>
      <time>2016-10-19T13:46:05Z</time>
    </trkpt>
    <trkpt lat="28.473410" lon="83.874512">
      <ele>2587.599014</ele>
      <time>2016-10-19T13:46:13Z</time>
    </trkpt>
    <trkpt lat="28.473399" lon="83.874405">
      <ele>2585.549707</ele>
      <time>2016-10-19T13:46:21Z</time>
    </trkpt>
    <trkpt lat="28.473374" lon="83.874302">
      <ele>2582.729930</ele>
      <time>2016-10-19T13:46:39Z</time>
    </trkpt>
    <trkpt lat="28.473353" lon="83.874198">
      <ele>2581.014921</ele>
      <time>2016-10-19T13:46:50Z</time>
    </trkpt>
    <trkpt lat="28.473338" lon="83.874091">
      <ele>2579.443400</ele>
      <time>2016-10-19T13:46:57Z</time>
    </trkpt>
    <trkpt lat="28.473334" lon="83.873982">
      <ele>2577.918679</ele>
      <time>2016-10-19T13:47:06Z</time>
    </trkpt>
    <trkpt lat="28.473305" lon="83.873892">
      <ele>2576.423530</ele>
      <time>2016-10-19T13:47:21Z</time>
    </trkpt>
    <trkpt lat="28.473256" lon="83.873815">
      <ele>2574.762839</ele>
      <time>2016-10-19T13:47:34Z</time>
    </trkpt>
    <trkpt lat="28.473180" lon="83.873755">
      <ele>2573.294980</ele>
      <time>2016-10-19T13:48:13Z</time>
    </trkpt>
    <trkpt lat="28.473110" lon="83.873686">
      <ele>2572.577560</ele>
      <time>2016-10-19T13:48:58Z</time>
    </trkpt>
    <trkpt lat="28.473038" lon="83.873621">
      <ele>2571.778926</ele>
      <time>2016-10-19T13:49:48Z</time>
    </trkpt>
    <trkpt lat="28.472968" lon="83.873551">
      <ele>2571.268747</ele>
      <time>2016-10-19T13:49:56Z</time>
    </trkpt>
    <trkpt lat="28.472891" lon="83.873484">
      <ele>2570.518304</ele>
      <time>2016-10-19T13:50:08Z</time>
    </trkpt>
    <trkpt lat="28.472846" lon="83.873406">
      <ele>2569.825204</ele>
      <time>2016-10-19T13:50:18Z</time>
    </trkpt>
    <trkpt lat="28.472814" lon="83.873319">
      <ele>2569.186262</ele>
      <time>2016-10-19T13:50:30Z</time>
    </trkpt>
    <trkpt lat="28.472778" lon="83.873255">
      <ele>2568.722594</ele>
      <time>2016-10-19T13:50:44Z</time>
    </trkpt>
    <trkpt lat="28.472710" lon="83.873206">
      <ele>2568.303373</ele>
      <time>2016-10-19T13:51:03Z</time>
    </trkpt>
    <trkpt lat="28.472658" lon="83.873156">
      <ele>2567.827957</ele>
      <time>2016-10-19T13:51:21Z</time>
    </trkpt>
    <trkpt lat="28.472626" lon="83.873075">
      <ele>2567.655829</ele>
      <time>2016-10-19T13:51:47Z</time>
    </trkpt>
    <trkpt lat="28.472581" lon="83.873007">
      <ele>2567.204994</ele>
      <time>2016-10-19T13:52:04Z</time>
    </trkpt>
    <trkpt lat="28.472502" lon="83.872955">
      <ele>2566.517616</ele>
      <time>2016-10-19T13:52:21Z</time>
    </trkpt>
    <trkpt lat="28.472402" lon="83.872922">
      <ele>2564.959373</ele>
      <time>2016-10-19T13:52:32Z</time>
    </trkpt>
    <trkpt lat="28.472309" lon="83.872886">
      <ele>2564.005411</ele>
      <time>2016-10-19T13:52:43Z</time>
    </trkpt>
    <trkpt lat="28.472235" lon="83.872831">
      <ele>2562.402816</ele>
      <time>2016-10-19T13:52:53Z</time>
    </trkpt>
    <trkpt lat="28.472172" lon="83.872760">
      <ele>2561.004475</ele>
      <time>2016-10-19T13:53:01Z</time>
    </trkpt>
    <trkpt lat="28.472109" lon="83.872678">
      <ele>2559.859080</ele>
      <time>2016-10-19T13:53:10Z</time>
    </trkpt>
    <trkpt lat="28.472035" lon="83.872610">
      <ele>2558.706698</ele>
      <time>2016-10-19T13:53:21Z</time>
    </trkpt>
    <trkpt lat="28.471970" lon="83.872535">
      <ele>2557.554757</ele>
      <time>2016-10-19T13:53:31Z</time>
    </trkpt>
    <trkpt lat="28.471911" lon="83.872456">
      <ele>2556.342570</ele>
      <time>2016-10-19T13:53:39Z</time>
    </trkpt>
    <trkpt lat="28.471844" lon="83.872381">
      <ele>2555.175856</ele>
      <time>2016-10-19T13:53:50Z</time>
    </trkpt>
    <trkpt lat="28.471763" lon="83.872318">
      <ele>2554.217089</ele>
      <time>2016-10-19T13:53:59Z</time>
    </trkpt>
    <trkpt lat="28.471677" lon="83.872270">
      <ele>2553.464628</ele>
      <time>2016-10-19T13:54:07Z</time>
    </trkpt>
    <trkpt lat="28.471596" lon="83.872217">
      <ele>2552.805843</ele>
      <time>2016-10-19T13:54:23Z</time>
    </trkpt>
    <trkpt lat="28.471512" lon="83.872164">
      <ele>2552.838880</ele>
      <time>2016-10-19T13:54:32Z</time>
    </trkpt>
    <trkpt lat="28.471442" lon="83.872089">
      <ele>2552.745021</ele>
      <time>2016-10-19T13:54:42Z</time>
    </trkpt>
    <trkpt lat="28.471373" lon="83.872016">
      <ele>2552.205382</ele>
      <time>2016-10-19T13:54:49Z</time>
    </trkpt>
    <trkpt lat="28.471303" lon="83.871964">
      <ele>2551.290637</ele>
      <time>2016-10-19T13:54:56Z</time>
    </trkpt>
    <trkpt lat="28.471224" lon="83.871922">
      <ele>2550.637133</ele>
      <time>2016-10-19T13:55:01Z</time>
    </trkpt>
    <trkpt lat="28.471160" lon="83.871863">
      <ele>2549.998426</ele>
      <time>2016-10-19T13:55:10Z</time>
    </trkpt>
    <trkpt lat="28.471099" lon="83.871791">
      <ele>2549.167834</ele>
      <time>2016-10-19T13:55:18Z</time>
    </trkpt>
    <trkpt lat="28.471039" lon="83.871714">
      <ele>2548.749918</ele>
      <time>2016-10-19T13:55:26Z</time>
    </trkpt>
    <trkpt lat="28.470962" lon="83.871647">
      <ele>2547.975329</ele>
      <time>2016-10-19T13:55:34Z</time>
    </trkpt>
    <trkpt lat="28.470895" lon="83.871563">
      <ele>2546.530024</ele>
      <time>2016-10-19T13:55:44Z</time>
    </trkpt>
    <trkpt lat="28.470826" lon="83.871481">
      <ele>2546.023965</ele>
      <time>2016-10-19T13:55:53Z</time>
    </trkpt>
    <trkpt lat="28.470770" lon="83.871392">
      <ele>2544.895134</ele>
      <time>2016-10-19T13:56:03Z</time>
    </trkpt>
    <trkpt lat="28.470729" lon="83.871304">
      <ele>2544.106385</ele>
      <time>2016-10-19T13:56:12Z</time>
    </trkpt>
    <trkpt lat="28.470697" lon="83.871202">
      <ele>2543.042460</ele>
      <time>2016-10-19T13:56:21Z</time>
    </trkpt>
    <trkpt lat="28.470674" lon="83.871096">
      <ele>2542.272411</ele>
      <time>2016-10-19T13:56:30Z</time>
    </trkpt>
    <trkpt lat="28.470627" lon="83.871005">
      <ele>2541.728596</ele>
      <time>2016-10-19T13:56:37Z</time>
    </trkpt>
    <trkpt lat="28.470563" lon="83.870945">
      <ele>2541.241974</ele>
      <time>2016-10-19T13:56:44Z</time>
    </trkpt>
    <trkpt lat="28.470483" lon="83.870892">
      <ele>2540.757620</ele>
      <time>2016-10-19T13:56:50Z</time>
    </trkpt>
    <trkpt lat="28.470404" lon="83.870835">
      <ele>2540.039767</ele>
      <time>2016-10-19T13:56:58Z</time>
    </trkpt>
    <trkpt lat="28.470337" lon="83.870757">
      <ele>2539.303653</ele>
      <time>2016-10-19T13:57:07Z</time>
    </trkpt>
    <trkpt lat="28.470282" lon="83.870671">
      <ele>2538.810485</ele>
      <time>2016-10-19T13:57:17Z</time>
    </trkpt>
    <trkpt lat="28.470231" lon="83.870575">
      <ele>2537.893569</ele>
      <time>2016-10-19T13:57:25Z</time>
    </trkpt>
    <trkpt lat="28.470191" lon="83.870469">
      <ele>2537.261899</ele>
      <time>2016-10-19T13:57:34Z</time>
    </trkpt>
    <trkpt lat="28.470140" lon="83.870374">
      <ele>2536.485636</ele>
      <time>2016-10-19T13:57:41Z</time>
    </trkpt>
    <trkpt lat="28.470099" lon="83.870271">
      <ele>2535.524977</ele>
      <time>2016-10-19T13:57:49Z</time>
    </trkpt>
    <trkpt lat="28.470049" lon="83.870176">
      <ele>2534.565559</ele>
      <time>2016-10-19T13:57:59Z</time>
    </trkpt>
    <trkpt lat="28.470005" lon="83.870075">
      <ele>2533.227465</ele>
      <time>2016-10-19T13:58:11Z</time>
    </trkpt>
    <trkpt lat="28.469954" lon="83.869987">
      <ele>2532.011093</ele>
      <time>2016-10-19T13:58:18Z</time>
    </trkpt>
    <trkpt lat="28.469904" lon="83.869898">
      <ele>2531.039846</ele>
      <time>2016-10-19T13:58:29Z</time>
    </trkpt>
    <trkpt lat="28.469861" lon="83.869809">
      <ele>2530.105741</ele>
      <time>2016-10-19T13:59:17Z</time>
    </trkpt>
    <trkpt lat="28.469848" lon="83.869718">
      <ele>2529.039120</ele>
      <time>2016-10-19T13:59:25Z</time>
    </trkpt>
    <trkpt lat="28.469868" lon="83.869623">
      <ele>2521.834768</ele>
      <time>2016-10-19T14:00:18Z</time>
      <extensions>
        <pause>start</pause>
        <type>manual</type>
      </extensions>
    </trkpt>
    <trkpt lat="28.469841" lon="83.869642">
      <ele>2523.096317</ele>
      <time>2016-10-19T14:03:53Z</time>
      <extensions>
        <pause>end</pause>
        <type>manual</type>
      </extensions>
    </trkpt>
    <trkpt lat="28.469841" lon="83.869642">
      <ele>0.000000</ele>
      <time>2016-10-19T14:04:03Z</time>
      <extensions>
        <pause>start</pause>
        <type>manual</type>
      </extensions>
    </trkpt>
    <trkpt lat="28.469780" lon="83.869664">
      <ele>2525.754140</ele>
      <time>2016-10-19T14:18:42Z</time>
      <extensions>
        <pause>end</pause>
        <type>manual</type>
      </extensions>
    </trkpt>
    <trkpt lat="28.469741" lon="83.869566">
      <ele>2525.562741</ele>
      <time>2016-10-19T14:18:59Z</time>
    </trkpt>
    <trkpt lat="28.469702" lon="83.869471">
      <ele>2524.794210</ele>
      <time>2016-10-19T14:19:13Z</time>
    </trkpt>
    <trkpt lat="28.469661" lon="83.869381">
      <ele>2524.033421</ele>
      <time>2016-10-19T14:19:25Z</time>
    </trkpt>
    <trkpt lat="28.469618" lon="83.869288">
      <ele>2523.726023</ele>
      <time>2016-10-19T14:19:33Z</time>
    </trkpt>
    <trkpt lat="28.469571" lon="83.869199">
      <ele>2523.727382</ele>
      <time>2016-10-19T14:19:42Z</time>
    </trkpt>
    <trkpt lat="28.469528" lon="83.869108">
      <ele>2523.626225</ele>
      <time>2016-10-19T14:19:49Z</time>
    </trkpt>
    <trkpt lat="28.469495" lon="83.869011">
      <ele>2523.242389</ele>
      <time>2016-10-19T14:19:57Z</time>
    </trkpt>
    <trkpt lat="28.469469" lon="83.868909">
      <ele>2522.769640</ele>
      <time>2016-10-19T14:20:05Z</time>
    </trkpt>
    <trkpt lat="28.469452" lon="83.868805">
      <ele>2522.326598</ele>
      <time>2016-10-19T14:20:15Z</time>
    </trkpt>
    <trkpt lat="28.469434" lon="83.868705">
      <ele>2521.856354</ele>
      <time>2016-10-19T14:20:27Z</time>
    </trkpt>
    <trkpt lat="28.469445" lon="83.868605">
      <ele>2521.180408</ele>
      <time>2016-10-19T14:20:39Z</time>
    </trkpt>
    <trkpt lat="28.469484" lon="83.868514">
      <ele>2520.759537</ele>
      <time>2016-10-19T14:20:51Z</time>
    </trkpt>
    <trkpt lat="28.469538" lon="83.868430">
      <ele>2520.425616</ele>
      <time>2016-10-19T14:21:04Z</time>
    </trkpt>
    <trkpt lat="28.469563" lon="83.868345">
      <ele>2520.265373</ele>
      <time>2016-10-19T14:21:13Z</time>
    </trkpt>
    <trkpt lat="28.469538" lon="83.868264">
      <ele>2520.016234</ele>
      <time>2016-10-19T14:21:22Z</time>
    </trkpt>
    <trkpt lat="28.469471" lon="83.868195">
      <ele>2519.692343</ele>
      <time>2016-10-19T14:21:30Z</time>
    </trkpt>
    <trkpt lat="28.469386" lon="83.868163">
      <ele>2519.706921</ele>
      <time>2016-10-19T14:21:40Z</time>
    </trkpt>
    <trkpt lat="28.469295" lon="83.868147">
      <ele>2520.250035</ele>
      <time>2016-10-19T14:21:49Z</time>
    </trkpt>
    <trkpt lat="28.469206" lon="83.868167">
      <ele>2521.027600</ele>
      <time>2016-10-19T14:22:05Z</time>
    </trkpt>
    <trkpt lat="28.469121" lon="83.868173">
      <ele>2521.532760</ele>
      <time>2016-10-19T14:22:13Z</time>
    </trkpt>
    <trkpt lat="28.469047" lon="83.868158">
      <ele>2522.326972</ele>
      <time>2016-10-19T14:22:24Z</time>
    </trkpt>
    <trkpt lat="28.468974" lon="83.868103">
      <ele>2523.346627</ele>
      <time>2016-10-19T14:22:36Z</time>
    </trkpt>
    <trkpt lat="28.468915" lon="83.868028">
      <ele>2524.727744</ele>
      <time>2016-10-19T14:22:46Z</time>
    </trkpt>
    <trkpt lat="28.468861" lon="83.867943">
      <ele>2525.116770</ele>
      <time>2016-10-19T14:22:59Z</time>
    </trkpt>
    <trkpt lat="28.468806" lon="83.867850">
      <ele>2525.218360</ele>
      <time>2016-10-19T14:23:09Z</time>
    </trkpt>
    <trkpt lat="28.468737" lon="83.867782">
      <ele>2524.904303</ele>
      <time>2016-10-19T14:23:21Z</time>
    </trkpt>
    <trkpt lat="28.468650" lon="83.867738">
      <ele>2523.979122</ele>
      <time>2016-10-19T14:23:30Z</time>
    </trkpt>
    <trkpt lat="28.468563" lon="83.867701">
      <ele>2522.602107</ele>
      <time>2016-10-19T14:23:40Z</time>
    </trkpt>
    <trkpt lat="28.468489" lon="83.867638">
      <ele>2521.159775</ele>
      <time>2016-10-19T14:23:47Z</time>
    </trkpt>
    <trkpt lat="28.468427" lon="83.867561">
      <ele>2519.612031</ele>
      <time>2016-10-19T14:23:56Z</time>
    </trkpt>
    <trkpt lat="28.468368" lon="83.867481">
      <ele>2517.715161</ele>
      <time>2016-10-19T14:24:06Z</time>
    </trkpt>
    <trkpt lat="28.468298" lon="83.867414">
      <ele>2515.499755</ele>
      <time>2016-10-19T14:24:18Z</time>
    </trkpt>
    <trkpt lat="28.468238" lon="83.867338">
      <ele>2513.343428</ele>
      <time>2016-10-19T14:24:33Z</time>
    </trkpt>
    <trkpt lat="28.468197" lon="83.867250">
      <ele>2511.298173</ele>
      <time>2016-10-19T14:24:41Z</time>
    </trkpt>
    <trkpt lat="28.468165" lon="83.867151">
      <ele>2509.576771</ele>
      <time>2016-10-19T14:24:50Z</time>
    </trkpt>
    <trkpt lat="28.468125" lon="83.867059">
      <ele>2508.166231</ele>
      <time>2016-10-19T14:25:00Z</time>
    </trkpt>
    <trkpt lat="28.468076" lon="83.866968">
      <ele>2506.888603</ele>
      <time>2016-10-19T14:25:10Z</time>
    </trkpt>
    <trkpt lat="28.468028" lon="83.866877">
      <ele>2505.669892</ele>
      <time>2016-10-19T14:25:24Z</time>
    </trkpt>
    <trkpt lat="28.467983" lon="83.866786">
      <ele>2504.593724</ele>
      <time>2016-10-19T14:25:32Z</time>
    </trkpt>
    <trkpt lat="28.467920" lon="83.866710">
      <ele>2503.502052</ele>
      <time>2016-10-19T14:25:40Z</time>
    </trkpt>
    <trkpt lat="28.467845" lon="83.866657">
      <ele>2502.784809</ele>
      <time>2016-10-19T14:25:46Z</time>
    </trkpt>
    <trkpt lat="28.467762" lon="83.866609">
      <ele>2502.307707</ele>
      <time>2016-10-19T14:25:55Z</time>
    </trkpt>
    <trkpt lat="28.467679" lon="83.866559">
      <ele>2502.066836</ele>
      <time>2016-10-19T14:26:05Z</time>
    </trkpt>
    <trkpt lat="28.467602" lon="83.866492">
      <ele>2501.947383</ele>
      <time>2016-10-19T14:26:15Z</time>
    </trkpt>
    <trkpt lat="28.467525" lon="83.866421">
      <ele>2501.676709</ele>
      <time>2016-10-19T14:26:25Z</time>
    </trkpt>
    <trkpt lat="28.467446" lon="83.866361">
      <ele>2501.264787</ele>
      <time>2016-10-19T14:26:34Z</time>
    </trkpt>
    <trkpt lat="28.467368" lon="83.866295">
      <ele>2500.790450</ele>
      <time>2016-10-19T14:26:44Z</time>
    </trkpt>
    <trkpt lat="28.467293" lon="83.866223">
      <ele>2500.593717</ele>
      <time>2016-10-19T14:26:53Z</time>
    </trkpt>
    <trkpt lat="28.467237" lon="83.866127">
      <ele>2500.276016</ele>
      <time>2016-10-19T14:27:02Z</time>
    </trkpt>
    <trkpt lat="28.467194" lon="83.866030">
      <ele>2499.878072</ele>
      <time>2016-10-19T14:27:12Z</time>
    </trkpt>
    <trkpt lat="28.467147" lon="83.865944">
      <ele>2499.245893</ele>
      <time>2016-10-19T14:27:23Z</time>
    </trkpt>
    <trkpt lat="28.467093" lon="83.865861">
      <ele>2498.377330</ele>
      <time>2016-10-19T14:27:34Z</time>
    </trkpt>
    <trkpt lat="28.467033" lon="83.865781">
      <ele>2497.423688</ele>
      <time>2016-10-19T14:27:42Z</time>
    </trkpt>
    <trkpt lat="28.466969" lon="83.865711">
      <ele>2496.467603</ele>
      <time>2016-10-19T14:27:51Z</time>
    </trkpt>
    <trkpt lat="28.466909" lon="83.865634">
      <ele>2495.359289</ele>
      <time>2016-10-19T14:28:01Z</time>
    </trkpt>
    <trkpt lat="28.466841" lon="83.865569">
      <ele>2494.812603</ele>
      <time>2016-10-19T14:28:11Z</time>
    </trkpt>
    <trkpt lat="28.466768" lon="83.865514">
      <ele>2493.398662</ele>
      <time>2016-10-19T14:28:24Z</time>
    </trkpt>
    <trkpt lat="28.466688" lon="83.865468">
      <ele>2492.816854</ele>
      <time>2016-10-19T14:28:33Z</time>
    </trkpt>
    <trkpt lat="28.466609" lon="83.865415">
      <ele>2491.785913</ele>
      <time>2016-10-19T14:28:43Z</time>
    </trkpt>
    <trkpt lat="28.466542" lon="83.865341">
      <ele>2491.135595</ele>
      <time>2016-10-19T14:28:55Z</time>
    </trkpt>
    <trkpt lat="28.466473" lon="83.865268">
      <ele>2490.667873</ele>
      <time>2016-10-19T14:29:02Z</time>
    </trkpt>
    <trkpt lat="28.466407" lon="83.865191">
      <ele>2490.121431</ele>
      <time>2016-10-19T14:29:12Z</time>
    </trkpt>
    <trkpt lat="28.466342" lon="83.865114">
      <ele>2489.583263</ele>
      <time>2016-10-19T14:29:23Z</time>
    </trkpt>
    <trkpt lat="28.466294" lon="83.865030">
      <ele>2488.874523</ele>
      <time>2016-10-19T14:29:35Z</time>
    </trkpt>
    <trkpt lat="28.466236" lon="83.864974">
      <ele>2488.064579</ele>
      <time>2016-10-19T14:29:47Z</time>
    </trkpt>
    <trkpt lat="28.466171" lon="83.864957">
      <ele>2487.545195</ele>
      <time>2016-10-19T14:29:58Z</time>
    </trkpt>
    <trkpt lat="28.466097" lon="83.864940">
      <ele>2486.971505</ele>
      <time>2016-10-19T14:30:03Z</time>
    </trkpt>
    <trkpt lat="28.466037" lon="83.864893">
      <ele>2486.727276</ele>
      <time>2016-10-19T14:30:13Z</time>
    </trkpt>
    <trkpt lat="28.466001" lon="83.864794">
      <ele>2486.189759</ele>
      <time>2016-10-19T14:30:24Z</time>
    </trkpt>
    <trkpt lat="28.465978" lon="83.864691">
      <ele>2485.307414</ele>
      <time>2016-10-19T14:30:31Z</time>
    </trkpt>
    <trkpt lat="28.465949" lon="83.864595">
      <ele>2484.147942</ele>
      <time>2016-10-19T14:30:39Z</time>
    </trkpt>
    <trkpt lat="28.465892" lon="83.864528">
      <ele>2482.928250</ele>
      <time>2016-10-19T14:30:52Z</time>
    </trkpt>
    <trkpt lat="28.465824" lon="83.864467">
      <ele>2482.010568</ele>
      <time>2016-10-19T14:31:02Z</time>
    </trkpt>
    <trkpt lat="28.465775" lon="83.864395">
      <ele>2481.291154</ele>
      <time>2016-10-19T14:31:12Z</time>
    </trkpt>
    <trkpt lat="28.465752" lon="83.864293">
      <ele>2480.775205</ele>
      <time>2016-10-19T14:31:21Z</time>
    </trkpt>
    <trkpt lat="28.465719" lon="83.864202">
      <ele>2480.526866</ele>
      <time>2016-10-19T14:31:37Z</time>
    </trkpt>
    <trkpt lat="28.465680" lon="83.864114">
      <ele>2480.340413</ele>
      <time>2016-10-19T14:31:59Z</time>
    </trkpt>
    <trkpt lat="28.465634" lon="83.864030">
      <ele>2480.188170</ele>
      <time>2016-10-19T14:32:11Z</time>
    </trkpt>
    <trkpt lat="28.465615" lon="83.863932">
      <ele>2480.187342</ele>
      <time>2016-10-19T14:32:25Z</time>
    </trkpt>
    <trkpt lat="28.465605" lon="83.863831">
      <ele>2480.427729</ele>
      <time>2016-10-19T14:32:39Z</time>
    </trkpt>
    <trkpt lat="28.465611" lon="83.863724">
      <ele>2481.299291</ele>
      <time>2016-10-19T14:32:48Z</time>
    </trkpt>
    <trkpt lat="28.465618" lon="83.863620">
      <ele>2482.562039</ele>
      <time>2016-10-19T14:32:58Z</time>
    </trkpt>
    <trkpt lat="28.465614" lon="83.863520">
      <ele>2484.126941</ele>
      <time>2016-10-19T14:33:15Z</time>
    </trkpt>
    <trkpt lat="28.465587" lon="83.863432">
      <ele>2485.769483</ele>
      <time>2016-10-19T14:33:32Z</time>
    </trkpt>
    <trkpt lat="28.465550" lon="83.863343">
      <ele>2487.506735</ele>
      <time>2016-10-19T14:33:42Z</time>
    </trkpt>
    <trkpt lat="28.465502" lon="83.863266">
      <ele>2489.216121</ele>
      <time>2016-10-19T14:33:55Z</time>
    </trkpt>
    <trkpt lat="28.465483" lon="83.863186">
      <ele>2491.654298</ele>
      <time>2016-10-19T14:34:13Z</time>
    </trkpt>
    <trkpt lat="28.465456" lon="83.863108">
      <ele>2492.473895</ele>
      <time>2016-10-19T14:34:21Z</time>
    </trkpt>
    <trkpt lat="28.465426" lon="83.863032">
      <ele>2494.241500</ele>
      <time>2016-10-19T14:34:35Z</time>
    </trkpt>
    <trkpt lat="28.465371" lon="83.862953">
      <ele>2495.943078</ele>
      <time>2016-10-19T14:34:49Z</time>
    </trkpt>
    <trkpt lat="28.465311" lon="83.862874">
      <ele>2497.622495</ele>
      <time>2016-10-19T14:34:58Z</time>
    </trkpt>
    <trkpt lat="28.465248" lon="83.862801">
      <ele>2499.328658</ele>
      <time>2016-10-19T14:35:10Z</time>
    </trkpt>
    <trkpt lat="28.465168" lon="83.862743">
      <ele>2497.588986</ele>
      <time>2016-10-19T14:35:20Z</time>
    </trkpt>
    <trkpt lat="28.465078" lon="83.862695">
      <ele>2494.967507</ele>
      <time>2016-10-19T14:35:29Z</time>
    </trkpt>
    <trkpt lat="28.464988" lon="83.862646">
      <ele>2492.038579</ele>
      <time>2016-10-19T14:35:37Z</time>
    </trkpt>
    <trkpt lat="28.464904" lon="83.862593">
      <ele>2488.978844</ele>
      <time>2016-10-19T14:35:45Z</time>
    </trkpt>
    <trkpt lat="28.464817" lon="83.862551">
      <ele>2485.744430</ele>
      <time>2016-10-19T14:35:53Z</time>
    </trkpt>
    <trkpt lat="28.464731" lon="83.862511">
      <ele>2482.004972</ele>
      <time>2016-10-19T14:36:01Z</time>
    </trkpt>
    <trkpt lat="28.464640" lon="83.862487">
      <ele>2478.020079</ele>
      <time>2016-10-19T14:36:21Z</time>
    </trkpt>
    <trkpt lat="28.464548" lon="83.862470">
      <ele>2473.877684</ele>
      <time>2016-10-19T14:36:28Z</time>
    </trkpt>
    <trkpt lat="28.464452" lon="83.862452">
      <ele>2469.645680</ele>
      <time>2016-10-19T14:36:35Z</time>
    </trkpt>
    <trkpt lat="28.464362" lon="83.862417">
      <ele>2464.945276</ele>
      <time>2016-10-19T14:36:44Z</time>
    </trkpt>
    <trkpt lat="28.464274" lon="83.862369">
      <ele>2464.134201</ele>
      <time>2016-10-19T14:36:50Z</time>
    </trkpt>
    <trkpt lat="28.464194" lon="83.862309">
      <ele>2463.604660</ele>
      <time>2016-10-19T14:36:57Z</time>
    </trkpt>
    <trkpt lat="28.464114" lon="83.862246">
      <ele>2463.258344</ele>
      <time>2016-10-19T14:37:06Z</time>
    </trkpt>
    <trkpt lat="28.464044" lon="83.862176">
      <ele>2462.944566</ele>
      <time>2016-10-19T14:37:17Z</time>
    </trkpt>
    <trkpt lat="28.463969" lon="83.862117">
      <ele>2462.640703</ele>
      <time>2016-10-19T14:37:28Z</time>
    </trkpt>
    <trkpt lat="28.463919" lon="83.862043">
      <ele>2462.544324</ele>
      <time>2016-10-19T14:37:41Z</time>
    </trkpt>
    <trkpt lat="28.463904" lon="83.861963">
      <ele>2462.547568</ele>
      <time>2016-10-19T14:37:49Z</time>
    </trkpt>
    <trkpt lat="28.463920" lon="83.861866">
      <ele>2462.378209</ele>
      <time>2016-10-19T14:38:01Z</time>
    </trkpt>
    <trkpt lat="28.463939" lon="83.861771">
      <ele>2462.071458</ele>
      <time>2016-10-19T14:38:23Z</time>
    </trkpt>
    <trkpt lat="28.463937" lon="83.861684">
      <ele>2461.650897</ele>
      <time>2016-10-19T14:38:39Z</time>
    </trkpt>
    <trkpt lat="28.463922" lon="83.861595">
      <ele>2461.804039</ele>
      <time>2016-10-19T14:39:09Z</time>
    </trkpt>
    <trkpt lat="28.463875" lon="83.861525">
      <ele>2460.882577</ele>
      <time>2016-10-19T14:39:18Z</time>
    </trkpt>
    <trkpt lat="28.463813" lon="83.861459">
      <ele>2459.783959</ele>
      <time>2016-10-19T14:39:25Z</time>
    </trkpt>
    <trkpt lat="28.463737" lon="83.861400">
      <ele>2458.120144</ele>
      <time>2016-10-19T14:39:35Z</time>
    </trkpt>
    <trkpt lat="28.463704" lon="83.861320">
      <ele>2456.008199</ele>
      <time>2016-10-19T14:39:50Z</time>
    </trkpt>
    <trkpt lat="28.463699" lon="83.861223">
      <ele>2453.048765</ele>
      <time>2016-10-19T14:40:17Z</time>
    </trkpt>
    <trkpt lat="28.463702" lon="83.861122">
      <ele>2450.046326</ele>
      <time>2016-10-19T14:40:27Z</time>
    </trkpt>
    <trkpt lat="28.463662" lon="83.861054">
      <ele>2446.827906</ele>
      <time>2016-10-19T14:40:47Z</time>
    </trkpt>
    <trkpt lat="28.463588" lon="83.861020">
      <ele>2429.300797</ele>
      <time>2016-10-19T14:41:32Z</time>
      <extensions>
        <pause>start</pause>
        <type>manual</type>
      </extensions>
    </trkpt>
    <trkpt lat="28.462677" lon="83.861053">
      <ele>2423.265043</ele>
      <time>2016-10-19T14:45:31Z</time>
      <extensions>
        <pause>end</pause>
        <type>manual</type>
      </extensions>
    </trkpt>
    <trkpt lat="28.462586" lon="83.861049">
      <ele>2431.986669</ele>
      <time>2016-10-19T14:45:38Z</time>
    </trkpt>
    <trkpt lat="28.462496" lon="83.861047">
      <ele>2431.045364</ele>
      <time>2016-10-19T14:45:51Z</time>
    </trkpt>
    <trkpt lat="28.462405" lon="83.861034">
      <ele>2429.834490</ele>
      <time>2016-10-19T14:45:59Z</time>
    </trkpt>
    <trkpt lat="28.462309" lon="83.861014">
      <ele>2428.929665</ele>
      <time>2016-10-19T14:46:07Z</time>
    </trkpt>
    <trkpt lat="28.462213" lon="83.860988">
      <ele>2427.755150</ele>
      <time>2016-10-19T14:46:15Z</time>
    </trkpt>
    <trkpt lat="28.462121" lon="83.860990">
      <ele>2425.563235</ele>
      <time>2016-10-19T14:46:27Z</time>
    </trkpt>
    <trkpt lat="28.462036" lon="83.860981">
      <ele>2424.829328</ele>
      <time>2016-10-19T14:46:37Z</time>
    </trkpt>
    <trkpt lat="28.461955" lon="83.860959">
      <ele>2424.535464</ele>
      <time>2016-10-19T14:46:44Z</time>
    </trkpt>
    <trkpt lat="28.461868" lon="83.860925">
      <ele>2424.232211</ele>
      <time>2016-10-19T14:46:53Z</time>
    </trkpt>
    <trkpt lat="28.461781" lon="83.860898">
      <ele>2424.383497</ele>
      <time>2016-10-19T14:47:02Z</time>
    </trkpt>
    <trkpt lat="28.461693" lon="83.860870">
      <ele>2423.897893</ele>
      <time>2016-10-19T14:47:12Z</time>
    </trkpt>
    <trkpt lat="28.461608" lon="83.860826">
      <ele>2423.401524</ele>
      <time>2016-10-19T14:47:19Z</time>
    </trkpt>
    <trkpt lat="28.461529" lon="83.860773">
      <ele>2422.775593</ele>
      <time>2016-10-19T14:47:28Z</time>
    </trkpt>
    <trkpt lat="28.461459" lon="83.860708">
      <ele>2422.392916</ele>
      <time>2016-10-19T14:47:36Z</time>
    </trkpt>
    <trkpt lat="28.461396" lon="83.860627">
      <ele>2421.590673</ele>
      <time>2016-10-19T14:47:44Z</time>
    </trkpt>
    <trkpt lat="28.461333" lon="83.860541">
      <ele>2420.867771</ele>
      <time>2016-10-19T14:47:52Z</time>
    </trkpt>
    <trkpt lat="28.461275" lon="83.860455">
      <ele>2420.277300</ele>
      <time>2016-10-19T14:48:00Z</time>
    </trkpt>
    <trkpt lat="28.461213" lon="83.860378">
      <ele>2419.125772</ele>
      <time>2016-10-19T14:48:09Z</time>
    </trkpt>
    <trkpt lat="28.461143" lon="83.860313">
      <ele>2418.502681</ele>
      <time>2016-10-19T14:48:17Z</time>
    </trkpt>
    <trkpt lat="28.461059" lon="83.860262">
      <ele>2417.312797</ele>
      <time>2016-10-19T14:48:26Z</time>
    </trkpt>
    <trkpt lat="28.460987" lon="83.860197">
      <ele>2416.337966</ele>
      <time>2016-10-19T14:48:34Z</time>
    </trkpt>
    <trkpt lat="28.460921" lon="83.860124">
      <ele>2415.578746</ele>
      <time>2016-10-19T14:48:42Z</time>
    </trkpt>
    <trkpt lat="28.460853" lon="83.860051">
      <ele>2414.718695</ele>
      <time>2016-10-19T14:48:53Z</time>
    </trkpt>
    <trkpt lat="28.460790" lon="83.859977">
      <ele>2413.857440</ele>
      <time>2016-10-19T14:49:04Z</time>
    </trkpt>
    <trkpt lat="28.460722" lon="83.859903">
      <ele>2413.211676</ele>
      <time>2016-10-19T14:49:15Z</time>
    </trkpt>
    <trkpt lat="28.460654" lon="83.859828">
      <ele>2412.836127</ele>
      <time>2016-10-19T14:49:23Z</time>
    </trkpt>
    <trkpt lat="28.460572" lon="83.859758">
      <ele>2412.197622</ele>
      <time>2016-10-19T14:49:31Z</time>
    </trkpt>
    <trkpt lat="28.460486" lon="83.859694">
      <ele>2411.728193</ele>
      <time>2016-10-19T14:49:39Z</time>
    </trkpt>
    <trkpt lat="28.460411" lon="83.859622">
      <ele>2411.119231</ele>
      <time>2016-10-19T14:49:47Z</time>
    </trkpt>
    <trkpt lat="28.460341" lon="83.859549">
      <ele>2410.465706</ele>
      <time>2016-10-19T14:49:55Z</time>
    </trkpt>
    <trkpt lat="28.460289" lon="83.859458">
      <ele>2409.749862</ele>
      <time>2016-10-19T14:50:02Z</time>
    </trkpt>
    <trkpt lat="28.460226" lon="83.859377">
      <ele>2408.942340</ele>
      <time>2016-10-19T14:50:12Z</time>
    </trkpt>
    <trkpt lat="28.460163" lon="83.859299">
      <ele>2408.149603</ele>
      <time>2016-10-19T14:50:22Z</time>
    </trkpt>
    <trkpt lat="28.460090" lon="83.859233">
      <ele>2407.368970</ele>
      <time>2016-10-19T14:50:30Z</time>
    </trkpt>
    <trkpt lat="28.460025" lon="83.859156">
      <ele>2406.502250</ele>
      <time>2016-10-19T14:50:38Z</time>
    </trkpt>
    <trkpt lat="28.459966" lon="83.859071">
      <ele>2405.584625</ele>
      <time>2016-10-19T14:50:46Z</time>
    </trkpt>
    <trkpt lat="28.459909" lon="83.858983">
      <ele>2404.524633</ele>
      <time>2016-10-19T14:50:53Z</time>
    </trkpt>
    <trkpt lat="28.459845" lon="83.858911">
      <ele>2403.381349</ele>
      <time>2016-10-19T14:52:45Z</time>
    </trkpt>
    <trkpt lat="28.459770" lon="83.858843">
      <ele>2402.172708</ele>
      <time>2016-10-19T14:52:54Z</time>
    </trkpt>
    <trkpt lat="28.459711" lon="83.858767">
      <ele>2401.156493</ele>
      <time>2016-10-19T14:53:04Z</time>
    </trkpt>
    <trkpt lat="28.459700" lon="83.858683">
      <ele>2400.183572</ele>
      <time>2016-10-19T14:53:24Z</time>
    </trkpt>
    <trkpt lat="28.459685" lon="83.858616">
      <ele>2398.821389</ele>
      <time>2016-10-19T14:53:37Z</time>
    </trkpt>
    <trkpt lat="28.459648" lon="83.858568">
      <ele>2398.236795</ele>
      <time>2016-10-19T14:53:45Z</time>
    </trkpt>
    <trkpt lat="28.459607" lon="83.858522">
      <ele>2396.719587</ele>
      <time>2016-10-19T14:53:55Z</time>
    </trkpt>
    <trkpt lat="28.459573" lon="83.858465">
      <ele>2395.823899</ele>
      <time>2016-10-19T14:54:18Z</time>
    </trkpt>
    <trkpt lat="28.459545" lon="83.858395">
      <ele>2394.065468</ele>
      <time>2016-10-19T14:54:32Z</time>
    </trkpt>
    <trkpt lat="28.459469" lon="83.858340">
      <ele>2392.162793</ele>
      <time>2016-10-19T14:54:46Z</time>
    </trkpt>
    <trkpt lat="28.459389" lon="83.858291">
      <ele>2390.174526</ele>
      <time>2016-10-19T14:54:54Z</time>
    </trkpt>
    <trkpt lat="28.459308" lon="83.858245">
      <ele>2388.258113</ele>
      <time>2016-10-19T14:55:07Z</time>
    </trkpt>
    <trkpt lat="28.459235" lon="83.858183">
      <ele>2386.107321</ele>
      <time>2016-10-19T14:55:16Z</time>
    </trkpt>
    <trkpt lat="28.459164" lon="83.858112">
      <ele>2383.846415</ele>
      <time>2016-10-19T14:55:28Z</time>
    </trkpt>
    <trkpt lat="28.459082" lon="83.858070">
      <ele>2381.361508</ele>
      <time>2016-10-19T14:55:39Z</time>
    </trkpt>
    <trkpt lat="28.458996" lon="83.858050">
      <ele>2378.958406</ele>
      <time>2016-10-19T14:55:47Z</time>
    </trkpt>
    <trkpt lat="28.458914" lon="83.858031">
      <ele>2376.999139</ele>
      <time>2016-10-19T14:55:58Z</time>
    </trkpt>
    <trkpt lat="28.458869" lon="83.857970">
      <ele>2375.141947</ele>
      <time>2016-10-19T14:56:15Z</time>
    </trkpt>
    <trkpt lat="28.458838" lon="83.857881">
      <ele>2374.433293</ele>
      <time>2016-10-19T14:56:26Z</time>
    </trkpt>
    <trkpt lat="28.458795" lon="83.857802">
      <ele>2372.613647</ele>
      <time>2016-10-19T14:56:34Z</time>
    </trkpt>
    <trkpt lat="28.458712" lon="83.857755">
      <ele>2371.037121</ele>
      <time>2016-10-19T14:56:42Z</time>
    </trkpt>
    <trkpt lat="28.458617" lon="83.857725">
      <ele>2369.467124</ele>
      <time>2016-10-19T14:56:48Z</time>
    </trkpt>
    <trkpt lat="28.458529" lon="83.857689">
      <ele>2367.719247</ele>
      <time>2016-10-19T14:56:55Z</time>
    </trkpt>
    <trkpt lat="28.458442" lon="83.857649">
      <ele>2365.952674</ele>
      <time>2016-10-19T14:57:03Z</time>
    </trkpt>
    <trkpt lat="28.458357" lon="83.857601">
      <ele>2363.968540</ele>
      <time>2016-10-19T14:57:09Z</time>
    </trkpt>
    <trkpt lat="28.458271" lon="83.857547">
      <ele>2362.113370</ele>
      <time>2016-10-19T14:57:16Z</time>
    </trkpt>
    <trkpt lat="28.458189" lon="83.857487">
      <ele>2360.640463</ele>
      <time>2016-10-19T14:57:26Z</time>
    </trkpt>
    <trkpt lat="28.458117" lon="83.857419">
      <ele>2359.121461</ele>
      <time>2016-10-19T14:57:34Z</time>
    </trkpt>
    <trkpt lat="28.458045" lon="83.857353">
      <ele>2357.584573</ele>
      <time>2016-10-19T14:57:45Z</time>
    </trkpt>
    <trkpt lat="28.457978" lon="83.857281">
      <ele>2356.110868</ele>
      <time>2016-10-19T14:57:56Z</time>
    </trkpt>
    <trkpt lat="28.457915" lon="83.857204">
      <ele>2354.667377</ele>
      <time>2016-10-19T14:58:05Z</time>
    </trkpt>
    <trkpt lat="28.457855" lon="83.857126">
      <ele>2353.272889</ele>
      <time>2016-10-19T14:58:12Z</time>
    </trkpt>
    <trkpt lat="28.457785" lon="83.857067">
      <ele>2352.104763</ele>
      <time>2016-10-19T14:58:20Z</time>
    </trkpt>
    <trkpt lat="28.457696" lon="83.857049">
      <ele>2350.875425</ele>
      <time>2016-10-19T14:58:28Z</time>
    </trkpt>
    <trkpt lat="28.457602" lon="83.857047">
      <ele>2349.491795</ele>
      <time>2016-10-19T14:58:50Z</time>
    </trkpt>
    <trkpt lat="28.457508" lon="83.857044">
      <ele>2347.394747</ele>
      <time>2016-10-19T14:59:08Z</time>
    </trkpt>
    <trkpt lat="28.457416" lon="83.857030">
      <ele>2333.294843</ele>
      <time>2016-10-19T14:59:49Z</time>
      <extensions>
        <pause>start</pause>
        <type>manual</type>
      </extensions>
    </trkpt>
    <trkpt lat="28.457360" lon="83.857043">
      <ele>2316.249603</ele>
      <time>2016-10-19T16:14:08Z</time>
      <extensions>
        <pause>end</pause>
        <type>manual</type>
      </extensions>
    </trkpt>
    <trkpt lat="28.457312" lon="83.856971">
      <ele>2343.451729</ele>
      <time>2016-10-19T16:14:39Z</time>
    </trkpt>
    <trkpt lat="28.457260" lon="83.856902">
      <ele>2342.073208</ele>
      <time>2016-10-19T16:14:45Z</time>
    </trkpt>
    <trkpt lat="28.457197" lon="83.856864">
      <ele>2340.551695</ele>
      <time>2016-10-19T16:14:57Z</time>
    </trkpt>
    <trkpt lat="28.457119" lon="83.856844">
      <ele>2337.659631</ele>
      <time>2016-10-19T16:15:05Z</time>
    </trkpt>
    <trkpt lat="28.457031" lon="83.856844">
      <ele>2334.756400</ele>
      <time>2016-10-19T16:15:13Z</time>
    </trkpt>
    <trkpt lat="28.456939" lon="83.856834">
      <ele>2332.952289</ele>
      <time>2016-10-19T16:15:25Z</time>
    </trkpt>
    <trkpt lat="28.456850" lon="83.856816">
      <ele>2331.105579</ele>
      <time>2016-10-19T16:15:36Z</time>
    </trkpt>
    <trkpt lat="28.456771" lon="83.856780">
      <ele>2328.679068</ele>
      <time>2016-10-19T16:15:46Z</time>
    </trkpt>
    <trkpt lat="28.456696" lon="83.856736">
      <ele>2327.542087</ele>
      <time>2016-10-19T16:15:58Z</time>
    </trkpt>
    <trkpt lat="28.456623" lon="83.856682">
      <ele>2325.730034</ele>
      <time>2016-10-19T16:16:08Z</time>
    </trkpt>
    <trkpt lat="28.456550" lon="83.856623">
      <ele>2323.641800</ele>
      <time>2016-10-19T16:16:19Z</time>
    </trkpt>
    <trkpt lat="28.456481" lon="83.856556">
      <ele>2321.639281</ele>
      <time>2016-10-19T16:16:28Z</time>
    </trkpt>
    <trkpt lat="28.456414" lon="83.856483">
      <ele>2319.913914</ele>
      <time>2016-10-19T16:16:36Z</time>
    </trkpt>
    <trkpt lat="28.456341" lon="83.856416">
      <ele>2318.028936</ele>
      <time>2016-10-19T16:16:55Z</time>
    </trkpt>
    <trkpt lat="28.456269" lon="83.856357">
      <ele>2318.100448</ele>
      <time>2016-10-19T16:17:11Z</time>
    </trkpt>
    <trkpt lat="28.456195" lon="83.856300">
      <ele>2318.125013</ele>
      <time>2016-10-19T16:17:18Z</time>
    </trkpt>
    <trkpt lat="28.456118" lon="83.856247">
      <ele>2317.128436</ele>
      <time>2016-10-19T16:17:27Z</time>
    </trkpt>
    <trkpt lat="28.456032" lon="83.856210">
      <ele>2316.157464</ele>
      <time>2016-10-19T16:17:36Z</time>
    </trkpt>
    <trkpt lat="28.455959" lon="83.856157">
      <ele>2315.646719</ele>
      <time>2016-10-19T16:17:43Z</time>
    </trkpt>
    <trkpt lat="28.455888" lon="83.856101">
      <ele>2314.259853</ele>
      <time>2016-10-19T16:17:55Z</time>
    </trkpt>
    <trkpt lat="28.455823" lon="83.856031">
      <ele>2312.840778</ele>
      <time>2016-10-19T16:18:08Z</time>
    </trkpt>
    <trkpt lat="28.455764" lon="83.855963">
      <ele>2311.122420</ele>
      <time>2016-10-19T16:18:21Z</time>
    </trkpt>
    <trkpt lat="28.455705" lon="83.855889">
      <ele>2309.325316</ele>
      <time>2016-10-19T16:18:47Z</time>
    </trkpt>
    <trkpt lat="28.455646" lon="83.855806">
      <ele>2308.185193</ele>
      <time>2016-10-19T16:18:59Z</time>
    </trkpt>
    <trkpt lat="28.455576" lon="83.855726">
      <ele>2306.532471</ele>
      <time>2016-10-19T16:19:11Z</time>
    </trkpt>
    <trkpt lat="28.455507" lon="83.855669">
      <ele>2305.347419</ele>
      <time>2016-10-19T16:19:25Z</time>
    </trkpt>
    <trkpt lat="28.455440" lon="83.855634">
      <ele>2305.105508</ele>
      <time>2016-10-19T16:19:32Z</time>
    </trkpt>
    <trkpt lat="28.455366" lon="83.855609">
      <ele>2303.698185</ele>
      <time>2016-10-19T16:19:39Z</time>
    </trkpt>
    <trkpt lat="28.455285" lon="83.855567">
      <ele>2303.846553</ele>
      <time>2016-10-19T16:19:52Z</time>
    </trkpt>
    <trkpt lat="28.455206" lon="83.855506">
      <ele>2304.410779</ele>
      <time>2016-10-19T16:20:07Z</time>
    </trkpt>
    <trkpt lat="28.455130" lon="83.855440">
      <ele>2305.451031</ele>
      <time>2016-10-19T16:20:15Z</time>
    </trkpt>
    <trkpt lat="28.455064" lon="83.855367">
      <ele>2305.807184</ele>
      <time>2016-10-19T16:20:24Z</time>
    </trkpt>
    <trkpt lat="28.454997" lon="83.855298">
      <ele>2306.977065</ele>
      <time>2016-10-19T16:20:37Z</time>
    </trkpt>
    <trkpt lat="28.454931" lon="83.855229">
      <ele>2307.367177</ele>
      <time>2016-10-19T16:21:05Z</time>
    </trkpt>
    <trkpt lat="28.454873" lon="83.855157">
      <ele>2308.084362</ele>
      <time>2016-10-19T16:21:16Z</time>
    </trkpt>
    <trkpt lat="28.454818" lon="83.855077">
      <ele>2309.108077</ele>
      <time>2016-10-19T16:21:30Z</time>
    </trkpt>
    <trkpt lat="28.454776" lon="83.854990">
      <ele>2310.683440</ele>
      <time>2016-10-19T16:21:48Z</time>
    </trkpt>
    <trkpt lat="28.454724" lon="83.854910">
      <ele>2311.078843</ele>
      <time>2016-10-19T16:22:09Z</time>
    </trkpt>
    <trkpt lat="28.454683" lon="83.854822">
      <ele>2311.196428</ele>
      <time>2016-10-19T16:22:25Z</time>
    </trkpt>
    <trkpt lat="28.454638" lon="83.854734">
      <ele>2311.204819</ele>
      <time>2016-10-19T16:22:40Z</time>
    </trkpt>
    <trkpt lat="28.454587" lon="83.854653">
      <ele>2311.169882</ele>
      <time>2016-10-19T16:22:56Z</time>
    </trkpt>
    <trkpt lat="28.454519" lon="83.854584">
      <ele>2312.478450</ele>
      <time>2016-10-19T16:23:07Z</time>
    </trkpt>
    <trkpt lat="28.454447" lon="83.854520">
      <ele>2312.592620</ele>
      <time>2016-10-19T16:23:26Z</time>
    </trkpt>
    <trkpt lat="28.454382" lon="83.854445">
      <ele>2312.956272</ele>
      <time>2016-10-19T16:23:44Z</time>
    </trkpt>
    <trkpt lat="28.454320" lon="83.854372">
      <ele>2313.437735</ele>
      <time>2016-10-19T16:23:58Z</time>
    </trkpt>
    <trkpt lat="28.454268" lon="83.854292">
      <ele>2314.158506</ele>
      <time>2016-10-19T16:24:23Z</time>
    </trkpt>
    <trkpt lat="28.454218" lon="83.854213">
      <ele>2314.807034</ele>
      <time>2016-10-19T16:24:45Z</time>
    </trkpt>
    <trkpt lat="28.454181" lon="83.854119">
      <ele>2315.445246</ele>
      <time>2016-10-19T16:25:05Z</time>
    </trkpt>
    <trkpt lat="28.454155" lon="83.854023">
      <ele>2316.897295</ele>
      <time>2016-10-19T16:25:27Z</time>
    </trkpt>
    <trkpt lat="28.454130" lon="83.853927">
      <ele>2318.321852</ele>
      <time>2016-10-19T16:25:42Z</time>
    </trkpt>
    <trkpt lat="28.454089" lon="83.853846">
      <ele>2319.686048</ele>
      <time>2016-10-19T16:26:13Z</time>
    </trkpt>
    <trkpt lat="28.454036" lon="83.853772">
      <ele>2320.982108</ele>
      <time>2016-10-19T16:26:36Z</time>
    </trkpt>
    <trkpt lat="28.453989" lon="83.853691">
      <ele>2322.082964</ele>
      <time>2016-10-19T16:27:00Z</time>
    </trkpt>
    <trkpt lat="28.453955" lon="83.853600">
      <ele>2324.958411</ele>
      <time>2016-10-19T16:27:22Z</time>
    </trkpt>
    <trkpt lat="28.453932" lon="83.853502">
      <ele>2327.075316</ele>
      <time>2016-10-19T16:27:46Z</time>
    </trkpt>
    <trkpt lat="28.453907" lon="83.853407">
      <ele>2329.312946</ele>
      <time>2016-10-19T16:28:08Z</time>
    </trkpt>
    <trkpt lat="28.453893" lon="83.853309">
      <ele>2331.776558</ele>
      <time>2016-10-19T16:28:37Z</time>
    </trkpt>
    <trkpt lat="28.453875" lon="83.853212">
      <ele>2334.502852</ele>
      <time>2016-10-19T16:28:54Z</time>
    </trkpt>
    <trkpt lat="28.453861" lon="83.853112">
      <ele>2336.911059</ele>
      <time>2016-10-19T16:29:14Z</time>
    </trkpt>
    <trkpt lat="28.453827" lon="83.853019">
      <ele>2339.599548</ele>
      <time>2016-10-19T16:29:25Z</time>
    </trkpt>
    <trkpt lat="28.453782" lon="83.852935">
      <ele>2342.229869</ele>
      <time>2016-10-19T16:29:47Z</time>
    </trkpt>
    <trkpt lat="28.453735" lon="83.852852">
      <ele>2344.815621</ele>
      <time>2016-10-19T16:30:09Z</time>
    </trkpt>
    <trkpt lat="28.453702" lon="83.852762">
      <ele>2347.372072</ele>
      <time>2016-10-19T16:30:28Z</time>
    </trkpt>
    <trkpt lat="28.453666" lon="83.852665">
      <ele>2350.158207</ele>
      <time>2016-10-19T16:30:48Z</time>
    </trkpt>
    <trkpt lat="28.453618" lon="83.852579">
      <ele>2352.939015</ele>
      <time>2016-10-19T16:31:05Z</time>
    </trkpt>
    <trkpt lat="28.453566" lon="83.852493">
      <ele>2355.598031</ele>
      <time>2016-10-19T16:31:28Z</time>
    </trkpt>
    <trkpt lat="28.453536" lon="83.852407">
      <ele>2358.513280</ele>
      <time>2016-10-19T16:31:47Z</time>
    </trkpt>
    <trkpt lat="28.453524" lon="83.852305">
      <ele>2361.151928</ele>
      <time>2016-10-19T16:32:12Z</time>
    </trkpt>
    <trkpt lat="28.453502" lon="83.852215">
      <ele>2363.966080</ele>
      <time>2016-10-19T16:32:38Z</time>
    </trkpt>
    <trkpt lat="28.453471" lon="83.852126">
      <ele>2366.779523</ele>
      <time>2016-10-19T16:33:12Z</time>
    </trkpt>
    <trkpt lat="28.453440" lon="83.852045">
      <ele>2369.648469</ele>
      <time>2016-10-19T16:34:07Z</time>
    </trkpt>
    <trkpt lat="28.453419" lon="83.851964">
      <ele>2372.594543</ele>
      <time>2016-10-19T16:34:25Z</time>
    </trkpt>
    <trkpt lat="28.453385" lon="83.851887">
      <ele>2375.409601</ele>
      <time>2016-10-19T16:34:37Z</time>
    </trkpt>
    <trkpt lat="28.453343" lon="83.851807">
      <ele>2377.958103</ele>
      <time>2016-10-19T16:35:11Z</time>
    </trkpt>
    <trkpt lat="28.453293" lon="83.851720">
      <ele>2380.742520</ele>
      <time>2016-10-19T16:35:21Z</time>
    </trkpt>
    <trkpt lat="28.453243" lon="83.851634">
      <ele>2383.674018</ele>
      <time>2016-10-19T16:35:33Z</time>
    </trkpt>
    <trkpt lat="28.453181" lon="83.851549">
      <ele>2386.742693</ele>
      <time>2016-10-19T16:35:42Z</time>
    </trkpt>
    <trkpt lat="28.453112" lon="83.851464">
      <ele>2390.317082</ele>
      <time>2016-10-19T16:35:54Z</time>
    </trkpt>
    <trkpt lat="28.453038" lon="83.851381">
      <ele>2393.875216</ele>
      <time>2016-10-19T16:36:07Z</time>
    </trkpt>
    <trkpt lat="28.452968" lon="83.851302">
      <ele>2397.066777</ele>
      <time>2016-10-19T16:36:22Z</time>
    </trkpt>
    <trkpt lat="28.452903" lon="83.851227">
      <ele>2399.893504</ele>
      <time>2016-10-19T16:36:32Z</time>
    </trkpt>
    <trkpt lat="28.452852" lon="83.851143">
      <ele>2402.416880</ele>
      <time>2016-10-19T16:36:48Z</time>
    </trkpt>
    <trkpt lat="28.452802" lon="83.851056">
      <ele>2404.969790</ele>
      <time>2016-10-19T16:37:03Z</time>
    </trkpt>
    <trkpt lat="28.452743" lon="83.850979">
      <ele>2407.550076</ele>
      <time>2016-10-19T16:37:18Z</time>
    </trkpt>
    <trkpt lat="28.452680" lon="83.850902">
      <ele>2409.048204</ele>
      <time>2016-10-19T16:37:38Z</time>
    </trkpt>
    <trkpt lat="28.452613" lon="83.850836">
      <ele>2410.388889</ele>
      <time>2016-10-19T16:37:47Z</time>
    </trkpt>
    <trkpt lat="28.452548" lon="83.850766">
      <ele>2411.336261</ele>
      <time>2016-10-19T16:37:57Z</time>
    </trkpt>
    <trkpt lat="28.452470" lon="83.850710">
      <ele>2411.769757</ele>
      <time>2016-10-19T16:38:06Z</time>
    </trkpt>
    <trkpt lat="28.452397" lon="83.850645">
      <ele>2412.159785</ele>
      <time>2016-10-19T16:38:16Z</time>
    </trkpt>
    <trkpt lat="28.452326" lon="83.850573">
      <ele>2412.307557</ele>
      <time>2016-10-19T16:38:25Z</time>
    </trkpt>
    <trkpt lat="28.452261" lon="83.850493">
      <ele>2412.403867</ele>
      <time>2016-10-19T16:38:38Z</time>
    </trkpt>
    <trkpt lat="28.452199" lon="83.850404">
      <ele>2412.630572</ele>
      <time>2016-10-19T16:38:49Z</time>
    </trkpt>
    <trkpt lat="28.452141" lon="83.850313">
      <ele>2412.936820</ele>
      <time>2016-10-19T16:38:59Z</time>
    </trkpt>
    <trkpt lat="28.452081" lon="83.850221">
      <ele>2413.380062</ele>
      <time>2016-10-19T16:39:09Z</time>
    </trkpt>
    <trkpt lat="28.452043" lon="83.850129">
      <ele>2413.742771</ele>
      <time>2016-10-19T16:39:20Z</time>
    </trkpt>
    <trkpt lat="28.451995" lon="83.850054">
      <ele>2414.127969</ele>
      <time>2016-10-19T16:39:40Z</time>
    </trkpt>
    <trkpt lat="28.451940" lon="83.849991">
      <ele>2414.238512</ele>
      <time>2016-10-19T16:39:55Z</time>
    </trkpt>
    <trkpt lat="28.451850" lon="83.849956">
      <ele>2414.289075</ele>
      <time>2016-10-19T16:40:07Z</time>
    </trkpt>
    <trkpt lat="28.451758" lon="83.849941">
      <ele>2414.301749</ele>
      <time>2016-10-19T16:40:20Z</time>
    </trkpt>
    <trkpt lat="28.451670" lon="83.849970">
      <ele>2414.533926</ele>
      <time>2016-10-19T16:40:31Z</time>
    </trkpt>
    <trkpt lat="28.451596" lon="83.850033">
      <ele>2414.771712</ele>
      <time>2016-10-19T16:40:38Z</time>
    </trkpt>
    <trkpt lat="28.451530" lon="83.850116">
      <ele>2415.334325</ele>
      <time>2016-10-19T16:40:48Z</time>
    </trkpt>
    <trkpt lat="28.451468" lon="83.850200">
      <ele>2415.864571</ele>
      <time>2016-10-19T16:40:58Z</time>
    </trkpt>
    <trkpt lat="28.451418" lon="83.850288">
      <ele>2416.039950</ele>
      <time>2016-10-19T16:41:06Z</time>
    </trkpt>
    <trkpt lat="28.451361" lon="83.850361">
      <ele>2416.217065</ele>
      <time>2016-10-19T16:41:18Z</time>
    </trkpt>
    <trkpt lat="28.451297" lon="83.850421">
      <ele>2416.473365</ele>
      <time>2016-10-19T16:41:45Z</time>
    </trkpt>
    <trkpt lat="28.451212" lon="83.850452">
      <ele>2416.813105</ele>
      <time>2016-10-19T16:41:56Z</time>
    </trkpt>
    <trkpt lat="28.451128" lon="83.850473">
      <ele>2417.104023</ele>
      <time>2016-10-19T16:42:16Z</time>
    </trkpt>
    <trkpt lat="28.451045" lon="83.850468">
      <ele>2417.337639</ele>
      <time>2016-10-19T16:42:43Z</time>
    </trkpt>
    <trkpt lat="28.450977" lon="83.850431">
      <ele>2417.621465</ele>
      <time>2016-10-19T16:43:02Z</time>
    </trkpt>
    <trkpt lat="28.450917" lon="83.850362">
      <ele>2418.217053</ele>
      <time>2016-10-19T16:43:26Z</time>
    </trkpt>
    <trkpt lat="28.450875" lon="83.850274">
      <ele>2418.742333</ele>
      <time>2016-10-19T16:43:40Z</time>
    </trkpt>
    <trkpt lat="28.450832" lon="83.850183">
      <ele>2419.567175</ele>
      <time>2016-10-19T16:43:54Z</time>
    </trkpt>
    <trkpt lat="28.450788" lon="83.850092">
      <ele>2420.950316</ele>
      <time>2016-10-19T16:44:07Z</time>
    </trkpt>
    <trkpt lat="28.450728" lon="83.850016">
      <ele>2422.650208</ele>
      <time>2016-10-19T16:44:23Z</time>
    </trkpt>
    <trkpt lat="28.450668" lon="83.849940">
      <ele>2424.592228</ele>
      <time>2016-10-19T16:44:41Z</time>
    </trkpt>
    <trkpt lat="28.450625" lon="83.849857">
      <ele>2426.594434</ele>
      <time>2016-10-19T16:47:22Z</time>
    </trkpt>
    <trkpt lat="28.450589" lon="83.849762">
      <ele>2428.751530</ele>
      <time>2016-10-19T16:47:32Z</time>
    </trkpt>
    <trkpt lat="28.450567" lon="83.849654">
      <ele>2431.094209</ele>
      <time>2016-10-19T16:47:44Z</time>
    </trkpt>
    <trkpt lat="28.450540" lon="83.849548">
      <ele>2433.644028</ele>
      <time>2016-10-19T16:47:53Z</time>
    </trkpt>
    <trkpt lat="28.450531" lon="83.849434">
      <ele>2435.910755</ele>
      <time>2016-10-19T16:48:00Z</time>
    </trkpt>
    <trkpt lat="28.450524" lon="83.849330">
      <ele>2438.202906</ele>
      <time>2016-10-19T16:48:10Z</time>
    </trkpt>
    <trkpt lat="28.450523" lon="83.849222">
      <ele>2440.271338</ele>
      <time>2016-10-19T16:48:19Z</time>
    </trkpt>
    <trkpt lat="28.450523" lon="83.849114">
      <ele>2441.930713</ele>
      <time>2016-10-19T16:48:28Z</time>
    </trkpt>
    <trkpt lat="28.450524" lon="83.849004">
      <ele>2443.290437</ele>
      <time>2016-10-19T16:48:35Z</time>
    </trkpt>
    <trkpt lat="28.450520" lon="83.848895">
      <ele>2444.442451</ele>
      <time>2016-10-19T16:48:43Z</time>
    </trkpt>
    <trkpt lat="28.450508" lon="83.848786">
      <ele>2445.447619</ele>
      <time>2016-10-19T16:48:55Z</time>
    </trkpt>
    <trkpt lat="28.450478" lon="83.848682">
      <ele>2446.571195</ele>
      <time>2016-10-19T16:49:08Z</time>
    </trkpt>
    <trkpt lat="28.450460" lon="83.848572">
      <ele>2447.323791</ele>
      <time>2016-10-19T16:49:15Z</time>
    </trkpt>
    <trkpt lat="28.450450" lon="83.848462">
      <ele>2448.041427</ele>
      <time>2016-10-19T16:49:25Z</time>
    </trkpt>
    <trkpt lat="28.450437" lon="83.848352">
      <ele>2448.631825</ele>
      <time>2016-10-19T16:49:37Z</time>
    </trkpt>
    <trkpt lat="28.450403" lon="83.848251">
      <ele>2448.914146</ele>
      <time>2016-10-19T16:49:52Z</time>
    </trkpt>
    <trkpt lat="28.450374" lon="83.848147">
      <ele>2449.068676</ele>
      <time>2016-10-19T16:49:58Z</time>
    </trkpt>
    <trkpt lat="28.450370" lon="83.848045">
      <ele>2449.315959</ele>
      <time>2016-10-19T16:50:15Z</time>
    </trkpt>
    <trkpt lat="28.450383" lon="83.847939">
      <ele>2449.536692</ele>
      <time>2016-10-19T16:50:35Z</time>
    </trkpt>
    <trkpt lat="28.450376" lon="83.847841">
      <ele>2449.667616</ele>
      <time>2016-10-19T16:50:48Z</time>
    </trkpt>
    <trkpt lat="28.450338" lon="83.847754">
      <ele>2449.829323</ele>
      <time>2016-10-19T16:51:11Z</time>
    </trkpt>
    <trkpt lat="28.450265" lon="83.847692">
      <ele>2450.076841</ele>
      <time>2016-10-19T16:51:23Z</time>
    </trkpt>
    <trkpt lat="28.450181" lon="83.847646">
      <ele>2450.644914</ele>
      <time>2016-10-19T16:51:32Z</time>
    </trkpt>
    <trkpt lat="28.450096" lon="83.847590">
      <ele>2451.266589</ele>
      <time>2016-10-19T16:51:44Z</time>
    </trkpt>
    <trkpt lat="28.450020" lon="83.847516">
      <ele>2451.916380</ele>
      <time>2016-10-19T16:51:52Z</time>
    </trkpt>
    <trkpt lat="28.449947" lon="83.847437">
      <ele>2452.597377</ele>
      <time>2016-10-19T16:52:01Z</time>
    </trkpt>
    <trkpt lat="28.449872" lon="83.847371">
      <ele>2453.313923</ele>
      <time>2016-10-19T16:52:11Z</time>
    </trkpt>
    <trkpt lat="28.449799" lon="83.847307">
      <ele>2453.962678</ele>
      <time>2016-10-19T16:52:29Z</time>
    </trkpt>
    <trkpt lat="28.449728" lon="83.847237">
      <ele>2454.352107</ele>
      <time>2016-10-19T16:52:40Z</time>
    </trkpt>
    <trkpt lat="28.449665" lon="83.847156">
      <ele>2454.748684</ele>
      <time>2016-10-19T16:52:49Z</time>
    </trkpt>
    <trkpt lat="28.449614" lon="83.847066">
      <ele>2455.197152</ele>
      <time>2016-10-19T16:52:58Z</time>
    </trkpt>
    <trkpt lat="28.449579" lon="83.846964">
      <ele>2455.629912</ele>
      <time>2016-10-19T16:53:05Z</time>
    </trkpt>
    <trkpt lat="28.449551" lon="83.846854">
      <ele>2455.865778</ele>
      <time>2016-10-19T16:53:13Z</time>
    </trkpt>
    <trkpt lat="28.449515" lon="83.846752">
      <ele>2455.617825</ele>
      <time>2016-10-19T16:53:23Z</time>
    </trkpt>
    <trkpt lat="28.449470" lon="83.846654">
      <ele>2455.129541</ele>
      <time>2016-10-19T16:53:53Z</time>
    </trkpt>
    <trkpt lat="28.449427" lon="83.846558">
      <ele>2454.444067</ele>
      <time>2016-10-19T16:56:11Z</time>
    </trkpt>
    <trkpt lat="28.449387" lon="83.846456">
      <ele>2453.727549</ele>
      <time>2016-10-19T16:56:19Z</time>
    </trkpt>
    <trkpt lat="28.449345" lon="83.846356">
      <ele>2453.064044</ele>
      <time>2016-10-19T16:56:28Z</time>
    </trkpt>
    <trkpt lat="28.449303" lon="83.846257">
      <ele>2452.646471</ele>
      <time>2016-10-19T16:56:37Z</time>
    </trkpt>
    <trkpt lat="28.449263" lon="83.846157">
      <ele>2452.237219</ele>
      <time>2016-10-19T16:56:48Z</time>
    </trkpt>
    <trkpt lat="28.449218" lon="83.846062">
      <ele>2451.771414</ele>
      <time>2016-10-19T16:57:03Z</time>
    </trkpt>
    <trkpt lat="28.449154" lon="83.845982">
      <ele>2451.286961</ele>
      <time>2016-10-19T16:57:13Z</time>
    </trkpt>
    <trkpt lat="28.449073" lon="83.845928">
      <ele>2450.751605</ele>
      <time>2016-10-19T16:57:24Z</time>
    </trkpt>
    <trkpt lat="28.448983" lon="83.845900">
      <ele>2450.197614</ele>
      <time>2016-10-19T16:57:39Z</time>
    </trkpt>
    <trkpt lat="28.448895" lon="83.845902">
      <ele>2449.581145</ele>
      <time>2016-10-19T16:57:53Z</time>
    </trkpt>
    <trkpt lat="28.448809" lon="83.845928">
      <ele>2448.969763</ele>
      <time>2016-10-19T16:58:16Z</time>
    </trkpt>
    <trkpt lat="28.448727" lon="83.845933">
      <ele>2448.276019</ele>
      <time>2016-10-19T16:58:29Z</time>
    </trkpt>
    <trkpt lat="28.448641" lon="83.845928">
      <ele>2447.470184</ele>
      <time>2016-10-19T16:58:40Z</time>
    </trkpt>
    <trkpt lat="28.448553" lon="83.845899">
      <ele>2446.446553</ele>
      <time>2016-10-19T16:58:48Z</time>
    </trkpt>
    <trkpt lat="28.448461" lon="83.845877">
      <ele>2444.917937</ele>
      <time>2016-10-19T16:59:00Z</time>
    </trkpt>
    <trkpt lat="28.448373" lon="83.845836">
      <ele>2443.602246</ele>
      <time>2016-10-19T16:59:11Z</time>
    </trkpt>
    <trkpt lat="28.448285" lon="83.845798">
      <ele>2442.561355</ele>
      <time>2016-10-19T16:59:23Z</time>
    </trkpt>
    <trkpt lat="28.448202" lon="83.845757">
      <ele>2441.456194</ele>
      <time>2016-10-19T16:59:36Z</time>
    </trkpt>
    <trkpt lat="28.448116" lon="83.845726">
      <ele>2440.706525</ele>
      <time>2016-10-19T16:59:51Z</time>
    </trkpt>
    <trkpt lat="28.448035" lon="83.845682">
      <ele>2439.612452</ele>
      <time>2016-10-19T17:00:04Z</time>
    </trkpt>
    <trkpt lat="28.447950" lon="83.845653">
      <ele>2438.663020</ele>
      <time>2016-10-19T17:00:15Z</time>
    </trkpt>
    <trkpt lat="28.447865" lon="83.845625">
      <ele>2437.588076</ele>
      <time>2016-10-19T17:00:28Z</time>
    </trkpt>
    <trkpt lat="28.447773" lon="83.845616">
      <ele>2436.502347</ele>
      <time>2016-10-19T17:00:41Z</time>
    </trkpt>
    <trkpt lat="28.447679" lon="83.845619">
      <ele>2435.291230</ele>
      <time>2016-10-19T17:00:51Z</time>
    </trkpt>
    <trkpt lat="28.447584" lon="83.845647">
      <ele>2434.180837</ele>
      <time>2016-10-19T17:01:01Z</time>
    </trkpt>
    <trkpt lat="28.447491" lon="83.845677">
      <ele>2433.166628</ele>
      <time>2016-10-19T17:01:13Z</time>
    </trkpt>
    <trkpt lat="28.447401" lon="83.845712">
      <ele>2431.840147</ele>
      <time>2016-10-19T17:01:21Z</time>
    </trkpt>
    <trkpt lat="28.447310" lon="83.845726">
      <ele>2430.056703</ele>
      <time>2016-10-19T17:01:32Z</time>
    </trkpt>
    <trkpt lat="28.447218" lon="83.845727">
      <ele>2428.141951</ele>
      <time>2016-10-19T17:01:40Z</time>
    </trkpt>
    <trkpt lat="28.447122" lon="83.845719">
      <ele>2425.496171</ele>
      <time>2016-10-19T17:01:51Z</time>
    </trkpt>
    <trkpt lat="28.447026" lon="83.845718">
      <ele>2423.856811</ele>
      <time>2016-10-19T17:02:01Z</time>
    </trkpt>
    <trkpt lat="28.446929" lon="83.845727">
      <ele>2422.370539</ele>
      <time>2016-10-19T17:02:14Z</time>
    </trkpt>
    <trkpt lat="28.446835" lon="83.845720">
      <ele>2420.952879</ele>
      <time>2016-10-19T17:02:21Z</time>
    </trkpt>
    <trkpt lat="28.446741" lon="83.845701">
      <ele>2420.113630</ele>
      <time>2016-10-19T17:02:32Z</time>
    </trkpt>
    <trkpt lat="28.446650" lon="83.845684">
      <ele>2419.076220</ele>
      <time>2016-10-19T17:02:51Z</time>
    </trkpt>
    <trkpt lat="28.446560" lon="83.845693">
      <ele>2418.326684</ele>
      <time>2016-10-19T17:03:23Z</time>
    </trkpt>
    <trkpt lat="28.446472" lon="83.845715">
      <ele>2417.557055</ele>
      <time>2016-10-19T17:03:34Z</time>
    </trkpt>
    <trkpt lat="28.446382" lon="83.845738">
      <ele>2416.960825</ele>
      <time>2016-10-19T17:03:46Z</time>
    </trkpt>
    <trkpt lat="28.446292" lon="83.845734">
      <ele>2416.735811</ele>
      <time>2016-10-19T17:04:05Z</time>
    </trkpt>
    <trkpt lat="28.446201" lon="83.845711">
      <ele>2416.703535</ele>
      <time>2016-10-19T17:04:15Z</time>
    </trkpt>
    <trkpt lat="28.446111" lon="83.845665">
      <ele>2416.713072</ele>
      <time>2016-10-19T17:04:35Z</time>
    </trkpt>
    <trkpt lat="28.446024" lon="83.845612">
      <ele>2416.990007</ele>
      <time>2016-10-19T17:04:48Z</time>
    </trkpt>
    <trkpt lat="28.445940" lon="83.845559">
      <ele>2417.373781</ele>
      <time>2016-10-19T17:05:02Z</time>
    </trkpt>
    <trkpt lat="28.445853" lon="83.845521">
      <ele>2417.915040</ele>
      <time>2016-10-19T17:05:10Z</time>
    </trkpt>
    <trkpt lat="28.445764" lon="83.845487">
      <ele>2418.394884</ele>
      <time>2016-10-19T17:05:21Z</time>
    </trkpt>
    <trkpt lat="28.445668" lon="83.845463">
      <ele>2418.826760</ele>
      <time>2016-10-19T17:05:34Z</time>
    </trkpt>
    <trkpt lat="28.445574" lon="83.845451">
      <ele>2419.331075</ele>
      <time>2016-10-19T17:05:40Z</time>
    </trkpt>
    <trkpt lat="28.445475" lon="83.845461">
      <ele>2419.987351</ele>
      <time>2016-10-19T17:05:48Z</time>
    </trkpt>
    <trkpt lat="28.445385" lon="83.845457">
      <ele>2420.547023</ele>
      <time>2016-10-19T17:05:56Z</time>
    </trkpt>
    <trkpt lat="28.445295" lon="83.845459">
      <ele>2421.059643</ele>
      <time>2016-10-19T17:06:06Z</time>
    </trkpt>
    <trkpt lat="28.445211" lon="83.845468">
      <ele>2421.429164</ele>
      <time>2016-10-19T17:06:12Z</time>
    </trkpt>
    <trkpt lat="28.445122" lon="83.845501">
      <ele>2421.715983</ele>
      <time>2016-10-19T17:06:24Z</time>
    </trkpt>
    <trkpt lat="28.445030" lon="83.845537">
      <ele>2421.763971</ele>
      <time>2016-10-19T17:06:32Z</time>
    </trkpt>
    <trkpt lat="28.444936" lon="83.845561">
      <ele>2421.822820</ele>
      <time>2016-10-19T17:06:38Z</time>
    </trkpt>
    <trkpt lat="28.444843" lon="83.845587">
      <ele>2421.806639</ele>
      <time>2016-10-19T17:06:53Z</time>
    </trkpt>
    <trkpt lat="28.444758" lon="83.845576">
      <ele>2421.822199</ele>
      <time>2016-10-19T17:07:02Z</time>
    </trkpt>
    <trkpt lat="28.444690" lon="83.845529">
      <ele>2421.882287</ele>
      <time>2016-10-19T17:07:14Z</time>
    </trkpt>
    <trkpt lat="28.444644" lon="83.845440">
      <ele>2421.998382</ele>
      <time>2016-10-19T17:07:22Z</time>
    </trkpt>
    <trkpt lat="28.444608" lon="83.845342">
      <ele>2422.042822</ele>
      <time>2016-10-19T17:07:30Z</time>
    </trkpt>
    <trkpt lat="28.444563" lon="83.845251">
      <ele>2422.193787</ele>
      <time>2016-10-19T17:07:48Z</time>
    </trkpt>
    <trkpt lat="28.444497" lon="83.845178">
      <ele>2422.379923</ele>
      <time>2016-10-19T17:08:03Z</time>
    </trkpt>
    <trkpt lat="28.444417" lon="83.845121">
      <ele>2422.746513</ele>
      <time>2016-10-19T17:08:12Z</time>
    </trkpt>
    <trkpt lat="28.444359" lon="83.845054">
      <ele>2423.164388</ele>
      <time>2016-10-19T17:08:20Z</time>
    </trkpt>
    <trkpt lat="28.444293" lon="83.845005">
      <ele>2423.461368</ele>
      <time>2016-10-19T17:08:26Z</time>
    </trkpt>
    <trkpt lat="28.444233" lon="83.844947">
      <ele>2423.790140</ele>
      <time>2016-10-19T17:08:35Z</time>
    </trkpt>
    <trkpt lat="28.444143" lon="83.844911">
      <ele>2423.793704</ele>
      <time>2016-10-19T17:08:41Z</time>
    </trkpt>
    <trkpt lat="28.444066" lon="83.844846">
      <ele>2423.822682</ele>
      <time>2016-10-19T17:08:48Z</time>
    </trkpt>
    <trkpt lat="28.443982" lon="83.844795">
      <ele>2423.953996</ele>
      <time>2016-10-19T17:08:55Z</time>
    </trkpt>
    <trkpt lat="28.443906" lon="83.844732">
      <ele>2424.072120</ele>
      <time>2016-10-19T17:09:03Z</time>
    </trkpt>
    <trkpt lat="28.443823" lon="83.844676">
      <ele>2423.955131</ele>
      <time>2016-10-19T17:09:13Z</time>
    </trkpt>
    <trkpt lat="28.443749" lon="83.844605">
      <ele>2423.744939</ele>
      <time>2016-10-19T17:09:22Z</time>
    </trkpt>
    <trkpt lat="28.443678" lon="83.844532">
      <ele>2423.371691</ele>
      <time>2016-10-19T17:09:30Z</time>
    </trkpt>
    <trkpt lat="28.443611" lon="83.844455">
      <ele>2422.948552</ele>
      <time>2016-10-19T17:09:39Z</time>
    </trkpt>
    <trkpt lat="28.443542" lon="83.844383">
      <ele>2422.477484</ele>
      <time>2016-10-19T17:09:46Z</time>
    </trkpt>
    <trkpt lat="28.443476" lon="83.844312">
      <ele>2421.949457</ele>
      <time>2016-10-19T17:10:00Z</time>
    </trkpt>
    <trkpt lat="28.443406" lon="83.844262">
      <ele>2421.749908</ele>
      <time>2016-10-19T17:10:17Z</time>
    </trkpt>
    <trkpt lat="28.443329" lon="83.844222">
      <ele>2421.562223</ele>
      <time>2016-10-19T17:10:36Z</time>
    </trkpt>
    <trkpt lat="28.443240" lon="83.844196">
      <ele>2421.242397</ele>
      <time>2016-10-19T17:11:03Z</time>
    </trkpt>
    <trkpt lat="28.443152" lon="83.844178">
      <ele>2420.885625</ele>
      <time>2016-10-19T17:11:13Z</time>
    </trkpt>
    <trkpt lat="28.443061" lon="83.844172">
      <ele>2420.753287</ele>
      <time>2016-10-19T17:11:25Z</time>
    </trkpt>
    <trkpt lat="28.442966" lon="83.844188">
      <ele>2420.228215</ele>
      <time>2016-10-19T17:11:34Z</time>
    </trkpt>
    <trkpt lat="28.442869" lon="83.844205">
      <ele>2419.449371</ele>
      <time>2016-10-19T17:11:45Z</time>
    </trkpt>
    <trkpt lat="28.442768" lon="83.844220">
      <ele>2418.123330</ele>
      <time>2016-10-19T17:11:54Z</time>
    </trkpt>
    <trkpt lat="28.442670" lon="83.844220">
      <ele>2417.883362</ele>
      <time>2016-10-19T17:12:06Z</time>
    </trkpt>
    <trkpt lat="28.442572" lon="83.844222">
      <ele>2417.463280</ele>
      <time>2016-10-19T17:12:15Z</time>
    </trkpt>
    <trkpt lat="28.442479" lon="83.844215">
      <ele>2416.968655</ele>
      <time>2016-10-19T17:12:22Z</time>
    </trkpt>
    <trkpt lat="28.442387" lon="83.844201">
      <ele>2416.354289</ele>
      <time>2016-10-19T17:12:32Z</time>
    </trkpt>
    <trkpt lat="28.442299" lon="83.844161">
      <ele>2415.665148</ele>
      <time>2016-10-19T17:12:43Z</time>
    </trkpt>
    <trkpt lat="28.442222" lon="83.844098">
      <ele>2414.777862</ele>
      <time>2016-10-19T17:12:51Z</time>
    </trkpt>
    <trkpt lat="28.442167" lon="83.844015">
      <ele>2414.067627</ele>
      <time>2016-10-19T17:13:05Z</time>
    </trkpt>
    <trkpt lat="28.442126" lon="83.843916">
      <ele>2413.633300</ele>
      <time>2016-10-19T17:13:21Z</time>
    </trkpt>
    <trkpt lat="28.442089" lon="83.843821">
      <ele>2413.359175</ele>
      <time>2016-10-19T17:13:31Z</time>
    </trkpt>
    <trkpt lat="28.442029" lon="83.843768">
      <ele>2413.004577</ele>
      <time>2016-10-19T17:13:40Z</time>
    </trkpt>
    <trkpt lat="28.441951" lon="83.843748">
      <ele>2412.964186</ele>
      <time>2016-10-19T17:13:49Z</time>
    </trkpt>
    <trkpt lat="28.441863" lon="83.843736">
      <ele>2411.131053</ele>
      <time>2016-10-19T17:13:57Z</time>
    </trkpt>
    <trkpt lat="28.441799" lon="83.843679">
      <ele>2410.670312</ele>
      <time>2016-10-19T17:14:10Z</time>
    </trkpt>
    <trkpt lat="28.441760" lon="83.843588">
      <ele>2409.221052</ele>
      <time>2016-10-19T17:14:19Z</time>
    </trkpt>
    <trkpt lat="28.441729" lon="83.843490">
      <ele>2407.950875</ele>
      <time>2016-10-19T17:14:30Z</time>
    </trkpt>
    <trkpt lat="28.441682" lon="83.843397">
      <ele>2406.680191</ele>
      <time>2016-10-19T17:14:42Z</time>
    </trkpt>
    <trkpt lat="28.441609" lon="83.843330">
      <ele>2404.681540</ele>
      <time>2016-10-19T17:14:51Z</time>
    </trkpt>
    <trkpt lat="28.441527" lon="83.843256">
      <ele>2403.173855</ele>
      <time>2016-10-19T17:15:00Z</time>
    </trkpt>
    <trkpt lat="28.441451" lon="83.843181">
      <ele>2401.639373</ele>
      <time>2016-10-19T17:15:09Z</time>
    </trkpt>
    <trkpt lat="28.441401" lon="83.843077">
      <ele>2400.021481</ele>
      <time>2016-10-19T17:15:19Z</time>
    </trkpt>
    <trkpt lat="28.441346" lon="83.843010">
      <ele>2398.500238</ele>
      <time>2016-10-19T17:15:34Z</time>
    </trkpt>
    <trkpt lat="28.441279" lon="83.842984">
      <ele>2397.761467</ele>
      <time>2016-10-19T17:15:48Z</time>
    </trkpt>
    <trkpt lat="28.441204" lon="83.842964">
      <ele>2396.456337</ele>
      <time>2016-10-19T17:15:56Z</time>
    </trkpt>
    <trkpt lat="28.441147" lon="83.842911">
      <ele>2395.372962</ele>
      <time>2016-10-19T17:16:03Z</time>
    </trkpt>
    <trkpt lat="28.441090" lon="83.842841">
      <ele>2394.114362</ele>
      <time>2016-10-19T17:16:10Z</time>
    </trkpt>
    <trkpt lat="28.441036" lon="83.842775">
      <ele>2393.206081</ele>
      <time>2016-10-19T17:16:28Z</time>
    </trkpt>
    <trkpt lat="28.440996" lon="83.842707">
      <ele>2391.486935</ele>
      <time>2016-10-19T17:16:45Z</time>
    </trkpt>
    <trkpt lat="28.440974" lon="83.842611">
      <ele>2389.611283</ele>
      <time>2016-10-19T17:16:55Z</time>
    </trkpt>
    <trkpt lat="28.440952" lon="83.842509">
      <ele>2387.700744</ele>
      <time>2016-10-19T17:17:04Z</time>
    </trkpt>
    <trkpt lat="28.440907" lon="83.842409">
      <ele>2385.045919</ele>
      <time>2016-10-19T17:17:14Z</time>
    </trkpt>
    <trkpt lat="28.440865" lon="83.842314">
      <ele>2383.136997</ele>
      <time>2016-10-19T17:17:39Z</time>
    </trkpt>
    <trkpt lat="28.440806" lon="83.842239">
      <ele>2380.803381</ele>
      <time>2016-10-19T17:17:56Z</time>
    </trkpt>
    <trkpt lat="28.440744" lon="83.842217">
      <ele>2378.346077</ele>
      <time>2016-10-19T17:18:22Z</time>
    </trkpt>
    <trkpt lat="28.440670" lon="83.842253">
      <ele>2377.187027</ele>
      <time>2016-10-19T17:18:34Z</time>
    </trkpt>
    <trkpt lat="28.440597" lon="83.842314">
      <ele>2375.161474</ele>
      <time>2016-10-19T17:18:43Z</time>
    </trkpt>
    <trkpt lat="28.440514" lon="83.842347">
      <ele>2373.461251</ele>
      <time>2016-10-19T17:18:54Z</time>
    </trkpt>
    <trkpt lat="28.440421" lon="83.842355">
      <ele>2372.300829</ele>
      <time>2016-10-19T17:19:11Z</time>
    </trkpt>
    <trkpt lat="28.440328" lon="83.842346">
      <ele>2371.417416</ele>
      <time>2016-10-19T17:19:24Z</time>
    </trkpt>
    <trkpt lat="28.440239" lon="83.842326">
      <ele>2370.432888</ele>
      <time>2016-10-19T17:19:35Z</time>
    </trkpt>
    <trkpt lat="28.440157" lon="83.842283">
      <ele>2369.364715</ele>
      <time>2016-10-19T17:19:48Z</time>
    </trkpt>
    <trkpt lat="28.440082" lon="83.842214">
      <ele>2368.231213</ele>
      <time>2016-10-19T17:19:59Z</time>
    </trkpt>
    <trkpt lat="28.440003" lon="83.842150">
      <ele>2367.272775</ele>
      <time>2016-10-19T17:20:07Z</time>
    </trkpt>
    <trkpt lat="28.439928" lon="83.842082">
      <ele>2366.968541</ele>
      <time>2016-10-19T17:20:22Z</time>
    </trkpt>
    <trkpt lat="28.439853" lon="83.842018">
      <ele>2366.484625</ele>
      <time>2016-10-19T17:20:34Z</time>
    </trkpt>
    <trkpt lat="28.439789" lon="83.841941">
      <ele>2365.870843</ele>
      <time>2016-10-19T17:20:43Z</time>
    </trkpt>
    <trkpt lat="28.439731" lon="83.841862">
      <ele>2365.126638</ele>
      <time>2016-10-19T17:20:51Z</time>
    </trkpt>
    <trkpt lat="28.439665" lon="83.841789">
      <ele>2364.014717</ele>
      <time>2016-10-19T17:21:02Z</time>
    </trkpt>
    <trkpt lat="28.439592" lon="83.841729">
      <ele>2362.940460</ele>
      <time>2016-10-19T17:21:14Z</time>
    </trkpt>
    <trkpt lat="28.439516" lon="83.841667">
      <ele>2362.348779</ele>
      <time>2016-10-19T17:21:25Z</time>
    </trkpt>
    <trkpt lat="28.439443" lon="83.841600">
      <ele>2361.901736</ele>
      <time>2016-10-19T17:21:34Z</time>
    </trkpt>
    <trkpt lat="28.439367" lon="83.841527">
      <ele>2361.096609</ele>
      <time>2016-10-19T17:21:42Z</time>
    </trkpt>
    <trkpt lat="28.439295" lon="83.841453">
      <ele>2360.325682</ele>
      <time>2016-10-19T17:21:51Z</time>
    </trkpt>
    <trkpt lat="28.439221" lon="83.841386">
      <ele>2359.606817</ele>
      <time>2016-10-19T17:21:57Z</time>
    </trkpt>
    <trkpt lat="28.439149" lon="83.841315">
      <ele>2358.914572</ele>
      <time>2016-10-19T17:22:08Z</time>
    </trkpt>
    <trkpt lat="28.439074" lon="83.841242">
      <ele>2358.118469</ele>
      <time>2016-10-19T17:22:20Z</time>
    </trkpt>
    <trkpt lat="28.439012" lon="83.841156">
      <ele>2357.338203</ele>
      <time>2016-10-19T17:22:28Z</time>
    </trkpt>
    <trkpt lat="28.438962" lon="83.841057">
      <ele>2356.581521</ele>
      <time>2016-10-19T17:22:36Z</time>
    </trkpt>
    <trkpt lat="28.438911" lon="83.840957">
      <ele>2355.890172</ele>
      <time>2016-10-19T17:22:44Z</time>
    </trkpt>
    <trkpt lat="28.438850" lon="83.840865">
      <ele>2355.075516</ele>
      <time>2016-10-19T17:22:49Z</time>
    </trkpt>
    <trkpt lat="28.438781" lon="83.840781">
      <ele>2354.319065</ele>
      <time>2016-10-19T17:22:55Z</time>
    </trkpt>
    <trkpt lat="28.438704" lon="83.840717">
      <ele>2353.695976</ele>
      <time>2016-10-19T17:23:02Z</time>
    </trkpt>
    <trkpt lat="28.438628" lon="83.840653">
      <ele>2353.213897</ele>
      <time>2016-10-19T17:23:11Z</time>
    </trkpt>
    <trkpt lat="28.438545" lon="83.840614">
      <ele>2352.772554</ele>
      <time>2016-10-19T17:23:26Z</time>
    </trkpt>
    <trkpt lat="28.438457" lon="83.840581">
      <ele>2352.556802</ele>
      <time>2016-10-19T17:23:36Z</time>
    </trkpt>
    <trkpt lat="28.438369" lon="83.840550">
      <ele>2352.489772</ele>
      <time>2016-10-19T17:23:44Z</time>
    </trkpt>
    <trkpt lat="28.438287" lon="83.840496">
      <ele>2352.559591</ele>
      <time>2016-10-19T17:23:54Z</time>
    </trkpt>
    <trkpt lat="28.438217" lon="83.840424">
      <ele>2352.634031</ele>
      <time>2016-10-19T17:24:07Z</time>
    </trkpt>
    <trkpt lat="28.438159" lon="83.840342">
      <ele>2352.660244</ele>
      <time>2016-10-19T17:24:18Z</time>
    </trkpt>
    <trkpt lat="28.438104" lon="83.840256">
      <ele>2352.603645</ele>
      <time>2016-10-19T17:24:24Z</time>
    </trkpt>
    <trkpt lat="28.438047" lon="83.840172">
      <ele>2352.611279</ele>
      <time>2016-10-19T17:24:31Z</time>
    </trkpt>
    <trkpt lat="28.437973" lon="83.840112">
      <ele>2352.385686</ele>
      <time>2016-10-19T17:24:37Z</time>
    </trkpt>
    <trkpt lat="28.437891" lon="83.840070">
      <ele>2351.824437</ele>
      <time>2016-10-19T17:24:48Z</time>
    </trkpt>
    <trkpt lat="28.437808" lon="83.840029">
      <ele>2351.342731</ele>
      <time>2016-10-19T17:24:58Z</time>
    </trkpt>
    <trkpt lat="28.437749" lon="83.839961">
      <ele>2350.784172</ele>
      <time>2016-10-19T17:25:10Z</time>
    </trkpt>
    <trkpt lat="28.437696" lon="83.839870">
      <ele>2350.284263</ele>
      <time>2016-10-19T17:25:20Z</time>
    </trkpt>
    <trkpt lat="28.437653" lon="83.839771">
      <ele>2349.812135</ele>
      <time>2016-10-19T17:25:30Z</time>
    </trkpt>
    <trkpt lat="28.437597" lon="83.839680">
      <ele>2349.499298</ele>
      <time>2016-10-19T17:25:37Z</time>
    </trkpt>
    <trkpt lat="28.437541" lon="83.839591">
      <ele>2348.395532</ele>
      <time>2016-10-19T17:25:46Z</time>
    </trkpt>
    <trkpt lat="28.437479" lon="83.839504">
      <ele>2348.014660</ele>
      <time>2016-10-19T17:25:55Z</time>
    </trkpt>
    <trkpt lat="28.437414" lon="83.839419">
      <ele>2347.079699</ele>
      <time>2016-10-19T17:26:04Z</time>
    </trkpt>
    <trkpt lat="28.437347" lon="83.839342">
      <ele>2345.699066</ele>
      <time>2016-10-19T17:26:14Z</time>
    </trkpt>
    <trkpt lat="28.437276" lon="83.839266">
      <ele>2344.892198</ele>
      <time>2016-10-19T17:26:21Z</time>
    </trkpt>
    <trkpt lat="28.437206" lon="83.839192">
      <ele>2344.376054</ele>
      <time>2016-10-19T17:26:28Z</time>
    </trkpt>
    <trkpt lat="28.437136" lon="83.839125">
      <ele>2344.073224</ele>
      <time>2016-10-19T17:26:35Z</time>
    </trkpt>
    <trkpt lat="28.437059" lon="83.839093">
      <ele>2343.647605</ele>
      <time>2016-10-19T17:26:52Z</time>
    </trkpt>
    <trkpt lat="28.436973" lon="83.839073">
      <ele>2343.051231</ele>
      <time>2016-10-19T17:27:09Z</time>
    </trkpt>
    <trkpt lat="28.436886" lon="83.839050">
      <ele>2342.292356</ele>
      <time>2016-10-19T17:27:34Z</time>
    </trkpt>
    <trkpt lat="28.436809" lon="83.838986">
      <ele>2341.606448</ele>
      <time>2016-10-19T17:27:41Z</time>
    </trkpt>
    <trkpt lat="28.436736" lon="83.838914">
      <ele>2341.131758</ele>
      <time>2016-10-19T17:27:49Z</time>
    </trkpt>
    <trkpt lat="28.436669" lon="83.838834">
      <ele>2340.814188</ele>
      <time>2016-10-19T17:27:55Z</time>
    </trkpt>
    <trkpt lat="28.436603" lon="83.838757">
      <ele>2340.602373</ele>
      <time>2016-10-19T17:28:02Z</time>
    </trkpt>
    <trkpt lat="28.436540" lon="83.838680">
      <ele>2340.100222</ele>
      <time>2016-10-19T17:28:22Z</time>
    </trkpt>
    <trkpt lat="28.436471" lon="83.838610">
      <ele>2339.949924</ele>
      <time>2016-10-19T17:28:29Z</time>
    </trkpt>
    <trkpt lat="28.436399" lon="83.838546">
      <ele>2339.483272</ele>
      <time>2016-10-19T17:28:37Z</time>
    </trkpt>
    <trkpt lat="28.436320" lon="83.838496">
      <ele>2338.879022</ele>
      <time>2016-10-19T17:28:45Z</time>
    </trkpt>
    <trkpt lat="28.436234" lon="83.838467">
      <ele>2338.382049</ele>
      <time>2016-10-19T17:28:52Z</time>
    </trkpt>
    <trkpt lat="28.436139" lon="83.838456">
      <ele>2338.017188</ele>
      <time>2016-10-19T17:29:00Z</time>
    </trkpt>
    <trkpt lat="28.436040" lon="83.838452">
      <ele>2337.752074</ele>
      <time>2016-10-19T17:29:08Z</time>
    </trkpt>
    <trkpt lat="28.435946" lon="83.838454">
      <ele>2337.360231</ele>
      <time>2016-10-19T17:29:23Z</time>
    </trkpt>
    <trkpt lat="28.435853" lon="83.838456">
      <ele>2337.018433</ele>
      <time>2016-10-19T17:29:37Z</time>
    </trkpt>
    <trkpt lat="28.435759" lon="83.838451">
      <ele>2336.524738</ele>
      <time>2016-10-19T17:29:46Z</time>
    </trkpt>
    <trkpt lat="28.435664" lon="83.838436">
      <ele>2336.145106</ele>
      <time>2016-10-19T17:30:06Z</time>
    </trkpt>
    <trkpt lat="28.435569" lon="83.838420">
      <ele>2335.744676</ele>
      <time>2016-10-19T17:30:13Z</time>
    </trkpt>
    <trkpt lat="28.435475" lon="83.838414">
      <ele>2335.428278</ele>
      <time>2016-10-19T17:30:20Z</time>
    </trkpt>
    <trkpt lat="28.435378" lon="83.838409">
      <ele>2335.409822</ele>
      <time>2016-10-19T17:30:27Z</time>
    </trkpt>
    <trkpt lat="28.435282" lon="83.838403">
      <ele>2335.416038</ele>
      <time>2016-10-19T17:30:37Z</time>
    </trkpt>
    <trkpt lat="28.435185" lon="83.838396">
      <ele>2335.409344</ele>
      <time>2016-10-19T17:30:44Z</time>
    </trkpt>
    <trkpt lat="28.435089" lon="83.838382">
      <ele>2335.334791</ele>
      <time>2016-10-19T17:30:53Z</time>
    </trkpt>
    <trkpt lat="28.434994" lon="83.838377">
      <ele>2335.297069</ele>
      <time>2016-10-19T17:31:05Z</time>
    </trkpt>
    <trkpt lat="28.434901" lon="83.838373">
      <ele>2335.288921</ele>
      <time>2016-10-19T17:31:32Z</time>
    </trkpt>
    <trkpt lat="28.434809" lon="83.838375">
      <ele>2335.371714</ele>
      <time>2016-10-19T17:31:43Z</time>
    </trkpt>
    <trkpt lat="28.434726" lon="83.838401">
      <ele>2335.487682</ele>
      <time>2016-10-19T17:31:52Z</time>
    </trkpt>
    <trkpt lat="28.434653" lon="83.838455">
      <ele>2339.354897</ele>
      <time>2016-10-19T17:32:30Z</time>
      <extensions>
        <pause>start</pause>
        <type>manual</type>
      </extensions>
    </trkpt>
    <trkpt lat="28.434617" lon="83.838458">
      <ele>2339.980176</ele>
      <time>2016-10-19T17:32:37Z</time>
      <extensions>
        <pause>end</pause>
        <type>manual</type>
      </extensions>
    </trkpt>
    <trkpt lat="28.434617" lon="83.838458">
      <ele>0.000000</ele>
      <time>2016-10-19T17:32:51Z</time>
      <extensions>
        <pause>start</pause>
        <type>manual</type>
      </extensions>
    </trkpt>
    <trkpt lat="28.434645" lon="83.838380">
      <ele>2348.351219</ele>
      <time>2016-10-19T17:56:11Z</time>
      <extensions>
        <pause>end</pause>
        <type>manual</type>
      </extensions>
    </trkpt>
    <trkpt lat="28.434649" lon="83.838286">
      <ele>2336.935071</ele>
      <time>2016-10-19T17:57:04Z</time>
    </trkpt>
    <trkpt lat="28.434630" lon="83.838195">
      <ele>2337.265623</ele>
      <time>2016-10-19T17:57:23Z</time>
    </trkpt>
    <trkpt lat="28.434597" lon="83.838101">
      <ele>2337.625562</ele>
      <time>2016-10-19T17:57:32Z</time>
    </trkpt>
    <trkpt lat="28.434582" lon="83.838008">
      <ele>2338.024442</ele>
      <time>2016-10-19T17:57:39Z</time>
    </trkpt>
    <trkpt lat="28.434574" lon="83.837911">
      <ele>2339.258577</ele>
      <time>2016-10-19T17:57:47Z</time>
    </trkpt>
    <trkpt lat="28.434565" lon="83.837813">
      <ele>2339.990718</ele>
      <time>2016-10-19T17:57:56Z</time>
    </trkpt>
    <trkpt lat="28.434535" lon="83.837718">
      <ele>2340.280119</ele>
      <time>2016-10-19T17:58:06Z</time>
    </trkpt>
    <trkpt lat="28.434512" lon="83.837619">
      <ele>2340.051098</ele>
      <time>2016-10-19T17:58:14Z</time>
    </trkpt>
    <trkpt lat="28.434487" lon="83.837521">
      <ele>2339.442911</ele>
      <time>2016-10-19T17:58:27Z</time>
    </trkpt>
    <trkpt lat="28.434448" lon="83.837428">
      <ele>2338.490724</ele>
      <time>2016-10-19T17:58:39Z</time>
    </trkpt>
    <trkpt lat="28.434405" lon="83.837337">
      <ele>2337.210861</ele>
      <time>2016-10-19T17:58:51Z</time>
    </trkpt>
    <trkpt lat="28.434352" lon="83.837249">
      <ele>2335.625237</ele>
      <time>2016-10-19T17:59:04Z</time>
    </trkpt>
    <trkpt lat="28.434290" lon="83.837178">
      <ele>2333.882754</ele>
      <time>2016-10-19T17:59:16Z</time>
    </trkpt>
    <trkpt lat="28.434218" lon="83.837110">
      <ele>2331.877756</ele>
      <time>2016-10-19T17:59:30Z</time>
    </trkpt>
    <trkpt lat="28.434155" lon="83.837032">
      <ele>2329.007009</ele>
      <time>2016-10-19T17:59:40Z</time>
    </trkpt>
    <trkpt lat="28.434115" lon="83.836930">
      <ele>2326.586842</ele>
      <time>2016-10-19T17:59:49Z</time>
    </trkpt>
    <trkpt lat="28.434097" lon="83.836826">
      <ele>2323.687252</ele>
      <time>2016-10-19T17:59:57Z</time>
    </trkpt>
    <trkpt lat="28.434087" lon="83.836727">
      <ele>2322.633148</ele>
      <time>2016-10-19T18:00:11Z</time>
    </trkpt>
    <trkpt lat="28.434065" lon="83.836644">
      <ele>2320.877552</ele>
      <time>2016-10-19T18:00:25Z</time>
    </trkpt>
    <trkpt lat="28.434028" lon="83.836561">
      <ele>2319.269478</ele>
      <time>2016-10-19T18:00:41Z</time>
    </trkpt>
    <trkpt lat="28.433980" lon="83.836478">
      <ele>2317.882444</ele>
      <time>2016-10-19T18:00:51Z</time>
    </trkpt>
    <trkpt lat="28.433939" lon="83.836388">
      <ele>2316.821115</ele>
      <time>2016-10-19T18:01:01Z</time>
    </trkpt>
    <trkpt lat="28.433891" lon="83.836305">
      <ele>2315.526580</ele>
      <time>2016-10-19T18:01:20Z</time>
    </trkpt>
    <trkpt lat="28.433842" lon="83.836224">
      <ele>2314.024040</ele>
      <time>2016-10-19T18:01:40Z</time>
    </trkpt>
    <trkpt lat="28.433790" lon="83.836141">
      <ele>2312.230500</ele>
      <time>2016-10-19T18:01:55Z</time>
    </trkpt>
    <trkpt lat="28.433735" lon="83.836062">
      <ele>2310.210537</ele>
      <time>2016-10-19T18:02:12Z</time>
    </trkpt>
    <trkpt lat="28.433679" lon="83.835984">
      <ele>2308.129811</ele>
      <time>2016-10-19T18:02:27Z</time>
    </trkpt>
    <trkpt lat="28.433617" lon="83.835915">
      <ele>2305.763801</ele>
      <time>2016-10-19T18:02:44Z</time>
    </trkpt>
    <trkpt lat="28.433548" lon="83.835852">
      <ele>2303.298461</ele>
      <time>2016-10-19T18:02:59Z</time>
    </trkpt>
    <trkpt lat="28.433479" lon="83.835785">
      <ele>2300.481520</ele>
      <time>2016-10-19T18:03:15Z</time>
    </trkpt>
    <trkpt lat="28.433419" lon="83.835711">
      <ele>2297.262512</ele>
      <time>2016-10-19T18:03:28Z</time>
    </trkpt>
    <trkpt lat="28.433372" lon="83.835627">
      <ele>2293.696692</ele>
      <time>2016-10-19T18:03:44Z</time>
    </trkpt>
    <trkpt lat="28.433323" lon="83.835549">
      <ele>2290.104469</ele>
      <time>2016-10-19T18:04:01Z</time>
    </trkpt>
    <trkpt lat="28.433274" lon="83.835470">
      <ele>2286.525126</ele>
      <time>2016-10-19T18:04:19Z</time>
    </trkpt>
    <trkpt lat="28.433214" lon="83.835403">
      <ele>2283.046994</ele>
      <time>2016-10-19T18:04:36Z</time>
    </trkpt>
    <trkpt lat="28.433149" lon="83.835340">
      <ele>2279.632542</ele>
      <time>2016-10-19T18:04:49Z</time>
    </trkpt>
    <trkpt lat="28.433073" lon="83.835285">
      <ele>2275.986732</ele>
      <time>2016-10-19T18:05:00Z</time>
    </trkpt>
    <trkpt lat="28.433006" lon="83.835215">
      <ele>2272.326816</ele>
      <time>2016-10-19T18:05:12Z</time>
    </trkpt>
    <trkpt lat="28.432944" lon="83.835138">
      <ele>2268.404260</ele>
      <time>2016-10-19T18:05:22Z</time>
    </trkpt>
    <trkpt lat="28.432900" lon="83.835051">
      <ele>2264.575287</ele>
      <time>2016-10-19T18:05:32Z</time>
    </trkpt>
    <trkpt lat="28.432850" lon="83.834969">
      <ele>2260.924333</ele>
      <time>2016-10-19T18:05:55Z</time>
    </trkpt>
    <trkpt lat="28.432788" lon="83.834897">
      <ele>2256.016283</ele>
      <time>2016-10-19T18:06:06Z</time>
    </trkpt>
    <trkpt lat="28.432718" lon="83.834827">
      <ele>2252.998367</ele>
      <time>2016-10-19T18:06:17Z</time>
    </trkpt>
    <trkpt lat="28.432657" lon="83.834754">
      <ele>2250.157471</ele>
      <time>2016-10-19T18:06:28Z</time>
    </trkpt>
    <trkpt lat="28.432610" lon="83.834667">
      <ele>2247.161410</ele>
      <time>2016-10-19T18:06:41Z</time>
    </trkpt>
    <trkpt lat="28.432578" lon="83.834574">
      <ele>2244.279220</ele>
      <time>2016-10-19T18:06:54Z</time>
    </trkpt>
    <trkpt lat="28.432563" lon="83.834478">
      <ele>2241.678357</ele>
      <time>2016-10-19T18:07:03Z</time>
    </trkpt>
    <trkpt lat="28.432565" lon="83.834378">
      <ele>2239.323731</ele>
      <time>2016-10-19T18:07:13Z</time>
    </trkpt>
    <trkpt lat="28.432550" lon="83.834291">
      <ele>2237.134303</ele>
      <time>2016-10-19T18:07:30Z</time>
    </trkpt>
    <trkpt lat="28.432517" lon="83.834207">
      <ele>2236.094166</ele>
      <time>2016-10-19T18:07:49Z</time>
    </trkpt>
    <trkpt lat="28.432461" lon="83.834139">
      <ele>2233.989831</ele>
      <time>2016-10-19T18:08:06Z</time>
    </trkpt>
    <trkpt lat="28.432406" lon="83.834064">
      <ele>2231.903858</ele>
      <time>2016-10-19T18:08:28Z</time>
    </trkpt>
    <trkpt lat="28.432360" lon="83.833983">
      <ele>2229.728497</ele>
      <time>2016-10-19T18:08:44Z</time>
    </trkpt>
    <trkpt lat="28.432324" lon="83.833890">
      <ele>2227.482420</ele>
      <time>2016-10-19T18:08:58Z</time>
    </trkpt>
    <trkpt lat="28.432296" lon="83.833792">
      <ele>2224.948121</ele>
      <time>2016-10-19T18:09:12Z</time>
    </trkpt>
    <trkpt lat="28.432260" lon="83.833698">
      <ele>2222.335072</ele>
      <time>2016-10-19T18:09:29Z</time>
    </trkpt>
    <trkpt lat="28.432227" lon="83.833600">
      <ele>2219.439203</ele>
      <time>2016-10-19T18:09:40Z</time>
    </trkpt>
    <trkpt lat="28.432193" lon="83.833502">
      <ele>2216.304406</ele>
      <time>2016-10-19T18:09:51Z</time>
    </trkpt>
    <trkpt lat="28.432162" lon="83.833402">
      <ele>2213.328252</ele>
      <time>2016-10-19T18:10:00Z</time>
    </trkpt>
    <trkpt lat="28.432120" lon="83.833305">
      <ele>2210.300303</ele>
      <time>2016-10-19T18:10:08Z</time>
    </trkpt>
    <trkpt lat="28.432072" lon="83.833212">
      <ele>2207.083382</ele>
      <time>2016-10-19T18:10:19Z</time>
    </trkpt>
    <trkpt lat="28.432031" lon="83.833116">
      <ele>2203.867599</ele>
      <time>2016-10-19T18:10:30Z</time>
    </trkpt>
    <trkpt lat="28.431995" lon="83.833021">
      <ele>2200.605073</ele>
      <time>2016-10-19T18:10:40Z</time>
    </trkpt>
    <trkpt lat="28.431952" lon="83.832934">
      <ele>2197.437843</ele>
      <time>2016-10-19T18:10:53Z</time>
    </trkpt>
    <trkpt lat="28.431899" lon="83.832851">
      <ele>2194.721272</ele>
      <time>2016-10-19T18:11:06Z</time>
    </trkpt>
    <trkpt lat="28.431863" lon="83.832763">
      <ele>2192.237518</ele>
      <time>2016-10-19T18:11:18Z</time>
    </trkpt>
    <trkpt lat="28.431821" lon="83.832692">
      <ele>2190.047460</ele>
      <time>2016-10-19T18:11:33Z</time>
    </trkpt>
    <trkpt lat="28.431760" lon="83.832641">
      <ele>2188.123596</ele>
      <time>2016-10-19T18:11:43Z</time>
    </trkpt>
    <trkpt lat="28.431678" lon="83.832602">
      <ele>2185.969022</ele>
      <time>2016-10-19T18:11:54Z</time>
    </trkpt>
    <trkpt lat="28.431603" lon="83.832543">
      <ele>2183.929394</ele>
      <time>2016-10-19T18:12:05Z</time>
    </trkpt>
    <trkpt lat="28.431529" lon="83.832482">
      <ele>2181.381251</ele>
      <time>2016-10-19T18:12:19Z</time>
    </trkpt>
    <trkpt lat="28.431458" lon="83.832412">
      <ele>2179.837926</ele>
      <time>2016-10-19T18:12:29Z</time>
    </trkpt>
    <trkpt lat="28.431398" lon="83.832336">
      <ele>2178.486411</ele>
      <time>2016-10-19T18:12:41Z</time>
    </trkpt>
    <trkpt lat="28.431336" lon="83.832258">
      <ele>2177.072710</ele>
      <time>2016-10-19T18:12:52Z</time>
    </trkpt>
    <trkpt lat="28.431270" lon="83.832185">
      <ele>2176.244701</ele>
      <time>2016-10-19T18:13:03Z</time>
    </trkpt>
    <trkpt lat="28.431192" lon="83.832119">
      <ele>2174.282245</ele>
      <time>2016-10-19T18:13:17Z</time>
    </trkpt>
    <trkpt lat="28.431120" lon="83.832047">
      <ele>2173.507006</ele>
      <time>2016-10-19T18:13:30Z</time>
    </trkpt>
    <trkpt lat="28.431046" lon="83.831982">
      <ele>2172.228971</ele>
      <time>2016-10-19T18:13:43Z</time>
    </trkpt>
    <trkpt lat="28.430972" lon="83.831920">
      <ele>2171.283683</ele>
      <time>2016-10-19T18:14:02Z</time>
    </trkpt>
    <trkpt lat="28.430903" lon="83.831851">
      <ele>2170.483481</ele>
      <time>2016-10-19T18:14:15Z</time>
    </trkpt>
    <trkpt lat="28.430838" lon="83.831776">
      <ele>2169.656051</ele>
      <time>2016-10-19T18:14:26Z</time>
    </trkpt>
    <trkpt lat="28.430775" lon="83.831698">
      <ele>2168.874378</ele>
      <time>2016-10-19T18:14:38Z</time>
    </trkpt>
    <trkpt lat="28.430703" lon="83.831631">
      <ele>2167.850065</ele>
      <time>2016-10-19T18:14:54Z</time>
    </trkpt>
    <trkpt lat="28.430629" lon="83.831565">
      <ele>2166.565313</ele>
      <time>2016-10-19T18:15:07Z</time>
    </trkpt>
    <trkpt lat="28.430552" lon="83.831505">
      <ele>2165.182608</ele>
      <time>2016-10-19T18:15:19Z</time>
    </trkpt>
    <trkpt lat="28.430482" lon="83.831438">
      <ele>2162.979709</ele>
      <time>2016-10-19T18:15:30Z</time>
    </trkpt>
    <trkpt lat="28.430419" lon="83.831365">
      <ele>2161.432642</ele>
      <time>2016-10-19T18:15:39Z</time>
    </trkpt>
    <trkpt lat="28.430357" lon="83.831288">
      <ele>2159.835776</ele>
      <time>2016-10-19T18:15:49Z</time>
    </trkpt>
    <trkpt lat="28.430288" lon="83.831219">
      <ele>2157.993333</ele>
      <time>2016-10-19T18:16:02Z</time>
    </trkpt>
    <trkpt lat="28.430219" lon="83.831150">
      <ele>2156.177034</ele>
      <time>2016-10-19T18:16:16Z</time>
    </trkpt>
    <trkpt lat="28.430147" lon="83.831088">
      <ele>2154.352708</ele>
      <time>2016-10-19T18:16:24Z</time>
    </trkpt>
    <trkpt lat="28.430077" lon="83.831032">
      <ele>2152.668508</ele>
      <time>2016-10-19T18:16:45Z</time>
    </trkpt>
    <trkpt lat="28.430004" lon="83.830981">
      <ele>2151.016231</ele>
      <time>2016-10-19T18:17:03Z</time>
    </trkpt>
    <trkpt lat="28.429927" lon="83.830941">
      <ele>2150.189199</ele>
      <time>2016-10-19T18:17:19Z</time>
    </trkpt>
    <trkpt lat="28.429845" lon="83.830906">
      <ele>2148.781678</ele>
      <time>2016-10-19T18:17:38Z</time>
    </trkpt>
    <trkpt lat="28.429753" lon="83.830888">
      <ele>2147.486490</ele>
      <time>2016-10-19T18:17:49Z</time>
    </trkpt>
    <trkpt lat="28.429661" lon="83.830873">
      <ele>2145.884355</ele>
      <time>2016-10-19T18:17:58Z</time>
    </trkpt>
    <trkpt lat="28.429578" lon="83.830840">
      <ele>2144.127857</ele>
      <time>2016-10-19T18:18:14Z</time>
    </trkpt>
    <trkpt lat="28.429503" lon="83.830793">
      <ele>2142.083146</ele>
      <time>2016-10-19T18:18:28Z</time>
    </trkpt>
    <trkpt lat="28.429433" lon="83.830727">
      <ele>2139.995599</ele>
      <time>2016-10-19T18:18:42Z</time>
    </trkpt>
    <trkpt lat="28.429355" lon="83.830672">
      <ele>2137.803024</ele>
      <time>2016-10-19T18:18:57Z</time>
    </trkpt>
    <trkpt lat="28.429273" lon="83.830626">
      <ele>2135.603133</ele>
      <time>2016-10-19T18:19:07Z</time>
    </trkpt>
    <trkpt lat="28.429188" lon="83.830589">
      <ele>2133.180853</ele>
      <time>2016-10-19T18:19:17Z</time>
    </trkpt>
    <trkpt lat="28.429104" lon="83.830562">
      <ele>2130.758041</ele>
      <time>2016-10-19T18:19:41Z</time>
    </trkpt>
    <trkpt lat="28.429015" lon="83.830535">
      <ele>2128.330393</ele>
      <time>2016-10-19T18:20:14Z</time>
    </trkpt>
    <trkpt lat="28.428925" lon="83.830511">
      <ele>2125.853689</ele>
      <time>2016-10-19T18:20:27Z</time>
    </trkpt>
    <trkpt lat="28.428835" lon="83.830480">
      <ele>2123.605520</ele>
      <time>2016-10-19T18:20:45Z</time>
    </trkpt>
    <trkpt lat="28.428755" lon="83.830435">
      <ele>2121.629494</ele>
      <time>2016-10-19T18:20:55Z</time>
    </trkpt>
    <trkpt lat="28.428680" lon="83.830381">
      <ele>2119.939696</ele>
      <time>2016-10-19T18:21:03Z</time>
    </trkpt>
    <trkpt lat="28.428599" lon="83.830333">
      <ele>2118.044285</ele>
      <time>2016-10-19T18:21:12Z</time>
    </trkpt>
    <trkpt lat="28.428510" lon="83.830297">
      <ele>2115.996632</ele>
      <time>2016-10-19T18:21:21Z</time>
    </trkpt>
    <trkpt lat="28.428415" lon="83.830268">
      <ele>2112.805840</ele>
      <time>2016-10-19T18:21:30Z</time>
    </trkpt>
    <trkpt lat="28.428324" lon="83.830228">
      <ele>2110.797980</ele>
      <time>2016-10-19T18:21:40Z</time>
    </trkpt>
    <trkpt lat="28.428243" lon="83.830190">
      <ele>2108.786766</ele>
      <time>2016-10-19T18:21:52Z</time>
    </trkpt>
    <trkpt lat="28.428171" lon="83.830158">
      <ele>2107.865154</ele>
      <time>2016-10-19T18:22:34Z</time>
    </trkpt>
    <trkpt lat="28.428125" lon="83.830130">
      <ele>2105.871238</ele>
      <time>2016-10-19T18:25:59Z</time>
    </trkpt>
    <trkpt lat="28.428097" lon="83.830101">
      <ele>2075.024387</ele>
      <time>2016-10-19T18:26:41Z</time>
      <extensions>
        <pause>start</pause>
        <type>auto</type>
      </extensions>
    </trkpt>
    <trkpt lat="28.428100" lon="83.829800">
      <ele>2067.754143</ele>
      <time>2016-10-19T18:28:05Z</time>
      <extensions>
        <pause>end</pause>
        <type>manual</type>
      </extensions>
    </trkpt>
    <trkpt lat="28.428111" lon="83.829684">
      <ele>2098.993788</ele>
      <time>2016-10-19T18:28:57Z</time>
    </trkpt>
    <trkpt lat="28.428128" lon="83.829572">
      <ele>2095.502458</ele>
      <time>2016-10-19T18:29:03Z</time>
    </trkpt>
    <trkpt lat="28.428166" lon="83.829470">
      <ele>2091.627912</ele>
      <time>2016-10-19T18:29:11Z</time>
    </trkpt>
    <trkpt lat="28.428208" lon="83.829366">
      <ele>2088.061041</ele>
      <time>2016-10-19T18:29:20Z</time>
    </trkpt>
    <trkpt lat="28.428246" lon="83.829265">
      <ele>2084.384872</ele>
      <time>2016-10-19T18:29:29Z</time>
    </trkpt>
    <trkpt lat="28.428271" lon="83.829166">
      <ele>2080.719775</ele>
      <time>2016-10-19T18:29:38Z</time>
    </trkpt>
    <trkpt lat="28.428303" lon="83.829076">
      <ele>2077.073797</ele>
      <time>2016-10-19T18:29:46Z</time>
    </trkpt>
    <trkpt lat="28.428356" lon="83.829000">
      <ele>2073.463075</ele>
      <time>2016-10-19T18:31:34Z</time>
    </trkpt>
    <trkpt lat="28.428417" lon="83.828930">
      <ele>2069.856153</ele>
      <time>2016-10-19T18:31:54Z</time>
    </trkpt>
    <trkpt lat="28.428462" lon="83.828854">
      <ele>2068.751051</ele>
      <time>2016-10-19T18:32:14Z</time>
    </trkpt>
    <trkpt lat="28.428476" lon="83.828766">
      <ele>2065.805340</ele>
      <time>2016-10-19T18:32:37Z</time>
    </trkpt>
    <trkpt lat="28.428489" lon="83.828675">
      <ele>2063.383916</ele>
      <time>2016-10-19T18:33:05Z</time>
    </trkpt>
    <trkpt lat="28.428502" lon="83.828581">
      <ele>2061.163909</ele>
      <time>2016-10-19T18:33:17Z</time>
    </trkpt>
    <trkpt lat="28.428539" lon="83.828487">
      <ele>2058.595163</ele>
      <time>2016-10-19T18:33:39Z</time>
    </trkpt>
    <trkpt lat="28.428573" lon="83.828391">
      <ele>2056.349274</ele>
      <time>2016-10-19T18:33:46Z</time>
    </trkpt>
    <trkpt lat="28.428617" lon="83.828296">
      <ele>2054.670899</ele>
      <time>2016-10-19T18:33:55Z</time>
    </trkpt>
    <trkpt lat="28.428653" lon="83.828197">
      <ele>2053.052607</ele>
      <time>2016-10-19T18:34:04Z</time>
    </trkpt>
    <trkpt lat="28.428697" lon="83.828106">
      <ele>2050.429126</ele>
      <time>2016-10-19T18:34:13Z</time>
    </trkpt>
    <trkpt lat="28.428745" lon="83.828021">
      <ele>2047.875089</ele>
      <time>2016-10-19T18:34:21Z</time>
    </trkpt>
    <trkpt lat="28.428811" lon="83.827946">
      <ele>2045.303487</ele>
      <time>2016-10-19T18:34:28Z</time>
    </trkpt>
    <trkpt lat="28.428879" lon="83.827871">
      <ele>2042.876613</ele>
      <time>2016-10-19T18:34:37Z</time>
    </trkpt>
    <trkpt lat="28.428955" lon="83.827805">
      <ele>2041.380126</ele>
      <time>2016-10-19T18:34:47Z</time>
    </trkpt>
    <trkpt lat="28.429023" lon="83.827733">
      <ele>2038.939659</ele>
      <time>2016-10-19T18:34:55Z</time>
    </trkpt>
    <trkpt lat="28.429084" lon="83.827657">
      <ele>2036.864270</ele>
      <time>2016-10-19T18:35:04Z</time>
    </trkpt>
    <trkpt lat="28.429130" lon="83.827567">
      <ele>2035.248224</ele>
      <time>2016-10-19T18:35:14Z</time>
    </trkpt>
    <trkpt lat="28.429165" lon="83.827470">
      <ele>2034.109523</ele>
      <time>2016-10-19T18:35:26Z</time>
    </trkpt>
    <trkpt lat="28.429189" lon="83.827362">
      <ele>2033.466023</ele>
      <time>2016-10-19T18:35:34Z</time>
    </trkpt>
    <trkpt lat="28.429197" lon="83.827252">
      <ele>2033.104019</ele>
      <time>2016-10-19T18:35:43Z</time>
    </trkpt>
    <trkpt lat="28.429196" lon="83.827142">
      <ele>2032.954120</ele>
      <time>2016-10-19T18:35:54Z</time>
    </trkpt>
    <trkpt lat="28.429180" lon="83.827038">
      <ele>2032.595843</ele>
      <time>2016-10-19T18:36:05Z</time>
    </trkpt>
    <trkpt lat="28.429156" lon="83.826940">
      <ele>2032.345629</ele>
      <time>2016-10-19T18:36:51Z</time>
    </trkpt>
    <trkpt lat="28.429106" lon="83.826861">
      <ele>2032.088097</ele>
      <time>2016-10-19T18:37:04Z</time>
    </trkpt>
    <trkpt lat="28.429055" lon="83.826780">
      <ele>2031.675576</ele>
      <time>2016-10-19T18:37:15Z</time>
    </trkpt>
    <trkpt lat="28.429003" lon="83.826697">
      <ele>2031.023518</ele>
      <time>2016-10-19T18:37:27Z</time>
    </trkpt>
    <trkpt lat="28.428975" lon="83.826597">
      <ele>2030.130528</ele>
      <time>2016-10-19T18:37:39Z</time>
    </trkpt>
    <trkpt lat="28.428938" lon="83.826501">
      <ele>2028.905819</ele>
      <time>2016-10-19T18:37:51Z</time>
    </trkpt>
    <trkpt lat="28.428895" lon="83.826412">
      <ele>2027.518637</ele>
      <time>2016-10-19T18:38:01Z</time>
    </trkpt>
    <trkpt lat="28.428829" lon="83.826344">
      <ele>2025.980524</ele>
      <time>2016-10-19T18:38:11Z</time>
    </trkpt>
    <trkpt lat="28.428747" lon="83.826313">
      <ele>2024.324044</ele>
      <time>2016-10-19T18:38:21Z</time>
    </trkpt>
    <trkpt lat="28.428658" lon="83.826324">
      <ele>2023.389550</ele>
      <time>2016-10-19T18:38:33Z</time>
    </trkpt>
    <trkpt lat="28.428570" lon="83.826364">
      <ele>2021.528548</ele>
      <time>2016-10-19T18:38:42Z</time>
    </trkpt>
    <trkpt lat="28.428484" lon="83.826399">
      <ele>2019.794240</ele>
      <time>2016-10-19T18:38:51Z</time>
    </trkpt>
    <trkpt lat="28.428405" lon="83.826389">
      <ele>2018.180488</ele>
      <time>2016-10-19T18:39:09Z</time>
    </trkpt>
    <trkpt lat="28.428350" lon="83.826327">
      <ele>2016.696277</ele>
      <time>2016-10-19T18:39:30Z</time>
    </trkpt>
    <trkpt lat="28.428327" lon="83.826229">
      <ele>2015.436729</ele>
      <time>2016-10-19T18:39:42Z</time>
    </trkpt>
    <trkpt lat="28.428319" lon="83.826124">
      <ele>2014.343555</ele>
      <time>2016-10-19T18:39:50Z</time>
    </trkpt>
    <trkpt lat="28.428308" lon="83.826022">
      <ele>2013.551450</ele>
      <time>2016-10-19T18:40:05Z</time>
    </trkpt>
    <trkpt lat="28.428279" lon="83.825923">
      <ele>2012.959229</ele>
      <time>2016-10-19T18:40:18Z</time>
    </trkpt>
    <trkpt lat="28.428258" lon="83.825823">
      <ele>2012.717319</ele>
      <time>2016-10-19T18:40:27Z</time>
    </trkpt>
    <trkpt lat="28.428238" lon="83.825721">
      <ele>2012.721347</ele>
      <time>2016-10-19T18:40:41Z</time>
    </trkpt>
    <trkpt lat="28.428228" lon="83.825615">
      <ele>2012.885578</ele>
      <time>2016-10-19T18:40:53Z</time>
    </trkpt>
    <trkpt lat="28.428208" lon="83.825512">
      <ele>2012.771805</ele>
      <time>2016-10-19T18:41:05Z</time>
    </trkpt>
    <trkpt lat="28.428187" lon="83.825411">
      <ele>2012.331696</ele>
      <time>2016-10-19T18:41:16Z</time>
    </trkpt>
    <trkpt lat="28.428168" lon="83.825311">
      <ele>2011.835133</ele>
      <time>2016-10-19T18:41:27Z</time>
    </trkpt>
    <trkpt lat="28.428158" lon="83.825208">
      <ele>2011.097293</ele>
      <time>2016-10-19T18:41:37Z</time>
    </trkpt>
    <trkpt lat="28.428145" lon="83.825108">
      <ele>2010.324569</ele>
      <time>2016-10-19T18:41:47Z</time>
    </trkpt>
    <trkpt lat="28.428132" lon="83.825004">
      <ele>2009.431924</ele>
      <time>2016-10-19T18:42:00Z</time>
    </trkpt>
    <trkpt lat="28.428131" lon="83.824903">
      <ele>2008.280292</ele>
      <time>2016-10-19T18:42:10Z</time>
    </trkpt>
    <trkpt lat="28.428140" lon="83.824801">
      <ele>2006.780787</ele>
      <time>2016-10-19T18:42:21Z</time>
    </trkpt>
    <trkpt lat="28.428138" lon="83.824707">
      <ele>2005.033711</ele>
      <time>2016-10-19T18:42:35Z</time>
    </trkpt>
    <trkpt lat="28.428120" lon="83.824610">
      <ele>2003.153062</ele>
      <time>2016-10-19T18:42:49Z</time>
    </trkpt>
    <trkpt lat="28.428106" lon="83.824511">
      <ele>2001.464265</ele>
      <time>2016-10-19T18:43:01Z</time>
    </trkpt>
    <trkpt lat="28.428141" lon="83.824429">
      <ele>1999.914065</ele>
      <time>2016-10-19T18:43:09Z</time>
    </trkpt>
    <trkpt lat="28.428208" lon="83.824373">
      <ele>1998.375405</ele>
      <time>2016-10-19T18:43:22Z</time>
    </trkpt>
    <trkpt lat="28.428297" lon="83.824329">
      <ele>1996.932623</ele>
      <time>2016-10-19T18:43:36Z</time>
    </trkpt>
    <trkpt lat="28.428376" lon="83.824265">
      <ele>1995.157200</ele>
      <time>2016-10-19T18:43:47Z</time>
    </trkpt>
    <trkpt lat="28.428421" lon="83.824177">
      <ele>1993.295779</ele>
      <time>2016-10-19T18:43:59Z</time>
    </trkpt>
    <trkpt lat="28.428446" lon="83.824077">
      <ele>1991.608177</ele>
      <time>2016-10-19T18:44:14Z</time>
    </trkpt>
    <trkpt lat="28.428444" lon="83.823972">
      <ele>1989.940031</ele>
      <time>2016-10-19T18:44:22Z</time>
    </trkpt>
    <trkpt lat="28.428417" lon="83.823896">
      <ele>1988.269851</ele>
      <time>2016-10-19T18:44:38Z</time>
    </trkpt>
    <trkpt lat="28.428358" lon="83.823837">
      <ele>1986.559448</ele>
      <time>2016-10-19T18:44:53Z</time>
    </trkpt>
    <trkpt lat="28.428296" lon="83.823779">
      <ele>1984.688052</ele>
      <time>2016-10-19T18:45:18Z</time>
    </trkpt>
    <trkpt lat="28.428237" lon="83.823712">
      <ele>1982.804758</ele>
      <time>2016-10-19T18:45:34Z</time>
    </trkpt>
    <trkpt lat="28.428217" lon="83.823634">
      <ele>1981.977404</ele>
      <time>2016-10-19T18:45:55Z</time>
    </trkpt>
    <trkpt lat="28.428226" lon="83.823565">
      <ele>1980.102217</ele>
      <time>2016-10-19T18:46:10Z</time>
    </trkpt>
    <trkpt lat="28.428228" lon="83.823502">
      <ele>1978.192843</ele>
      <time>2016-10-19T18:46:27Z</time>
    </trkpt>
    <trkpt lat="28.428207" lon="83.823436">
      <ele>1977.157173</ele>
      <time>2016-10-19T18:46:39Z</time>
    </trkpt>
    <trkpt lat="28.428172" lon="83.823362">
      <ele>1975.304327</ele>
      <time>2016-10-19T18:47:04Z</time>
    </trkpt>
    <trkpt lat="28.428163" lon="83.823265">
      <ele>1973.372059</ele>
      <time>2016-10-19T18:47:27Z</time>
    </trkpt>
    <trkpt lat="28.428162" lon="83.823166">
      <ele>1971.297040</ele>
      <time>2016-10-19T18:47:40Z</time>
    </trkpt>
    <trkpt lat="28.428167" lon="83.823068">
      <ele>1969.057096</ele>
      <time>2016-10-19T18:47:52Z</time>
    </trkpt>
    <trkpt lat="28.428198" lon="83.822977">
      <ele>1966.696367</ele>
      <time>2016-10-19T18:48:07Z</time>
    </trkpt>
    <trkpt lat="28.428255" lon="83.822900">
      <ele>1964.197453</ele>
      <time>2016-10-19T18:48:19Z</time>
    </trkpt>
    <trkpt lat="28.428318" lon="83.822828">
      <ele>1961.619445</ele>
      <time>2016-10-19T18:48:31Z</time>
    </trkpt>
    <trkpt lat="28.428369" lon="83.822751">
      <ele>1958.905068</ele>
      <time>2016-10-19T18:48:47Z</time>
    </trkpt>
    <trkpt lat="28.428378" lon="83.822672">
      <ele>1955.942749</ele>
      <time>2016-10-19T18:49:03Z</time>
    </trkpt>
    <trkpt lat="28.428352" lon="83.822596">
      <ele>1952.863162</ele>
      <time>2016-10-19T18:49:23Z</time>
    </trkpt>
    <trkpt lat="28.428317" lon="83.822520">
      <ele>1949.745655</ele>
      <time>2016-10-19T18:49:42Z</time>
    </trkpt>
    <trkpt lat="28.428287" lon="83.822438">
      <ele>1946.756409</ele>
      <time>2016-10-19T18:50:03Z</time>
    </trkpt>
    <trkpt lat="28.428249" lon="83.822358">
      <ele>1943.660948</ele>
      <time>2016-10-19T18:50:18Z</time>
    </trkpt>
    <trkpt lat="28.428193" lon="83.822284">
      <ele>1940.485871</ele>
      <time>2016-10-19T18:50:31Z</time>
    </trkpt>
    <trkpt lat="28.428158" lon="83.822204">
      <ele>1936.950980</ele>
      <time>2016-10-19T18:50:41Z</time>
    </trkpt>
    <trkpt lat="28.428159" lon="83.822113">
      <ele>1933.237679</ele>
      <time>2016-10-19T18:50:55Z</time>
    </trkpt>
    <trkpt lat="28.428168" lon="83.822012">
      <ele>1929.343731</ele>
      <time>2016-10-19T18:51:09Z</time>
    </trkpt>
    <trkpt lat="28.428191" lon="83.821920">
      <ele>1923.627537</ele>
      <time>2016-10-19T18:51:18Z</time>
    </trkpt>
    <trkpt lat="28.428192" lon="83.821822">
      <ele>1919.636269</ele>
      <time>2016-10-19T18:51:33Z</time>
    </trkpt>
    <trkpt lat="28.428190" lon="83.821727">
      <ele>1915.736603</ele>
      <time>2016-10-19T18:51:47Z</time>
    </trkpt>
    <trkpt lat="28.428147" lon="83.821628">
      <ele>1910.021141</ele>
      <time>2016-10-19T18:51:55Z</time>
    </trkpt>
    <trkpt lat="28.428094" lon="83.821537">
      <ele>1906.321682</ele>
      <time>2016-10-19T18:52:03Z</time>
    </trkpt>
    <trkpt lat="28.428043" lon="83.821446">
      <ele>1902.865066</ele>
      <time>2016-10-19T18:52:12Z</time>
    </trkpt>
    <trkpt lat="28.427994" lon="83.821354">
      <ele>1899.784305</ele>
      <time>2016-10-19T18:52:22Z</time>
    </trkpt>
    <trkpt lat="28.427948" lon="83.821254">
      <ele>1897.174161</ele>
      <time>2016-10-19T18:52:33Z</time>
    </trkpt>
    <trkpt lat="28.427919" lon="83.821148">
      <ele>1895.028114</ele>
      <time>2016-10-19T18:52:46Z</time>
    </trkpt>
    <trkpt lat="28.427877" lon="83.821078">
      <ele>1893.301399</ele>
      <time>2016-10-19T18:52:59Z</time>
    </trkpt>
    <trkpt lat="28.427827" lon="83.821067">
      <ele>1891.936523</ele>
      <time>2016-10-19T18:53:27Z</time>
    </trkpt>
    <trkpt lat="28.427757" lon="83.821077">
      <ele>1890.897107</ele>
      <time>2016-10-19T18:53:41Z</time>
    </trkpt>
    <trkpt lat="28.427704" lon="83.821051">
      <ele>1890.518468</ele>
      <time>2016-10-19T18:54:19Z</time>
    </trkpt>
    <trkpt lat="28.427657" lon="83.820974">
      <ele>1889.305570</ele>
      <time>2016-10-19T18:55:04Z</time>
    </trkpt>
    <trkpt lat="28.427637" lon="83.820884">
      <ele>1888.697876</ele>
      <time>2016-10-19T18:55:35Z</time>
    </trkpt>
    <trkpt lat="28.427604" lon="83.820816">
      <ele>1888.744580</ele>
      <time>2016-10-19T18:55:48Z</time>
    </trkpt>
    <trkpt lat="28.427558" lon="83.820780">
      <ele>1888.627468</ele>
      <time>2016-10-19T18:56:13Z</time>
    </trkpt>
    <trkpt lat="28.427487" lon="83.820745">
      <ele>1889.192112</ele>
      <time>2016-10-19T18:56:29Z</time>
    </trkpt>
    <trkpt lat="28.427456" lon="83.820688">
      <ele>1889.994287</ele>
      <time>2016-10-19T18:56:48Z</time>
    </trkpt>
    <trkpt lat="28.427446" lon="83.820593">
      <ele>1890.992962</ele>
      <time>2016-10-19T18:57:01Z</time>
    </trkpt>
    <trkpt lat="28.427453" lon="83.820496">
      <ele>1892.292310</ele>
      <time>2016-10-19T18:57:10Z</time>
    </trkpt>
    <trkpt lat="28.427421" lon="83.820411">
      <ele>1894.043937</ele>
      <time>2016-10-19T18:57:22Z</time>
    </trkpt>
    <trkpt lat="28.427376" lon="83.820329">
      <ele>1895.967407</ele>
      <time>2016-10-19T18:57:30Z</time>
    </trkpt>
    <trkpt lat="28.427301" lon="83.820260">
      <ele>1898.178999</ele>
      <time>2016-10-19T18:57:40Z</time>
    </trkpt>
    <trkpt lat="28.427236" lon="83.820185">
      <ele>1900.586561</ele>
      <time>2016-10-19T18:57:47Z</time>
    </trkpt>
    <trkpt lat="28.427166" lon="83.820118">
      <ele>1903.067334</ele>
      <time>2016-10-19T18:58:02Z</time>
    </trkpt>
    <trkpt lat="28.427095" lon="83.820059">
      <ele>1905.243116</ele>
      <time>2016-10-19T18:58:13Z</time>
    </trkpt>
    <trkpt lat="28.427019" lon="83.819999">
      <ele>1907.150392</ele>
      <time>2016-10-19T18:58:24Z</time>
    </trkpt>
    <trkpt lat="28.426945" lon="83.819935">
      <ele>1908.890800</ele>
      <time>2016-10-19T18:58:36Z</time>
    </trkpt>
    <trkpt lat="28.426903" lon="83.819852">
      <ele>1910.069271</ele>
      <time>2016-10-19T18:58:48Z</time>
    </trkpt>
    <trkpt lat="28.426864" lon="83.819767">
      <ele>1911.475582</ele>
      <time>2016-10-19T18:59:03Z</time>
    </trkpt>
    <trkpt lat="28.426835" lon="83.819676">
      <ele>1912.778616</ele>
      <time>2016-10-19T18:59:13Z</time>
    </trkpt>
    <trkpt lat="28.426788" lon="83.819586">
      <ele>1914.356845</ele>
      <time>2016-10-19T18:59:26Z</time>
    </trkpt>
    <trkpt lat="28.426742" lon="83.819494">
      <ele>1915.286503</ele>
      <time>2016-10-19T18:59:41Z</time>
    </trkpt>
    <trkpt lat="28.426680" lon="83.819433">
      <ele>1916.098291</ele>
      <time>2016-10-19T18:59:52Z</time>
    </trkpt>
    <trkpt lat="28.426607" lon="83.819416">
      <ele>1917.021562</ele>
      <time>2016-10-19T19:00:04Z</time>
    </trkpt>
    <trkpt lat="28.426530" lon="83.819401">
      <ele>1917.974961</ele>
      <time>2016-10-19T19:00:19Z</time>
    </trkpt>
    <trkpt lat="28.426458" lon="83.819365">
      <ele>1919.357544</ele>
      <time>2016-10-19T19:00:28Z</time>
    </trkpt>
    <trkpt lat="28.426390" lon="83.819292">
      <ele>1922.031605</ele>
      <time>2016-10-19T19:00:41Z</time>
    </trkpt>
    <trkpt lat="28.426309" lon="83.819236">
      <ele>1924.098755</ele>
      <time>2016-10-19T19:00:51Z</time>
    </trkpt>
    <trkpt lat="28.426225" lon="83.819193">
      <ele>1926.045885</ele>
      <time>2016-10-19T19:01:01Z</time>
    </trkpt>
    <trkpt lat="28.426145" lon="83.819149">
      <ele>1928.075606</ele>
      <time>2016-10-19T19:01:12Z</time>
    </trkpt>
    <trkpt lat="28.426070" lon="83.819096">
      <ele>1929.974435</ele>
      <time>2016-10-19T19:01:25Z</time>
    </trkpt>
    <trkpt lat="28.425995" lon="83.819063">
      <ele>1931.918867</ele>
      <time>2016-10-19T19:01:37Z</time>
    </trkpt>
    <trkpt lat="28.425915" lon="83.819080">
      <ele>1933.782375</ele>
      <time>2016-10-19T19:01:45Z</time>
    </trkpt>
    <trkpt lat="28.425830" lon="83.819126">
      <ele>1935.558401</ele>
      <time>2016-10-19T19:01:52Z</time>
    </trkpt>
    <trkpt lat="28.425748" lon="83.819137">
      <ele>1937.416963</ele>
      <time>2016-10-19T19:02:03Z</time>
    </trkpt>
    <trkpt lat="28.425665" lon="83.819110">
      <ele>1938.315987</ele>
      <time>2016-10-19T19:02:15Z</time>
    </trkpt>
    <trkpt lat="28.425596" lon="83.819045">
      <ele>1939.984550</ele>
      <time>2016-10-19T19:02:26Z</time>
    </trkpt>
    <trkpt lat="28.425524" lon="83.818988">
      <ele>1941.323654</ele>
      <time>2016-10-19T19:02:37Z</time>
    </trkpt>
    <trkpt lat="28.425454" lon="83.818927">
      <ele>1942.504218</ele>
      <time>2016-10-19T19:02:49Z</time>
    </trkpt>
    <trkpt lat="28.425373" lon="83.818882">
      <ele>1943.550679</ele>
      <time>2016-10-19T19:03:11Z</time>
    </trkpt>
    <trkpt lat="28.425291" lon="83.818844">
      <ele>1944.462484</ele>
      <time>2016-10-19T19:03:24Z</time>
    </trkpt>
    <trkpt lat="28.425208" lon="83.818805">
      <ele>1945.560244</ele>
      <time>2016-10-19T19:03:37Z</time>
    </trkpt>
    <trkpt lat="28.425130" lon="83.818760">
      <ele>1947.052320</ele>
      <time>2016-10-19T19:03:49Z</time>
    </trkpt>
    <trkpt lat="28.425059" lon="83.818697">
      <ele>1948.056792</ele>
      <time>2016-10-19T19:04:22Z</time>
    </trkpt>
    <trkpt lat="28.424986" lon="83.818673">
      <ele>1949.125247</ele>
      <time>2016-10-19T19:04:36Z</time>
    </trkpt>
    <trkpt lat="28.424912" lon="83.818650">
      <ele>1949.931606</ele>
      <time>2016-10-19T19:04:49Z</time>
    </trkpt>
    <trkpt lat="28.424836" lon="83.818629">
      <ele>1951.137291</ele>
      <time>2016-10-19T19:05:03Z</time>
    </trkpt>
    <trkpt lat="28.424766" lon="83.818566">
      <ele>1952.570178</ele>
      <time>2016-10-19T19:05:17Z</time>
    </trkpt>
    <trkpt lat="28.424715" lon="83.818486">
      <ele>1954.427957</ele>
      <time>2016-10-19T19:05:35Z</time>
    </trkpt>
    <trkpt lat="28.424668" lon="83.818403">
      <ele>1956.426942</ele>
      <time>2016-10-19T19:05:51Z</time>
    </trkpt>
    <trkpt lat="28.424621" lon="83.818318">
      <ele>1958.430734</ele>
      <time>2016-10-19T19:06:06Z</time>
    </trkpt>
    <trkpt lat="28.424566" lon="83.818239">
      <ele>1960.591697</ele>
      <time>2016-10-19T19:06:22Z</time>
    </trkpt>
    <trkpt lat="28.424505" lon="83.818169">
      <ele>1962.782526</ele>
      <time>2016-10-19T19:06:44Z</time>
    </trkpt>
    <trkpt lat="28.424432" lon="83.818125">
      <ele>1965.168471</ele>
      <time>2016-10-19T19:06:58Z</time>
    </trkpt>
    <trkpt lat="28.424345" lon="83.818117">
      <ele>1967.675787</ele>
      <time>2016-10-19T19:07:11Z</time>
    </trkpt>
    <trkpt lat="28.424252" lon="83.818133">
      <ele>1970.204279</ele>
      <time>2016-10-19T19:07:24Z</time>
    </trkpt>
    <trkpt lat="28.424161" lon="83.818143">
      <ele>1974.077614</ele>
      <time>2016-10-19T19:07:36Z</time>
    </trkpt>
    <trkpt lat="28.424068" lon="83.818133">
      <ele>1976.714289</ele>
      <time>2016-10-19T19:07:46Z</time>
    </trkpt>
    <trkpt lat="28.423982" lon="83.818092">
      <ele>1979.174419</ele>
      <time>2016-10-19T19:07:56Z</time>
    </trkpt>
    <trkpt lat="28.423900" lon="83.818039">
      <ele>1981.616170</ele>
      <time>2016-10-19T19:08:07Z</time>
    </trkpt>
    <trkpt lat="28.423817" lon="83.817995">
      <ele>1984.138968</ele>
      <time>2016-10-19T19:08:19Z</time>
    </trkpt>
    <trkpt lat="28.423729" lon="83.817965">
      <ele>1986.417250</ele>
      <time>2016-10-19T19:08:28Z</time>
    </trkpt>
    <trkpt lat="28.423643" lon="83.817930">
      <ele>1988.504083</ele>
      <time>2016-10-19T19:08:38Z</time>
    </trkpt>
    <trkpt lat="28.423565" lon="83.817879">
      <ele>1990.366890</ele>
      <time>2016-10-19T19:08:51Z</time>
    </trkpt>
    <trkpt lat="28.423497" lon="83.817808">
      <ele>1992.077375</ele>
      <time>2016-10-19T19:09:03Z</time>
    </trkpt>
    <trkpt lat="28.423427" lon="83.817739">
      <ele>1993.823287</ele>
      <time>2016-10-19T19:09:11Z</time>
    </trkpt>
    <trkpt lat="28.423354" lon="83.817705">
      <ele>1995.265902</ele>
      <time>2016-10-19T19:09:20Z</time>
    </trkpt>
    <trkpt lat="28.423272" lon="83.817707">
      <ele>1996.665459</ele>
      <time>2016-10-19T19:09:30Z</time>
    </trkpt>
    <trkpt lat="28.423189" lon="83.817716">
      <ele>1998.126544</ele>
      <time>2016-10-19T19:09:45Z</time>
    </trkpt>
    <trkpt lat="28.423106" lon="83.817713">
      <ele>1999.499528</ele>
      <time>2016-10-19T19:10:04Z</time>
    </trkpt>
    <trkpt lat="28.423023" lon="83.817717">
      <ele>2000.618320</ele>
      <time>2016-10-19T19:10:23Z</time>
    </trkpt>
    <trkpt lat="28.422945" lon="83.817714">
      <ele>2001.681866</ele>
      <time>2016-10-19T19:10:45Z</time>
    </trkpt>
    <trkpt lat="28.422863" lon="83.817708">
      <ele>2002.876091</ele>
      <time>2016-10-19T19:11:11Z</time>
    </trkpt>
    <trkpt lat="28.422782" lon="83.817680">
      <ele>2004.352442</ele>
      <time>2016-10-19T19:11:24Z</time>
    </trkpt>
    <trkpt lat="28.422698" lon="83.817654">
      <ele>2006.079210</ele>
      <time>2016-10-19T19:11:43Z</time>
    </trkpt>
    <trkpt lat="28.422619" lon="83.817610">
      <ele>2008.052942</ele>
      <time>2016-10-19T19:12:01Z</time>
    </trkpt>
    <trkpt lat="28.422540" lon="83.817561">
      <ele>2010.335574</ele>
      <time>2016-10-19T19:12:20Z</time>
    </trkpt>
    <trkpt lat="28.422460" lon="83.817511">
      <ele>2012.999605</ele>
      <time>2016-10-19T19:12:33Z</time>
    </trkpt>
    <trkpt lat="28.422377" lon="83.817466">
      <ele>2015.613948</ele>
      <time>2016-10-19T19:12:48Z</time>
    </trkpt>
    <trkpt lat="28.422294" lon="83.817421">
      <ele>2018.488150</ele>
      <time>2016-10-19T19:13:01Z</time>
    </trkpt>
    <trkpt lat="28.422213" lon="83.817375">
      <ele>2021.747136</ele>
      <time>2016-10-19T19:13:16Z</time>
    </trkpt>
    <trkpt lat="28.422134" lon="83.817326">
      <ele>2025.355291</ele>
      <time>2016-10-19T19:13:36Z</time>
    </trkpt>
    <trkpt lat="28.422063" lon="83.817270">
      <ele>2028.961593</ele>
      <time>2016-10-19T19:13:58Z</time>
    </trkpt>
    <trkpt lat="28.421995" lon="83.817205">
      <ele>2032.436252</ele>
      <time>2016-10-19T19:14:25Z</time>
    </trkpt>
    <trkpt lat="28.421932" lon="83.817134">
      <ele>2035.594942</ele>
      <time>2016-10-19T19:14:45Z</time>
    </trkpt>
    <trkpt lat="28.421861" lon="83.817071">
      <ele>2038.399448</ele>
      <time>2016-10-19T19:15:03Z</time>
    </trkpt>
    <trkpt lat="28.421780" lon="83.817042">
      <ele>2041.159720</ele>
      <time>2016-10-19T19:15:24Z</time>
    </trkpt>
    <trkpt lat="28.421696" lon="83.817052">
      <ele>2043.675740</ele>
      <time>2016-10-19T19:15:36Z</time>
    </trkpt>
    <trkpt lat="28.421616" lon="83.817088">
      <ele>2046.355748</ele>
      <time>2016-10-19T19:15:52Z</time>
    </trkpt>
    <trkpt lat="28.421538" lon="83.817133">
      <ele>2049.008547</ele>
      <time>2016-10-19T19:16:07Z</time>
    </trkpt>
    <trkpt lat="28.421462" lon="83.817174">
      <ele>2051.621988</ele>
      <time>2016-10-19T19:16:25Z</time>
    </trkpt>
    <trkpt lat="28.421388" lon="83.817215">
      <ele>2054.101160</ele>
      <time>2016-10-19T19:16:41Z</time>
    </trkpt>
    <trkpt lat="28.421316" lon="83.817259">
      <ele>2056.542431</ele>
      <time>2016-10-19T19:17:15Z</time>
    </trkpt>
    <trkpt lat="28.421241" lon="83.817303">
      <ele>2059.021062</ele>
      <time>2016-10-19T19:17:41Z</time>
    </trkpt>
    <trkpt lat="28.421160" lon="83.817337">
      <ele>2061.806510</ele>
      <time>2016-10-19T19:18:00Z</time>
    </trkpt>
    <trkpt lat="28.421087" lon="83.817379">
      <ele>2064.743178</ele>
      <time>2016-10-19T19:18:29Z</time>
    </trkpt>
    <trkpt lat="28.421026" lon="83.817436">
      <ele>2067.803904</ele>
      <time>2016-10-19T19:18:55Z</time>
    </trkpt>
    <trkpt lat="28.420976" lon="83.817516">
      <ele>2071.191856</ele>
      <time>2016-10-19T19:19:15Z</time>
    </trkpt>
    <trkpt lat="28.420923" lon="83.817548">
      <ele>2074.479202</ele>
      <time>2016-10-19T19:19:47Z</time>
    </trkpt>
    <trkpt lat="28.420870" lon="83.817523">
      <ele>2076.294404</ele>
      <time>2016-10-19T19:20:06Z</time>
    </trkpt>
    <trkpt lat="28.420803" lon="83.817483">
      <ele>2079.691925</ele>
      <time>2016-10-19T19:20:23Z</time>
    </trkpt>
    <trkpt lat="28.420730" lon="83.817480">
      <ele>2083.168041</ele>
      <time>2016-10-19T19:20:37Z</time>
    </trkpt>
    <trkpt lat="28.420645" lon="83.817519">
      <ele>2086.788844</ele>
      <time>2016-10-19T19:20:52Z</time>
    </trkpt>
    <trkpt lat="28.420558" lon="83.817554">
      <ele>2090.632963</ele>
      <time>2016-10-19T19:21:05Z</time>
    </trkpt>
    <trkpt lat="28.420467" lon="83.817579">
      <ele>2094.508789</ele>
      <time>2016-10-19T19:21:19Z</time>
    </trkpt>
    <trkpt lat="28.420375" lon="83.817593">
      <ele>2098.302924</ele>
      <time>2016-10-19T19:21:28Z</time>
    </trkpt>
    <trkpt lat="28.420285" lon="83.817608">
      <ele>2102.056776</ele>
      <time>2016-10-19T19:22:17Z</time>
    </trkpt>
    <trkpt lat="28.420196" lon="83.817619">
      <ele>2105.675795</ele>
      <time>2016-10-19T19:22:32Z</time>
    </trkpt>
    <trkpt lat="28.420105" lon="83.817626">
      <ele>2108.960004</ele>
      <time>2016-10-19T19:22:48Z</time>
    </trkpt>
    <trkpt lat="28.420017" lon="83.817618">
      <ele>2112.162965</ele>
      <time>2016-10-19T19:23:04Z</time>
    </trkpt>
    <trkpt lat="28.419926" lon="83.817610">
      <ele>2116.822739</ele>
      <time>2016-10-19T19:23:22Z</time>
    </trkpt>
    <trkpt lat="28.419837" lon="83.817610">
      <ele>2119.741223</ele>
      <time>2016-10-19T19:23:43Z</time>
    </trkpt>
    <trkpt lat="28.419748" lon="83.817629">
      <ele>2122.538875</ele>
      <time>2016-10-19T19:24:00Z</time>
    </trkpt>
    <trkpt lat="28.419661" lon="83.817654">
      <ele>2125.401929</ele>
      <time>2016-10-19T19:24:17Z</time>
    </trkpt>
    <trkpt lat="28.419574" lon="83.817670">
      <ele>2128.162204</ele>
      <time>2016-10-19T19:24:33Z</time>
    </trkpt>
    <trkpt lat="28.419491" lon="83.817695">
      <ele>2131.014602</ele>
      <time>2016-10-19T19:24:50Z</time>
    </trkpt>
    <trkpt lat="28.419409" lon="83.817730">
      <ele>2133.874686</ele>
      <time>2016-10-19T19:25:02Z</time>
    </trkpt>
    <trkpt lat="28.419326" lon="83.817765">
      <ele>2138.383489</ele>
      <time>2016-10-19T19:25:13Z</time>
    </trkpt>
    <trkpt lat="28.419245" lon="83.817798">
      <ele>2141.231064</ele>
      <time>2016-10-19T19:25:30Z</time>
    </trkpt>
    <trkpt lat="28.419163" lon="83.817835">
      <ele>2144.242415</ele>
      <time>2016-10-19T19:25:46Z</time>
    </trkpt>
    <trkpt lat="28.419083" lon="83.817884">
      <ele>2147.295252</ele>
      <time>2016-10-19T19:26:01Z</time>
    </trkpt>
    <trkpt lat="28.418996" lon="83.817919">
      <ele>2150.098894</ele>
      <time>2016-10-19T19:26:13Z</time>
    </trkpt>
    <trkpt lat="28.418911" lon="83.817960">
      <ele>2152.927707</ele>
      <time>2016-10-19T19:26:26Z</time>
    </trkpt>
    <trkpt lat="28.418828" lon="83.818001">
      <ele>2155.577327</ele>
      <time>2016-10-19T19:26:40Z</time>
    </trkpt>
    <trkpt lat="28.418747" lon="83.818043">
      <ele>2158.115391</ele>
      <time>2016-10-19T19:26:56Z</time>
    </trkpt>
    <trkpt lat="28.418661" lon="83.818072">
      <ele>2160.423209</ele>
      <time>2016-10-19T19:27:13Z</time>
    </trkpt>
    <trkpt lat="28.418576" lon="83.818102">
      <ele>2162.568059</ele>
      <time>2016-10-19T19:27:31Z</time>
    </trkpt>
    <trkpt lat="28.418497" lon="83.818150">
      <ele>2164.522308</ele>
      <time>2016-10-19T19:27:49Z</time>
    </trkpt>
    <trkpt lat="28.418423" lon="83.818209">
      <ele>2166.433404</ele>
      <time>2016-10-19T19:28:02Z</time>
    </trkpt>
    <trkpt lat="28.418353" lon="83.818252">
      <ele>2167.501940</ele>
      <time>2016-10-19T19:28:18Z</time>
    </trkpt>
    <trkpt lat="28.418278" lon="83.818267">
      <ele>2169.224157</ele>
      <time>2016-10-19T19:28:51Z</time>
    </trkpt>
    <trkpt lat="28.418202" lon="83.818276">
      <ele>2171.157533</ele>
      <time>2016-10-19T19:29:10Z</time>
    </trkpt>
    <trkpt lat="28.418120" lon="83.818293">
      <ele>2173.245890</ele>
      <time>2016-10-19T19:29:25Z</time>
    </trkpt>
    <trkpt lat="28.418059" lon="83.818344">
      <ele>2175.178090</ele>
      <time>2016-10-19T19:29:47Z</time>
    </trkpt>
    <trkpt lat="28.418014" lon="83.818414">
      <ele>2177.208690</ele>
      <time>2016-10-19T19:30:03Z</time>
    </trkpt>
    <trkpt lat="28.417985" lon="83.818512">
      <ele>2211.590731</ele>
      <time>2016-10-19T19:30:44Z</time>
      <extensions>
        <pause>start</pause>
        <type>manual</type>
      </extensions>
    </trkpt>
    <trkpt lat="28.417910" lon="83.818550">
      <ele>2220.862818</ele>
      <time>2016-10-19T19:33:20Z</time>
      <extensions>
        <pause>end</pause>
        <type>manual</type>
      </extensions>
    </trkpt>
    </trkseg>
  </trk>
</gpx>
