<?xml version="1.0" encoding="UTF-8" ?>
<gpx
  version="1.1"
  creator="Tranggle Track 1.1.0 - http://www.beaglemap.com"
  xmlns:xsi="http://www.w3.org/2001/XMLSchema-instance"
  xmlns="http://www.topografix.com/GPX/1/1"
  xsi:schemaLocation="http://www.topografix.com/GPX/1/1 http://www.topografix.com/GPX/1/1/gpx.xsd">
  <metadata>
    <link href="http://www.beaglemap.com">
      <text>Tranggle 3.11.1</text>
    </link>
    <time>2019-06-06T14:15:08Z</time>
    <bounds minlat="33.348411" minlon="126.493967" maxlat="33.392125" maxlon="126.523621"/>
    <desc><![CDATA[CREATOR: F291188211BF24A4, MODEL: LM-V350N, FIRMWARE: 8.0.0, PRODUCT: GOOGLE, CONSTANT: M20, CATEGORY: Hiking, NETWORK: SKTelecom(LTE)]]></desc>
  </metadata>
  <wpt lat="33.392044" lon="126.495005">
    <ele>990.822754</ele>
    <name><![CDATA[어리목입구]]></name>
    <time>2019-06-06T08:03:25Z</time>
    <sym><![CDATA[20190606080432Waypoint]]></sym>
    <extensions>
      <tick>1559775874857</tick>
    </extensions>
  </wpt>
  <wpt lat="33.385115" lon="126.495447">
    <ele>1099.365234</ele>
    <name><![CDATA[어리목 1100]]></name>
    <time>2019-06-06T08:31:44Z</time>
    <sym><![CDATA[20190606083204Waypoint]]></sym>
    <extensions>
      <tick>1559777526773</tick>
    </extensions>
  </wpt>
  <wpt lat="33.382896" lon="126.496675">
    <ele>1191.534668</ele>
    <name><![CDATA[어리목 1200]]></name>
    <time>2019-06-06T08:46:14Z</time>
    <sym><![CDATA[20190606084650Waypoint]]></sym>
    <extensions>
      <tick>1559778412352</tick>
    </extensions>
  </wpt>
  <wpt lat="33.380714" lon="126.498023">
    <ele>1303.090454</ele>
    <name><![CDATA[어리목 1300]]></name>
    <time>2019-06-06T09:02:02Z</time>
    <sym><![CDATA[20190606090207Waypoint]]></sym>
    <extensions>
      <tick>1559779339526</tick>
    </extensions>
  </wpt>
  <wpt lat="33.377381" lon="126.499010">
    <ele>1371.817505</ele>
    <name><![CDATA[어리목 1400]]></name>
    <time>2019-06-06T09:21:34Z</time>
    <sym><![CDATA[20190606092148Waypoint]]></sym>
    <extensions>
      <tick>1559780523333</tick>
    </extensions>
  </wpt>
  <wpt lat="33.375409" lon="126.499102">
    <ele>1419.131958</ele>
    <name><![CDATA[샘터]]></name>
    <time>2019-06-06T09:36:24Z</time>
    <sym><![CDATA[20190606093757Waypoint]]></sym>
    <extensions>
      <tick>1559781487704</tick>
    </extensions>
  </wpt>
  <wpt lat="33.372781" lon="126.502693">
    <ele>1486.562744</ele>
    <name><![CDATA[어리목 1500]]></name>
    <time>2019-06-06T09:55:45Z</time>
    <sym><![CDATA[20190606095606Waypoint]]></sym>
    <extensions>
      <tick>1559782580613</tick>
    </extensions>
  </wpt>
  <wpt lat="33.372742" lon="126.502707">
    <ele>1486.833130</ele>
    <name><![CDATA[사제비동산]]></name>
    <time>2019-06-06T09:55:45Z</time>
    <sym><![CDATA[20190606095729Waypoint]]></sym>
    <extensions>
      <tick>1559782651580</tick>
    </extensions>
  </wpt>
  <wpt lat="33.370932" lon="126.506801">
    <ele>1575.978027</ele>
    <name><![CDATA[만세동산]]></name>
    <time>2019-06-06T10:23:19Z</time>
    <sym><![CDATA[20190606102446Waypoint]]></sym>
    <extensions>
      <tick>1559784288254</tick>
    </extensions>
  </wpt>
  <wpt lat="33.363708" lon="126.514776">
    <ele>1650.569824</ele>
    <name><![CDATA[샘터]]></name>
    <time>2019-06-06T10:53:43Z</time>
    <sym><![CDATA[20190606105458Waypoint]]></sym>
    <extensions>
      <tick>1559786099594</tick>
    </extensions>
  </wpt>
  <wpt lat="33.362496" lon="126.516671">
    <ele>1682.125488</ele>
    <name><![CDATA[어리목대피소]]></name>
    <time>2019-06-06T11:03:59Z</time>
    <sym><![CDATA[20190606110500Waypoint]]></sym>
    <extensions>
      <tick>1559786702197</tick>
    </extensions>
  </wpt>
  <wpt lat="33.362296" lon="126.518855">
    <ele>1695.614990</ele>
    <name><![CDATA[어리목 1700]]></name>
    <time>2019-06-06T11:40:25Z</time>
    <sym><![CDATA[20190606114043Waypoint]]></sym>
    <extensions>
      <tick>1559788844527</tick>
    </extensions>
  </wpt>
  <wpt lat="33.361336" lon="126.523402">
    <ele>1727.003662</ele>
    <name><![CDATA[백록담 북벽]]></name>
    <time>2019-06-06T12:22:20Z</time>
    <sym><![CDATA[20190606122225Waypoint]]></sym>
    <extensions>
      <tick>1559791369545</tick>
    </extensions>
  </wpt>
  <wpt lat="33.362231" lon="126.518188">
    <ele>1693.237793</ele>
    <name><![CDATA[윗새오름]]></name>
    <time>2019-06-06T12:38:55Z</time>
    <sym><![CDATA[20190606123920Waypoint]]></sym>
    <extensions>
      <tick>1559792377011</tick>
    </extensions>
  </wpt>
  <wpt lat="33.359511" lon="126.515261">
    <ele>1683.932129</ele>
    <name><![CDATA[노루샘]]></name>
    <time>2019-06-06T13:00:10Z</time>
    <sym><![CDATA[20190606130042Waypoint]]></sym>
    <extensions>
      <tick>1559793664760</tick>
    </extensions>
  </wpt>
  <wpt lat="33.348427" lon="126.496493">
    <ele>1274.810669</ele>
    <name><![CDATA[영실]]></name>
    <time>2019-06-06T14:11:28Z</time>
    <sym><![CDATA[20190606141416Waypoint]]></sym>
    <extensions>
      <tick>1559798059239</tick>
    </extensions>
  </wpt>
  <trk>
    <trkseg>
    <trkpt lat="33.392125" lon="126.494882">
      <ele>993.234619</ele>
      <time>2019-06-06T08:03:03Z</time>
      <extensions>
        <dbm>-76</dbm>
        <cellinfo>mcc=450 mnc=5 ci=32247043 pci=399 tac=9552 rssi=-53 rsrp=-76 rsrq=-5 rssnr=NA cqi=NA</cellinfo>
      </extensions>
    </trkpt>
    <trkpt lat="33.392061" lon="126.494952">
      <ele>991.621012</ele>
      <time>2019-06-06T08:03:25Z</time>
      <extensions>
        <dbm>-73</dbm>
        <cellinfo>mcc=450 mnc=5 ci=32247043 pci=399 tac=9552 rssi=-52 rsrp=-73 rsrq=-5 rssnr=300 cqi=NA</cellinfo>
      </extensions>
    </trkpt>
    <trkpt lat="33.391988" lon="126.495019">
      <ele>991.596802</ele>
      <time>2019-06-06T08:05:05Z</time>
      <extensions>
        <dbm>-70</dbm>
        <cellinfo>mcc=450 mnc=5 ci=32247043 pci=399 tac=9552 rssi=-50 rsrp=-70 rsrq=-5 rssnr=300 cqi=NA</cellinfo>
      </extensions>
    </trkpt>
    <trkpt lat="33.391919" lon="126.495090">
      <ele>991.233317</ele>
      <time>2019-06-06T08:07:34Z</time>
      <extensions>
        <dbm>-71</dbm>
        <cellinfo>mcc=450 mnc=5 ci=32247043 pci=399 tac=9552 rssi=-51 rsrp=-71 rsrq=-5 rssnr=284 cqi=NA</cellinfo>
      </extensions>
    </trkpt>
    <trkpt lat="33.391856" lon="126.495170">
      <ele>990.885315</ele>
      <time>2019-06-06T08:07:42Z</time>
      <extensions>
        <dbm>-70</dbm>
        <cellinfo>mcc=450 mnc=5 ci=32247043 pci=399 tac=9552 rssi=-50 rsrp=-70 rsrq=-5 rssnr=284 cqi=NA</cellinfo>
      </extensions>
    </trkpt>
    <trkpt lat="33.391795" lon="126.495252">
      <ele>990.611328</ele>
      <time>2019-06-06T08:07:52Z</time>
      <extensions>
        <dbm>-70</dbm>
        <cellinfo>mcc=450 mnc=5 ci=32247043 pci=399 tac=9552 rssi=-50 rsrp=-70 rsrq=-5 rssnr=284 cqi=NA</cellinfo>
      </extensions>
    </trkpt>
    <trkpt lat="33.391720" lon="126.495310">
      <ele>990.325439</ele>
      <time>2019-06-06T08:08:03Z</time>
      <extensions>
        <dbm>-68</dbm>
        <cellinfo>mcc=450 mnc=5 ci=32247043 pci=399 tac=9552 rssi=-49 rsrp=-68 rsrq=-5 rssnr=300 cqi=NA</cellinfo>
      </extensions>
    </trkpt>
    <trkpt lat="33.391638" lon="126.495361">
      <ele>990.579321</ele>
      <time>2019-06-06T08:08:12Z</time>
      <extensions>
        <dbm>-68</dbm>
        <cellinfo>mcc=450 mnc=5 ci=32247043 pci=399 tac=9552 rssi=-49 rsrp=-68 rsrq=-6 rssnr=300 cqi=NA</cellinfo>
      </extensions>
    </trkpt>
    <trkpt lat="33.391552" lon="126.495377">
      <ele>990.780619</ele>
      <time>2019-06-06T08:08:29Z</time>
      <extensions>
        <dbm>-68</dbm>
        <cellinfo>mcc=450 mnc=5 ci=32247043 pci=399 tac=9552 rssi=-49 rsrp=-68 rsrq=-6 rssnr=300 cqi=NA</cellinfo>
      </extensions>
    </trkpt>
    <trkpt lat="33.391521" lon="126.495367">
      <ele>991.079747</ele>
      <time>2019-06-06T08:08:40Z</time>
      <extensions>
        <dbm>-82</dbm>
        <cellinfo>mcc=450 mnc=5 ci=32247043 pci=399 tac=9552 rssi=-55 rsrp=-82 rsrq=-5 rssnr=300 cqi=NA</cellinfo>
      </extensions>
    </trkpt>
    <trkpt lat="33.391546" lon="126.495331">
      <ele>991.335103</ele>
      <time>2019-06-06T08:08:59Z</time>
      <extensions>
        <dbm>-93</dbm>
        <cellinfo>mcc=450 mnc=5 ci=32247839 pci=350 tac=9552 rssi=-58 rsrp=-93 rsrq=-6 rssnr=266 cqi=NA</cellinfo>
      </extensions>
    </trkpt>
    <trkpt lat="33.391634" lon="126.495303">
      <ele>991.606463</ele>
      <time>2019-06-06T08:09:09Z</time>
      <extensions>
        <dbm>-89</dbm>
        <cellinfo>mcc=450 mnc=5 ci=32247839 pci=350 tac=9552 rssi=-58 rsrp=-89 rsrq=-6 rssnr=270 cqi=NA</cellinfo>
      </extensions>
    </trkpt>
    <trkpt lat="33.391736" lon="126.495286">
      <ele>991.961838</ele>
      <time>2019-06-06T08:09:20Z</time>
      <extensions>
        <dbm>-91</dbm>
        <cellinfo>mcc=450 mnc=5 ci=32247839 pci=350 tac=9552 rssi=-58 rsrp=-91 rsrq=-6 rssnr=286 cqi=NA</cellinfo>
      </extensions>
    </trkpt>
    <trkpt lat="33.391825" lon="126.495253">
      <ele>992.469198</ele>
      <time>2019-06-06T08:09:38Z</time>
      <extensions>
        <dbm>-92</dbm>
        <cellinfo>mcc=450 mnc=5 ci=32247839 pci=350 tac=9552 rssi=-57 rsrp=-92 rsrq=-6 rssnr=272 cqi=NA</cellinfo>
      </extensions>
    </trkpt>
    <trkpt lat="33.391902" lon="126.495200">
      <ele>997.806763</ele>
      <time>2019-06-06T08:09:43Z</time>
      <extensions>
        <pause>start</pause>
        <type>unknown</type>
        <dbm>-93</dbm>
        <cellinfo>mcc=450 mnc=5 ci=32247839 pci=350 tac=9552 rssi=-57 rsrp=-93 rsrq=-6 rssnr=272 cqi=NA</cellinfo>
      </extensions>
    </trkpt>
    <trkpt lat="33.391630" lon="126.495146">
      <ele>977.723389</ele>
      <time>2019-06-06T08:09:56Z</time>
      <extensions>
        <pause>end</pause>
        <type>auto</type>
        <dbm>-86</dbm>
        <cellinfo>mcc=450 mnc=5 ci=32247839 pci=350 tac=9552 rssi=-56 rsrp=-86 rsrq=-5 rssnr=284 cqi=NA</cellinfo>
      </extensions>
    </trkpt>
    <trkpt lat="33.391369" lon="126.495162">
      <ele>991.460220</ele>
      <time>2019-06-06T08:09:58Z</time>
      <extensions>
        <dbm>-86</dbm>
        <cellinfo>mcc=450 mnc=5 ci=32247839 pci=350 tac=9552 rssi=-56 rsrp=-86 rsrq=-5 rssnr=284 cqi=NA</cellinfo>
      </extensions>
    </trkpt>
    <trkpt lat="33.391180" lon="126.495158">
      <ele>992.052841</ele>
      <time>2019-06-06T08:10:01Z</time>
      <extensions>
        <dbm>-93</dbm>
        <cellinfo>mcc=450 mnc=5 ci=32247839 pci=350 tac=9552 rssi=-58 rsrp=-93 rsrq=-5 rssnr=284 cqi=NA</cellinfo>
      </extensions>
    </trkpt>
    <trkpt lat="33.391061" lon="126.495137">
      <ele>992.722427</ele>
      <time>2019-06-06T08:10:05Z</time>
      <extensions>
        <dbm>-87</dbm>
        <cellinfo>mcc=450 mnc=5 ci=32247839 pci=350 tac=9552 rssi=-57 rsrp=-87 rsrq=-5 rssnr=296 cqi=NA</cellinfo>
      </extensions>
    </trkpt>
    <trkpt lat="33.390945" lon="126.495115">
      <ele>994.073920</ele>
      <time>2019-06-06T08:10:10Z</time>
      <extensions>
        <dbm>-91</dbm>
        <cellinfo>mcc=450 mnc=5 ci=32247839 pci=350 tac=9552 rssi=-57 rsrp=-91 rsrq=-5 rssnr=296 cqi=NA</cellinfo>
      </extensions>
    </trkpt>
    <trkpt lat="33.390842" lon="126.495083">
      <ele>995.062948</ele>
      <time>2019-06-06T08:10:16Z</time>
      <extensions>
        <dbm>-88</dbm>
        <cellinfo>mcc=450 mnc=5 ci=32247839 pci=350 tac=9552 rssi=-56 rsrp=-88 rsrq=-5 rssnr=296 cqi=NA</cellinfo>
      </extensions>
    </trkpt>
    <trkpt lat="33.390759" lon="126.495029">
      <ele>995.561456</ele>
      <time>2019-06-06T08:10:27Z</time>
      <extensions>
        <dbm>-90</dbm>
        <cellinfo>mcc=450 mnc=5 ci=32247839 pci=350 tac=9552 rssi=-57 rsrp=-90 rsrq=-5 rssnr=242 cqi=NA</cellinfo>
      </extensions>
    </trkpt>
    <trkpt lat="33.390704" lon="126.494955">
      <ele>996.757339</ele>
      <time>2019-06-06T08:10:43Z</time>
      <extensions>
        <dbm>-85</dbm>
        <cellinfo>mcc=450 mnc=5 ci=32247839 pci=350 tac=9552 rssi=-56 rsrp=-85 rsrq=-6 rssnr=242 cqi=NA</cellinfo>
      </extensions>
    </trkpt>
    <trkpt lat="33.390665" lon="126.494864">
      <ele>996.826828</ele>
      <time>2019-06-06T08:10:52Z</time>
      <extensions>
        <dbm>-79</dbm>
        <cellinfo>mcc=450 mnc=5 ci=32247839 pci=350 tac=9552 rssi=-54 rsrp=-79 rsrq=-5 rssnr=300 cqi=NA</cellinfo>
      </extensions>
    </trkpt>
    <trkpt lat="33.390622" lon="126.494773">
      <ele>996.898514</ele>
      <time>2019-06-06T08:11:01Z</time>
      <extensions>
        <dbm>-89</dbm>
        <cellinfo>mcc=450 mnc=5 ci=32247839 pci=350 tac=9552 rssi=-56 rsrp=-89 rsrq=-5 rssnr=228 cqi=NA</cellinfo>
      </extensions>
    </trkpt>
    <trkpt lat="33.390550" lon="126.494723">
      <ele>996.769830</ele>
      <time>2019-06-06T08:11:10Z</time>
      <extensions>
        <dbm>-90</dbm>
        <cellinfo>mcc=450 mnc=5 ci=32247839 pci=350 tac=9552 rssi=-56 rsrp=-90 rsrq=-5 rssnr=240 cqi=NA</cellinfo>
      </extensions>
    </trkpt>
    <trkpt lat="33.390469" lon="126.494678">
      <ele>996.786106</ele>
      <time>2019-06-06T08:11:17Z</time>
      <extensions>
        <dbm>-88</dbm>
        <cellinfo>mcc=450 mnc=5 ci=32247839 pci=350 tac=9552 rssi=-57 rsrp=-88 rsrq=-6 rssnr=116 cqi=NA</cellinfo>
      </extensions>
    </trkpt>
    <trkpt lat="33.390387" lon="126.494638">
      <ele>997.137071</ele>
      <time>2019-06-06T08:11:26Z</time>
      <extensions>
        <dbm>-88</dbm>
        <cellinfo>mcc=450 mnc=5 ci=32247839 pci=350 tac=9552 rssi=-57 rsrp=-88 rsrq=-6 rssnr=194 cqi=NA</cellinfo>
      </extensions>
    </trkpt>
    <trkpt lat="33.390309" lon="126.494571">
      <ele>997.423416</ele>
      <time>2019-06-06T08:11:33Z</time>
      <extensions>
        <dbm>-94</dbm>
        <cellinfo>mcc=450 mnc=5 ci=32247839 pci=350 tac=9552 rssi=-59 rsrp=-94 rsrq=-6 rssnr=194 cqi=NA</cellinfo>
      </extensions>
    </trkpt>
    <trkpt lat="33.390226" lon="126.494518">
      <ele>997.540256</ele>
      <time>2019-06-06T08:11:42Z</time>
      <extensions>
        <dbm>-94</dbm>
        <cellinfo>mcc=450 mnc=5 ci=32247839 pci=350 tac=9552 rssi=-58 rsrp=-94 rsrq=-6 rssnr=194 cqi=NA</cellinfo>
      </extensions>
    </trkpt>
    <trkpt lat="33.390147" lon="126.494455">
      <ele>997.404215</ele>
      <time>2019-06-06T08:11:49Z</time>
      <extensions>
        <dbm>-93</dbm>
        <cellinfo>mcc=450 mnc=5 ci=32247839 pci=350 tac=9552 rssi=-58 rsrp=-93 rsrq=-6 rssnr=194 cqi=NA</cellinfo>
      </extensions>
    </trkpt>
    <trkpt lat="33.390069" lon="126.494392">
      <ele>997.405591</ele>
      <time>2019-06-06T08:11:58Z</time>
      <extensions>
        <dbm>-93</dbm>
        <cellinfo>mcc=450 mnc=5 ci=32247839 pci=350 tac=9552 rssi=-58 rsrp=-93 rsrq=-6 rssnr=300 cqi=NA</cellinfo>
      </extensions>
    </trkpt>
    <trkpt lat="33.389994" lon="126.494323">
      <ele>997.354415</ele>
      <time>2019-06-06T08:12:07Z</time>
      <extensions>
        <dbm>-89</dbm>
        <cellinfo>mcc=450 mnc=5 ci=32247839 pci=350 tac=9552 rssi=-57 rsrp=-89 rsrq=-5 rssnr=256 cqi=NA</cellinfo>
      </extensions>
    </trkpt>
    <trkpt lat="33.389915" lon="126.494306">
      <ele>997.395907</ele>
      <time>2019-06-06T08:12:19Z</time>
      <extensions>
        <dbm>-92</dbm>
        <cellinfo>mcc=450 mnc=5 ci=32247839 pci=350 tac=9552 rssi=-58 rsrp=-92 rsrq=-5 rssnr=256 cqi=NA</cellinfo>
      </extensions>
    </trkpt>
    <trkpt lat="33.389826" lon="126.494301">
      <ele>997.288000</ele>
      <time>2019-06-06T08:12:27Z</time>
      <extensions>
        <dbm>-93</dbm>
        <cellinfo>mcc=450 mnc=5 ci=32247839 pci=350 tac=9552 rssi=-58 rsrp=-93 rsrq=-6 rssnr=236 cqi=NA</cellinfo>
      </extensions>
    </trkpt>
    <trkpt lat="33.389734" lon="126.494323">
      <ele>997.147306</ele>
      <time>2019-06-06T08:12:39Z</time>
      <extensions>
        <dbm>-92</dbm>
        <cellinfo>mcc=450 mnc=5 ci=32247839 pci=350 tac=9552 rssi=-58 rsrp=-92 rsrq=-5 rssnr=236 cqi=NA</cellinfo>
      </extensions>
    </trkpt>
    <trkpt lat="33.389639" lon="126.494311">
      <ele>997.240578</ele>
      <time>2019-06-06T08:12:48Z</time>
      <extensions>
        <dbm>-90</dbm>
        <cellinfo>mcc=450 mnc=5 ci=32247839 pci=350 tac=9552 rssi=-57 rsrp=-90 rsrq=-5 rssnr=194 cqi=NA</cellinfo>
      </extensions>
    </trkpt>
    <trkpt lat="33.389551" lon="126.494316">
      <ele>997.240578</ele>
      <time>2019-06-06T08:13:00Z</time>
      <extensions>
        <dbm>-92</dbm>
        <cellinfo>mcc=450 mnc=5 ci=32247839 pci=350 tac=9552 rssi=-58 rsrp=-92 rsrq=-5 rssnr=220 cqi=NA</cellinfo>
      </extensions>
    </trkpt>
    <trkpt lat="33.389461" lon="126.494311">
      <ele>997.117365</ele>
      <time>2019-06-06T08:13:09Z</time>
      <extensions>
        <dbm>-93</dbm>
        <cellinfo>mcc=450 mnc=5 ci=32247839 pci=350 tac=9552 rssi=-57 rsrp=-93 rsrq=-5 rssnr=220 cqi=NA</cellinfo>
      </extensions>
    </trkpt>
    <trkpt lat="33.389369" lon="126.494331">
      <ele>997.075728</ele>
      <time>2019-06-06T08:13:18Z</time>
      <extensions>
        <dbm>-96</dbm>
        <cellinfo>mcc=450 mnc=5 ci=32247839 pci=350 tac=9552 rssi=-59 rsrp=-96 rsrq=-5 rssnr=202 cqi=NA</cellinfo>
      </extensions>
    </trkpt>
    <trkpt lat="33.389279" lon="126.494364">
      <ele>997.017312</ele>
      <time>2019-06-06T08:13:27Z</time>
      <extensions>
        <dbm>-97</dbm>
        <cellinfo>mcc=450 mnc=5 ci=32247839 pci=350 tac=9552 rssi=-59 rsrp=-97 rsrq=-6 rssnr=202 cqi=NA</cellinfo>
      </extensions>
    </trkpt>
    <trkpt lat="33.389191" lon="126.494399">
      <ele>996.842540</ele>
      <time>2019-06-06T08:13:37Z</time>
      <extensions>
        <dbm>-96</dbm>
        <cellinfo>mcc=450 mnc=5 ci=32247839 pci=350 tac=9552 rssi=-59 rsrp=-96 rsrq=-6 rssnr=202 cqi=NA</cellinfo>
      </extensions>
    </trkpt>
    <trkpt lat="33.389104" lon="126.494410">
      <ele>996.842540</ele>
      <time>2019-06-06T08:13:50Z</time>
      <extensions>
        <dbm>-93</dbm>
        <cellinfo>mcc=450 mnc=5 ci=32247839 pci=350 tac=9552 rssi=-58 rsrp=-93 rsrq=-6 rssnr=220 cqi=NA</cellinfo>
      </extensions>
    </trkpt>
    <trkpt lat="33.389014" lon="126.494406">
      <ele>996.643033</ele>
      <time>2019-06-06T08:14:02Z</time>
      <extensions>
        <dbm>-94</dbm>
        <cellinfo>mcc=450 mnc=5 ci=32247839 pci=350 tac=9552 rssi=-59 rsrp=-94 rsrq=-7 rssnr=292 cqi=NA</cellinfo>
      </extensions>
    </trkpt>
    <trkpt lat="33.388943" lon="126.494368">
      <ele>996.421531</ele>
      <time>2019-06-06T08:14:14Z</time>
      <extensions>
        <dbm>-93</dbm>
        <cellinfo>mcc=450 mnc=5 ci=32247839 pci=350 tac=9552 rssi=-58 rsrp=-93 rsrq=-6 rssnr=224 cqi=NA</cellinfo>
      </extensions>
    </trkpt>
    <trkpt lat="33.388889" lon="126.494312">
      <ele>996.367543</ele>
      <time>2019-06-06T08:14:48Z</time>
      <extensions>
        <dbm>-82</dbm>
        <cellinfo>mcc=450 mnc=5 ci=32247839 pci=350 tac=9552 rssi=-55 rsrp=-82 rsrq=-4 rssnr=272 cqi=NA</cellinfo>
      </extensions>
    </trkpt>
    <trkpt lat="33.388843" lon="126.494222">
      <ele>996.455078</ele>
      <time>2019-06-06T08:15:05Z</time>
      <extensions>
        <dbm>-87</dbm>
        <cellinfo>mcc=450 mnc=5 ci=32247839 pci=350 tac=9552 rssi=-57 rsrp=-87 rsrq=-6 rssnr=272 cqi=NA</cellinfo>
      </extensions>
    </trkpt>
    <trkpt lat="33.388795" lon="126.494141">
      <ele>996.605133</ele>
      <time>2019-06-06T08:15:24Z</time>
      <extensions>
        <dbm>-94</dbm>
        <cellinfo>mcc=450 mnc=5 ci=32247839 pci=350 tac=9552 rssi=-59 rsrp=-94 rsrq=-6 rssnr=272 cqi=NA</cellinfo>
      </extensions>
    </trkpt>
    <trkpt lat="33.388744" lon="126.494057">
      <ele>996.663340</ele>
      <time>2019-06-06T08:15:47Z</time>
      <extensions>
        <dbm>-89</dbm>
        <cellinfo>mcc=450 mnc=5 ci=32247839 pci=350 tac=9552 rssi=-57 rsrp=-89 rsrq=-5 rssnr=246 cqi=NA</cellinfo>
      </extensions>
    </trkpt>
    <trkpt lat="33.388683" lon="126.494005">
      <ele>996.577448</ele>
      <time>2019-06-06T08:16:09Z</time>
      <extensions>
        <dbm>-93</dbm>
        <cellinfo>mcc=450 mnc=5 ci=32247839 pci=350 tac=9552 rssi=-58 rsrp=-93 rsrq=-6 rssnr=146 cqi=NA</cellinfo>
      </extensions>
    </trkpt>
    <trkpt lat="33.388621" lon="126.494006">
      <ele>996.669607</ele>
      <time>2019-06-06T08:16:25Z</time>
      <extensions>
        <dbm>-96</dbm>
        <cellinfo>mcc=450 mnc=5 ci=32247839 pci=350 tac=9552 rssi=-59 rsrp=-96 rsrq=-6 rssnr=192 cqi=NA</cellinfo>
      </extensions>
    </trkpt>
    <trkpt lat="33.388540" lon="126.494054">
      <ele>996.669607</ele>
      <time>2019-06-06T08:16:52Z</time>
      <extensions>
        <dbm>-94</dbm>
        <cellinfo>mcc=450 mnc=5 ci=32247043 pci=399 tac=9552 rssi=-58 rsrp=-94 rsrq=-5 rssnr=192 cqi=NA</cellinfo>
      </extensions>
    </trkpt>
    <trkpt lat="33.388467" lon="126.494106">
      <ele>997.201324</ele>
      <time>2019-06-06T08:17:04Z</time>
      <extensions>
        <dbm>-95</dbm>
        <cellinfo>mcc=450 mnc=5 ci=32247043 pci=399 tac=9552 rssi=-59 rsrp=-95 rsrq=-6 rssnr=192 cqi=NA</cellinfo>
      </extensions>
    </trkpt>
    <trkpt lat="33.388390" lon="126.494158">
      <ele>997.890279</ele>
      <time>2019-06-06T08:17:31Z</time>
      <extensions>
        <dbm>-94</dbm>
        <cellinfo>mcc=450 mnc=5 ci=32247839 pci=350 tac=9552 rssi=-58 rsrp=-94 rsrq=-6 rssnr=192 cqi=NA</cellinfo>
      </extensions>
    </trkpt>
    <trkpt lat="33.388320" lon="126.494217">
      <ele>998.720408</ele>
      <time>2019-06-06T08:17:43Z</time>
      <extensions>
        <dbm>-93</dbm>
        <cellinfo>mcc=450 mnc=5 ci=32247839 pci=350 tac=9552 rssi=-58 rsrp=-93 rsrq=-6 rssnr=192 cqi=NA</cellinfo>
      </extensions>
    </trkpt>
    <trkpt lat="33.388251" lon="126.494287">
      <ele>999.919912</ele>
      <time>2019-06-06T08:17:55Z</time>
      <extensions>
        <dbm>-94</dbm>
        <cellinfo>mcc=450 mnc=5 ci=32247839 pci=350 tac=9552 rssi=-58 rsrp=-94 rsrq=-6 rssnr=192 cqi=NA</cellinfo>
      </extensions>
    </trkpt>
    <trkpt lat="33.388171" lon="126.494351">
      <ele>1001.286540</ele>
      <time>2019-06-06T08:18:22Z</time>
      <extensions>
        <dbm>-98</dbm>
        <cellinfo>mcc=450 mnc=5 ci=32247839 pci=350 tac=9552 rssi=-59 rsrp=-98 rsrq=-6 rssnr=192 cqi=NA</cellinfo>
      </extensions>
    </trkpt>
    <trkpt lat="33.388090" lon="126.494417">
      <ele>1002.869466</ele>
      <time>2019-06-06T08:18:34Z</time>
      <extensions>
        <dbm>-97</dbm>
        <cellinfo>mcc=450 mnc=5 ci=32247839 pci=350 tac=9552 rssi=-59 rsrp=-97 rsrq=-6 rssnr=192 cqi=NA</cellinfo>
      </extensions>
    </trkpt>
    <trkpt lat="33.388016" lon="126.494492">
      <ele>1004.541962</ele>
      <time>2019-06-06T08:18:49Z</time>
      <extensions>
        <dbm>-94</dbm>
        <cellinfo>mcc=450 mnc=5 ci=32247839 pci=350 tac=9552 rssi=-58 rsrp=-94 rsrq=-5 rssnr=192 cqi=NA</cellinfo>
      </extensions>
    </trkpt>
    <trkpt lat="33.387957" lon="126.494577">
      <ele>1006.262716</ele>
      <time>2019-06-06T08:19:02Z</time>
      <extensions>
        <dbm>-94</dbm>
        <cellinfo>mcc=450 mnc=5 ci=32247839 pci=350 tac=9552 rssi=-58 rsrp=-94 rsrq=-4 rssnr=192 cqi=NA</cellinfo>
      </extensions>
    </trkpt>
    <trkpt lat="33.387922" lon="126.494678">
      <ele>1008.346924</ele>
      <time>2019-06-06T08:19:18Z</time>
      <extensions>
        <dbm>-92</dbm>
        <cellinfo>mcc=450 mnc=5 ci=32247839 pci=350 tac=9552 rssi=-57 rsrp=-92 rsrq=-5 rssnr=192 cqi=NA</cellinfo>
      </extensions>
    </trkpt>
    <trkpt lat="33.387882" lon="126.494774">
      <ele>1010.590993</ele>
      <time>2019-06-06T08:19:30Z</time>
      <extensions>
        <dbm>-92</dbm>
        <cellinfo>mcc=450 mnc=5 ci=32247839 pci=350 tac=9552 rssi=-58 rsrp=-92 rsrq=-5 rssnr=192 cqi=NA</cellinfo>
      </extensions>
    </trkpt>
    <trkpt lat="33.387830" lon="126.494854">
      <ele>1012.956004</ele>
      <time>2019-06-06T08:19:42Z</time>
      <extensions>
        <dbm>-93</dbm>
        <cellinfo>mcc=450 mnc=5 ci=32247839 pci=350 tac=9552 rssi=-58 rsrp=-93 rsrq=-5 rssnr=192 cqi=NA</cellinfo>
      </extensions>
    </trkpt>
    <trkpt lat="33.387752" lon="126.494905">
      <ele>1015.444478</ele>
      <time>2019-06-06T08:19:57Z</time>
      <extensions>
        <dbm>-92</dbm>
        <cellinfo>mcc=450 mnc=5 ci=32247839 pci=350 tac=9552 rssi=-58 rsrp=-92 rsrq=-6 rssnr=198 cqi=NA</cellinfo>
      </extensions>
    </trkpt>
    <trkpt lat="33.387679" lon="126.494965">
      <ele>1018.663308</ele>
      <time>2019-06-06T08:20:21Z</time>
      <extensions>
        <dbm>-92</dbm>
        <cellinfo>mcc=450 mnc=5 ci=32247839 pci=350 tac=9552 rssi=-58 rsrp=-92 rsrq=-5 rssnr=224 cqi=NA</cellinfo>
      </extensions>
    </trkpt>
    <trkpt lat="33.387617" lon="126.495042">
      <ele>1020.681818</ele>
      <time>2019-06-06T08:20:37Z</time>
      <extensions>
        <dbm>-92</dbm>
        <cellinfo>mcc=450 mnc=5 ci=32247839 pci=350 tac=9552 rssi=-58 rsrp=-92 rsrq=-6 rssnr=234 cqi=NA</cellinfo>
      </extensions>
    </trkpt>
    <trkpt lat="33.387550" lon="126.495113">
      <ele>1022.467829</ele>
      <time>2019-06-06T08:20:52Z</time>
      <extensions>
        <dbm>-88</dbm>
        <cellinfo>mcc=450 mnc=5 ci=32247043 pci=399 tac=9552 rssi=-57 rsrp=-88 rsrq=-6 rssnr=252 cqi=NA</cellinfo>
      </extensions>
    </trkpt>
    <trkpt lat="33.387474" lon="126.495164">
      <ele>1024.765037</ele>
      <time>2019-06-06T08:21:03Z</time>
      <extensions>
        <dbm>-91</dbm>
        <cellinfo>mcc=450 mnc=5 ci=32247043 pci=399 tac=9552 rssi=-58 rsrp=-91 rsrq=-6 rssnr=234 cqi=NA</cellinfo>
      </extensions>
    </trkpt>
    <trkpt lat="33.387383" lon="126.495193">
      <ele>1027.323409</ele>
      <time>2019-06-06T08:21:17Z</time>
      <extensions>
        <dbm>-93</dbm>
        <cellinfo>mcc=450 mnc=5 ci=32247839 pci=350 tac=9552 rssi=-57 rsrp=-93 rsrq=-5 rssnr=178 cqi=NA</cellinfo>
      </extensions>
    </trkpt>
    <trkpt lat="33.387305" lon="126.495248">
      <ele>1029.799139</ele>
      <time>2019-06-06T08:21:42Z</time>
      <extensions>
        <dbm>-94</dbm>
        <cellinfo>mcc=450 mnc=5 ci=32247043 pci=399 tac=9552 rssi=-58 rsrp=-94 rsrq=-5 rssnr=272 cqi=NA</cellinfo>
      </extensions>
    </trkpt>
    <trkpt lat="33.387223" lon="126.495305">
      <ele>1033.372119</ele>
      <time>2019-06-06T08:22:05Z</time>
      <extensions>
        <dbm>-91</dbm>
        <cellinfo>mcc=450 mnc=5 ci=32247839 pci=350 tac=9552 rssi=-56 rsrp=-91 rsrq=-5 rssnr=272 cqi=NA</cellinfo>
      </extensions>
    </trkpt>
    <trkpt lat="33.387151" lon="126.495375">
      <ele>1035.516077</ele>
      <time>2019-06-06T08:22:21Z</time>
      <extensions>
        <dbm>-90</dbm>
        <cellinfo>mcc=450 mnc=5 ci=32247839 pci=350 tac=9552 rssi=-57 rsrp=-90 rsrq=-6 rssnr=212 cqi=NA</cellinfo>
      </extensions>
    </trkpt>
    <trkpt lat="33.387068" lon="126.495417">
      <ele>1037.778210</ele>
      <time>2019-06-06T08:22:44Z</time>
      <extensions>
        <dbm>-92</dbm>
        <cellinfo>mcc=450 mnc=5 ci=32247839 pci=350 tac=9552 rssi=-57 rsrp=-92 rsrq=-5 rssnr=210 cqi=NA</cellinfo>
      </extensions>
    </trkpt>
    <trkpt lat="33.386995" lon="126.495470">
      <ele>1040.142175</ele>
      <time>2019-06-06T08:23:09Z</time>
      <extensions>
        <dbm>-85</dbm>
        <cellinfo>mcc=450 mnc=5 ci=32247839 pci=350 tac=9552 rssi=-56 rsrp=-85 rsrq=-6 rssnr=210 cqi=NA</cellinfo>
      </extensions>
    </trkpt>
    <trkpt lat="33.386912" lon="126.495500">
      <ele>1042.617749</ele>
      <time>2019-06-06T08:23:34Z</time>
      <extensions>
        <dbm>-95</dbm>
        <cellinfo>mcc=450 mnc=5 ci=32247839 pci=350 tac=9552 rssi=-58 rsrp=-95 rsrq=-6 rssnr=202 cqi=NA</cellinfo>
      </extensions>
    </trkpt>
    <trkpt lat="33.386830" lon="126.495525">
      <ele>1043.698875</ele>
      <time>2019-06-06T08:23:45Z</time>
      <extensions>
        <dbm>-95</dbm>
        <cellinfo>mcc=450 mnc=5 ci=32247839 pci=350 tac=9552 rssi=-59 rsrp=-95 rsrq=-6 rssnr=202 cqi=NA</cellinfo>
      </extensions>
    </trkpt>
    <trkpt lat="33.386742" lon="126.495526">
      <ele>1046.328391</ele>
      <time>2019-06-06T08:24:02Z</time>
      <extensions>
        <dbm>-92</dbm>
        <cellinfo>mcc=450 mnc=5 ci=32247839 pci=350 tac=9552 rssi=-58 rsrp=-92 rsrq=-6 rssnr=202 cqi=NA</cellinfo>
      </extensions>
    </trkpt>
    <trkpt lat="33.386654" lon="126.495520">
      <ele>1048.985574</ele>
      <time>2019-06-06T08:24:26Z</time>
      <extensions>
        <dbm>-93</dbm>
        <cellinfo>mcc=450 mnc=5 ci=32247839 pci=350 tac=9552 rssi=-58 rsrp=-93 rsrq=-7 rssnr=202 cqi=NA</cellinfo>
      </extensions>
    </trkpt>
    <trkpt lat="33.386567" lon="126.495530">
      <ele>1051.107988</ele>
      <time>2019-06-06T08:24:45Z</time>
      <extensions>
        <dbm>-94</dbm>
        <cellinfo>mcc=450 mnc=5 ci=32247839 pci=350 tac=9552 rssi=-58 rsrp=-94 rsrq=-6 rssnr=202 cqi=NA</cellinfo>
      </extensions>
    </trkpt>
    <trkpt lat="33.386476" lon="126.495528">
      <ele>1052.914051</ele>
      <time>2019-06-06T08:25:20Z</time>
      <extensions>
        <dbm>-93</dbm>
        <cellinfo>mcc=450 mnc=5 ci=32247839 pci=350 tac=9552 rssi=-58 rsrp=-93 rsrq=-5 rssnr=220 cqi=NA</cellinfo>
      </extensions>
    </trkpt>
    <trkpt lat="33.386384" lon="126.495532">
      <ele>1054.612826</ele>
      <time>2019-06-06T08:25:35Z</time>
      <extensions>
        <dbm>-91</dbm>
        <cellinfo>mcc=450 mnc=5 ci=32247839 pci=350 tac=9552 rssi=-58 rsrp=-91 rsrq=-6 rssnr=196 cqi=NA</cellinfo>
      </extensions>
    </trkpt>
    <trkpt lat="33.386288" lon="126.495529">
      <ele>1056.316018</ele>
      <time>2019-06-06T08:26:01Z</time>
      <extensions>
        <dbm>-89</dbm>
        <cellinfo>mcc=450 mnc=5 ci=32247839 pci=350 tac=9552 rssi=-57 rsrp=-89 rsrq=-5 rssnr=232 cqi=NA</cellinfo>
      </extensions>
    </trkpt>
    <trkpt lat="33.386199" lon="126.495533">
      <ele>1058.107455</ele>
      <time>2019-06-06T08:26:29Z</time>
      <extensions>
        <dbm>-90</dbm>
        <cellinfo>mcc=450 mnc=5 ci=32247839 pci=350 tac=9552 rssi=-57 rsrp=-90 rsrq=-6 rssnr=202 cqi=NA</cellinfo>
      </extensions>
    </trkpt>
    <trkpt lat="33.386110" lon="126.495529">
      <ele>1059.723011</ele>
      <time>2019-06-06T08:26:57Z</time>
      <extensions>
        <dbm>-89</dbm>
        <cellinfo>mcc=450 mnc=5 ci=32247839 pci=350 tac=9552 rssi=-57 rsrp=-89 rsrq=-4 rssnr=202 cqi=NA</cellinfo>
      </extensions>
    </trkpt>
    <trkpt lat="33.386025" lon="126.495526">
      <ele>1061.087236</ele>
      <time>2019-06-06T08:27:11Z</time>
      <extensions>
        <dbm>-91</dbm>
        <cellinfo>mcc=450 mnc=5 ci=32247839 pci=350 tac=9552 rssi=-57 rsrp=-91 rsrq=-5 rssnr=228 cqi=NA</cellinfo>
      </extensions>
    </trkpt>
    <trkpt lat="33.385935" lon="126.495523">
      <ele>1062.338346</ele>
      <time>2019-06-06T08:27:25Z</time>
      <extensions>
        <dbm>-93</dbm>
        <cellinfo>mcc=450 mnc=5 ci=32247839 pci=350 tac=9552 rssi=-58 rsrp=-93 rsrq=-5 rssnr=206 cqi=NA</cellinfo>
      </extensions>
    </trkpt>
    <trkpt lat="33.385849" lon="126.495524">
      <ele>1063.491167</ele>
      <time>2019-06-06T08:27:51Z</time>
      <extensions>
        <dbm>-88</dbm>
        <cellinfo>mcc=450 mnc=5 ci=32247839 pci=350 tac=9552 rssi=-57 rsrp=-88 rsrq=-5 rssnr=232 cqi=NA</cellinfo>
      </extensions>
    </trkpt>
    <trkpt lat="33.385768" lon="126.495503">
      <ele>1064.802279</ele>
      <time>2019-06-06T08:28:19Z</time>
      <extensions>
        <dbm>-89</dbm>
        <cellinfo>mcc=450 mnc=5 ci=32247839 pci=350 tac=9552 rssi=-57 rsrp=-89 rsrq=-6 rssnr=226 cqi=NA</cellinfo>
      </extensions>
    </trkpt>
    <trkpt lat="33.385685" lon="126.495501">
      <ele>1066.103993</ele>
      <time>2019-06-06T08:28:33Z</time>
      <extensions>
        <dbm>-90</dbm>
        <cellinfo>mcc=450 mnc=5 ci=32247839 pci=350 tac=9552 rssi=-57 rsrp=-90 rsrq=-5 rssnr=192 cqi=NA</cellinfo>
      </extensions>
    </trkpt>
    <trkpt lat="33.385600" lon="126.495479">
      <ele>1067.361683</ele>
      <time>2019-06-06T08:29:03Z</time>
      <extensions>
        <dbm>-92</dbm>
        <cellinfo>mcc=450 mnc=5 ci=32247839 pci=350 tac=9552 rssi=-58 rsrp=-92 rsrq=-6 rssnr=228 cqi=NA</cellinfo>
      </extensions>
    </trkpt>
    <trkpt lat="33.385518" lon="126.495446">
      <ele>1068.792314</ele>
      <time>2019-06-06T08:29:33Z</time>
      <extensions>
        <dbm>-82</dbm>
        <cellinfo>mcc=450 mnc=5 ci=32247839 pci=350 tac=9552 rssi=-55 rsrp=-82 rsrq=-5 rssnr=220 cqi=NA</cellinfo>
      </extensions>
    </trkpt>
    <trkpt lat="33.385438" lon="126.495403">
      <ele>1070.717097</ele>
      <time>2019-06-06T08:29:58Z</time>
      <extensions>
        <dbm>-88</dbm>
        <cellinfo>mcc=450 mnc=5 ci=32247839 pci=350 tac=9552 rssi=-57 rsrp=-88 rsrq=-6 rssnr=220 cqi=NA</cellinfo>
      </extensions>
    </trkpt>
    <trkpt lat="33.385355" lon="126.495373">
      <ele>1072.767334</ele>
      <time>2019-06-06T08:30:21Z</time>
      <extensions>
        <dbm>-89</dbm>
        <cellinfo>mcc=450 mnc=5 ci=32247839 pci=350 tac=9552 rssi=-57 rsrp=-89 rsrq=-7 rssnr=218 cqi=NA</cellinfo>
      </extensions>
    </trkpt>
    <trkpt lat="33.385266" lon="126.495390">
      <ele>1074.771351</ele>
      <time>2019-06-06T08:30:47Z</time>
      <extensions>
        <dbm>-91</dbm>
        <cellinfo>mcc=450 mnc=5 ci=32247839 pci=350 tac=9552 rssi=-57 rsrp=-91 rsrq=-6 rssnr=164 cqi=NA</cellinfo>
      </extensions>
    </trkpt>
    <trkpt lat="33.385184" lon="126.495405">
      <ele>1076.926292</ele>
      <time>2019-06-06T08:30:56Z</time>
      <extensions>
        <dbm>-91</dbm>
        <cellinfo>mcc=450 mnc=5 ci=32247839 pci=350 tac=9552 rssi=-58 rsrp=-91 rsrq=-6 rssnr=164 cqi=NA</cellinfo>
      </extensions>
    </trkpt>
    <trkpt lat="33.385102" lon="126.495439">
      <ele>1079.130105</ele>
      <time>2019-06-06T08:31:44Z</time>
      <extensions>
        <dbm>-91</dbm>
        <cellinfo>mcc=450 mnc=5 ci=32247839 pci=350 tac=9552 rssi=-57 rsrp=-91 rsrq=-6 rssnr=232 cqi=NA</cellinfo>
      </extensions>
    </trkpt>
    <trkpt lat="33.385025" lon="126.495464">
      <ele>1081.351108</ele>
      <time>2019-06-06T08:34:05Z</time>
      <extensions>
        <dbm>-86</dbm>
        <cellinfo>mcc=450 mnc=5 ci=32247839 pci=350 tac=9552 rssi=-56 rsrp=-86 rsrq=-6 rssnr=152 cqi=NA</cellinfo>
      </extensions>
    </trkpt>
    <trkpt lat="33.384941" lon="126.495502">
      <ele>1083.774070</ele>
      <time>2019-06-06T08:34:25Z</time>
      <extensions>
        <dbm>-90</dbm>
        <cellinfo>mcc=450 mnc=5 ci=32247839 pci=350 tac=9552 rssi=-57 rsrp=-90 rsrq=-6 rssnr=186 cqi=NA</cellinfo>
      </extensions>
    </trkpt>
    <trkpt lat="33.384860" lon="126.495541">
      <ele>1085.772605</ele>
      <time>2019-06-06T08:34:44Z</time>
      <extensions>
        <dbm>-86</dbm>
        <cellinfo>mcc=450 mnc=5 ci=32247839 pci=350 tac=9552 rssi=-55 rsrp=-86 rsrq=-5 rssnr=142 cqi=NA</cellinfo>
      </extensions>
    </trkpt>
    <trkpt lat="33.384784" lon="126.495597">
      <ele>1088.184870</ele>
      <time>2019-06-06T08:34:53Z</time>
      <extensions>
        <dbm>-86</dbm>
        <cellinfo>mcc=450 mnc=5 ci=32247839 pci=350 tac=9552 rssi=-56 rsrp=-86 rsrq=-5 rssnr=142 cqi=NA</cellinfo>
      </extensions>
    </trkpt>
    <trkpt lat="33.384710" lon="126.495642">
      <ele>1089.515422</ele>
      <time>2019-06-06T08:35:23Z</time>
      <extensions>
        <dbm>-87</dbm>
        <cellinfo>mcc=450 mnc=5 ci=32247839 pci=350 tac=9552 rssi=-57 rsrp=-87 rsrq=-6 rssnr=174 cqi=NA</cellinfo>
      </extensions>
    </trkpt>
    <trkpt lat="33.384642" lon="126.495698">
      <ele>1092.132701</ele>
      <time>2019-06-06T08:36:34Z</time>
      <extensions>
        <dbm>-90</dbm>
        <cellinfo>mcc=450 mnc=5 ci=32247839 pci=350 tac=9552 rssi=-58 rsrp=-90 rsrq=-6 rssnr=170 cqi=NA</cellinfo>
      </extensions>
    </trkpt>
    <trkpt lat="33.384562" lon="126.495735">
      <ele>1094.444194</ele>
      <time>2019-06-06T08:36:53Z</time>
      <extensions>
        <dbm>-89</dbm>
        <cellinfo>mcc=450 mnc=5 ci=32247839 pci=350 tac=9552 rssi=-57 rsrp=-89 rsrq=-6 rssnr=180 cqi=NA</cellinfo>
      </extensions>
    </trkpt>
    <trkpt lat="33.384481" lon="126.495784">
      <ele>1096.343974</ele>
      <time>2019-06-06T08:37:11Z</time>
      <extensions>
        <dbm>-89</dbm>
        <cellinfo>mcc=450 mnc=5 ci=32247839 pci=350 tac=9552 rssi=-58 rsrp=-89 rsrq=-6 rssnr=190 cqi=NA</cellinfo>
      </extensions>
    </trkpt>
    <trkpt lat="33.384405" lon="126.495827">
      <ele>1099.330966</ele>
      <time>2019-06-06T08:37:28Z</time>
      <extensions>
        <dbm>-90</dbm>
        <cellinfo>mcc=450 mnc=5 ci=32247839 pci=350 tac=9552 rssi=-57 rsrp=-90 rsrq=-5 rssnr=206 cqi=NA</cellinfo>
      </extensions>
    </trkpt>
    <trkpt lat="33.384332" lon="126.495878">
      <ele>1100.603780</ele>
      <time>2019-06-06T08:38:04Z</time>
      <extensions>
        <dbm>-91</dbm>
        <cellinfo>mcc=450 mnc=5 ci=32247043 pci=399 tac=9552 rssi=-58 rsrp=-91 rsrq=-5 rssnr=196 cqi=NA</cellinfo>
      </extensions>
    </trkpt>
    <trkpt lat="33.384262" lon="126.495935">
      <ele>1102.897156</ele>
      <time>2019-06-06T08:38:30Z</time>
      <extensions>
        <dbm>-88</dbm>
        <cellinfo>mcc=450 mnc=5 ci=32247839 pci=350 tac=9552 rssi=-57 rsrp=-88 rsrq=-6 rssnr=202 cqi=NA</cellinfo>
      </extensions>
    </trkpt>
    <trkpt lat="33.384178" lon="126.495988">
      <ele>1106.552967</ele>
      <time>2019-06-06T08:38:47Z</time>
      <extensions>
        <dbm>-89</dbm>
        <cellinfo>mcc=450 mnc=5 ci=32247043 pci=399 tac=9552 rssi=-57 rsrp=-89 rsrq=-6 rssnr=160 cqi=NA</cellinfo>
      </extensions>
    </trkpt>
    <trkpt lat="33.384110" lon="126.496049">
      <ele>1108.882468</ele>
      <time>2019-06-06T08:39:05Z</time>
      <extensions>
        <dbm>-88</dbm>
        <cellinfo>mcc=450 mnc=5 ci=32247839 pci=350 tac=9552 rssi=-57 rsrp=-88 rsrq=-5 rssnr=172 cqi=NA</cellinfo>
      </extensions>
    </trkpt>
    <trkpt lat="33.384040" lon="126.496093">
      <ele>1110.747548</ele>
      <time>2019-06-06T08:39:35Z</time>
      <extensions>
        <dbm>-90</dbm>
        <cellinfo>mcc=450 mnc=5 ci=32247043 pci=399 tac=9552 rssi=-57 rsrp=-90 rsrq=-6 rssnr=202 cqi=NA</cellinfo>
      </extensions>
    </trkpt>
    <trkpt lat="33.383975" lon="126.496138">
      <ele>1113.836151</ele>
      <time>2019-06-06T08:39:59Z</time>
      <extensions>
        <dbm>-88</dbm>
        <cellinfo>mcc=450 mnc=5 ci=32247839 pci=350 tac=9552 rssi=-56 rsrp=-88 rsrq=-5 rssnr=162 cqi=NA</cellinfo>
      </extensions>
    </trkpt>
    <trkpt lat="33.383890" lon="126.496173">
      <ele>1117.559282</ele>
      <time>2019-06-06T08:40:15Z</time>
      <extensions>
        <dbm>-86</dbm>
        <cellinfo>mcc=450 mnc=5 ci=32247839 pci=350 tac=9552 rssi=-56 rsrp=-86 rsrq=-5 rssnr=196 cqi=NA</cellinfo>
      </extensions>
    </trkpt>
    <trkpt lat="33.383801" lon="126.496216">
      <ele>1120.085494</ele>
      <time>2019-06-06T08:40:33Z</time>
      <extensions>
        <dbm>-91</dbm>
        <cellinfo>mcc=450 mnc=5 ci=32247839 pci=350 tac=9552 rssi=-57 rsrp=-91 rsrq=-5 rssnr=160 cqi=NA</cellinfo>
      </extensions>
    </trkpt>
    <trkpt lat="33.383709" lon="126.496239">
      <ele>1123.230125</ele>
      <time>2019-06-06T08:41:14Z</time>
      <extensions>
        <dbm>-89</dbm>
        <cellinfo>mcc=450 mnc=5 ci=32247839 pci=350 tac=9552 rssi=-58 rsrp=-89 rsrq=-10 rssnr=180 cqi=NA</cellinfo>
      </extensions>
    </trkpt>
    <trkpt lat="33.383629" lon="126.496273">
      <ele>1126.753507</ele>
      <time>2019-06-06T08:41:28Z</time>
      <extensions>
        <dbm>-89</dbm>
        <cellinfo>mcc=450 mnc=5 ci=32247839 pci=350 tac=9552 rssi=-57 rsrp=-89 rsrq=-6 rssnr=160 cqi=NA</cellinfo>
      </extensions>
    </trkpt>
    <trkpt lat="33.383558" lon="126.496305">
      <ele>1130.035844</ele>
      <time>2019-06-06T08:41:54Z</time>
      <extensions>
        <dbm>-92</dbm>
        <cellinfo>mcc=450 mnc=5 ci=32247839 pci=350 tac=9552 rssi=-58 rsrp=-92 rsrq=-7 rssnr=170 cqi=NA</cellinfo>
      </extensions>
    </trkpt>
    <trkpt lat="33.383495" lon="126.496359">
      <ele>1133.091775</ele>
      <time>2019-06-06T08:42:30Z</time>
      <extensions>
        <dbm>-89</dbm>
        <cellinfo>mcc=450 mnc=5 ci=32247043 pci=399 tac=9552 rssi=-57 rsrp=-89 rsrq=-6 rssnr=186 cqi=NA</cellinfo>
      </extensions>
    </trkpt>
    <trkpt lat="33.383428" lon="126.496387">
      <ele>1134.377523</ele>
      <time>2019-06-06T08:42:46Z</time>
      <extensions>
        <dbm>-89</dbm>
        <cellinfo>mcc=450 mnc=5 ci=32247839 pci=350 tac=9552 rssi=-57 rsrp=-89 rsrq=-5 rssnr=204 cqi=NA</cellinfo>
      </extensions>
    </trkpt>
    <trkpt lat="33.383359" lon="126.496403">
      <ele>1137.019430</ele>
      <time>2019-06-06T08:43:22Z</time>
      <extensions>
        <dbm>-85</dbm>
        <cellinfo>mcc=450 mnc=5 ci=32247043 pci=399 tac=9552 rssi=-56 rsrp=-85 rsrq=-5 rssnr=180 cqi=NA</cellinfo>
      </extensions>
    </trkpt>
    <trkpt lat="33.383286" lon="126.496418">
      <ele>1139.510549</ele>
      <time>2019-06-06T08:43:54Z</time>
      <extensions>
        <dbm>-89</dbm>
        <cellinfo>mcc=450 mnc=5 ci=32247043 pci=399 tac=9552 rssi=-57 rsrp=-89 rsrq=-5 rssnr=194 cqi=NA</cellinfo>
      </extensions>
    </trkpt>
    <trkpt lat="33.383209" lon="126.496452">
      <ele>1142.542684</ele>
      <time>2019-06-06T08:44:09Z</time>
      <extensions>
        <dbm>-86</dbm>
        <cellinfo>mcc=450 mnc=5 ci=32247043 pci=399 tac=9552 rssi=-56 rsrp=-86 rsrq=-5 rssnr=182 cqi=NA</cellinfo>
      </extensions>
    </trkpt>
    <trkpt lat="33.383130" lon="126.496500">
      <ele>1145.082509</ele>
      <time>2019-06-06T08:44:28Z</time>
      <extensions>
        <dbm>-76</dbm>
        <cellinfo>mcc=450 mnc=5 ci=32247043 pci=399 tac=9552 rssi=-53 rsrp=-76 rsrq=-5 rssnr=182 cqi=NA</cellinfo>
      </extensions>
    </trkpt>
    <trkpt lat="33.383059" lon="126.496554">
      <ele>1148.119792</ele>
      <time>2019-06-06T08:45:22Z</time>
      <extensions>
        <dbm>-85</dbm>
        <cellinfo>mcc=450 mnc=5 ci=32247043 pci=399 tac=9552 rssi=-56 rsrp=-85 rsrq=-5 rssnr=182 cqi=NA</cellinfo>
      </extensions>
    </trkpt>
    <trkpt lat="33.382996" lon="126.496615">
      <ele>1151.748942</ele>
      <time>2019-06-06T08:45:49Z</time>
      <extensions>
        <dbm>-87</dbm>
        <cellinfo>mcc=450 mnc=5 ci=32247043 pci=399 tac=9552 rssi=-57 rsrp=-87 rsrq=-5 rssnr=172 cqi=NA</cellinfo>
      </extensions>
    </trkpt>
    <trkpt lat="33.382931" lon="126.496663">
      <ele>1155.318247</ele>
      <time>2019-06-06T08:46:14Z</time>
      <extensions>
        <dbm>-90</dbm>
        <cellinfo>mcc=450 mnc=5 ci=32247043 pci=399 tac=9552 rssi=-57 rsrp=-90 rsrq=-6 rssnr=200 cqi=NA</cellinfo>
      </extensions>
    </trkpt>
    <trkpt lat="33.382897" lon="126.496720">
      <ele>1158.575165</ele>
      <time>2019-06-06T08:47:16Z</time>
      <extensions>
        <dbm>-89</dbm>
        <cellinfo>mcc=450 mnc=5 ci=32247043 pci=399 tac=9552 rssi=-57 rsrp=-89 rsrq=-7 rssnr=190 cqi=NA</cellinfo>
      </extensions>
    </trkpt>
    <trkpt lat="33.382859" lon="126.496767">
      <ele>1160.370202</ele>
      <time>2019-06-06T08:47:28Z</time>
      <extensions>
        <dbm>-89</dbm>
        <cellinfo>mcc=450 mnc=5 ci=32247043 pci=399 tac=9552 rssi=-58 rsrp=-89 rsrq=-6 rssnr=118 cqi=NA</cellinfo>
      </extensions>
    </trkpt>
    <trkpt lat="33.382817" lon="126.496824">
      <ele>1163.677152</ele>
      <time>2019-06-06T08:47:43Z</time>
      <extensions>
        <dbm>-89</dbm>
        <cellinfo>mcc=450 mnc=5 ci=32247043 pci=399 tac=9552 rssi=-57 rsrp=-89 rsrq=-6 rssnr=178 cqi=NA</cellinfo>
      </extensions>
    </trkpt>
    <trkpt lat="33.382743" lon="126.496864">
      <ele>1167.138127</ele>
      <time>2019-06-06T08:47:54Z</time>
      <extensions>
        <dbm>-92</dbm>
        <cellinfo>mcc=450 mnc=5 ci=32247043 pci=399 tac=9552 rssi=-58 rsrp=-92 rsrq=-7 rssnr=60 cqi=NA</cellinfo>
      </extensions>
    </trkpt>
    <trkpt lat="33.382666" lon="126.496900">
      <ele>1170.896466</ele>
      <time>2019-06-06T08:49:01Z</time>
      <extensions>
        <dbm>-89</dbm>
        <cellinfo>mcc=450 mnc=5 ci=32247043 pci=399 tac=9552 rssi=-57 rsrp=-89 rsrq=-5 rssnr=192 cqi=NA</cellinfo>
      </extensions>
    </trkpt>
    <trkpt lat="33.382595" lon="126.496926">
      <ele>1174.860840</ele>
      <time>2019-06-06T08:49:12Z</time>
      <extensions>
        <dbm>-91</dbm>
        <cellinfo>mcc=450 mnc=5 ci=32247043 pci=399 tac=9552 rssi=-58 rsrp=-91 rsrq=-6 rssnr=10 cqi=NA</cellinfo>
      </extensions>
    </trkpt>
    <trkpt lat="33.382525" lon="126.496966">
      <ele>1179.287720</ele>
      <time>2019-06-06T08:49:39Z</time>
      <extensions>
        <dbm>-93</dbm>
        <cellinfo>mcc=450 mnc=5 ci=32247043 pci=399 tac=9552 rssi=-59 rsrp=-93 rsrq=-6 rssnr=192 cqi=NA</cellinfo>
      </extensions>
    </trkpt>
    <trkpt lat="33.382464" lon="126.497022">
      <ele>1184.062153</ele>
      <time>2019-06-06T08:49:56Z</time>
      <extensions>
        <dbm>-86</dbm>
        <cellinfo>mcc=450 mnc=5 ci=32247043 pci=399 tac=9552 rssi=-56 rsrp=-86 rsrq=-5 rssnr=208 cqi=NA</cellinfo>
      </extensions>
    </trkpt>
    <trkpt lat="33.382405" lon="126.497094">
      <ele>1189.204580</ele>
      <time>2019-06-06T08:50:48Z</time>
      <extensions>
        <dbm>-89</dbm>
        <cellinfo>mcc=450 mnc=5 ci=32247043 pci=399 tac=9552 rssi=-56 rsrp=-89 rsrq=-6 rssnr=180 cqi=NA</cellinfo>
      </extensions>
    </trkpt>
    <trkpt lat="33.382340" lon="126.497157">
      <ele>1194.185500</ele>
      <time>2019-06-06T08:51:11Z</time>
      <extensions>
        <dbm>-92</dbm>
        <cellinfo>mcc=450 mnc=5 ci=32247043 pci=399 tac=9552 rssi=-58 rsrp=-92 rsrq=-6 rssnr=220 cqi=NA</cellinfo>
      </extensions>
    </trkpt>
    <trkpt lat="33.382272" lon="126.497231">
      <ele>1199.166344</ele>
      <time>2019-06-06T08:51:47Z</time>
      <extensions>
        <dbm>-90</dbm>
        <cellinfo>mcc=450 mnc=5 ci=32247043 pci=399 tac=9552 rssi=-58 rsrp=-90 rsrq=-10 rssnr=200 cqi=NA</cellinfo>
      </extensions>
    </trkpt>
    <trkpt lat="33.382222" lon="126.497319">
      <ele>1206.123891</ele>
      <time>2019-06-06T08:52:09Z</time>
      <extensions>
        <dbm>-91</dbm>
        <cellinfo>mcc=450 mnc=5 ci=32247043 pci=399 tac=9552 rssi=-58 rsrp=-91 rsrq=-6 rssnr=198 cqi=NA</cellinfo>
      </extensions>
    </trkpt>
    <trkpt lat="33.382167" lon="126.497397">
      <ele>1211.112976</ele>
      <time>2019-06-06T08:52:35Z</time>
      <extensions>
        <dbm>-90</dbm>
        <cellinfo>mcc=450 mnc=5 ci=32247043 pci=399 tac=9552 rssi=-57 rsrp=-90 rsrq=-6 rssnr=138 cqi=NA</cellinfo>
      </extensions>
    </trkpt>
    <trkpt lat="33.382111" lon="126.497465">
      <ele>1216.181508</ele>
      <time>2019-06-06T08:52:52Z</time>
      <extensions>
        <dbm>-92</dbm>
        <cellinfo>mcc=450 mnc=5 ci=32247043 pci=399 tac=9552 rssi=-58 rsrp=-92 rsrq=-6 rssnr=132 cqi=NA</cellinfo>
      </extensions>
    </trkpt>
    <trkpt lat="33.382035" lon="126.497522">
      <ele>1220.964915</ele>
      <time>2019-06-06T08:53:11Z</time>
      <extensions>
        <dbm>-92</dbm>
        <cellinfo>mcc=450 mnc=5 ci=32247043 pci=399 tac=9552 rssi=-58 rsrp=-92 rsrq=-6 rssnr=132 cqi=NA</cellinfo>
      </extensions>
    </trkpt>
    <trkpt lat="33.381959" lon="126.497575">
      <ele>1225.748433</ele>
      <time>2019-06-06T08:53:46Z</time>
      <extensions>
        <dbm>-93</dbm>
        <cellinfo>mcc=450 mnc=5 ci=32247043 pci=399 tac=9552 rssi=-58 rsrp=-93 rsrq=-7 rssnr=158 cqi=NA</cellinfo>
      </extensions>
    </trkpt>
    <trkpt lat="33.381881" lon="126.497624">
      <ele>1233.320812</ele>
      <time>2019-06-06T08:54:17Z</time>
      <extensions>
        <dbm>-92</dbm>
        <cellinfo>mcc=450 mnc=5 ci=32247839 pci=350 tac=9552 rssi=-58 rsrp=-92 rsrq=-7 rssnr=200 cqi=NA</cellinfo>
      </extensions>
    </trkpt>
    <trkpt lat="33.381800" lon="126.497670">
      <ele>1238.035190</ele>
      <time>2019-06-06T08:54:46Z</time>
      <extensions>
        <dbm>-94</dbm>
        <cellinfo>mcc=450 mnc=5 ci=32247839 pci=350 tac=9552 rssi=-58 rsrp=-94 rsrq=-5 rssnr=126 cqi=NA</cellinfo>
      </extensions>
    </trkpt>
    <trkpt lat="33.381719" lon="126.497706">
      <ele>1242.497081</ele>
      <time>2019-06-06T08:55:20Z</time>
      <extensions>
        <dbm>-94</dbm>
        <cellinfo>mcc=450 mnc=5 ci=32247043 pci=399 tac=9552 rssi=-59 rsrp=-94 rsrq=-6 rssnr=126 cqi=NA</cellinfo>
      </extensions>
    </trkpt>
    <trkpt lat="33.381642" lon="126.497747">
      <ele>1248.117310</ele>
      <time>2019-06-06T08:55:40Z</time>
      <extensions>
        <dbm>-91</dbm>
        <cellinfo>mcc=450 mnc=5 ci=32247043 pci=399 tac=9552 rssi=-57 rsrp=-91 rsrq=-5 rssnr=126 cqi=NA</cellinfo>
      </extensions>
    </trkpt>
    <trkpt lat="33.381560" lon="126.497773">
      <ele>1251.537585</ele>
      <time>2019-06-06T08:56:24Z</time>
      <extensions>
        <dbm>-94</dbm>
        <cellinfo>mcc=450 mnc=5 ci=32247839 pci=350 tac=9552 rssi=-58 rsrp=-94 rsrq=-7 rssnr=162 cqi=NA</cellinfo>
      </extensions>
    </trkpt>
    <trkpt lat="33.381474" lon="126.497802">
      <ele>1254.694934</ele>
      <time>2019-06-06T08:56:52Z</time>
      <extensions>
        <dbm>-95</dbm>
        <cellinfo>mcc=450 mnc=5 ci=32247839 pci=350 tac=9552 rssi=-59 rsrp=-95 rsrq=-7 rssnr=160 cqi=NA</cellinfo>
      </extensions>
    </trkpt>
    <trkpt lat="33.381383" lon="126.497812">
      <ele>1257.457166</ele>
      <time>2019-06-06T08:57:38Z</time>
      <extensions>
        <dbm>-95</dbm>
        <cellinfo>mcc=450 mnc=5 ci=32247043 pci=399 tac=9552 rssi=-59 rsrp=-95 rsrq=-6 rssnr=138 cqi=NA</cellinfo>
      </extensions>
    </trkpt>
    <trkpt lat="33.381303" lon="126.497825">
      <ele>1260.077100</ele>
      <time>2019-06-06T08:57:52Z</time>
      <extensions>
        <dbm>-94</dbm>
        <cellinfo>mcc=450 mnc=5 ci=32247043 pci=399 tac=9552 rssi=-58 rsrp=-94 rsrq=-6 rssnr=138 cqi=NA</cellinfo>
      </extensions>
    </trkpt>
    <trkpt lat="33.381227" lon="126.497845">
      <ele>1262.528674</ele>
      <time>2019-06-06T08:58:19Z</time>
      <extensions>
        <dbm>-94</dbm>
        <cellinfo>mcc=450 mnc=5 ci=32247043 pci=399 tac=9552 rssi=-58 rsrp=-94 rsrq=-5 rssnr=102 cqi=NA</cellinfo>
      </extensions>
    </trkpt>
    <trkpt lat="33.381148" lon="126.497872">
      <ele>1264.780798</ele>
      <time>2019-06-06T08:58:47Z</time>
      <extensions>
        <dbm>-92</dbm>
        <cellinfo>mcc=450 mnc=5 ci=32247839 pci=350 tac=9552 rssi=-58 rsrp=-92 rsrq=-6 rssnr=102 cqi=NA</cellinfo>
      </extensions>
    </trkpt>
    <trkpt lat="33.381071" lon="126.497913">
      <ele>1266.579248</ele>
      <time>2019-06-06T08:59:24Z</time>
      <extensions>
        <dbm>-96</dbm>
        <cellinfo>mcc=450 mnc=5 ci=32247043 pci=399 tac=9552 rssi=-59 rsrp=-96 rsrq=-6 rssnr=102 cqi=NA</cellinfo>
      </extensions>
    </trkpt>
    <trkpt lat="33.380995" lon="126.497963">
      <ele>1268.611584</ele>
      <time>2019-06-06T08:59:42Z</time>
      <extensions>
        <dbm>0</dbm>
      </extensions>
    </trkpt>
    <trkpt lat="33.380924" lon="126.498023">
      <ele>1271.251489</ele>
      <time>2019-06-06T08:59:58Z</time>
      <extensions>
        <dbm>-96</dbm>
        <cellinfo>mcc=450 mnc=5 ci=32247839 pci=350 tac=9552 rssi=-59 rsrp=-96 rsrq=-6 rssnr=110 cqi=NA</cellinfo>
      </extensions>
    </trkpt>
    <trkpt lat="33.380841" lon="126.498056">
      <ele>1273.931409</ele>
      <time>2019-06-06T09:00:38Z</time>
      <extensions>
        <dbm>-96</dbm>
        <cellinfo>mcc=450 mnc=5 ci=32247043 pci=399 tac=9552 rssi=-59 rsrp=-96 rsrq=-6 rssnr=82 cqi=NA</cellinfo>
      </extensions>
    </trkpt>
    <trkpt lat="33.380771" lon="126.498051">
      <ele>1275.723855</ele>
      <time>2019-06-06T09:01:43Z</time>
      <extensions>
        <dbm>-95</dbm>
        <cellinfo>mcc=450 mnc=5 ci=32247839 pci=350 tac=9552 rssi=-58 rsrp=-95 rsrq=-6 rssnr=140 cqi=NA</cellinfo>
      </extensions>
    </trkpt>
    <trkpt lat="33.380700" lon="126.498048">
      <ele>1278.729448</ele>
      <time>2019-06-06T09:02:02Z</time>
      <extensions>
        <dbm>-94</dbm>
        <cellinfo>mcc=450 mnc=5 ci=32247043 pci=399 tac=9552 rssi=-58 rsrp=-94 rsrq=-6 rssnr=140 cqi=NA</cellinfo>
      </extensions>
    </trkpt>
    <trkpt lat="33.380635" lon="126.498072">
      <ele>1281.782870</ele>
      <time>2019-06-06T09:02:47Z</time>
      <extensions>
        <dbm>-92</dbm>
        <cellinfo>mcc=450 mnc=5 ci=32247043 pci=399 tac=9552 rssi=-58 rsrp=-92 rsrq=-5 rssnr=140 cqi=NA</cellinfo>
      </extensions>
    </trkpt>
    <trkpt lat="33.380561" lon="126.498097">
      <ele>1284.992720</ele>
      <time>2019-06-06T09:03:08Z</time>
      <extensions>
        <dbm>-94</dbm>
        <cellinfo>mcc=450 mnc=5 ci=32247043 pci=399 tac=9552 rssi=-58 rsrp=-94 rsrq=-6 rssnr=140 cqi=NA</cellinfo>
      </extensions>
    </trkpt>
    <trkpt lat="33.380485" lon="126.498103">
      <ele>1286.519867</ele>
      <time>2019-06-06T09:05:08Z</time>
      <extensions>
        <dbm>-94</dbm>
        <cellinfo>mcc=450 mnc=5 ci=32247043 pci=399 tac=9552 rssi=-59 rsrp=-94 rsrq=-7 rssnr=158 cqi=NA</cellinfo>
      </extensions>
    </trkpt>
    <trkpt lat="33.380403" lon="126.498101">
      <ele>1289.529053</ele>
      <time>2019-06-06T09:05:25Z</time>
      <extensions>
        <dbm>-96</dbm>
        <cellinfo>mcc=450 mnc=5 ci=32247043 pci=399 tac=9552 rssi=-59 rsrp=-96 rsrq=-8 rssnr=158 cqi=NA</cellinfo>
      </extensions>
    </trkpt>
    <trkpt lat="33.380326" lon="126.498148">
      <ele>1292.536265</ele>
      <time>2019-06-06T09:06:02Z</time>
      <extensions>
        <dbm>-97</dbm>
        <cellinfo>mcc=450 mnc=5 ci=32247043 pci=399 tac=9552 rssi=-59 rsrp=-97 rsrq=-7 rssnr=158 cqi=NA</cellinfo>
      </extensions>
    </trkpt>
    <trkpt lat="33.380250" lon="126.498196">
      <ele>1295.484334</ele>
      <time>2019-06-06T09:06:27Z</time>
      <extensions>
        <dbm>-96</dbm>
        <cellinfo>mcc=450 mnc=5 ci=32247043 pci=399 tac=9552 rssi=-59 rsrp=-96 rsrq=-6 rssnr=158 cqi=NA</cellinfo>
      </extensions>
    </trkpt>
    <trkpt lat="33.380172" lon="126.498238">
      <ele>1298.423584</ele>
      <time>2019-06-06T09:06:39Z</time>
      <extensions>
        <dbm>-95</dbm>
        <cellinfo>mcc=450 mnc=5 ci=32247043 pci=399 tac=9552 rssi=-58 rsrp=-95 rsrq=-6 rssnr=158 cqi=NA</cellinfo>
      </extensions>
    </trkpt>
    <trkpt lat="33.380082" lon="126.498249">
      <ele>1300.938049</ele>
      <time>2019-06-06T09:07:24Z</time>
      <extensions>
        <dbm>-93</dbm>
        <cellinfo>mcc=450 mnc=5 ci=32247839 pci=350 tac=9552 rssi=-58 rsrp=-93 rsrq=-5 rssnr=158 cqi=NA</cellinfo>
      </extensions>
    </trkpt>
    <trkpt lat="33.379993" lon="126.498266">
      <ele>1302.755778</ele>
      <time>2019-06-06T09:07:44Z</time>
      <extensions>
        <dbm>-95</dbm>
        <cellinfo>mcc=450 mnc=5 ci=32247839 pci=350 tac=9552 rssi=-59 rsrp=-95 rsrq=-6 rssnr=114 cqi=NA</cellinfo>
      </extensions>
    </trkpt>
    <trkpt lat="33.379903" lon="126.498276">
      <ele>1304.375041</ele>
      <time>2019-06-06T09:08:18Z</time>
      <extensions>
        <dbm>-96</dbm>
        <cellinfo>mcc=450 mnc=5 ci=32247839 pci=350 tac=9552 rssi=-59 rsrp=-96 rsrq=-7 rssnr=78 cqi=NA</cellinfo>
      </extensions>
    </trkpt>
    <trkpt lat="33.379816" lon="126.498289">
      <ele>1305.743825</ele>
      <time>2019-06-06T09:08:46Z</time>
      <extensions>
        <dbm>-98</dbm>
        <cellinfo>mcc=450 mnc=5 ci=32247839 pci=350 tac=9552 rssi=-60 rsrp=-98 rsrq=-6 rssnr=128 cqi=NA</cellinfo>
      </extensions>
    </trkpt>
    <trkpt lat="33.379733" lon="126.498309">
      <ele>1306.719147</ele>
      <time>2019-06-06T09:09:20Z</time>
      <extensions>
        <dbm>-97</dbm>
        <cellinfo>mcc=450 mnc=5 ci=32247839 pci=350 tac=9552 rssi=-59 rsrp=-97 rsrq=-8 rssnr=146 cqi=NA</cellinfo>
      </extensions>
    </trkpt>
    <trkpt lat="33.379658" lon="126.498358">
      <ele>1307.757792</ele>
      <time>2019-06-06T09:09:32Z</time>
      <extensions>
        <dbm>-98</dbm>
        <cellinfo>mcc=450 mnc=5 ci=32247839 pci=350 tac=9552 rssi=-60 rsrp=-98 rsrq=-7 rssnr=146 cqi=NA</cellinfo>
      </extensions>
    </trkpt>
    <trkpt lat="33.379593" lon="126.498421">
      <ele>1308.826294</ele>
      <time>2019-06-06T09:10:27Z</time>
      <extensions>
        <dbm>-99</dbm>
        <cellinfo>mcc=450 mnc=5 ci=32247839 pci=350 tac=9552 rssi=-60 rsrp=-99 rsrq=-6 rssnr=130 cqi=NA</cellinfo>
      </extensions>
    </trkpt>
    <trkpt lat="33.379519" lon="126.498466">
      <ele>1309.852132</ele>
      <time>2019-06-06T09:10:49Z</time>
      <extensions>
        <dbm>-93</dbm>
        <cellinfo>mcc=450 mnc=5 ci=32247839 pci=350 tac=9552 rssi=-58 rsrp=-93 rsrq=-6 rssnr=114 cqi=NA</cellinfo>
      </extensions>
    </trkpt>
    <trkpt lat="33.379446" lon="126.498511">
      <ele>1310.760651</ele>
      <time>2019-06-06T09:11:21Z</time>
      <extensions>
        <dbm>-98</dbm>
        <cellinfo>mcc=450 mnc=5 ci=32247839 pci=350 tac=9552 rssi=-59 rsrp=-98 rsrq=-7 rssnr=102 cqi=NA</cellinfo>
      </extensions>
    </trkpt>
    <trkpt lat="33.379364" lon="126.498553">
      <ele>1311.655660</ele>
      <time>2019-06-06T09:11:49Z</time>
      <extensions>
        <dbm>-100</dbm>
        <cellinfo>mcc=450 mnc=5 ci=32247839 pci=350 tac=9552 rssi=-60 rsrp=-100 rsrq=-7 rssnr=130 cqi=NA</cellinfo>
      </extensions>
    </trkpt>
    <trkpt lat="33.379296" lon="126.498622">
      <ele>1312.592224</ele>
      <time>2019-06-06T09:12:06Z</time>
      <extensions>
        <dbm>-96</dbm>
        <cellinfo>mcc=450 mnc=5 ci=32247839 pci=350 tac=9552 rssi=-59 rsrp=-96 rsrq=-6 rssnr=186 cqi=NA</cellinfo>
      </extensions>
    </trkpt>
    <trkpt lat="33.379231" lon="126.498676">
      <ele>1313.830475</ele>
      <time>2019-06-06T09:12:22Z</time>
      <extensions>
        <dbm>-100</dbm>
        <cellinfo>mcc=450 mnc=5 ci=32247839 pci=350 tac=9552 rssi=-60 rsrp=-100 rsrq=-6 rssnr=110 cqi=NA</cellinfo>
      </extensions>
    </trkpt>
    <trkpt lat="33.379164" lon="126.498733">
      <ele>1315.116414</ele>
      <time>2019-06-06T09:13:12Z</time>
      <extensions>
        <dbm>-98</dbm>
        <cellinfo>mcc=450 mnc=5 ci=32247839 pci=350 tac=9552 rssi=-59 rsrp=-98 rsrq=-7 rssnr=142 cqi=NA</cellinfo>
      </extensions>
    </trkpt>
    <trkpt lat="33.379088" lon="126.498750">
      <ele>1316.696147</ele>
      <time>2019-06-06T09:13:27Z</time>
      <extensions>
        <dbm>-100</dbm>
        <cellinfo>mcc=450 mnc=5 ci=32247839 pci=350 tac=9552 rssi=-60 rsrp=-100 rsrq=-7 rssnr=142 cqi=NA</cellinfo>
      </extensions>
    </trkpt>
    <trkpt lat="33.379000" lon="126.498746">
      <ele>1318.511505</ele>
      <time>2019-06-06T09:14:08Z</time>
      <extensions>
        <dbm>-93</dbm>
        <cellinfo>mcc=450 mnc=5 ci=32247839 pci=350 tac=9552 rssi=-58 rsrp=-93 rsrq=-6 rssnr=142 cqi=NA</cellinfo>
      </extensions>
    </trkpt>
    <trkpt lat="33.378914" lon="126.498744">
      <ele>1320.262014</ele>
      <time>2019-06-06T09:14:33Z</time>
      <extensions>
        <dbm>-97</dbm>
        <cellinfo>mcc=450 mnc=5 ci=32247839 pci=350 tac=9552 rssi=-59 rsrp=-97 rsrq=-6 rssnr=142 cqi=NA</cellinfo>
      </extensions>
    </trkpt>
    <trkpt lat="33.378825" lon="126.498750">
      <ele>1322.736603</ele>
      <time>2019-06-06T09:15:10Z</time>
      <extensions>
        <dbm>-96</dbm>
        <cellinfo>mcc=450 mnc=5 ci=32247839 pci=350 tac=9552 rssi=-58 rsrp=-96 rsrq=-6 rssnr=142 cqi=NA</cellinfo>
      </extensions>
    </trkpt>
    <trkpt lat="33.378739" lon="126.498785">
      <ele>1325.172190</ele>
      <time>2019-06-06T09:15:29Z</time>
      <extensions>
        <dbm>-101</dbm>
        <cellinfo>mcc=450 mnc=5 ci=32247839 pci=350 tac=9552 rssi=-61 rsrp=-101 rsrq=-10 rssnr=142 cqi=NA</cellinfo>
      </extensions>
    </trkpt>
    <trkpt lat="33.378708" lon="126.498816">
      <ele>1327.774414</ele>
      <time>2019-06-06T09:15:53Z</time>
      <extensions>
        <dbm>-96</dbm>
        <cellinfo>mcc=450 mnc=5 ci=32247839 pci=350 tac=9552 rssi=-58 rsrp=-96 rsrq=-6 rssnr=124 cqi=NA</cellinfo>
      </extensions>
    </trkpt>
    <trkpt lat="33.378599" lon="126.498836">
      <ele>1333.120691</ele>
      <time>2019-06-06T09:16:45Z</time>
      <extensions>
        <dbm>-99</dbm>
        <cellinfo>mcc=450 mnc=5 ci=32247839 pci=350 tac=9552 rssi=-59 rsrp=-99 rsrq=-6 rssnr=154 cqi=NA</cellinfo>
      </extensions>
    </trkpt>
    <trkpt lat="33.378487" lon="126.498847">
      <ele>1336.329626</ele>
      <time>2019-06-06T09:16:56Z</time>
      <extensions>
        <dbm>-100</dbm>
        <cellinfo>mcc=450 mnc=5 ci=32247839 pci=350 tac=9552 rssi=-60 rsrp=-100 rsrq=-7 rssnr=94 cqi=NA</cellinfo>
      </extensions>
    </trkpt>
    <trkpt lat="33.378325" lon="126.498836">
      <ele>1339.157617</ele>
      <time>2019-06-06T09:17:17Z</time>
      <extensions>
        <dbm>-103</dbm>
        <cellinfo>mcc=450 mnc=5 ci=32247839 pci=350 tac=9552 rssi=-61 rsrp=-103 rsrq=-7 rssnr=128 cqi=NA</cellinfo>
      </extensions>
    </trkpt>
    <trkpt lat="33.378241" lon="126.498823">
      <ele>1340.293979</ele>
      <time>2019-06-06T09:17:50Z</time>
      <extensions>
        <dbm>-100</dbm>
        <cellinfo>mcc=450 mnc=5 ci=32247839 pci=350 tac=9552 rssi=-60 rsrp=-100 rsrq=-6 rssnr=92 cqi=NA</cellinfo>
      </extensions>
    </trkpt>
    <trkpt lat="33.378166" lon="126.498774">
      <ele>1342.825107</ele>
      <time>2019-06-06T09:18:20Z</time>
      <extensions>
        <dbm>-99</dbm>
        <cellinfo>mcc=450 mnc=5 ci=32247839 pci=350 tac=9552 rssi=-60 rsrp=-99 rsrq=-7 rssnr=100 cqi=NA</cellinfo>
      </extensions>
    </trkpt>
    <trkpt lat="33.378110" lon="126.498708">
      <ele>1345.149913</ele>
      <time>2019-06-06T09:18:28Z</time>
      <extensions>
        <dbm>-101</dbm>
        <cellinfo>mcc=450 mnc=5 ci=32247839 pci=350 tac=9552 rssi=-61 rsrp=-101 rsrq=-8 rssnr=86 cqi=NA</cellinfo>
      </extensions>
    </trkpt>
    <trkpt lat="33.378063" lon="126.498642">
      <ele>1347.210283</ele>
      <time>2019-06-06T09:18:43Z</time>
      <extensions>
        <dbm>-101</dbm>
        <cellinfo>mcc=450 mnc=5 ci=32247043 pci=399 tac=9552 rssi=-61 rsrp=-101 rsrq=-12 rssnr=-2 cqi=NA</cellinfo>
      </extensions>
    </trkpt>
    <trkpt lat="33.378009" lon="126.498610">
      <ele>1350.013228</ele>
      <time>2019-06-06T09:18:58Z</time>
      <extensions>
        <dbm>-100</dbm>
        <cellinfo>mcc=450 mnc=5 ci=32247043 pci=399 tac=9552 rssi=-61 rsrp=-100 rsrq=-9 rssnr=94 cqi=NA</cellinfo>
      </extensions>
    </trkpt>
    <trkpt lat="33.377927" lon="126.498610">
      <ele>1351.891213</ele>
      <time>2019-06-06T09:19:51Z</time>
      <extensions>
        <dbm>-100</dbm>
        <cellinfo>mcc=450 mnc=5 ci=32247043 pci=399 tac=9552 rssi=-60 rsrp=-100 rsrq=-6 rssnr=48 cqi=NA</cellinfo>
      </extensions>
    </trkpt>
    <trkpt lat="33.377840" lon="126.498648">
      <ele>1353.942350</ele>
      <time>2019-06-06T09:19:57Z</time>
      <extensions>
        <dbm>-100</dbm>
        <cellinfo>mcc=450 mnc=5 ci=32247043 pci=399 tac=9552 rssi=-60 rsrp=-100 rsrq=-6 rssnr=48 cqi=NA</cellinfo>
      </extensions>
    </trkpt>
    <trkpt lat="33.377756" lon="126.498682">
      <ele>1355.704168</ele>
      <time>2019-06-06T09:20:40Z</time>
      <extensions>
        <dbm>-100</dbm>
        <cellinfo>mcc=450 mnc=5 ci=32247839 pci=350 tac=9552 rssi=-60 rsrp=-100 rsrq=-6 rssnr=34 cqi=NA</cellinfo>
      </extensions>
    </trkpt>
    <trkpt lat="33.377678" lon="126.498736">
      <ele>1357.498713</ele>
      <time>2019-06-06T09:20:45Z</time>
      <extensions>
        <dbm>-104</dbm>
        <cellinfo>mcc=450 mnc=5 ci=32247839 pci=350 tac=9552 rssi=-62 rsrp=-104 rsrq=-8 rssnr=34 cqi=NA</cellinfo>
      </extensions>
    </trkpt>
    <trkpt lat="33.377608" lon="126.498801">
      <ele>1359.065596</ele>
      <time>2019-06-06T09:21:01Z</time>
      <extensions>
        <dbm>-103</dbm>
        <cellinfo>mcc=450 mnc=5 ci=32247839 pci=350 tac=9552 rssi=-61 rsrp=-103 rsrq=-8 rssnr=106 cqi=NA</cellinfo>
      </extensions>
    </trkpt>
    <trkpt lat="33.377540" lon="126.498881">
      <ele>1361.646252</ele>
      <time>2019-06-06T09:21:12Z</time>
      <extensions>
        <dbm>-103</dbm>
        <cellinfo>mcc=450 mnc=5 ci=32247839 pci=350 tac=9552 rssi=-61 rsrp=-103 rsrq=-8 rssnr=26 cqi=NA</cellinfo>
      </extensions>
    </trkpt>
    <trkpt lat="33.377465" lon="126.498955">
      <ele>1363.533289</ele>
      <time>2019-06-06T09:21:22Z</time>
      <extensions>
        <dbm>-106</dbm>
        <cellinfo>mcc=450 mnc=5 ci=32247839 pci=350 tac=9552 rssi=-63 rsrp=-106 rsrq=-9 rssnr=26 cqi=NA</cellinfo>
      </extensions>
    </trkpt>
    <trkpt lat="33.377437" lon="126.498939">
      <ele>1365.911743</ele>
      <time>2019-06-06T09:21:34Z</time>
      <extensions>
        <dbm>-100</dbm>
        <cellinfo>mcc=450 mnc=5 ci=32247839 pci=350 tac=9552 rssi=-60 rsrp=-100 rsrq=-8 rssnr=26 cqi=NA</cellinfo>
      </extensions>
    </trkpt>
    <trkpt lat="33.377409" lon="126.498917">
      <ele>1365.911743</ele>
      <time>2019-06-06T09:22:16Z</time>
      <extensions>
        <dbm>-103</dbm>
        <cellinfo>mcc=450 mnc=5 ci=32247839 pci=350 tac=9552 rssi=-62 rsrp=-103 rsrq=-9 rssnr=26 cqi=NA</cellinfo>
      </extensions>
    </trkpt>
    <trkpt lat="33.377387" lon="126.498873">
      <ele>1365.370709</ele>
      <time>2019-06-06T09:22:46Z</time>
      <extensions>
        <dbm>-103</dbm>
        <cellinfo>mcc=450 mnc=5 ci=32247839 pci=350 tac=9552 rssi=-61 rsrp=-103 rsrq=-8 rssnr=26 cqi=NA</cellinfo>
      </extensions>
    </trkpt>
    <trkpt lat="33.377309" lon="126.498885">
      <ele>1367.899109</ele>
      <time>2019-06-06T09:23:16Z</time>
      <extensions>
        <dbm>-104</dbm>
        <cellinfo>mcc=450 mnc=5 ci=32247839 pci=350 tac=9552 rssi=-61 rsrp=-104 rsrq=-8 rssnr=26 cqi=NA</cellinfo>
      </extensions>
    </trkpt>
    <trkpt lat="33.377232" lon="126.498910">
      <ele>1368.724548</ele>
      <time>2019-06-06T09:23:47Z</time>
      <extensions>
        <dbm>-99</dbm>
        <cellinfo>mcc=450 mnc=5 ci=32247055 pci=337 tac=9552 rssi=-60 rsrp=-99 rsrq=-12 rssnr=28 cqi=NA</cellinfo>
      </extensions>
    </trkpt>
    <trkpt lat="33.377146" lon="126.498924">
      <ele>1370.411652</ele>
      <time>2019-06-06T09:24:17Z</time>
      <extensions>
        <dbm>-96</dbm>
        <cellinfo>mcc=450 mnc=5 ci=32247055 pci=337 tac=9552 rssi=-58 rsrp=-96 rsrq=-7 rssnr=94 cqi=NA</cellinfo>
      </extensions>
    </trkpt>
    <trkpt lat="33.377062" lon="126.498922">
      <ele>1371.512630</ele>
      <time>2019-06-06T09:24:33Z</time>
      <extensions>
        <dbm>-104</dbm>
        <cellinfo>mcc=450 mnc=5 ci=32247051 pci=337 tac=9552 rssi=-61 rsrp=-104 rsrq=-9 rssnr=106 cqi=NA</cellinfo>
      </extensions>
    </trkpt>
    <trkpt lat="33.376977" lon="126.498900">
      <ele>1373.391855</ele>
      <time>2019-06-06T09:25:35Z</time>
      <extensions>
        <dbm>-85</dbm>
        <cellinfo>mcc=450 mnc=5 ci=32247055 pci=337 tac=9552 rssi=-55 rsrp=-85 rsrq=-6 rssnr=198 cqi=NA</cellinfo>
      </extensions>
    </trkpt>
    <trkpt lat="33.376891" lon="126.498893">
      <ele>1374.024953</ele>
      <time>2019-06-06T09:26:12Z</time>
      <extensions>
        <dbm>-93</dbm>
        <cellinfo>mcc=450 mnc=5 ci=32247051 pci=337 tac=9552 rssi=-58 rsrp=-93 rsrq=-5 rssnr=188 cqi=NA</cellinfo>
      </extensions>
    </trkpt>
    <trkpt lat="33.376798" lon="126.498863">
      <ele>1377.676927</ele>
      <time>2019-06-06T09:26:22Z</time>
      <extensions>
        <dbm>-90</dbm>
        <cellinfo>mcc=450 mnc=5 ci=32247051 pci=337 tac=9552 rssi=-57 rsrp=-90 rsrq=-5 rssnr=188 cqi=NA</cellinfo>
      </extensions>
    </trkpt>
    <trkpt lat="33.376704" lon="126.498831">
      <ele>1379.778780</ele>
      <time>2019-06-06T09:27:30Z</time>
      <extensions>
        <dbm>-88</dbm>
        <cellinfo>mcc=450 mnc=5 ci=32247051 pci=337 tac=9552 rssi=-57 rsrp=-88 rsrq=-6 rssnr=300 cqi=NA</cellinfo>
      </extensions>
    </trkpt>
    <trkpt lat="33.376655" lon="126.498794">
      <ele>1379.778780</ele>
      <time>2019-06-06T09:29:37Z</time>
      <extensions>
        <dbm>-83</dbm>
        <cellinfo>mcc=450 mnc=5 ci=32247051 pci=337 tac=9552 rssi=-56 rsrp=-83 rsrq=-5 rssnr=300 cqi=NA</cellinfo>
      </extensions>
    </trkpt>
    <trkpt lat="33.376648" lon="126.498787">
      <ele>1412.936401</ele>
      <time>2019-06-06T09:31:12Z</time>
      <extensions>
        <pause>start</pause>
        <type>unknown</type>
        <dbm>-83</dbm>
        <cellinfo>mcc=450 mnc=5 ci=32247051 pci=337 tac=9552 rssi=-55 rsrp=-83 rsrq=-6 rssnr=300 cqi=NA</cellinfo>
      </extensions>
    </trkpt>
    <trkpt lat="33.376371" lon="126.498765">
      <ele>1411.375366</ele>
      <time>2019-06-06T09:33:12Z</time>
      <extensions>
        <pause>end</pause>
        <type>auto</type>
        <dbm>-76</dbm>
        <cellinfo>mcc=450 mnc=5 ci=32247051 pci=337 tac=9552 rssi=-53 rsrp=-76 rsrq=-5 rssnr=300 cqi=NA</cellinfo>
      </extensions>
    </trkpt>
    <trkpt lat="33.376281" lon="126.498772">
      <ele>1390.905558</ele>
      <time>2019-06-06T09:33:25Z</time>
      <extensions>
        <dbm>-77</dbm>
        <cellinfo>mcc=450 mnc=5 ci=32247051 pci=337 tac=9552 rssi=-54 rsrp=-77 rsrq=-6 rssnr=300 cqi=NA</cellinfo>
      </extensions>
    </trkpt>
    <trkpt lat="33.376188" lon="126.498770">
      <ele>1395.952459</ele>
      <time>2019-06-06T09:33:43Z</time>
      <extensions>
        <dbm>-75</dbm>
        <cellinfo>mcc=450 mnc=5 ci=32247051 pci=337 tac=9552 rssi=-53 rsrp=-75 rsrq=-5 rssnr=300 cqi=NA</cellinfo>
      </extensions>
    </trkpt>
    <trkpt lat="33.376098" lon="126.498751">
      <ele>1398.336503</ele>
      <time>2019-06-06T09:33:55Z</time>
      <extensions>
        <dbm>-66</dbm>
        <cellinfo>mcc=450 mnc=5 ci=32247051 pci=337 tac=9552 rssi=-48 rsrp=-66 rsrq=-5 rssnr=300 cqi=NA</cellinfo>
      </extensions>
    </trkpt>
    <trkpt lat="33.376010" lon="126.498744">
      <ele>1400.568559</ele>
      <time>2019-06-06T09:34:07Z</time>
      <extensions>
        <dbm>-72</dbm>
        <cellinfo>mcc=450 mnc=5 ci=32247051 pci=337 tac=9552 rssi=-51 rsrp=-72 rsrq=-5 rssnr=300 cqi=NA</cellinfo>
      </extensions>
    </trkpt>
    <trkpt lat="33.375922" lon="126.498751">
      <ele>1402.585427</ele>
      <time>2019-06-06T09:34:24Z</time>
      <extensions>
        <dbm>-73</dbm>
        <cellinfo>mcc=450 mnc=5 ci=32247051 pci=337 tac=9552 rssi=-52 rsrp=-73 rsrq=-6 rssnr=300 cqi=NA</cellinfo>
      </extensions>
    </trkpt>
    <trkpt lat="33.375836" lon="126.498784">
      <ele>1405.187048</ele>
      <time>2019-06-06T09:34:37Z</time>
      <extensions>
        <dbm>-82</dbm>
        <cellinfo>mcc=450 mnc=5 ci=32247051 pci=337 tac=9552 rssi=-55 rsrp=-82 rsrq=-6 rssnr=300 cqi=NA</cellinfo>
      </extensions>
    </trkpt>
    <trkpt lat="33.375750" lon="126.498816">
      <ele>1406.975867</ele>
      <time>2019-06-06T09:34:54Z</time>
      <extensions>
        <dbm>-82</dbm>
        <cellinfo>mcc=450 mnc=5 ci=32247051 pci=337 tac=9552 rssi=-55 rsrp=-82 rsrq=-6 rssnr=300 cqi=NA</cellinfo>
      </extensions>
    </trkpt>
    <trkpt lat="33.375677" lon="126.498869">
      <ele>1409.571666</ele>
      <time>2019-06-06T09:35:09Z</time>
      <extensions>
        <dbm>-78</dbm>
        <cellinfo>mcc=450 mnc=5 ci=32247051 pci=337 tac=9552 rssi=-54 rsrp=-78 rsrq=-5 rssnr=300 cqi=NA</cellinfo>
      </extensions>
    </trkpt>
    <trkpt lat="33.375596" lon="126.498908">
      <ele>1411.077737</ele>
      <time>2019-06-06T09:35:36Z</time>
      <extensions>
        <dbm>-82</dbm>
        <cellinfo>mcc=450 mnc=5 ci=32247051 pci=337 tac=9552 rssi=-55 rsrp=-82 rsrq=-5 rssnr=300 cqi=NA</cellinfo>
      </extensions>
    </trkpt>
    <trkpt lat="33.375514" lon="126.498946">
      <ele>1412.560858</ele>
      <time>2019-06-06T09:35:54Z</time>
      <extensions>
        <dbm>-76</dbm>
        <cellinfo>mcc=450 mnc=5 ci=32247051 pci=337 tac=9552 rssi=-53 rsrp=-76 rsrq=-4 rssnr=300 cqi=NA</cellinfo>
      </extensions>
    </trkpt>
    <trkpt lat="33.375443" lon="126.498990">
      <ele>1414.018155</ele>
      <time>2019-06-06T09:36:08Z</time>
      <extensions>
        <dbm>-84</dbm>
        <cellinfo>mcc=450 mnc=5 ci=32247051 pci=337 tac=9552 rssi=-55 rsrp=-84 rsrq=-5 rssnr=300 cqi=NA</cellinfo>
      </extensions>
    </trkpt>
    <trkpt lat="33.375375" lon="126.499029">
      <ele>1414.610596</ele>
      <time>2019-06-06T09:36:24Z</time>
      <extensions>
        <dbm>-77</dbm>
        <cellinfo>mcc=450 mnc=5 ci=32247051 pci=337 tac=9552 rssi=-54 rsrp=-77 rsrq=-5 rssnr=300 cqi=NA</cellinfo>
      </extensions>
    </trkpt>
    <trkpt lat="33.375305" lon="126.499055">
      <ele>1415.840991</ele>
      <time>2019-06-06T09:39:04Z</time>
      <extensions>
        <dbm>-83</dbm>
        <cellinfo>mcc=450 mnc=5 ci=32247051 pci=337 tac=9552 rssi=-55 rsrp=-83 rsrq=-5 rssnr=264 cqi=NA</cellinfo>
      </extensions>
    </trkpt>
    <trkpt lat="33.375215" lon="126.499062">
      <ele>1417.005884</ele>
      <time>2019-06-06T09:39:17Z</time>
      <extensions>
        <dbm>-76</dbm>
        <cellinfo>mcc=450 mnc=5 ci=32247051 pci=337 tac=9552 rssi=-53 rsrp=-76 rsrq=-5 rssnr=264 cqi=NA</cellinfo>
      </extensions>
    </trkpt>
    <trkpt lat="33.375139" lon="126.499103">
      <ele>1418.045679</ele>
      <time>2019-06-06T09:39:36Z</time>
      <extensions>
        <dbm>-78</dbm>
        <cellinfo>mcc=450 mnc=5 ci=32247051 pci=337 tac=9552 rssi=-53 rsrp=-78 rsrq=-5 rssnr=294 cqi=NA</cellinfo>
      </extensions>
    </trkpt>
    <trkpt lat="33.375071" lon="126.499168">
      <ele>1419.431385</ele>
      <time>2019-06-06T09:39:50Z</time>
      <extensions>
        <dbm>-68</dbm>
        <cellinfo>mcc=450 mnc=5 ci=32247051 pci=337 tac=9552 rssi=-49 rsrp=-68 rsrq=-5 rssnr=294 cqi=NA</cellinfo>
      </extensions>
    </trkpt>
    <trkpt lat="33.375001" lon="126.499240">
      <ele>1420.080884</ele>
      <time>2019-06-06T09:40:13Z</time>
      <extensions>
        <dbm>-74</dbm>
        <cellinfo>mcc=450 mnc=5 ci=32247051 pci=337 tac=9552 rssi=-52 rsrp=-74 rsrq=-6 rssnr=300 cqi=NA</cellinfo>
      </extensions>
    </trkpt>
    <trkpt lat="33.374917" lon="126.499286">
      <ele>1420.538918</ele>
      <time>2019-06-06T09:40:27Z</time>
      <extensions>
        <dbm>-80</dbm>
        <cellinfo>mcc=450 mnc=5 ci=32247051 pci=337 tac=9552 rssi=-55 rsrp=-80 rsrq=-6 rssnr=300 cqi=NA</cellinfo>
      </extensions>
    </trkpt>
    <trkpt lat="33.374845" lon="126.499346">
      <ele>1421.578436</ele>
      <time>2019-06-06T09:41:09Z</time>
      <extensions>
        <dbm>-83</dbm>
        <cellinfo>mcc=450 mnc=5 ci=32247051 pci=337 tac=9552 rssi=-55 rsrp=-83 rsrq=-5 rssnr=300 cqi=NA</cellinfo>
      </extensions>
    </trkpt>
    <trkpt lat="33.374777" lon="126.499405">
      <ele>1422.546464</ele>
      <time>2019-06-06T09:42:00Z</time>
      <extensions>
        <dbm>-76</dbm>
        <cellinfo>mcc=450 mnc=5 ci=32247051 pci=337 tac=9552 rssi=-53 rsrp=-76 rsrq=-5 rssnr=300 cqi=NA</cellinfo>
      </extensions>
    </trkpt>
    <trkpt lat="33.374720" lon="126.499488">
      <ele>1423.138804</ele>
      <time>2019-06-06T09:42:17Z</time>
      <extensions>
        <dbm>-73</dbm>
        <cellinfo>mcc=450 mnc=5 ci=32247051 pci=337 tac=9552 rssi=-52 rsrp=-73 rsrq=-6 rssnr=300 cqi=NA</cellinfo>
      </extensions>
    </trkpt>
    <trkpt lat="33.374657" lon="126.499566">
      <ele>1424.006694</ele>
      <time>2019-06-06T09:42:34Z</time>
      <extensions>
        <dbm>-72</dbm>
        <cellinfo>mcc=450 mnc=5 ci=32247051 pci=337 tac=9552 rssi=-51 rsrp=-72 rsrq=-5 rssnr=300 cqi=NA</cellinfo>
      </extensions>
    </trkpt>
    <trkpt lat="33.374597" lon="126.499646">
      <ele>1425.130900</ele>
      <time>2019-06-06T09:42:55Z</time>
      <extensions>
        <dbm>-72</dbm>
        <cellinfo>mcc=450 mnc=5 ci=32247051 pci=337 tac=9552 rssi=-51 rsrp=-72 rsrq=-5 rssnr=300 cqi=NA</cellinfo>
      </extensions>
    </trkpt>
    <trkpt lat="33.374530" lon="126.499724">
      <ele>1426.297963</ele>
      <time>2019-06-06T09:43:16Z</time>
      <extensions>
        <dbm>-82</dbm>
        <cellinfo>mcc=450 mnc=5 ci=32247051 pci=337 tac=9552 rssi=-55 rsrp=-82 rsrq=-5 rssnr=300 cqi=NA</cellinfo>
      </extensions>
    </trkpt>
    <trkpt lat="33.374454" lon="126.499794">
      <ele>1427.389262</ele>
      <time>2019-06-06T09:43:27Z</time>
      <extensions>
        <dbm>-77</dbm>
        <cellinfo>mcc=450 mnc=5 ci=32247051 pci=337 tac=9552 rssi=-53 rsrp=-77 rsrq=-3 rssnr=300 cqi=NA</cellinfo>
      </extensions>
    </trkpt>
    <trkpt lat="33.374369" lon="126.499859">
      <ele>1428.501160</ele>
      <time>2019-06-06T09:43:37Z</time>
      <extensions>
        <dbm>-75</dbm>
        <cellinfo>mcc=450 mnc=5 ci=32247051 pci=337 tac=9552 rssi=-53 rsrp=-75 rsrq=-5 rssnr=300 cqi=NA</cellinfo>
      </extensions>
    </trkpt>
    <trkpt lat="33.374283" lon="126.499914">
      <ele>1430.246848</ele>
      <time>2019-06-06T09:43:50Z</time>
      <extensions>
        <dbm>-83</dbm>
        <cellinfo>mcc=450 mnc=5 ci=32247051 pci=337 tac=9552 rssi=-55 rsrp=-83 rsrq=-6 rssnr=300 cqi=NA</cellinfo>
      </extensions>
    </trkpt>
    <trkpt lat="33.374208" lon="126.499982">
      <ele>1431.388406</ele>
      <time>2019-06-06T09:44:04Z</time>
      <extensions>
        <dbm>-86</dbm>
        <cellinfo>mcc=450 mnc=5 ci=32247051 pci=337 tac=9552 rssi=-56 rsrp=-86 rsrq=-5 rssnr=248 cqi=NA</cellinfo>
      </extensions>
    </trkpt>
    <trkpt lat="33.374140" lon="126.500059">
      <ele>1432.318848</ele>
      <time>2019-06-06T09:44:22Z</time>
      <extensions>
        <dbm>-81</dbm>
        <cellinfo>mcc=450 mnc=5 ci=32247051 pci=337 tac=9552 rssi=-54 rsrp=-81 rsrq=-5 rssnr=248 cqi=NA</cellinfo>
      </extensions>
    </trkpt>
    <trkpt lat="33.374087" lon="126.500150">
      <ele>1433.139893</ele>
      <time>2019-06-06T09:44:38Z</time>
      <extensions>
        <dbm>-81</dbm>
        <cellinfo>mcc=450 mnc=5 ci=32247051 pci=337 tac=9552 rssi=-55 rsrp=-81 rsrq=-5 rssnr=248 cqi=NA</cellinfo>
      </extensions>
    </trkpt>
    <trkpt lat="33.374046" lon="126.500247">
      <ele>1433.840299</ele>
      <time>2019-06-06T09:44:53Z</time>
      <extensions>
        <dbm>-87</dbm>
        <cellinfo>mcc=450 mnc=5 ci=32247051 pci=337 tac=9552 rssi=-57 rsrp=-87 rsrq=-6 rssnr=248 cqi=NA</cellinfo>
      </extensions>
    </trkpt>
    <trkpt lat="33.374014" lon="126.500353">
      <ele>1434.533547</ele>
      <time>2019-06-06T09:45:31Z</time>
      <extensions>
        <dbm>-89</dbm>
        <cellinfo>mcc=450 mnc=5 ci=32247051 pci=337 tac=9552 rssi=-57 rsrp=-89 rsrq=-6 rssnr=248 cqi=NA</cellinfo>
      </extensions>
    </trkpt>
    <trkpt lat="33.373975" lon="126.500456">
      <ele>1435.295499</ele>
      <time>2019-06-06T09:45:43Z</time>
      <extensions>
        <dbm>-86</dbm>
        <cellinfo>mcc=450 mnc=5 ci=32247051 pci=337 tac=9552 rssi=-56 rsrp=-86 rsrq=-5 rssnr=236 cqi=NA</cellinfo>
      </extensions>
    </trkpt>
    <trkpt lat="33.373928" lon="126.500552">
      <ele>1435.818326</ele>
      <time>2019-06-06T09:45:59Z</time>
      <extensions>
        <dbm>-81</dbm>
        <cellinfo>mcc=450 mnc=5 ci=32247051 pci=337 tac=9552 rssi=-56 rsrp=-81 rsrq=-6 rssnr=264 cqi=NA</cellinfo>
      </extensions>
    </trkpt>
    <trkpt lat="33.373872" lon="126.500642">
      <ele>1436.677673</ele>
      <time>2019-06-06T09:46:15Z</time>
      <extensions>
        <dbm>-77</dbm>
        <cellinfo>mcc=450 mnc=5 ci=32247051 pci=337 tac=9552 rssi=-54 rsrp=-77 rsrq=-5 rssnr=264 cqi=NA</cellinfo>
      </extensions>
    </trkpt>
    <trkpt lat="33.373818" lon="126.500730">
      <ele>1437.306543</ele>
      <time>2019-06-06T09:46:29Z</time>
      <extensions>
        <dbm>-82</dbm>
        <cellinfo>mcc=450 mnc=5 ci=32247051 pci=337 tac=9552 rssi=-56 rsrp=-82 rsrq=-7 rssnr=264 cqi=NA</cellinfo>
      </extensions>
    </trkpt>
    <trkpt lat="33.373779" lon="126.500823">
      <ele>1438.101221</ele>
      <time>2019-06-06T09:46:46Z</time>
      <extensions>
        <dbm>-67</dbm>
        <cellinfo>mcc=450 mnc=5 ci=32247051 pci=337 tac=9552 rssi=-49 rsrp=-67 rsrq=-3 rssnr=300 cqi=NA</cellinfo>
      </extensions>
    </trkpt>
    <trkpt lat="33.373748" lon="126.500921">
      <ele>1438.886841</ele>
      <time>2019-06-06T09:47:00Z</time>
      <extensions>
        <dbm>-78</dbm>
        <cellinfo>mcc=450 mnc=5 ci=32247051 pci=337 tac=9552 rssi=-54 rsrp=-78 rsrq=-6 rssnr=300 cqi=NA</cellinfo>
      </extensions>
    </trkpt>
    <trkpt lat="33.373708" lon="126.501016">
      <ele>1439.803796</ele>
      <time>2019-06-06T09:47:20Z</time>
      <extensions>
        <dbm>-78</dbm>
        <cellinfo>mcc=450 mnc=5 ci=32247051 pci=337 tac=9552 rssi=-54 rsrp=-78 rsrq=-7 rssnr=300 cqi=NA</cellinfo>
      </extensions>
    </trkpt>
    <trkpt lat="33.373651" lon="126.501107">
      <ele>1440.808276</ele>
      <time>2019-06-06T09:47:42Z</time>
      <extensions>
        <dbm>-75</dbm>
        <cellinfo>mcc=450 mnc=5 ci=32247051 pci=337 tac=9552 rssi=-53 rsrp=-75 rsrq=-6 rssnr=300 cqi=NA</cellinfo>
      </extensions>
    </trkpt>
    <trkpt lat="33.373590" lon="126.501194">
      <ele>1442.037146</ele>
      <time>2019-06-06T09:48:15Z</time>
      <extensions>
        <dbm>-70</dbm>
        <cellinfo>mcc=450 mnc=5 ci=32247051 pci=337 tac=9552 rssi=-50 rsrp=-70 rsrq=-5 rssnr=300 cqi=NA</cellinfo>
      </extensions>
    </trkpt>
    <trkpt lat="33.373538" lon="126.501287">
      <ele>1443.367749</ele>
      <time>2019-06-06T09:48:34Z</time>
      <extensions>
        <dbm>-74</dbm>
        <cellinfo>mcc=450 mnc=5 ci=32247051 pci=337 tac=9552 rssi=-52 rsrp=-74 rsrq=-5 rssnr=300 cqi=NA</cellinfo>
      </extensions>
    </trkpt>
    <trkpt lat="33.373481" lon="126.501377">
      <ele>1444.983167</ele>
      <time>2019-06-06T09:49:07Z</time>
      <extensions>
        <dbm>-78</dbm>
        <cellinfo>mcc=450 mnc=5 ci=32247051 pci=337 tac=9552 rssi=-54 rsrp=-78 rsrq=-5 rssnr=300 cqi=NA</cellinfo>
      </extensions>
    </trkpt>
    <trkpt lat="33.373427" lon="126.501468">
      <ele>1446.453345</ele>
      <time>2019-06-06T09:49:25Z</time>
      <extensions>
        <dbm>-76</dbm>
        <cellinfo>mcc=450 mnc=5 ci=32247051 pci=337 tac=9552 rssi=-53 rsrp=-76 rsrq=-6 rssnr=300 cqi=NA</cellinfo>
      </extensions>
    </trkpt>
    <trkpt lat="33.373362" lon="126.501546">
      <ele>1448.042200</ele>
      <time>2019-06-06T09:49:58Z</time>
      <extensions>
        <dbm>-78</dbm>
        <cellinfo>mcc=450 mnc=5 ci=32247051 pci=337 tac=9552 rssi=-54 rsrp=-78 rsrq=-6 rssnr=300 cqi=NA</cellinfo>
      </extensions>
    </trkpt>
    <trkpt lat="33.373310" lon="126.501633">
      <ele>1449.858533</ele>
      <time>2019-06-06T09:50:33Z</time>
      <extensions>
        <dbm>-88</dbm>
        <cellinfo>mcc=450 mnc=5 ci=32247051 pci=337 tac=9552 rssi=-57 rsrp=-88 rsrq=-6 rssnr=300 cqi=NA</cellinfo>
      </extensions>
    </trkpt>
    <trkpt lat="33.373252" lon="126.501715">
      <ele>1450.695457</ele>
      <time>2019-06-06T09:50:53Z</time>
      <extensions>
        <dbm>-74</dbm>
        <cellinfo>mcc=450 mnc=5 ci=32247051 pci=337 tac=9552 rssi=-52 rsrp=-74 rsrq=-6 rssnr=300 cqi=NA</cellinfo>
      </extensions>
    </trkpt>
    <trkpt lat="33.373211" lon="126.501813">
      <ele>1452.258822</ele>
      <time>2019-06-06T09:51:10Z</time>
      <extensions>
        <dbm>-75</dbm>
        <cellinfo>mcc=450 mnc=5 ci=32247051 pci=337 tac=9552 rssi=-53 rsrp=-75 rsrq=-6 rssnr=300 cqi=NA</cellinfo>
      </extensions>
    </trkpt>
    <trkpt lat="33.373183" lon="126.501912">
      <ele>1455.064270</ele>
      <time>2019-06-06T09:51:34Z</time>
      <extensions>
        <dbm>-79</dbm>
        <cellinfo>mcc=450 mnc=5 ci=32247051 pci=337 tac=9552 rssi=-53 rsrp=-79 rsrq=-5 rssnr=300 cqi=NA</cellinfo>
      </extensions>
    </trkpt>
    <trkpt lat="33.373161" lon="126.502012">
      <ele>1456.045921</ele>
      <time>2019-06-06T09:51:56Z</time>
      <extensions>
        <dbm>-82</dbm>
        <cellinfo>mcc=450 mnc=5 ci=32247051 pci=337 tac=9552 rssi=-55 rsrp=-82 rsrq=-6 rssnr=212 cqi=NA</cellinfo>
      </extensions>
    </trkpt>
    <trkpt lat="33.373135" lon="126.502110">
      <ele>1457.839433</ele>
      <time>2019-06-06T09:52:20Z</time>
      <extensions>
        <dbm>-78</dbm>
        <cellinfo>mcc=450 mnc=5 ci=32247051 pci=337 tac=9552 rssi=-54 rsrp=-78 rsrq=-5 rssnr=206 cqi=NA</cellinfo>
      </extensions>
    </trkpt>
    <trkpt lat="33.373083" lon="126.502197">
      <ele>1459.557251</ele>
      <time>2019-06-06T09:52:41Z</time>
      <extensions>
        <dbm>-75</dbm>
        <cellinfo>mcc=450 mnc=5 ci=32247051 pci=337 tac=9552 rssi=-52 rsrp=-75 rsrq=-5 rssnr=206 cqi=NA</cellinfo>
      </extensions>
    </trkpt>
    <trkpt lat="33.373041" lon="126.502288">
      <ele>1460.999068</ele>
      <time>2019-06-06T09:52:55Z</time>
      <extensions>
        <dbm>-74</dbm>
        <cellinfo>mcc=450 mnc=5 ci=32247051 pci=337 tac=9552 rssi=-52 rsrp=-74 rsrq=-5 rssnr=206 cqi=NA</cellinfo>
      </extensions>
    </trkpt>
    <trkpt lat="33.372990" lon="126.502370">
      <ele>1462.583618</ele>
      <time>2019-06-06T09:54:39Z</time>
      <extensions>
        <dbm>-93</dbm>
        <cellinfo>mcc=450 mnc=5 ci=32247051 pci=337 tac=9552 rssi=-58 rsrp=-93 rsrq=-6 rssnr=178 cqi=NA</cellinfo>
      </extensions>
    </trkpt>
    <trkpt lat="33.372947" lon="126.502457">
      <ele>1464.365234</ele>
      <time>2019-06-06T09:54:54Z</time>
      <extensions>
        <dbm>-82</dbm>
        <cellinfo>mcc=450 mnc=5 ci=32247051 pci=337 tac=9552 rssi=-55 rsrp=-82 rsrq=-6 rssnr=186 cqi=NA</cellinfo>
      </extensions>
    </trkpt>
    <trkpt lat="33.372887" lon="126.502536">
      <ele>1465.948520</ele>
      <time>2019-06-06T09:55:06Z</time>
      <extensions>
        <dbm>-67</dbm>
        <cellinfo>mcc=450 mnc=5 ci=32247051 pci=337 tac=9552 rssi=-49 rsrp=-67 rsrq=-5 rssnr=300 cqi=NA</cellinfo>
      </extensions>
    </trkpt>
    <trkpt lat="33.372836" lon="126.502621">
      <ele>1467.513084</ele>
      <time>2019-06-06T09:55:23Z</time>
      <extensions>
        <dbm>-69</dbm>
        <cellinfo>mcc=450 mnc=5 ci=32247051 pci=337 tac=9552 rssi=-50 rsrp=-69 rsrq=-5 rssnr=242 cqi=NA</cellinfo>
      </extensions>
    </trkpt>
    <trkpt lat="33.372802" lon="126.502716">
      <ele>1469.200395</ele>
      <time>2019-06-06T09:55:45Z</time>
      <extensions>
        <dbm>-86</dbm>
        <cellinfo>mcc=450 mnc=5 ci=32247051 pci=337 tac=9552 rssi=-57 rsrp=-86 rsrq=-6 rssnr=208 cqi=NA</cellinfo>
      </extensions>
    </trkpt>
    <trkpt lat="33.372790" lon="126.502786">
      <ele>1470.115926</ele>
      <time>2019-06-06T10:00:05Z</time>
      <extensions>
        <dbm>-84</dbm>
        <cellinfo>mcc=450 mnc=5 ci=32247051 pci=337 tac=9552 rssi=-56 rsrp=-84 rsrq=-6 rssnr=242 cqi=NA</cellinfo>
      </extensions>
    </trkpt>
    <trkpt lat="33.372793" lon="126.502828">
      <ele>1485.936401</ele>
      <time>2019-06-06T10:00:06Z</time>
      <extensions>
        <pause>start</pause>
        <type>unknown</type>
        <dbm>-90</dbm>
        <cellinfo>mcc=450 mnc=5 ci=32247051 pci=337 tac=9552 rssi=-58 rsrp=-90 rsrq=-7 rssnr=242 cqi=NA</cellinfo>
      </extensions>
    </trkpt>
    <trkpt lat="33.372645" lon="126.503101">
      <ele>1494.047363</ele>
      <time>2019-06-06T10:01:30Z</time>
      <extensions>
        <pause>end</pause>
        <type>auto</type>
        <dbm>-75</dbm>
        <cellinfo>mcc=450 mnc=5 ci=32247051 pci=337 tac=9552 rssi=-53 rsrp=-75 rsrq=-5 rssnr=152 cqi=NA</cellinfo>
      </extensions>
    </trkpt>
    <trkpt lat="33.372573" lon="126.503170">
      <ele>1476.672327</ele>
      <time>2019-06-06T10:01:48Z</time>
      <extensions>
        <dbm>-74</dbm>
        <cellinfo>mcc=450 mnc=5 ci=32247051 pci=337 tac=9552 rssi=-52 rsrp=-74 rsrq=-6 rssnr=152 cqi=NA</cellinfo>
      </extensions>
    </trkpt>
    <trkpt lat="33.372504" lon="126.503238">
      <ele>1479.254261</ele>
      <time>2019-06-06T10:02:06Z</time>
      <extensions>
        <dbm>-73</dbm>
        <cellinfo>mcc=450 mnc=5 ci=32247051 pci=337 tac=9552 rssi=-52 rsrp=-73 rsrq=-6 rssnr=152 cqi=NA</cellinfo>
      </extensions>
    </trkpt>
    <trkpt lat="33.372486" lon="126.503272">
      <ele>1481.471158</ele>
      <time>2019-06-06T10:03:00Z</time>
      <extensions>
        <dbm>-82</dbm>
        <cellinfo>mcc=450 mnc=5 ci=32247051 pci=337 tac=9552 rssi=-54 rsrp=-82 rsrq=-5 rssnr=152 cqi=NA</cellinfo>
      </extensions>
    </trkpt>
    <trkpt lat="33.372509" lon="126.503260">
      <ele>1481.471158</ele>
      <time>2019-06-06T10:03:39Z</time>
      <extensions>
        <dbm>-86</dbm>
        <cellinfo>mcc=450 mnc=5 ci=32247839 pci=350 tac=9552 rssi=-57 rsrp=-86 rsrq=-8 rssnr=120 cqi=NA</cellinfo>
      </extensions>
    </trkpt>
    <trkpt lat="33.372571" lon="126.503187">
      <ele>1483.681541</ele>
      <time>2019-06-06T10:04:00Z</time>
      <extensions>
        <dbm>-66</dbm>
        <cellinfo>mcc=450 mnc=5 ci=32247051 pci=337 tac=9552 rssi=-48 rsrp=-66 rsrq=-4 rssnr=120 cqi=NA</cellinfo>
      </extensions>
    </trkpt>
    <trkpt lat="33.372578" lon="126.503094">
      <ele>1486.825598</ele>
      <time>2019-06-06T10:04:16Z</time>
      <extensions>
        <dbm>-71</dbm>
        <cellinfo>mcc=450 mnc=5 ci=32247051 pci=337 tac=9552 rssi=-51 rsrp=-71 rsrq=-6 rssnr=254 cqi=NA</cellinfo>
      </extensions>
    </trkpt>
    <trkpt lat="33.372530" lon="126.503031">
      <ele>1489.176672</ele>
      <time>2019-06-06T10:04:29Z</time>
      <extensions>
        <dbm>-69</dbm>
        <cellinfo>mcc=450 mnc=5 ci=32247051 pci=337 tac=9552 rssi=-50 rsrp=-69 rsrq=-6 rssnr=254 cqi=NA</cellinfo>
      </extensions>
    </trkpt>
    <trkpt lat="33.372388" lon="126.503099">
      <ele>1494.226624</ele>
      <time>2019-06-06T10:04:33Z</time>
      <extensions>
        <dbm>-82</dbm>
        <cellinfo>mcc=450 mnc=5 ci=32247051 pci=337 tac=9552 rssi=-56 rsrp=-82 rsrq=-7 rssnr=254 cqi=NA</cellinfo>
      </extensions>
    </trkpt>
    <trkpt lat="33.372285" lon="126.503230">
      <ele>1497.991442</ele>
      <time>2019-06-06T10:04:35Z</time>
      <extensions>
        <dbm>-90</dbm>
        <cellinfo>mcc=450 mnc=5 ci=32247051 pci=337 tac=9552 rssi=-58 rsrp=-90 rsrq=-5 rssnr=254 cqi=NA</cellinfo>
      </extensions>
    </trkpt>
    <trkpt lat="33.372210" lon="126.503388">
      <ele>1497.256059</ele>
      <time>2019-06-06T10:04:37Z</time>
      <extensions>
        <dbm>-88</dbm>
        <cellinfo>mcc=450 mnc=5 ci=32247051 pci=337 tac=9552 rssi=-57 rsrp=-88 rsrq=-6 rssnr=190 cqi=NA</cellinfo>
      </extensions>
    </trkpt>
    <trkpt lat="33.372171" lon="126.503513">
      <ele>1500.427161</ele>
      <time>2019-06-06T10:04:39Z</time>
      <extensions>
        <dbm>-83</dbm>
        <cellinfo>mcc=450 mnc=5 ci=32247051 pci=337 tac=9552 rssi=-56 rsrp=-83 rsrq=-6 rssnr=190 cqi=NA</cellinfo>
      </extensions>
    </trkpt>
    <trkpt lat="33.372096" lon="126.503622">
      <ele>1502.456201</ele>
      <time>2019-06-06T10:04:40Z</time>
      <extensions>
        <dbm>-83</dbm>
        <cellinfo>mcc=450 mnc=5 ci=32247051 pci=337 tac=9552 rssi=-56 rsrp=-83 rsrq=-6 rssnr=158 cqi=NA</cellinfo>
      </extensions>
    </trkpt>
    <trkpt lat="33.372008" lon="126.503725">
      <ele>1505.086860</ele>
      <time>2019-06-06T10:04:47Z</time>
      <extensions>
        <dbm>-87</dbm>
        <cellinfo>mcc=450 mnc=5 ci=32247051 pci=337 tac=9552 rssi=-56 rsrp=-87 rsrq=-6 rssnr=158 cqi=NA</cellinfo>
      </extensions>
    </trkpt>
    <trkpt lat="33.371938" lon="126.503792">
      <ele>1506.770508</ele>
      <time>2019-06-06T10:05:01Z</time>
      <extensions>
        <dbm>-72</dbm>
        <cellinfo>mcc=450 mnc=5 ci=32247051 pci=337 tac=9552 rssi=-51 rsrp=-72 rsrq=-5 rssnr=158 cqi=NA</cellinfo>
      </extensions>
    </trkpt>
    <trkpt lat="33.371872" lon="126.503870">
      <ele>1507.387305</ele>
      <time>2019-06-06T10:05:19Z</time>
      <extensions>
        <dbm>-78</dbm>
        <cellinfo>mcc=450 mnc=5 ci=32247051 pci=337 tac=9552 rssi=-54 rsrp=-78 rsrq=-5 rssnr=158 cqi=NA</cellinfo>
      </extensions>
    </trkpt>
    <trkpt lat="33.371821" lon="126.503961">
      <ele>1508.028331</ele>
      <time>2019-06-06T10:06:04Z</time>
      <extensions>
        <dbm>-77</dbm>
        <cellinfo>mcc=450 mnc=5 ci=32247051 pci=337 tac=9552 rssi=-54 rsrp=-77 rsrq=-4 rssnr=158 cqi=NA</cellinfo>
      </extensions>
    </trkpt>
    <trkpt lat="33.371776" lon="126.504056">
      <ele>1509.247259</ele>
      <time>2019-06-06T10:06:30Z</time>
      <extensions>
        <dbm>-85</dbm>
        <cellinfo>mcc=450 mnc=5 ci=32247051 pci=337 tac=9552 rssi=-56 rsrp=-85 rsrq=-7 rssnr=158 cqi=NA</cellinfo>
      </extensions>
    </trkpt>
    <trkpt lat="33.371732" lon="126.504153">
      <ele>1510.503462</ele>
      <time>2019-06-06T10:06:58Z</time>
      <extensions>
        <dbm>-75</dbm>
        <cellinfo>mcc=450 mnc=5 ci=32247051 pci=337 tac=9552 rssi=-53 rsrp=-75 rsrq=-6 rssnr=158 cqi=NA</cellinfo>
      </extensions>
    </trkpt>
    <trkpt lat="33.371678" lon="126.504237">
      <ele>1511.711781</ele>
      <time>2019-06-06T10:07:12Z</time>
      <extensions>
        <dbm>-74</dbm>
        <cellinfo>mcc=450 mnc=5 ci=32247051 pci=337 tac=9552 rssi=-52 rsrp=-74 rsrq=-6 rssnr=158 cqi=NA</cellinfo>
      </extensions>
    </trkpt>
    <trkpt lat="33.371617" lon="126.504315">
      <ele>1513.430396</ele>
      <time>2019-06-06T10:07:42Z</time>
      <extensions>
        <dbm>-77</dbm>
        <cellinfo>mcc=450 mnc=5 ci=32247051 pci=337 tac=9552 rssi=-54 rsrp=-77 rsrq=-5 rssnr=158 cqi=NA</cellinfo>
      </extensions>
    </trkpt>
    <trkpt lat="33.371557" lon="126.504395">
      <ele>1514.737695</ele>
      <time>2019-06-06T10:08:14Z</time>
      <extensions>
        <dbm>-79</dbm>
        <cellinfo>mcc=450 mnc=5 ci=32247051 pci=337 tac=9552 rssi=-54 rsrp=-79 rsrq=-5 rssnr=158 cqi=NA</cellinfo>
      </extensions>
    </trkpt>
    <trkpt lat="33.371497" lon="126.504483">
      <ele>1516.281665</ele>
      <time>2019-06-06T10:08:40Z</time>
      <extensions>
        <dbm>-75</dbm>
        <cellinfo>mcc=450 mnc=5 ci=32247051 pci=337 tac=9552 rssi=-53 rsrp=-75 rsrq=-5 rssnr=166 cqi=NA</cellinfo>
      </extensions>
    </trkpt>
    <trkpt lat="33.371438" lon="126.504571">
      <ele>1517.773853</ele>
      <time>2019-06-06T10:08:57Z</time>
      <extensions>
        <dbm>-76</dbm>
        <cellinfo>mcc=450 mnc=5 ci=32247051 pci=337 tac=9552 rssi=-53 rsrp=-76 rsrq=-4 rssnr=166 cqi=NA</cellinfo>
      </extensions>
    </trkpt>
    <trkpt lat="33.371382" lon="126.504659">
      <ele>1519.245313</ele>
      <time>2019-06-06T10:09:24Z</time>
      <extensions>
        <dbm>-77</dbm>
        <cellinfo>mcc=450 mnc=5 ci=32247051 pci=337 tac=9552 rssi=-54 rsrp=-77 rsrq=-5 rssnr=166 cqi=NA</cellinfo>
      </extensions>
    </trkpt>
    <trkpt lat="33.371330" lon="126.504748">
      <ele>1520.030262</ele>
      <time>2019-06-06T10:10:29Z</time>
      <extensions>
        <dbm>-74</dbm>
        <cellinfo>mcc=450 mnc=5 ci=32247051 pci=337 tac=9552 rssi=-52 rsrp=-74 rsrq=-6 rssnr=166 cqi=NA</cellinfo>
      </extensions>
    </trkpt>
    <trkpt lat="33.371290" lon="126.504848">
      <ele>1521.511142</ele>
      <time>2019-06-06T10:11:00Z</time>
      <extensions>
        <dbm>-72</dbm>
        <cellinfo>mcc=450 mnc=5 ci=32247051 pci=337 tac=9552 rssi=-51 rsrp=-72 rsrq=-6 rssnr=218 cqi=NA</cellinfo>
      </extensions>
    </trkpt>
    <trkpt lat="33.371255" lon="126.504948">
      <ele>1522.414478</ele>
      <time>2019-06-06T10:11:23Z</time>
      <extensions>
        <dbm>-77</dbm>
        <cellinfo>mcc=450 mnc=5 ci=32247051 pci=337 tac=9552 rssi=-54 rsrp=-77 rsrq=-6 rssnr=22 cqi=NA</cellinfo>
      </extensions>
    </trkpt>
    <trkpt lat="33.371217" lon="126.505046">
      <ele>1523.874561</ele>
      <time>2019-06-06T10:11:52Z</time>
      <extensions>
        <dbm>-82</dbm>
        <cellinfo>mcc=450 mnc=5 ci=32247051 pci=337 tac=9552 rssi=-55 rsrp=-82 rsrq=-6 rssnr=22 cqi=NA</cellinfo>
      </extensions>
    </trkpt>
    <trkpt lat="33.371177" lon="126.505142">
      <ele>1526.304297</ele>
      <time>2019-06-06T10:12:11Z</time>
      <extensions>
        <dbm>-78</dbm>
        <cellinfo>mcc=450 mnc=5 ci=32247051 pci=337 tac=9552 rssi=-53 rsrp=-78 rsrq=-6 rssnr=22 cqi=NA</cellinfo>
      </extensions>
    </trkpt>
    <trkpt lat="33.371124" lon="126.505242">
      <ele>1528.531238</ele>
      <time>2019-06-06T10:12:30Z</time>
      <extensions>
        <dbm>-73</dbm>
        <cellinfo>mcc=450 mnc=5 ci=32247051 pci=337 tac=9552 rssi=-52 rsrp=-73 rsrq=-6 rssnr=22 cqi=NA</cellinfo>
      </extensions>
    </trkpt>
    <trkpt lat="33.371064" lon="126.505331">
      <ele>1530.741406</ele>
      <time>2019-06-06T10:13:04Z</time>
      <extensions>
        <dbm>-81</dbm>
        <cellinfo>mcc=450 mnc=5 ci=32247051 pci=337 tac=9552 rssi=-55 rsrp=-81 rsrq=-6 rssnr=22 cqi=NA</cellinfo>
      </extensions>
    </trkpt>
    <trkpt lat="33.371022" lon="126.505420">
      <ele>1533.328345</ele>
      <time>2019-06-06T10:13:26Z</time>
      <extensions>
        <dbm>-65</dbm>
        <cellinfo>mcc=450 mnc=5 ci=51187972 pci=NA tac=8578 rssi=-65 rsrp=NA rsrq=NA rssnr=NA cqi=NA</cellinfo>
      </extensions>
    </trkpt>
    <trkpt lat="33.370986" lon="126.505508">
      <ele>1534.541326</ele>
      <time>2019-06-06T10:13:47Z</time>
      <extensions>
        <dbm>-71</dbm>
        <cellinfo>mcc=450 mnc=5 ci=51187972 pci=NA tac=8578 rssi=-71 rsrp=NA rsrq=NA rssnr=NA cqi=NA</cellinfo>
      </extensions>
    </trkpt>
    <trkpt lat="33.370961" lon="126.505606">
      <ele>1536.790439</ele>
      <time>2019-06-06T10:14:01Z</time>
      <extensions>
        <dbm>-72</dbm>
        <cellinfo>mcc=450 mnc=5 ci=32247051 pci=337 tac=9552 rssi=-51 rsrp=-72 rsrq=-5 rssnr=210 cqi=NA</cellinfo>
      </extensions>
    </trkpt>
    <trkpt lat="33.370910" lon="126.505695">
      <ele>1538.759477</ele>
      <time>2019-06-06T10:14:21Z</time>
      <extensions>
        <dbm>-79</dbm>
        <cellinfo>mcc=450 mnc=5 ci=32247051 pci=337 tac=9552 rssi=-54 rsrp=-79 rsrq=-6 rssnr=210 cqi=NA</cellinfo>
      </extensions>
    </trkpt>
    <trkpt lat="33.370848" lon="126.505772">
      <ele>1540.698331</ele>
      <time>2019-06-06T10:14:40Z</time>
      <extensions>
        <dbm>-76</dbm>
        <cellinfo>mcc=450 mnc=5 ci=32247051 pci=337 tac=9552 rssi=-53 rsrp=-76 rsrq=-6 rssnr=210 cqi=NA</cellinfo>
      </extensions>
    </trkpt>
    <trkpt lat="33.370795" lon="126.505847">
      <ele>1543.005782</ele>
      <time>2019-06-06T10:14:56Z</time>
      <extensions>
        <dbm>-76</dbm>
        <cellinfo>mcc=450 mnc=5 ci=32247051 pci=337 tac=9552 rssi=-53 rsrp=-76 rsrq=-6 rssnr=210 cqi=NA</cellinfo>
      </extensions>
    </trkpt>
    <trkpt lat="33.370751" lon="126.505934">
      <ele>1545.194791</ele>
      <time>2019-06-06T10:15:57Z</time>
      <extensions>
        <dbm>-80</dbm>
        <cellinfo>mcc=450 mnc=5 ci=32247051 pci=337 tac=9552 rssi=-54 rsrp=-80 rsrq=-5 rssnr=210 cqi=NA</cellinfo>
      </extensions>
    </trkpt>
    <trkpt lat="33.370715" lon="126.506020">
      <ele>1547.205444</ele>
      <time>2019-06-06T10:16:11Z</time>
      <extensions>
        <dbm>-72</dbm>
        <cellinfo>mcc=450 mnc=5 ci=32247051 pci=337 tac=9552 rssi=-51 rsrp=-72 rsrq=-6 rssnr=210 cqi=NA</cellinfo>
      </extensions>
    </trkpt>
    <trkpt lat="33.370667" lon="126.506107">
      <ele>1549.206188</ele>
      <time>2019-06-06T10:16:26Z</time>
      <extensions>
        <dbm>-91</dbm>
        <cellinfo>mcc=450 mnc=5 ci=32247051 pci=337 tac=9552 rssi=-58 rsrp=-91 rsrq=-6 rssnr=156 cqi=NA</cellinfo>
      </extensions>
    </trkpt>
    <trkpt lat="33.370602" lon="126.506141">
      <ele>1551.300548</ele>
      <time>2019-06-06T10:16:59Z</time>
      <extensions>
        <dbm>-76</dbm>
        <cellinfo>mcc=450 mnc=5 ci=32247051 pci=337 tac=9552 rssi=-53 rsrp=-76 rsrq=-6 rssnr=220 cqi=NA</cellinfo>
      </extensions>
    </trkpt>
    <trkpt lat="33.370523" lon="126.506160">
      <ele>1553.662065</ele>
      <time>2019-06-06T10:17:38Z</time>
      <extensions>
        <dbm>-79</dbm>
        <cellinfo>mcc=450 mnc=5 ci=32247051 pci=337 tac=9552 rssi=-54 rsrp=-79 rsrq=-5 rssnr=120 cqi=NA</cellinfo>
      </extensions>
    </trkpt>
    <trkpt lat="33.370433" lon="126.506165">
      <ele>1555.861694</ele>
      <time>2019-06-06T10:17:49Z</time>
      <extensions>
        <dbm>-83</dbm>
        <cellinfo>mcc=450 mnc=5 ci=32247051 pci=337 tac=9552 rssi=-55 rsrp=-83 rsrq=-6 rssnr=144 cqi=NA</cellinfo>
      </extensions>
    </trkpt>
    <trkpt lat="33.370422" lon="126.506249">
      <ele>1559.201392</ele>
      <time>2019-06-06T10:17:58Z</time>
      <extensions>
        <dbm>-89</dbm>
        <cellinfo>mcc=450 mnc=5 ci=32247555 pci=60 tac=9552 rssi=-56 rsrp=-89 rsrq=-6 rssnr=50 cqi=NA</cellinfo>
      </extensions>
    </trkpt>
    <trkpt lat="33.370480" lon="126.506355">
      <ele>1561.762036</ele>
      <time>2019-06-06T10:18:02Z</time>
      <extensions>
        <dbm>-88</dbm>
        <cellinfo>mcc=450 mnc=5 ci=32247555 pci=60 tac=9552 rssi=-57 rsrp=-88 rsrq=-6 rssnr=176 cqi=NA</cellinfo>
      </extensions>
    </trkpt>
    <trkpt lat="33.370592" lon="126.506479">
      <ele>1564.431812</ele>
      <time>2019-06-06T10:18:07Z</time>
      <extensions>
        <dbm>-90</dbm>
        <cellinfo>mcc=450 mnc=5 ci=32247555 pci=60 tac=9552 rssi=-58 rsrp=-90 rsrq=-6 rssnr=150 cqi=NA</cellinfo>
      </extensions>
    </trkpt>
    <trkpt lat="33.370676" lon="126.506564">
      <ele>1566.460571</ele>
      <time>2019-06-06T10:18:12Z</time>
      <extensions>
        <dbm>-98</dbm>
        <cellinfo>mcc=450 mnc=5 ci=32247555 pci=60 tac=9552 rssi=-60 rsrp=-98 rsrq=-7 rssnr=-2 cqi=NA</cellinfo>
      </extensions>
    </trkpt>
    <trkpt lat="33.370745" lon="126.506653">
      <ele>1568.460352</ele>
      <time>2019-06-06T10:18:20Z</time>
      <extensions>
        <dbm>-85</dbm>
        <cellinfo>mcc=450 mnc=5 ci=32247555 pci=60 tac=9552 rssi=-56 rsrp=-85 rsrq=-6 rssnr=234 cqi=NA</cellinfo>
      </extensions>
    </trkpt>
    <trkpt lat="33.370813" lon="126.506738">
      <ele>1570.131787</ele>
      <time>2019-06-06T10:18:30Z</time>
      <extensions>
        <dbm>-89</dbm>
        <cellinfo>mcc=450 mnc=5 ci=32247555 pci=60 tac=9552 rssi=-58 rsrp=-89 rsrq=-6 rssnr=234 cqi=NA</cellinfo>
      </extensions>
    </trkpt>
    <trkpt lat="33.370859" lon="126.506770">
      <ele>1570.624578</ele>
      <time>2019-06-06T10:18:44Z</time>
      <extensions>
        <dbm>-82</dbm>
        <cellinfo>mcc=450 mnc=5 ci=32247555 pci=60 tac=9552 rssi=-55 rsrp=-82 rsrq=-5 rssnr=252 cqi=NA</cellinfo>
      </extensions>
    </trkpt>
    <trkpt lat="33.370884" lon="126.506743">
      <ele>1575.552490</ele>
      <time>2019-06-06T10:23:19Z</time>
      <extensions>
        <pause>start</pause>
        <type>unknown</type>
        <dbm>-74</dbm>
        <cellinfo>mcc=450 mnc=5 ci=32247051 pci=337 tac=9552 rssi=-52 rsrp=-74 rsrq=-5 rssnr=64 cqi=NA</cellinfo>
      </extensions>
    </trkpt>
    <trkpt lat="33.370693" lon="126.506491">
      <ele>1571.257324</ele>
      <time>2019-06-06T10:27:42Z</time>
      <extensions>
        <pause>end</pause>
        <type>auto</type>
        <dbm>-97</dbm>
        <cellinfo>mcc=450 mnc=5 ci=32247555 pci=60 tac=9552 rssi=-60 rsrp=-97 rsrq=-10 rssnr=82 cqi=NA</cellinfo>
      </extensions>
    </trkpt>
    <trkpt lat="33.370595" lon="126.506454">
      <ele>1573.446733</ele>
      <time>2019-06-06T10:27:52Z</time>
      <extensions>
        <dbm>-86</dbm>
        <cellinfo>mcc=450 mnc=5 ci=32247051 pci=337 tac=9552 rssi=-57 rsrp=-86 rsrq=-6 rssnr=108 cqi=NA</cellinfo>
      </extensions>
    </trkpt>
    <trkpt lat="33.370503" lon="126.506452">
      <ele>1573.446733</ele>
      <time>2019-06-06T10:28:03Z</time>
      <extensions>
        <dbm>-91</dbm>
        <cellinfo>mcc=450 mnc=5 ci=32247051 pci=337 tac=9552 rssi=-58 rsrp=-91 rsrq=-6 rssnr=174 cqi=NA</cellinfo>
      </extensions>
    </trkpt>
    <trkpt lat="33.370427" lon="126.506499">
      <ele>1573.646884</ele>
      <time>2019-06-06T10:28:18Z</time>
      <extensions>
        <dbm>-89</dbm>
        <cellinfo>mcc=450 mnc=5 ci=32247051 pci=337 tac=9552 rssi=-57 rsrp=-89 rsrq=-6 rssnr=112 cqi=NA</cellinfo>
      </extensions>
    </trkpt>
    <trkpt lat="33.370361" lon="126.506577">
      <ele>1573.699973</ele>
      <time>2019-06-06T10:28:32Z</time>
      <extensions>
        <dbm>-90</dbm>
        <cellinfo>mcc=450 mnc=5 ci=32247055 pci=337 tac=9552 rssi=-57 rsrp=-90 rsrq=-7 rssnr=92 cqi=NA</cellinfo>
      </extensions>
    </trkpt>
    <trkpt lat="33.370299" lon="126.506659">
      <ele>1573.889648</ele>
      <time>2019-06-06T10:28:45Z</time>
      <extensions>
        <dbm>-90</dbm>
        <cellinfo>mcc=450 mnc=5 ci=32247051 pci=337 tac=9552 rssi=-58 rsrp=-90 rsrq=-8 rssnr=84 cqi=NA</cellinfo>
      </extensions>
    </trkpt>
    <trkpt lat="33.370235" lon="126.506739">
      <ele>1574.059792</ele>
      <time>2019-06-06T10:29:01Z</time>
      <extensions>
        <dbm>-82</dbm>
        <cellinfo>mcc=450 mnc=5 ci=32247051 pci=337 tac=9552 rssi=-55 rsrp=-82 rsrq=-6 rssnr=168 cqi=NA</cellinfo>
      </extensions>
    </trkpt>
    <trkpt lat="33.370175" lon="126.506815">
      <ele>1574.279297</ele>
      <time>2019-06-06T10:29:18Z</time>
      <extensions>
        <dbm>-86</dbm>
        <cellinfo>mcc=450 mnc=5 ci=32247051 pci=337 tac=9552 rssi=-56 rsrp=-86 rsrq=-7 rssnr=168 cqi=NA</cellinfo>
      </extensions>
    </trkpt>
    <trkpt lat="33.370118" lon="126.506898">
      <ele>1574.039551</ele>
      <time>2019-06-06T10:29:35Z</time>
      <extensions>
        <dbm>-89</dbm>
        <cellinfo>mcc=450 mnc=5 ci=32247051 pci=337 tac=9552 rssi=-57 rsrp=-89 rsrq=-7 rssnr=126 cqi=NA</cellinfo>
      </extensions>
    </trkpt>
    <trkpt lat="33.370059" lon="126.506978">
      <ele>1574.334473</ele>
      <time>2019-06-06T10:30:08Z</time>
      <extensions>
        <dbm>-83</dbm>
        <cellinfo>mcc=450 mnc=5 ci=32247555 pci=60 tac=9552 rssi=-55 rsrp=-83 rsrq=-5 rssnr=112 cqi=NA</cellinfo>
      </extensions>
    </trkpt>
    <trkpt lat="33.369986" lon="126.507056">
      <ele>1574.334473</ele>
      <time>2019-06-06T10:30:22Z</time>
      <extensions>
        <dbm>-88</dbm>
        <cellinfo>mcc=450 mnc=5 ci=32247555 pci=60 tac=9552 rssi=-57 rsrp=-88 rsrq=-6 rssnr=142 cqi=NA</cellinfo>
      </extensions>
    </trkpt>
    <trkpt lat="33.369913" lon="126.507130">
      <ele>1574.514737</ele>
      <time>2019-06-06T10:30:36Z</time>
      <extensions>
        <dbm>-83</dbm>
        <cellinfo>mcc=450 mnc=5 ci=32247555 pci=60 tac=9552 rssi=-56 rsrp=-83 rsrq=-8 rssnr=142 cqi=NA</cellinfo>
      </extensions>
    </trkpt>
    <trkpt lat="33.369830" lon="126.507192">
      <ele>1574.847789</ele>
      <time>2019-06-06T10:30:50Z</time>
      <extensions>
        <dbm>-82</dbm>
        <cellinfo>mcc=450 mnc=5 ci=32247555 pci=60 tac=9552 rssi=-56 rsrp=-82 rsrq=-6 rssnr=186 cqi=NA</cellinfo>
      </extensions>
    </trkpt>
    <trkpt lat="33.369753" lon="126.507264">
      <ele>1575.171342</ele>
      <time>2019-06-06T10:31:26Z</time>
      <extensions>
        <dbm>-85</dbm>
        <cellinfo>mcc=450 mnc=5 ci=32247555 pci=60 tac=9552 rssi=-56 rsrp=-85 rsrq=-6 rssnr=186 cqi=NA</cellinfo>
      </extensions>
    </trkpt>
    <trkpt lat="33.369691" lon="126.507343">
      <ele>1575.775213</ele>
      <time>2019-06-06T10:32:05Z</time>
      <extensions>
        <dbm>-98</dbm>
        <cellinfo>mcc=450 mnc=5 ci=32247555 pci=60 tac=9552 rssi=-59 rsrp=-98 rsrq=-5 rssnr=150 cqi=NA</cellinfo>
      </extensions>
    </trkpt>
    <trkpt lat="33.369648" lon="126.507443">
      <ele>1576.278143</ele>
      <time>2019-06-06T10:32:16Z</time>
      <extensions>
        <dbm>-96</dbm>
        <cellinfo>mcc=450 mnc=5 ci=32247559 pci=60 tac=9552 rssi=-59 rsrp=-96 rsrq=-8 rssnr=150 cqi=NA</cellinfo>
      </extensions>
    </trkpt>
    <trkpt lat="33.369623" lon="126.507551">
      <ele>1576.952637</ele>
      <time>2019-06-06T10:32:28Z</time>
      <extensions>
        <dbm>-94</dbm>
        <cellinfo>mcc=450 mnc=5 ci=32247555 pci=60 tac=9552 rssi=-58 rsrp=-94 rsrq=-6 rssnr=150 cqi=NA</cellinfo>
      </extensions>
    </trkpt>
    <trkpt lat="33.369584" lon="126.507655">
      <ele>1577.522168</ele>
      <time>2019-06-06T10:32:41Z</time>
      <extensions>
        <dbm>-93</dbm>
        <cellinfo>mcc=450 mnc=5 ci=32247555 pci=60 tac=9552 rssi=-58 rsrp=-93 rsrq=-5 rssnr=150 cqi=NA</cellinfo>
      </extensions>
    </trkpt>
    <trkpt lat="33.369527" lon="126.507739">
      <ele>1577.861239</ele>
      <time>2019-06-06T10:32:52Z</time>
      <extensions>
        <dbm>-92</dbm>
        <cellinfo>mcc=450 mnc=5 ci=32247555 pci=60 tac=9552 rssi=-58 rsrp=-92 rsrq=-6 rssnr=150 cqi=NA</cellinfo>
      </extensions>
    </trkpt>
    <trkpt lat="33.369453" lon="126.507807">
      <ele>1578.363836</ele>
      <time>2019-06-06T10:33:03Z</time>
      <extensions>
        <dbm>-93</dbm>
        <cellinfo>mcc=450 mnc=5 ci=32247555 pci=60 tac=9552 rssi=-58 rsrp=-93 rsrq=-6 rssnr=150 cqi=NA</cellinfo>
      </extensions>
    </trkpt>
    <trkpt lat="33.369384" lon="126.507872">
      <ele>1579.182639</ele>
      <time>2019-06-06T10:33:14Z</time>
      <extensions>
        <dbm>-87</dbm>
        <cellinfo>mcc=450 mnc=5 ci=32247559 pci=60 tac=9552 rssi=-56 rsrp=-87 rsrq=-6 rssnr=136 cqi=NA</cellinfo>
      </extensions>
    </trkpt>
    <trkpt lat="33.369321" lon="126.507951">
      <ele>1579.949419</ele>
      <time>2019-06-06T10:33:23Z</time>
      <extensions>
        <dbm>-87</dbm>
        <cellinfo>mcc=450 mnc=5 ci=32247555 pci=60 tac=9552 rssi=-57 rsrp=-87 rsrq=-6 rssnr=136 cqi=NA</cellinfo>
      </extensions>
    </trkpt>
    <trkpt lat="33.369257" lon="126.508029">
      <ele>1580.673673</ele>
      <time>2019-06-06T10:33:33Z</time>
      <extensions>
        <dbm>-84</dbm>
        <cellinfo>mcc=450 mnc=5 ci=32247555 pci=60 tac=9552 rssi=-56 rsrp=-84 rsrq=-6 rssnr=136 cqi=NA</cellinfo>
      </extensions>
    </trkpt>
    <trkpt lat="33.369190" lon="126.508111">
      <ele>1580.905740</ele>
      <time>2019-06-06T10:33:43Z</time>
      <extensions>
        <dbm>-85</dbm>
        <cellinfo>mcc=450 mnc=5 ci=32247555 pci=60 tac=9552 rssi=-55 rsrp=-85 rsrq=-5 rssnr=136 cqi=NA</cellinfo>
      </extensions>
    </trkpt>
    <trkpt lat="33.369121" lon="126.508193">
      <ele>1581.357089</ele>
      <time>2019-06-06T10:33:53Z</time>
      <extensions>
        <dbm>-93</dbm>
        <cellinfo>mcc=450 mnc=5 ci=32247555 pci=60 tac=9552 rssi=-58 rsrp=-93 rsrq=-7 rssnr=248 cqi=NA</cellinfo>
      </extensions>
    </trkpt>
    <trkpt lat="33.369055" lon="126.508277">
      <ele>1581.810170</ele>
      <time>2019-06-06T10:34:06Z</time>
      <extensions>
        <dbm>-76</dbm>
        <cellinfo>mcc=450 mnc=5 ci=32247555 pci=60 tac=9552 rssi=-53 rsrp=-76 rsrq=-5 rssnr=300 cqi=NA</cellinfo>
      </extensions>
    </trkpt>
    <trkpt lat="33.368998" lon="126.508367">
      <ele>1582.419116</ele>
      <time>2019-06-06T10:34:22Z</time>
      <extensions>
        <dbm>-80</dbm>
        <cellinfo>mcc=450 mnc=5 ci=32247555 pci=60 tac=9552 rssi=-55 rsrp=-80 rsrq=-5 rssnr=300 cqi=NA</cellinfo>
      </extensions>
    </trkpt>
    <trkpt lat="33.368943" lon="126.508453">
      <ele>1582.826733</ele>
      <time>2019-06-06T10:34:33Z</time>
      <extensions>
        <dbm>-79</dbm>
        <cellinfo>mcc=450 mnc=5 ci=32247555 pci=60 tac=9552 rssi=-54 rsrp=-79 rsrq=-6 rssnr=300 cqi=NA</cellinfo>
      </extensions>
    </trkpt>
    <trkpt lat="33.368894" lon="126.508548">
      <ele>1583.399146</ele>
      <time>2019-06-06T10:34:45Z</time>
      <extensions>
        <dbm>-81</dbm>
        <cellinfo>mcc=450 mnc=5 ci=32247555 pci=60 tac=9552 rssi=-55 rsrp=-81 rsrq=-6 rssnr=300 cqi=NA</cellinfo>
      </extensions>
    </trkpt>
    <trkpt lat="33.368845" lon="126.508645">
      <ele>1583.974243</ele>
      <time>2019-06-06T10:35:26Z</time>
      <extensions>
        <dbm>-84</dbm>
        <cellinfo>mcc=450 mnc=5 ci=32247555 pci=60 tac=9552 rssi=-56 rsrp=-84 rsrq=-6 rssnr=300 cqi=NA</cellinfo>
      </extensions>
    </trkpt>
    <trkpt lat="33.368803" lon="126.508747">
      <ele>1584.421853</ele>
      <time>2019-06-06T10:35:39Z</time>
      <extensions>
        <dbm>-84</dbm>
        <cellinfo>mcc=450 mnc=5 ci=32247555 pci=60 tac=9552 rssi=-56 rsrp=-84 rsrq=-5 rssnr=270 cqi=NA</cellinfo>
      </extensions>
    </trkpt>
    <trkpt lat="33.368760" lon="126.508846">
      <ele>1585.122226</ele>
      <time>2019-06-06T10:35:50Z</time>
      <extensions>
        <dbm>-88</dbm>
        <cellinfo>mcc=450 mnc=5 ci=32247555 pci=60 tac=9552 rssi=-57 rsrp=-88 rsrq=-5 rssnr=270 cqi=NA</cellinfo>
      </extensions>
    </trkpt>
    <trkpt lat="33.368717" lon="126.508947">
      <ele>1586.271729</ele>
      <time>2019-06-06T10:36:00Z</time>
      <extensions>
        <dbm>-85</dbm>
        <cellinfo>mcc=450 mnc=5 ci=32247555 pci=60 tac=9552 rssi=-56 rsrp=-85 rsrq=-6 rssnr=270 cqi=NA</cellinfo>
      </extensions>
    </trkpt>
    <trkpt lat="33.368672" lon="126.509054">
      <ele>1587.083813</ele>
      <time>2019-06-06T10:36:10Z</time>
      <extensions>
        <dbm>-86</dbm>
        <cellinfo>mcc=450 mnc=5 ci=32247555 pci=60 tac=9552 rssi=-56 rsrp=-86 rsrq=-5 rssnr=270 cqi=NA</cellinfo>
      </extensions>
    </trkpt>
    <trkpt lat="33.368627" lon="126.509163">
      <ele>1587.675073</ele>
      <time>2019-06-06T10:36:20Z</time>
      <extensions>
        <dbm>-89</dbm>
        <cellinfo>mcc=450 mnc=5 ci=32247555 pci=60 tac=9552 rssi=-56 rsrp=-89 rsrq=-5 rssnr=270 cqi=NA</cellinfo>
      </extensions>
    </trkpt>
    <trkpt lat="33.368576" lon="126.509261">
      <ele>1588.370947</ele>
      <time>2019-06-06T10:36:30Z</time>
      <extensions>
        <dbm>-84</dbm>
        <cellinfo>mcc=450 mnc=5 ci=32247555 pci=60 tac=9552 rssi=-56 rsrp=-84 rsrq=-5 rssnr=270 cqi=NA</cellinfo>
      </extensions>
    </trkpt>
    <trkpt lat="33.368524" lon="126.509357">
      <ele>1589.210449</ele>
      <time>2019-06-06T10:36:40Z</time>
      <extensions>
        <dbm>-89</dbm>
        <cellinfo>mcc=450 mnc=5 ci=32247555 pci=60 tac=9552 rssi=-57 rsrp=-89 rsrq=-6 rssnr=270 cqi=NA</cellinfo>
      </extensions>
    </trkpt>
    <trkpt lat="33.368466" lon="126.509445">
      <ele>1590.037036</ele>
      <time>2019-06-06T10:36:58Z</time>
      <extensions>
        <dbm>-85</dbm>
        <cellinfo>mcc=450 mnc=5 ci=32247555 pci=60 tac=9552 rssi=-56 rsrp=-85 rsrq=-6 rssnr=270 cqi=NA</cellinfo>
      </extensions>
    </trkpt>
    <trkpt lat="33.368403" lon="126.509532">
      <ele>1590.746069</ele>
      <time>2019-06-06T10:37:16Z</time>
      <extensions>
        <dbm>-86</dbm>
        <cellinfo>mcc=450 mnc=5 ci=32247555 pci=60 tac=9552 rssi=-56 rsrp=-86 rsrq=-5 rssnr=270 cqi=NA</cellinfo>
      </extensions>
    </trkpt>
    <trkpt lat="33.368338" lon="126.509610">
      <ele>1591.560522</ele>
      <time>2019-06-06T10:37:29Z</time>
      <extensions>
        <dbm>-88</dbm>
        <cellinfo>mcc=450 mnc=5 ci=32247555 pci=60 tac=9552 rssi=-57 rsrp=-88 rsrq=-6 rssnr=270 cqi=NA</cellinfo>
      </extensions>
    </trkpt>
    <trkpt lat="33.368273" lon="126.509691">
      <ele>1592.319946</ele>
      <time>2019-06-06T10:37:41Z</time>
      <extensions>
        <dbm>-81</dbm>
        <cellinfo>mcc=450 mnc=5 ci=32247555 pci=60 tac=9552 rssi=-54 rsrp=-81 rsrq=-5 rssnr=270 cqi=NA</cellinfo>
      </extensions>
    </trkpt>
    <trkpt lat="33.368206" lon="126.509768">
      <ele>1593.068286</ele>
      <time>2019-06-06T10:38:06Z</time>
      <extensions>
        <dbm>-74</dbm>
        <cellinfo>mcc=450 mnc=5 ci=32247555 pci=60 tac=9552 rssi=-52 rsrp=-74 rsrq=-6 rssnr=264 cqi=NA</cellinfo>
      </extensions>
    </trkpt>
    <trkpt lat="33.368131" lon="126.509831">
      <ele>1594.087402</ele>
      <time>2019-06-06T10:38:17Z</time>
      <extensions>
        <dbm>-84</dbm>
        <cellinfo>mcc=450 mnc=5 ci=32247555 pci=60 tac=9552 rssi=-54 rsrp=-84 rsrq=-5 rssnr=264 cqi=NA</cellinfo>
      </extensions>
    </trkpt>
    <trkpt lat="33.368048" lon="126.509887">
      <ele>1595.116284</ele>
      <time>2019-06-06T10:38:30Z</time>
      <extensions>
        <dbm>-75</dbm>
        <cellinfo>mcc=450 mnc=5 ci=32247555 pci=60 tac=9552 rssi=-53 rsrp=-75 rsrq=-5 rssnr=264 cqi=NA</cellinfo>
      </extensions>
    </trkpt>
    <trkpt lat="33.367969" lon="126.509947">
      <ele>1596.157788</ele>
      <time>2019-06-06T10:39:05Z</time>
      <extensions>
        <dbm>-69</dbm>
        <cellinfo>mcc=450 mnc=5 ci=32247555 pci=60 tac=9552 rssi=-50 rsrp=-69 rsrq=-5 rssnr=264 cqi=NA</cellinfo>
      </extensions>
    </trkpt>
    <trkpt lat="33.367894" lon="126.510022">
      <ele>1597.078833</ele>
      <time>2019-06-06T10:39:16Z</time>
      <extensions>
        <dbm>-78</dbm>
        <cellinfo>mcc=450 mnc=5 ci=32247555 pci=60 tac=9552 rssi=-54 rsrp=-78 rsrq=-5 rssnr=264 cqi=NA</cellinfo>
      </extensions>
    </trkpt>
    <trkpt lat="33.367827" lon="126.510107">
      <ele>1597.972583</ele>
      <time>2019-06-06T10:39:27Z</time>
      <extensions>
        <dbm>-72</dbm>
        <cellinfo>mcc=450 mnc=5 ci=32247555 pci=60 tac=9552 rssi=-51 rsrp=-72 rsrq=-5 rssnr=264 cqi=NA</cellinfo>
      </extensions>
    </trkpt>
    <trkpt lat="33.367757" lon="126.510193">
      <ele>1598.903125</ele>
      <time>2019-06-06T10:39:39Z</time>
      <extensions>
        <dbm>-80</dbm>
        <cellinfo>mcc=450 mnc=5 ci=32247555 pci=60 tac=9552 rssi=-55 rsrp=-80 rsrq=-6 rssnr=218 cqi=NA</cellinfo>
      </extensions>
    </trkpt>
    <trkpt lat="33.367696" lon="126.510283">
      <ele>1599.854419</ele>
      <time>2019-06-06T10:39:53Z</time>
      <extensions>
        <dbm>-76</dbm>
        <cellinfo>mcc=450 mnc=5 ci=32247555 pci=60 tac=9552 rssi=-53 rsrp=-76 rsrq=-5 rssnr=300 cqi=NA</cellinfo>
      </extensions>
    </trkpt>
    <trkpt lat="33.367640" lon="126.510373">
      <ele>1600.848267</ele>
      <time>2019-06-06T10:40:06Z</time>
      <extensions>
        <dbm>-71</dbm>
        <cellinfo>mcc=450 mnc=5 ci=32247555 pci=60 tac=9552 rssi=-51 rsrp=-71 rsrq=-6 rssnr=300 cqi=NA</cellinfo>
      </extensions>
    </trkpt>
    <trkpt lat="33.367584" lon="126.510457">
      <ele>1601.777979</ele>
      <time>2019-06-06T10:40:17Z</time>
      <extensions>
        <dbm>-76</dbm>
        <cellinfo>mcc=450 mnc=5 ci=32247555 pci=60 tac=9552 rssi=-53 rsrp=-76 rsrq=-5 rssnr=300 cqi=NA</cellinfo>
      </extensions>
    </trkpt>
    <trkpt lat="33.367517" lon="126.510528">
      <ele>1602.707422</ele>
      <time>2019-06-06T10:40:30Z</time>
      <extensions>
        <dbm>-72</dbm>
        <cellinfo>mcc=450 mnc=5 ci=32247555 pci=60 tac=9552 rssi=-51 rsrp=-72 rsrq=-5 rssnr=300 cqi=NA</cellinfo>
      </extensions>
    </trkpt>
    <trkpt lat="33.367436" lon="126.510582">
      <ele>1603.383008</ele>
      <time>2019-06-06T10:40:41Z</time>
      <extensions>
        <dbm>-71</dbm>
        <cellinfo>mcc=450 mnc=5 ci=32247555 pci=60 tac=9552 rssi=-51 rsrp=-71 rsrq=-6 rssnr=300 cqi=NA</cellinfo>
      </extensions>
    </trkpt>
    <trkpt lat="33.367349" lon="126.510634">
      <ele>1604.107227</ele>
      <time>2019-06-06T10:40:53Z</time>
      <extensions>
        <dbm>-69</dbm>
        <cellinfo>mcc=450 mnc=5 ci=32247555 pci=60 tac=9552 rssi=-50 rsrp=-69 rsrq=-4 rssnr=300 cqi=NA</cellinfo>
      </extensions>
    </trkpt>
    <trkpt lat="33.367263" lon="126.510696">
      <ele>1604.885498</ele>
      <time>2019-06-06T10:41:05Z</time>
      <extensions>
        <dbm>-84</dbm>
        <cellinfo>mcc=450 mnc=5 ci=32247555 pci=60 tac=9552 rssi=-56 rsrp=-84 rsrq=-6 rssnr=300 cqi=NA</cellinfo>
      </extensions>
    </trkpt>
    <trkpt lat="33.367179" lon="126.510771">
      <ele>1605.686938</ele>
      <time>2019-06-06T10:41:16Z</time>
      <extensions>
        <dbm>-72</dbm>
        <cellinfo>mcc=450 mnc=5 ci=32247555 pci=60 tac=9552 rssi=-51 rsrp=-72 rsrq=-4 rssnr=300 cqi=NA</cellinfo>
      </extensions>
    </trkpt>
    <trkpt lat="33.367100" lon="126.510842">
      <ele>1606.339526</ele>
      <time>2019-06-06T10:41:28Z</time>
      <extensions>
        <dbm>-76</dbm>
        <cellinfo>mcc=450 mnc=5 ci=32247555 pci=60 tac=9552 rssi=-53 rsrp=-76 rsrq=-6 rssnr=300 cqi=NA</cellinfo>
      </extensions>
    </trkpt>
    <trkpt lat="33.367017" lon="126.510869">
      <ele>1606.965381</ele>
      <time>2019-06-06T10:41:43Z</time>
      <extensions>
        <dbm>-71</dbm>
        <cellinfo>mcc=450 mnc=5 ci=32247555 pci=60 tac=9552 rssi=-51 rsrp=-71 rsrq=-5 rssnr=300 cqi=NA</cellinfo>
      </extensions>
    </trkpt>
    <trkpt lat="33.366933" lon="126.510886">
      <ele>1607.746509</ele>
      <time>2019-06-06T10:42:20Z</time>
      <extensions>
        <dbm>-70</dbm>
        <cellinfo>mcc=450 mnc=5 ci=32247555 pci=60 tac=9552 rssi=-50 rsrp=-70 rsrq=-3 rssnr=300 cqi=NA</cellinfo>
      </extensions>
    </trkpt>
    <trkpt lat="33.366855" lon="126.510911">
      <ele>1608.419653</ele>
      <time>2019-06-06T10:42:28Z</time>
      <extensions>
        <dbm>-79</dbm>
        <cellinfo>mcc=450 mnc=5 ci=32247555 pci=60 tac=9552 rssi=-54 rsrp=-79 rsrq=-5 rssnr=300 cqi=NA</cellinfo>
      </extensions>
    </trkpt>
    <trkpt lat="33.366778" lon="126.510968">
      <ele>1609.204395</ele>
      <time>2019-06-06T10:42:37Z</time>
      <extensions>
        <dbm>-90</dbm>
        <cellinfo>mcc=450 mnc=5 ci=32247555 pci=60 tac=9552 rssi=-57 rsrp=-90 rsrq=-5 rssnr=288 cqi=NA</cellinfo>
      </extensions>
    </trkpt>
    <trkpt lat="33.366716" lon="126.511034">
      <ele>1610.319189</ele>
      <time>2019-06-06T10:42:56Z</time>
      <extensions>
        <dbm>-67</dbm>
        <cellinfo>mcc=450 mnc=5 ci=32247555 pci=60 tac=9552 rssi=-49 rsrp=-67 rsrq=-3 rssnr=300 cqi=NA</cellinfo>
      </extensions>
    </trkpt>
    <trkpt lat="33.366648" lon="126.511076">
      <ele>1611.399463</ele>
      <time>2019-06-06T10:43:17Z</time>
      <extensions>
        <dbm>-70</dbm>
        <cellinfo>mcc=450 mnc=5 ci=32247555 pci=60 tac=9552 rssi=-50 rsrp=-70 rsrq=-5 rssnr=300 cqi=NA</cellinfo>
      </extensions>
    </trkpt>
    <trkpt lat="33.366590" lon="126.511125">
      <ele>1611.619873</ele>
      <time>2019-06-06T10:43:20Z</time>
      <extensions>
        <dbm>-68</dbm>
        <cellinfo>mcc=450 mnc=5 ci=32247555 pci=60 tac=9552 rssi=-49 rsrp=-68 rsrq=-6 rssnr=300 cqi=NA</cellinfo>
      </extensions>
    </trkpt>
    <trkpt lat="33.366525" lon="126.511178">
      <ele>1612.108842</ele>
      <time>2019-06-06T10:43:26Z</time>
      <extensions>
        <dbm>-73</dbm>
        <cellinfo>mcc=450 mnc=5 ci=32247555 pci=60 tac=9552 rssi=-52 rsrp=-73 rsrq=-6 rssnr=300 cqi=NA</cellinfo>
      </extensions>
    </trkpt>
    <trkpt lat="33.366464" lon="126.511251">
      <ele>1612.215007</ele>
      <time>2019-06-06T10:43:37Z</time>
      <extensions>
        <dbm>-69</dbm>
        <cellinfo>mcc=450 mnc=5 ci=32247555 pci=60 tac=9552 rssi=-50 rsrp=-69 rsrq=-5 rssnr=298 cqi=NA</cellinfo>
      </extensions>
    </trkpt>
    <trkpt lat="33.366396" lon="126.511325">
      <ele>1612.657756</ele>
      <time>2019-06-06T10:43:48Z</time>
      <extensions>
        <dbm>-69</dbm>
        <cellinfo>mcc=450 mnc=5 ci=32247555 pci=60 tac=9552 rssi=-50 rsrp=-69 rsrq=-5 rssnr=298 cqi=NA</cellinfo>
      </extensions>
    </trkpt>
    <trkpt lat="33.366324" lon="126.511392">
      <ele>1613.181173</ele>
      <time>2019-06-06T10:44:03Z</time>
      <extensions>
        <dbm>-72</dbm>
        <cellinfo>mcc=450 mnc=5 ci=32247555 pci=60 tac=9552 rssi=-51 rsrp=-72 rsrq=-6 rssnr=298 cqi=NA</cellinfo>
      </extensions>
    </trkpt>
    <trkpt lat="33.366258" lon="126.511465">
      <ele>1613.844747</ele>
      <time>2019-06-06T10:44:15Z</time>
      <extensions>
        <dbm>-66</dbm>
        <cellinfo>mcc=450 mnc=5 ci=32247555 pci=60 tac=9552 rssi=-48 rsrp=-66 rsrq=-5 rssnr=298 cqi=NA</cellinfo>
      </extensions>
    </trkpt>
    <trkpt lat="33.366192" lon="126.511538">
      <ele>1614.447327</ele>
      <time>2019-06-06T10:44:26Z</time>
      <extensions>
        <dbm>-66</dbm>
        <cellinfo>mcc=450 mnc=5 ci=32247555 pci=60 tac=9552 rssi=-48 rsrp=-66 rsrq=-5 rssnr=300 cqi=NA</cellinfo>
      </extensions>
    </trkpt>
    <trkpt lat="33.366123" lon="126.511606">
      <ele>1614.877462</ele>
      <time>2019-06-06T10:44:37Z</time>
      <extensions>
        <dbm>-66</dbm>
        <cellinfo>mcc=450 mnc=5 ci=32247555 pci=60 tac=9552 rssi=-48 rsrp=-66 rsrq=-6 rssnr=300 cqi=NA</cellinfo>
      </extensions>
    </trkpt>
    <trkpt lat="33.366055" lon="126.511676">
      <ele>1615.370219</ele>
      <time>2019-06-06T10:44:47Z</time>
      <extensions>
        <dbm>-65</dbm>
        <cellinfo>mcc=450 mnc=5 ci=32247555 pci=60 tac=9552 rssi=-48 rsrp=-65 rsrq=-5 rssnr=300 cqi=NA</cellinfo>
      </extensions>
    </trkpt>
    <trkpt lat="33.365984" lon="126.511745">
      <ele>1615.699646</ele>
      <time>2019-06-06T10:44:58Z</time>
      <extensions>
        <dbm>-65</dbm>
        <cellinfo>mcc=450 mnc=5 ci=32247555 pci=60 tac=9552 rssi=-48 rsrp=-65 rsrq=-5 rssnr=300 cqi=NA</cellinfo>
      </extensions>
    </trkpt>
    <trkpt lat="33.365911" lon="126.511825">
      <ele>1616.135111</ele>
      <time>2019-06-06T10:45:10Z</time>
      <extensions>
        <dbm>-64</dbm>
        <cellinfo>mcc=450 mnc=5 ci=32247555 pci=60 tac=9552 rssi=-47 rsrp=-64 rsrq=-6 rssnr=300 cqi=NA</cellinfo>
      </extensions>
    </trkpt>
    <trkpt lat="33.365827" lon="126.511887">
      <ele>1616.458557</ele>
      <time>2019-06-06T10:45:22Z</time>
      <extensions>
        <dbm>-69</dbm>
        <cellinfo>mcc=450 mnc=5 ci=32247555 pci=60 tac=9552 rssi=-50 rsrp=-69 rsrq=-5 rssnr=300 cqi=NA</cellinfo>
      </extensions>
    </trkpt>
    <trkpt lat="33.365744" lon="126.511943">
      <ele>1616.875651</ele>
      <time>2019-06-06T10:45:34Z</time>
      <extensions>
        <dbm>-65</dbm>
        <cellinfo>mcc=450 mnc=5 ci=32247555 pci=60 tac=9552 rssi=-48 rsrp=-65 rsrq=-4 rssnr=300 cqi=NA</cellinfo>
      </extensions>
    </trkpt>
    <trkpt lat="33.365667" lon="126.512003">
      <ele>1617.235901</ele>
      <time>2019-06-06T10:45:47Z</time>
      <extensions>
        <dbm>-65</dbm>
        <cellinfo>mcc=450 mnc=5 ci=32247555 pci=60 tac=9552 rssi=-48 rsrp=-65 rsrq=-6 rssnr=300 cqi=NA</cellinfo>
      </extensions>
    </trkpt>
    <trkpt lat="33.365601" lon="126.512082">
      <ele>1617.618306</ele>
      <time>2019-06-06T10:45:57Z</time>
      <extensions>
        <dbm>-69</dbm>
        <cellinfo>mcc=450 mnc=5 ci=32247555 pci=60 tac=9552 rssi=-50 rsrp=-69 rsrq=-5 rssnr=300 cqi=NA</cellinfo>
      </extensions>
    </trkpt>
    <trkpt lat="33.365568" lon="126.512180">
      <ele>1617.734009</ele>
      <time>2019-06-06T10:46:08Z</time>
      <extensions>
        <dbm>-80</dbm>
        <cellinfo>mcc=450 mnc=5 ci=32247555 pci=60 tac=9552 rssi=-54 rsrp=-80 rsrq=-6 rssnr=300 cqi=NA</cellinfo>
      </extensions>
    </trkpt>
    <trkpt lat="33.365543" lon="126.512282">
      <ele>1617.827271</ele>
      <time>2019-06-06T10:46:32Z</time>
      <extensions>
        <dbm>-81</dbm>
        <cellinfo>mcc=450 mnc=5 ci=32247555 pci=60 tac=9552 rssi=-53 rsrp=-81 rsrq=-4 rssnr=300 cqi=NA</cellinfo>
      </extensions>
    </trkpt>
    <trkpt lat="33.365515" lon="126.512384">
      <ele>1617.832133</ele>
      <time>2019-06-06T10:46:44Z</time>
      <extensions>
        <dbm>-70</dbm>
        <cellinfo>mcc=450 mnc=5 ci=32247555 pci=60 tac=9552 rssi=-50 rsrp=-70 rsrq=-3 rssnr=300 cqi=NA</cellinfo>
      </extensions>
    </trkpt>
    <trkpt lat="33.365469" lon="126.512484">
      <ele>1617.664063</ele>
      <time>2019-06-06T10:46:56Z</time>
      <extensions>
        <dbm>-79</dbm>
        <cellinfo>mcc=450 mnc=5 ci=32247555 pci=60 tac=9552 rssi=-54 rsrp=-79 rsrq=-6 rssnr=300 cqi=NA</cellinfo>
      </extensions>
    </trkpt>
    <trkpt lat="33.365429" lon="126.512583">
      <ele>1617.664063</ele>
      <time>2019-06-06T10:47:10Z</time>
      <extensions>
        <dbm>-74</dbm>
        <cellinfo>mcc=450 mnc=5 ci=32247555 pci=60 tac=9552 rssi=-52 rsrp=-74 rsrq=-5 rssnr=300 cqi=NA</cellinfo>
      </extensions>
    </trkpt>
    <trkpt lat="33.365399" lon="126.512691">
      <ele>1617.664063</ele>
      <time>2019-06-06T10:47:22Z</time>
      <extensions>
        <dbm>-75</dbm>
        <cellinfo>mcc=450 mnc=5 ci=32247555 pci=60 tac=9552 rssi=-53 rsrp=-75 rsrq=-5 rssnr=300 cqi=NA</cellinfo>
      </extensions>
    </trkpt>
    <trkpt lat="33.365351" lon="126.512790">
      <ele>1617.978871</ele>
      <time>2019-06-06T10:47:37Z</time>
      <extensions>
        <dbm>-76</dbm>
        <cellinfo>mcc=450 mnc=5 ci=32247555 pci=60 tac=9552 rssi=-53 rsrp=-76 rsrq=-5 rssnr=300 cqi=NA</cellinfo>
      </extensions>
    </trkpt>
    <trkpt lat="33.365287" lon="126.512881">
      <ele>1618.354070</ele>
      <time>2019-06-06T10:47:51Z</time>
      <extensions>
        <dbm>-74</dbm>
        <cellinfo>mcc=450 mnc=5 ci=32247555 pci=60 tac=9552 rssi=-52 rsrp=-74 rsrq=-5 rssnr=300 cqi=NA</cellinfo>
      </extensions>
    </trkpt>
    <trkpt lat="33.365216" lon="126.512966">
      <ele>1618.762673</ele>
      <time>2019-06-06T10:48:03Z</time>
      <extensions>
        <dbm>-72</dbm>
        <cellinfo>mcc=450 mnc=5 ci=32247555 pci=60 tac=9552 rssi=-51 rsrp=-72 rsrq=-6 rssnr=300 cqi=NA</cellinfo>
      </extensions>
    </trkpt>
    <trkpt lat="33.365154" lon="126.513057">
      <ele>1619.210183</ele>
      <time>2019-06-06T10:48:15Z</time>
      <extensions>
        <dbm>-71</dbm>
        <cellinfo>mcc=450 mnc=5 ci=32247555 pci=60 tac=9552 rssi=-51 rsrp=-71 rsrq=-5 rssnr=300 cqi=NA</cellinfo>
      </extensions>
    </trkpt>
    <trkpt lat="33.365098" lon="126.513148">
      <ele>1619.807666</ele>
      <time>2019-06-06T10:48:27Z</time>
      <extensions>
        <dbm>-74</dbm>
        <cellinfo>mcc=450 mnc=5 ci=32247555 pci=60 tac=9552 rssi=-52 rsrp=-74 rsrq=-6 rssnr=300 cqi=NA</cellinfo>
      </extensions>
    </trkpt>
    <trkpt lat="33.365041" lon="126.513238">
      <ele>1620.225439</ele>
      <time>2019-06-06T10:48:37Z</time>
      <extensions>
        <dbm>-74</dbm>
        <cellinfo>mcc=450 mnc=5 ci=32247555 pci=60 tac=9552 rssi=-52 rsrp=-74 rsrq=-5 rssnr=300 cqi=NA</cellinfo>
      </extensions>
    </trkpt>
    <trkpt lat="33.364985" lon="126.513324">
      <ele>1620.646021</ele>
      <time>2019-06-06T10:48:49Z</time>
      <extensions>
        <dbm>-78</dbm>
        <cellinfo>mcc=450 mnc=5 ci=32247555 pci=60 tac=9552 rssi=-54 rsrp=-78 rsrq=-6 rssnr=300 cqi=NA</cellinfo>
      </extensions>
    </trkpt>
    <trkpt lat="33.364931" lon="126.513415">
      <ele>1621.152612</ele>
      <time>2019-06-06T10:48:58Z</time>
      <extensions>
        <dbm>-77</dbm>
        <cellinfo>mcc=450 mnc=5 ci=32247555 pci=60 tac=9552 rssi=-54 rsrp=-77 rsrq=-5 rssnr=300 cqi=NA</cellinfo>
      </extensions>
    </trkpt>
    <trkpt lat="33.364875" lon="126.513504">
      <ele>1621.677612</ele>
      <time>2019-06-06T10:49:10Z</time>
      <extensions>
        <dbm>-82</dbm>
        <cellinfo>mcc=450 mnc=5 ci=32247555 pci=60 tac=9552 rssi=-55 rsrp=-82 rsrq=-6 rssnr=300 cqi=NA</cellinfo>
      </extensions>
    </trkpt>
    <trkpt lat="33.364823" lon="126.513600">
      <ele>1622.265771</ele>
      <time>2019-06-06T10:49:22Z</time>
      <extensions>
        <dbm>-83</dbm>
        <cellinfo>mcc=450 mnc=5 ci=32247555 pci=60 tac=9552 rssi=-55 rsrp=-83 rsrq=-5 rssnr=300 cqi=NA</cellinfo>
      </extensions>
    </trkpt>
    <trkpt lat="33.364773" lon="126.513696">
      <ele>1622.876001</ele>
      <time>2019-06-06T10:49:33Z</time>
      <extensions>
        <dbm>-80</dbm>
        <cellinfo>mcc=450 mnc=5 ci=32247555 pci=60 tac=9552 rssi=-54 rsrp=-80 rsrq=-5 rssnr=252 cqi=NA</cellinfo>
      </extensions>
    </trkpt>
    <trkpt lat="33.364719" lon="126.513792">
      <ele>1623.399780</ele>
      <time>2019-06-06T10:50:30Z</time>
      <extensions>
        <dbm>-86</dbm>
        <cellinfo>mcc=450 mnc=5 ci=32247555 pci=60 tac=9552 rssi=-56 rsrp=-86 rsrq=-5 rssnr=300 cqi=NA</cellinfo>
      </extensions>
    </trkpt>
    <trkpt lat="33.364655" lon="126.513873">
      <ele>1624.150854</ele>
      <time>2019-06-06T10:50:45Z</time>
      <extensions>
        <dbm>-83</dbm>
        <cellinfo>mcc=450 mnc=5 ci=32247559 pci=60 tac=9552 rssi=-55 rsrp=-83 rsrq=-6 rssnr=258 cqi=NA</cellinfo>
      </extensions>
    </trkpt>
    <trkpt lat="33.364577" lon="126.513938">
      <ele>1624.921948</ele>
      <time>2019-06-06T10:51:07Z</time>
      <extensions>
        <dbm>-82</dbm>
        <cellinfo>mcc=450 mnc=5 ci=32247559 pci=60 tac=9552 rssi=-55 rsrp=-82 rsrq=-6 rssnr=300 cqi=NA</cellinfo>
      </extensions>
    </trkpt>
    <trkpt lat="33.364495" lon="126.513997">
      <ele>1625.738501</ele>
      <time>2019-06-06T10:51:24Z</time>
      <extensions>
        <dbm>-73</dbm>
        <cellinfo>mcc=450 mnc=5 ci=32247559 pci=60 tac=9552 rssi=-52 rsrp=-73 rsrq=-6 rssnr=300 cqi=NA</cellinfo>
      </extensions>
    </trkpt>
    <trkpt lat="33.364413" lon="126.514060">
      <ele>1626.631055</ele>
      <time>2019-06-06T10:51:36Z</time>
      <extensions>
        <dbm>-81</dbm>
        <cellinfo>mcc=450 mnc=5 ci=32247555 pci=60 tac=9552 rssi=-55 rsrp=-81 rsrq=-6 rssnr=300 cqi=NA</cellinfo>
      </extensions>
    </trkpt>
    <trkpt lat="33.364336" lon="126.514129">
      <ele>1627.745557</ele>
      <time>2019-06-06T10:51:46Z</time>
      <extensions>
        <dbm>-83</dbm>
        <cellinfo>mcc=450 mnc=5 ci=32247555 pci=60 tac=9552 rssi=-55 rsrp=-83 rsrq=-6 rssnr=300 cqi=NA</cellinfo>
      </extensions>
    </trkpt>
    <trkpt lat="33.364264" lon="126.514203">
      <ele>1628.890503</ele>
      <time>2019-06-06T10:51:59Z</time>
      <extensions>
        <dbm>-88</dbm>
        <cellinfo>mcc=450 mnc=5 ci=32247555 pci=60 tac=9552 rssi=-57 rsrp=-88 rsrq=-7 rssnr=300 cqi=NA</cellinfo>
      </extensions>
    </trkpt>
    <trkpt lat="33.364193" lon="126.514277">
      <ele>1630.012573</ele>
      <time>2019-06-06T10:52:13Z</time>
      <extensions>
        <dbm>-85</dbm>
        <cellinfo>mcc=450 mnc=5 ci=32247555 pci=60 tac=9552 rssi=-56 rsrp=-85 rsrq=-5 rssnr=300 cqi=NA</cellinfo>
      </extensions>
    </trkpt>
    <trkpt lat="33.364125" lon="126.514354">
      <ele>1631.282983</ele>
      <time>2019-06-06T10:52:29Z</time>
      <extensions>
        <dbm>-75</dbm>
        <cellinfo>mcc=450 mnc=5 ci=32247555 pci=60 tac=9552 rssi=-53 rsrp=-75 rsrq=-5 rssnr=300 cqi=NA</cellinfo>
      </extensions>
    </trkpt>
    <trkpt lat="33.364053" lon="126.514427">
      <ele>1632.572290</ele>
      <time>2019-06-06T10:52:45Z</time>
      <extensions>
        <dbm>-82</dbm>
        <cellinfo>mcc=450 mnc=5 ci=32247555 pci=60 tac=9552 rssi=-55 rsrp=-82 rsrq=-6 rssnr=300 cqi=NA</cellinfo>
      </extensions>
    </trkpt>
    <trkpt lat="33.363980" lon="126.514500">
      <ele>1633.917725</ele>
      <time>2019-06-06T10:52:57Z</time>
      <extensions>
        <dbm>-75</dbm>
        <cellinfo>mcc=450 mnc=5 ci=32247555 pci=60 tac=9552 rssi=-53 rsrp=-75 rsrq=-5 rssnr=300 cqi=NA</cellinfo>
      </extensions>
    </trkpt>
    <trkpt lat="33.363904" lon="126.514577">
      <ele>1635.033228</ele>
      <time>2019-06-06T10:53:13Z</time>
      <extensions>
        <dbm>-83</dbm>
        <cellinfo>mcc=450 mnc=5 ci=32247555 pci=60 tac=9552 rssi=-54 rsrp=-83 rsrq=-4 rssnr=300 cqi=NA</cellinfo>
      </extensions>
    </trkpt>
    <trkpt lat="33.363826" lon="126.514656">
      <ele>1636.417212</ele>
      <time>2019-06-06T10:53:29Z</time>
      <extensions>
        <dbm>-81</dbm>
        <cellinfo>mcc=450 mnc=5 ci=32247555 pci=60 tac=9552 rssi=-55 rsrp=-81 rsrq=-6 rssnr=300 cqi=NA</cellinfo>
      </extensions>
    </trkpt>
    <trkpt lat="33.363774" lon="126.514731">
      <ele>1637.759546</ele>
      <time>2019-06-06T10:53:43Z</time>
      <extensions>
        <dbm>-86</dbm>
        <cellinfo>mcc=450 mnc=5 ci=32247555 pci=60 tac=9552 rssi=-56 rsrp=-86 rsrq=-6 rssnr=300 cqi=NA</cellinfo>
      </extensions>
    </trkpt>
    <trkpt lat="33.363720" lon="126.514792">
      <ele>1638.327970</ele>
      <time>2019-06-06T10:55:55Z</time>
      <extensions>
        <dbm>-83</dbm>
        <cellinfo>mcc=450 mnc=5 ci=32247559 pci=60 tac=9552 rssi=-54 rsrp=-83 rsrq=-5 rssnr=246 cqi=NA</cellinfo>
      </extensions>
    </trkpt>
    <trkpt lat="33.363673" lon="126.514853">
      <ele>1639.710183</ele>
      <time>2019-06-06T10:56:14Z</time>
      <extensions>
        <dbm>-84</dbm>
        <cellinfo>mcc=450 mnc=5 ci=32247555 pci=60 tac=9552 rssi=-55 rsrp=-84 rsrq=-5 rssnr=300 cqi=NA</cellinfo>
      </extensions>
    </trkpt>
    <trkpt lat="33.363603" lon="126.514923">
      <ele>1640.908869</ele>
      <time>2019-06-06T10:57:02Z</time>
      <extensions>
        <dbm>-79</dbm>
        <cellinfo>mcc=450 mnc=5 ci=51187972 pci=NA tac=8578 rssi=-79 rsrp=NA rsrq=NA rssnr=NA cqi=NA</cellinfo>
      </extensions>
    </trkpt>
    <trkpt lat="33.363543" lon="126.515009">
      <ele>1642.771802</ele>
      <time>2019-06-06T10:57:21Z</time>
      <extensions>
        <dbm>-87</dbm>
        <cellinfo>mcc=450 mnc=5 ci=51187972 pci=NA tac=8578 rssi=-87 rsrp=NA rsrq=NA rssnr=NA cqi=NA</cellinfo>
      </extensions>
    </trkpt>
    <trkpt lat="33.363489" lon="126.515101">
      <ele>1643.258900</ele>
      <time>2019-06-06T10:57:35Z</time>
      <extensions>
        <dbm>-83</dbm>
        <cellinfo>mcc=450 mnc=5 ci=32247559 pci=60 tac=9552 rssi=-55 rsrp=-83 rsrq=-5 rssnr=184 cqi=NA</cellinfo>
      </extensions>
    </trkpt>
    <trkpt lat="33.363450" lon="126.515202">
      <ele>1644.310525</ele>
      <time>2019-06-06T10:57:52Z</time>
      <extensions>
        <dbm>-91</dbm>
        <cellinfo>mcc=450 mnc=5 ci=32247555 pci=60 tac=9552 rssi=-57 rsrp=-91 rsrq=-5 rssnr=282 cqi=NA</cellinfo>
      </extensions>
    </trkpt>
    <trkpt lat="33.363422" lon="126.515307">
      <ele>1645.384766</ele>
      <time>2019-06-06T10:58:04Z</time>
      <extensions>
        <dbm>-88</dbm>
        <cellinfo>mcc=450 mnc=5 ci=32247555 pci=60 tac=9552 rssi=-57 rsrp=-88 rsrq=-6 rssnr=256 cqi=NA</cellinfo>
      </extensions>
    </trkpt>
    <trkpt lat="33.363395" lon="126.515414">
      <ele>1646.448420</ele>
      <time>2019-06-06T10:58:16Z</time>
      <extensions>
        <dbm>-88</dbm>
        <cellinfo>mcc=450 mnc=5 ci=32247555 pci=60 tac=9552 rssi=-57 rsrp=-88 rsrq=-5 rssnr=272 cqi=NA</cellinfo>
      </extensions>
    </trkpt>
    <trkpt lat="33.363361" lon="126.515513">
      <ele>1647.662709</ele>
      <time>2019-06-06T10:58:31Z</time>
      <extensions>
        <dbm>-84</dbm>
        <cellinfo>mcc=450 mnc=5 ci=32247559 pci=60 tac=9552 rssi=-55 rsrp=-84 rsrq=-5 rssnr=262 cqi=NA</cellinfo>
      </extensions>
    </trkpt>
    <trkpt lat="33.363314" lon="126.515604">
      <ele>1648.615168</ele>
      <time>2019-06-06T10:58:48Z</time>
      <extensions>
        <dbm>-83</dbm>
        <cellinfo>mcc=450 mnc=5 ci=32247555 pci=60 tac=9552 rssi=-55 rsrp=-83 rsrq=-4 rssnr=268 cqi=NA</cellinfo>
      </extensions>
    </trkpt>
    <trkpt lat="33.363255" lon="126.515684">
      <ele>1649.542725</ele>
      <time>2019-06-06T10:59:17Z</time>
      <extensions>
        <dbm>-83</dbm>
        <cellinfo>mcc=450 mnc=5 ci=32247559 pci=60 tac=9552 rssi=-55 rsrp=-83 rsrq=-6 rssnr=164 cqi=NA</cellinfo>
      </extensions>
    </trkpt>
    <trkpt lat="33.363192" lon="126.515760">
      <ele>1650.647061</ele>
      <time>2019-06-06T10:59:40Z</time>
      <extensions>
        <dbm>-87</dbm>
        <cellinfo>mcc=450 mnc=5 ci=32247555 pci=60 tac=9552 rssi=-57 rsrp=-87 rsrq=-5 rssnr=188 cqi=NA</cellinfo>
      </extensions>
    </trkpt>
    <trkpt lat="33.363125" lon="126.515833">
      <ele>1651.570823</ele>
      <time>2019-06-06T11:00:01Z</time>
      <extensions>
        <dbm>-90</dbm>
        <cellinfo>mcc=450 mnc=5 ci=32247555 pci=60 tac=9552 rssi=-57 rsrp=-90 rsrq=-5 rssnr=246 cqi=NA</cellinfo>
      </extensions>
    </trkpt>
    <trkpt lat="33.363067" lon="126.515911">
      <ele>1652.730890</ele>
      <time>2019-06-06T11:00:51Z</time>
      <extensions>
        <dbm>-96</dbm>
        <cellinfo>mcc=450 mnc=5 ci=32247555 pci=60 tac=9552 rssi=-59 rsrp=-96 rsrq=-6 rssnr=182 cqi=NA</cellinfo>
      </extensions>
    </trkpt>
    <trkpt lat="33.362999" lon="126.515983">
      <ele>1653.917547</ele>
      <time>2019-06-06T11:01:06Z</time>
      <extensions>
        <dbm>-87</dbm>
        <cellinfo>mcc=450 mnc=5 ci=32247555 pci=60 tac=9552 rssi=-56 rsrp=-87 rsrq=-5 rssnr=224 cqi=NA</cellinfo>
      </extensions>
    </trkpt>
    <trkpt lat="33.362930" lon="126.516063">
      <ele>1655.179266</ele>
      <time>2019-06-06T11:01:24Z</time>
      <extensions>
        <dbm>-86</dbm>
        <cellinfo>mcc=450 mnc=5 ci=32247555 pci=60 tac=9552 rssi=-56 rsrp=-86 rsrq=-5 rssnr=234 cqi=NA</cellinfo>
      </extensions>
    </trkpt>
    <trkpt lat="33.362853" lon="126.516134">
      <ele>1656.671187</ele>
      <time>2019-06-06T11:01:46Z</time>
      <extensions>
        <dbm>-89</dbm>
        <cellinfo>mcc=450 mnc=5 ci=32247555 pci=60 tac=9552 rssi=-57 rsrp=-89 rsrq=-6 rssnr=258 cqi=NA</cellinfo>
      </extensions>
    </trkpt>
    <trkpt lat="33.362780" lon="126.516207">
      <ele>1658.075328</ele>
      <time>2019-06-06T11:01:59Z</time>
      <extensions>
        <dbm>-87</dbm>
        <cellinfo>mcc=450 mnc=5 ci=32247555 pci=60 tac=9552 rssi=-57 rsrp=-87 rsrq=-6 rssnr=258 cqi=NA</cellinfo>
      </extensions>
    </trkpt>
    <trkpt lat="33.362715" lon="126.516276">
      <ele>1659.699618</ele>
      <time>2019-06-06T11:02:17Z</time>
      <extensions>
        <dbm>-82</dbm>
        <cellinfo>mcc=450 mnc=5 ci=32247555 pci=60 tac=9552 rssi=-55 rsrp=-82 rsrq=-5 rssnr=258 cqi=NA</cellinfo>
      </extensions>
    </trkpt>
    <trkpt lat="33.362642" lon="126.516362">
      <ele>1662.093213</ele>
      <time>2019-06-06T11:02:30Z</time>
      <extensions>
        <dbm>-76</dbm>
        <cellinfo>mcc=450 mnc=5 ci=32247555 pci=60 tac=9552 rssi=-53 rsrp=-76 rsrq=-5 rssnr=258 cqi=NA</cellinfo>
      </extensions>
    </trkpt>
    <trkpt lat="33.362591" lon="126.516461">
      <ele>1663.915356</ele>
      <time>2019-06-06T11:03:17Z</time>
      <extensions>
        <dbm>-80</dbm>
        <cellinfo>mcc=450 mnc=5 ci=32247555 pci=60 tac=9552 rssi=-55 rsrp=-80 rsrq=-6 rssnr=222 cqi=NA</cellinfo>
      </extensions>
    </trkpt>
    <trkpt lat="33.362541" lon="126.516563">
      <ele>1665.611230</ele>
      <time>2019-06-06T11:03:24Z</time>
      <extensions>
        <dbm>-84</dbm>
        <cellinfo>mcc=450 mnc=5 ci=32247555 pci=60 tac=9552 rssi=-56 rsrp=-84 rsrq=-6 rssnr=222 cqi=NA</cellinfo>
      </extensions>
    </trkpt>
    <trkpt lat="33.362496" lon="126.516610">
      <ele>1667.309326</ele>
      <time>2019-06-06T11:03:59Z</time>
      <extensions>
        <dbm>-74</dbm>
        <cellinfo>mcc=450 mnc=5 ci=32247555 pci=60 tac=9552 rssi=-52 rsrp=-74 rsrq=-5 rssnr=300 cqi=NA</cellinfo>
      </extensions>
    </trkpt>
    <trkpt lat="33.362454" lon="126.516576">
      <ele>1668.210383</ele>
      <time>2019-06-06T11:05:44Z</time>
      <extensions>
        <dbm>-83</dbm>
        <cellinfo>mcc=450 mnc=5 ci=32247555 pci=60 tac=9552 rssi=-55 rsrp=-83 rsrq=-5 rssnr=300 cqi=NA</cellinfo>
      </extensions>
    </trkpt>
    <trkpt lat="33.362414" lon="126.516670">
      <ele>1671.161987</ele>
      <time>2019-06-06T11:05:54Z</time>
      <extensions>
        <dbm>-65</dbm>
        <cellinfo>mcc=450 mnc=5 ci=32247555 pci=60 tac=9552 rssi=-48 rsrp=-65 rsrq=-6 rssnr=300 cqi=NA</cellinfo>
      </extensions>
    </trkpt>
    <trkpt lat="33.362383" lon="126.516817">
      <ele>1671.749978</ele>
      <time>2019-06-06T11:06:22Z</time>
      <extensions>
        <dbm>-64</dbm>
        <cellinfo>mcc=450 mnc=5 ci=32247555 pci=60 tac=9552 rssi=-47 rsrp=-64 rsrq=-5 rssnr=300 cqi=NA</cellinfo>
      </extensions>
    </trkpt>
    <trkpt lat="33.362345" lon="126.517049">
      <ele>1672.394995</ele>
      <time>2019-06-06T11:06:24Z</time>
      <extensions>
        <dbm>-70</dbm>
        <cellinfo>mcc=450 mnc=5 ci=32247555 pci=60 tac=9552 rssi=-50 rsrp=-70 rsrq=-6 rssnr=300 cqi=NA</cellinfo>
      </extensions>
    </trkpt>
    <trkpt lat="33.362312" lon="126.517166">
      <ele>1674.602739</ele>
      <time>2019-06-06T11:06:29Z</time>
      <extensions>
        <dbm>-67</dbm>
        <cellinfo>mcc=450 mnc=5 ci=32247555 pci=60 tac=9552 rssi=-49 rsrp=-67 rsrq=-6 rssnr=300 cqi=NA</cellinfo>
      </extensions>
    </trkpt>
    <trkpt lat="33.362287" lon="126.517289">
      <ele>1676.029319</ele>
      <time>2019-06-06T11:06:36Z</time>
      <extensions>
        <dbm>-68</dbm>
        <cellinfo>mcc=450 mnc=5 ci=32247555 pci=60 tac=9552 rssi=-49 rsrp=-68 rsrq=-5 rssnr=300 cqi=NA</cellinfo>
      </extensions>
    </trkpt>
    <trkpt lat="33.362261" lon="126.517404">
      <ele>1677.254173</ele>
      <time>2019-06-06T11:06:44Z</time>
      <extensions>
        <dbm>-62</dbm>
        <cellinfo>mcc=450 mnc=5 ci=32247555 pci=60 tac=9552 rssi=-46 rsrp=-62 rsrq=-4 rssnr=300 cqi=NA</cellinfo>
      </extensions>
    </trkpt>
    <trkpt lat="33.362212" lon="126.517492">
      <ele>1678.274836</ele>
      <time>2019-06-06T11:08:04Z</time>
      <extensions>
        <dbm>-63</dbm>
        <cellinfo>mcc=450 mnc=5 ci=32247555 pci=60 tac=9552 rssi=-47 rsrp=-63 rsrq=-5 rssnr=300 cqi=NA</cellinfo>
      </extensions>
    </trkpt>
    <trkpt lat="33.362133" lon="126.517540">
      <ele>1679.537908</ele>
      <time>2019-06-06T11:08:10Z</time>
      <extensions>
        <dbm>-57</dbm>
        <cellinfo>mcc=450 mnc=5 ci=32247555 pci=60 tac=9552 rssi=-44 rsrp=-57 rsrq=-5 rssnr=300 cqi=NA</cellinfo>
      </extensions>
    </trkpt>
    <trkpt lat="33.362031" lon="126.517562">
      <ele>1680.819780</ele>
      <time>2019-06-06T11:08:17Z</time>
      <extensions>
        <dbm>-58</dbm>
        <cellinfo>mcc=450 mnc=5 ci=32247555 pci=60 tac=9552 rssi=-44 rsrp=-58 rsrq=-5 rssnr=300 cqi=NA</cellinfo>
      </extensions>
    </trkpt>
    <trkpt lat="33.361997" lon="126.517557">
      <ele>1682.053778</ele>
      <time>2019-06-06T11:08:26Z</time>
      <extensions>
        <dbm>-65</dbm>
        <cellinfo>mcc=450 mnc=5 ci=32247555 pci=60 tac=9552 rssi=-48 rsrp=-65 rsrq=-6 rssnr=300 cqi=NA</cellinfo>
      </extensions>
    </trkpt>
    <trkpt lat="33.362037" lon="126.517543">
      <ele>1682.537061</ele>
      <time>2019-06-06T11:08:55Z</time>
      <extensions>
        <dbm>-52</dbm>
        <cellinfo>mcc=450 mnc=5 ci=32247555 pci=60 tac=9552 rssi=-41 rsrp=-52 rsrq=-5 rssnr=300 cqi=NA</cellinfo>
      </extensions>
    </trkpt>
    <trkpt lat="33.362137" lon="126.517513">
      <ele>1683.659424</ele>
      <time>2019-06-06T11:09:03Z</time>
      <extensions>
        <dbm>-56</dbm>
        <cellinfo>mcc=450 mnc=5 ci=32247555 pci=60 tac=9552 rssi=-43 rsrp=-56 rsrq=-5 rssnr=300 cqi=NA</cellinfo>
      </extensions>
    </trkpt>
    <trkpt lat="33.362215" lon="126.517489">
      <ele>1683.659424</ele>
      <time>2019-06-06T11:09:10Z</time>
      <extensions>
        <dbm>-61</dbm>
        <cellinfo>mcc=450 mnc=5 ci=32247555 pci=60 tac=9552 rssi=-46 rsrp=-61 rsrq=-4 rssnr=300 cqi=NA</cellinfo>
      </extensions>
    </trkpt>
    <trkpt lat="33.362267" lon="126.517460">
      <ele>1690.417969</ele>
      <time>2019-06-06T11:11:30Z</time>
      <extensions>
        <pause>start</pause>
        <type>unknown</type>
        <dbm>-76</dbm>
        <cellinfo>mcc=450 mnc=5 ci=32247555 pci=60 tac=9552 rssi=-53 rsrp=-76 rsrq=-5 rssnr=300 cqi=NA</cellinfo>
      </extensions>
    </trkpt>
    <trkpt lat="33.362169" lon="126.517767">
      <ele>1690.964844</ele>
      <time>2019-06-06T11:35:58Z</time>
      <extensions>
        <pause>end</pause>
        <type>auto</type>
        <dbm>-61</dbm>
        <cellinfo>mcc=450 mnc=5 ci=32247555 pci=60 tac=9552 rssi=-46 rsrp=-61 rsrq=-5 rssnr=300 cqi=NA</cellinfo>
      </extensions>
    </trkpt>
    <trkpt lat="33.362146" lon="126.517879">
      <ele>1687.917236</ele>
      <time>2019-06-06T11:36:11Z</time>
      <extensions>
        <dbm>-59</dbm>
        <cellinfo>mcc=450 mnc=5 ci=32247555 pci=60 tac=9552 rssi=-45 rsrp=-59 rsrq=-5 rssnr=300 cqi=NA</cellinfo>
      </extensions>
    </trkpt>
    <trkpt lat="33.362134" lon="126.517913">
      <ele>1688.476196</ele>
      <time>2019-06-06T11:36:59Z</time>
      <extensions>
        <dbm>-64</dbm>
        <cellinfo>mcc=450 mnc=5 ci=32247555 pci=60 tac=9552 rssi=-47 rsrp=-64 rsrq=-6 rssnr=300 cqi=NA</cellinfo>
      </extensions>
    </trkpt>
    <trkpt lat="33.362146" lon="126.517946">
      <ele>1688.378529</ele>
      <time>2019-06-06T11:37:59Z</time>
      <extensions>
        <dbm>-60</dbm>
        <cellinfo>mcc=450 mnc=5 ci=32247555 pci=60 tac=9552 rssi=-45 rsrp=-60 rsrq=-5 rssnr=290 cqi=NA</cellinfo>
      </extensions>
    </trkpt>
    <trkpt lat="33.362187" lon="126.517977">
      <ele>1688.476807</ele>
      <time>2019-06-06T11:38:05Z</time>
      <extensions>
        <dbm>-63</dbm>
        <cellinfo>mcc=450 mnc=5 ci=32247555 pci=60 tac=9552 rssi=-47 rsrp=-63 rsrq=-6 rssnr=290 cqi=NA</cellinfo>
      </extensions>
    </trkpt>
    <trkpt lat="33.362203" lon="126.518027">
      <ele>1688.746021</ele>
      <time>2019-06-06T11:38:13Z</time>
      <extensions>
        <dbm>-68</dbm>
        <cellinfo>mcc=450 mnc=5 ci=32247555 pci=60 tac=9552 rssi=-49 rsrp=-68 rsrq=-5 rssnr=300 cqi=NA</cellinfo>
      </extensions>
    </trkpt>
    <trkpt lat="33.362195" lon="126.518004">
      <ele>1688.754089</ele>
      <time>2019-06-06T11:38:27Z</time>
      <extensions>
        <dbm>-72</dbm>
        <cellinfo>mcc=450 mnc=5 ci=32247555 pci=60 tac=9552 rssi=-51 rsrp=-72 rsrq=-3 rssnr=300 cqi=NA</cellinfo>
      </extensions>
    </trkpt>
    <trkpt lat="33.362136" lon="126.517929">
      <ele>1689.070251</ele>
      <time>2019-06-06T11:38:39Z</time>
      <extensions>
        <dbm>-60</dbm>
        <cellinfo>mcc=450 mnc=5 ci=32247555 pci=60 tac=9552 rssi=-45 rsrp=-60 rsrq=-4 rssnr=300 cqi=NA</cellinfo>
      </extensions>
    </trkpt>
    <trkpt lat="33.362082" lon="126.517843">
      <ele>1689.219727</ele>
      <time>2019-06-06T11:39:29Z</time>
      <extensions>
        <dbm>-68</dbm>
        <cellinfo>mcc=450 mnc=5 ci=32247555 pci=60 tac=9552 rssi=-49 rsrp=-68 rsrq=-6 rssnr=300 cqi=NA</cellinfo>
      </extensions>
    </trkpt>
    <trkpt lat="33.362027" lon="126.517755">
      <ele>1689.523250</ele>
      <time>2019-06-06T11:39:41Z</time>
      <extensions>
        <dbm>-74</dbm>
        <cellinfo>mcc=450 mnc=5 ci=32247555 pci=60 tac=9552 rssi=-52 rsrp=-74 rsrq=-7 rssnr=300 cqi=NA</cellinfo>
      </extensions>
    </trkpt>
    <trkpt lat="33.362076" lon="126.518007">
      <ele>1690.344757</ele>
      <time>2019-06-06T11:40:04Z</time>
      <extensions>
        <dbm>-71</dbm>
        <cellinfo>mcc=450 mnc=5 ci=32247555 pci=60 tac=9552 rssi=-51 rsrp=-71 rsrq=-5 rssnr=300 cqi=NA</cellinfo>
      </extensions>
    </trkpt>
    <trkpt lat="33.362156" lon="126.518336">
      <ele>1690.360260</ele>
      <time>2019-06-06T11:40:09Z</time>
      <extensions>
        <dbm>-74</dbm>
        <cellinfo>mcc=450 mnc=5 ci=32247555 pci=60 tac=9552 rssi=-52 rsrp=-74 rsrq=-4 rssnr=272 cqi=NA</cellinfo>
      </extensions>
    </trkpt>
    <trkpt lat="33.362256" lon="126.518737">
      <ele>1690.835144</ele>
      <time>2019-06-06T11:40:11Z</time>
      <extensions>
        <dbm>-75</dbm>
        <cellinfo>mcc=450 mnc=5 ci=32247555 pci=60 tac=9552 rssi=-51 rsrp=-75 rsrq=-5 rssnr=272 cqi=NA</cellinfo>
      </extensions>
    </trkpt>
    <trkpt lat="33.362283" lon="126.518852">
      <ele>1691.199615</ele>
      <time>2019-06-06T11:40:16Z</time>
      <extensions>
        <dbm>-75</dbm>
        <cellinfo>mcc=450 mnc=5 ci=32247555 pci=60 tac=9552 rssi=-53 rsrp=-75 rsrq=-5 rssnr=272 cqi=NA</cellinfo>
      </extensions>
    </trkpt>
    <trkpt lat="33.362284" lon="126.518932">
      <ele>1691.503391</ele>
      <time>2019-06-06T11:40:25Z</time>
      <extensions>
        <dbm>-76</dbm>
        <cellinfo>mcc=450 mnc=5 ci=32247555 pci=60 tac=9552 rssi=-53 rsrp=-76 rsrq=-4 rssnr=272 cqi=NA</cellinfo>
      </extensions>
    </trkpt>
    <trkpt lat="33.362280" lon="126.519016">
      <ele>1691.820825</ele>
      <time>2019-06-06T11:41:03Z</time>
      <extensions>
        <dbm>-62</dbm>
        <cellinfo>mcc=450 mnc=5 ci=32247555 pci=60 tac=9552 rssi=-46 rsrp=-62 rsrq=-5 rssnr=300 cqi=NA</cellinfo>
      </extensions>
    </trkpt>
    <trkpt lat="33.362267" lon="126.519102">
      <ele>1692.340527</ele>
      <time>2019-06-06T11:41:14Z</time>
      <extensions>
        <dbm>-64</dbm>
        <cellinfo>mcc=450 mnc=5 ci=32247555 pci=60 tac=9552 rssi=-47 rsrp=-64 rsrq=-5 rssnr=300 cqi=NA</cellinfo>
      </extensions>
    </trkpt>
    <trkpt lat="33.362265" lon="126.519212">
      <ele>1693.634684</ele>
      <time>2019-06-06T11:41:31Z</time>
      <extensions>
        <dbm>-62</dbm>
        <cellinfo>mcc=450 mnc=5 ci=32247555 pci=60 tac=9552 rssi=-46 rsrp=-62 rsrq=-6 rssnr=300 cqi=NA</cellinfo>
      </extensions>
    </trkpt>
    <trkpt lat="33.362247" lon="126.519315">
      <ele>1695.958740</ele>
      <time>2019-06-06T11:41:48Z</time>
      <extensions>
        <dbm>-77</dbm>
        <cellinfo>mcc=450 mnc=5 ci=32247555 pci=60 tac=9552 rssi=-54 rsrp=-77 rsrq=-5 rssnr=300 cqi=NA</cellinfo>
      </extensions>
    </trkpt>
    <trkpt lat="33.362233" lon="126.519419">
      <ele>1698.429091</ele>
      <time>2019-06-06T11:42:00Z</time>
      <extensions>
        <dbm>-65</dbm>
        <cellinfo>mcc=450 mnc=5 ci=32247555 pci=60 tac=9552 rssi=-48 rsrp=-65 rsrq=-5 rssnr=300 cqi=NA</cellinfo>
      </extensions>
    </trkpt>
    <trkpt lat="33.362221" lon="126.519523">
      <ele>1699.784993</ele>
      <time>2019-06-06T11:42:17Z</time>
      <extensions>
        <dbm>-68</dbm>
        <cellinfo>mcc=450 mnc=5 ci=32247555 pci=60 tac=9552 rssi=-49 rsrp=-68 rsrq=-6 rssnr=300 cqi=NA</cellinfo>
      </extensions>
    </trkpt>
    <trkpt lat="33.362220" lon="126.519631">
      <ele>1701.646729</ele>
      <time>2019-06-06T11:42:32Z</time>
      <extensions>
        <dbm>-71</dbm>
        <cellinfo>mcc=450 mnc=5 ci=32247555 pci=60 tac=9552 rssi=-51 rsrp=-71 rsrq=-6 rssnr=300 cqi=NA</cellinfo>
      </extensions>
    </trkpt>
    <trkpt lat="33.362244" lon="126.519733">
      <ele>1703.978217</ele>
      <time>2019-06-06T11:42:49Z</time>
      <extensions>
        <dbm>-82</dbm>
        <cellinfo>mcc=450 mnc=5 ci=32247555 pci=60 tac=9552 rssi=-55 rsrp=-82 rsrq=-7 rssnr=300 cqi=NA</cellinfo>
      </extensions>
    </trkpt>
    <trkpt lat="33.362275" lon="126.519835">
      <ele>1705.233795</ele>
      <time>2019-06-06T11:43:02Z</time>
      <extensions>
        <dbm>-92</dbm>
        <cellinfo>mcc=450 mnc=5 ci=32247555 pci=60 tac=9552 rssi=-58 rsrp=-92 rsrq=-6 rssnr=300 cqi=NA</cellinfo>
      </extensions>
    </trkpt>
    <trkpt lat="33.362304" lon="126.519939">
      <ele>1707.531860</ele>
      <time>2019-06-06T11:43:14Z</time>
      <extensions>
        <dbm>-86</dbm>
        <cellinfo>mcc=450 mnc=5 ci=32247555 pci=60 tac=9552 rssi=-57 rsrp=-86 rsrq=-5 rssnr=300 cqi=NA</cellinfo>
      </extensions>
    </trkpt>
    <trkpt lat="33.362313" lon="126.519979">
      <ele>1708.210639</ele>
      <time>2019-06-06T11:43:26Z</time>
      <extensions>
        <dbm>-84</dbm>
        <cellinfo>mcc=450 mnc=5 ci=32247555 pci=60 tac=9552 rssi=-55 rsrp=-84 rsrq=-3 rssnr=300 cqi=NA</cellinfo>
      </extensions>
    </trkpt>
    <trkpt lat="33.362289" lon="126.519954">
      <ele>1708.682886</ele>
      <time>2019-06-06T11:45:05Z</time>
      <extensions>
        <dbm>-86</dbm>
        <cellinfo>mcc=450 mnc=5 ci=32247559 pci=60 tac=9552 rssi=-56 rsrp=-86 rsrq=-6 rssnr=210 cqi=NA</cellinfo>
      </extensions>
    </trkpt>
    <trkpt lat="33.362249" lon="126.519863">
      <ele>1709.054177</ele>
      <time>2019-06-06T11:45:18Z</time>
      <extensions>
        <dbm>-90</dbm>
        <cellinfo>mcc=450 mnc=5 ci=32247559 pci=60 tac=9552 rssi=-56 rsrp=-90 rsrq=-5 rssnr=212 cqi=NA</cellinfo>
      </extensions>
    </trkpt>
    <trkpt lat="33.362183" lon="126.519805">
      <ele>1709.105591</ele>
      <time>2019-06-06T11:45:32Z</time>
      <extensions>
        <dbm>-90</dbm>
        <cellinfo>mcc=450 mnc=5 ci=32247555 pci=60 tac=9552 rssi=-57 rsrp=-90 rsrq=-6 rssnr=192 cqi=NA</cellinfo>
      </extensions>
    </trkpt>
    <trkpt lat="33.362174" lon="126.520092">
      <ele>1711.917236</ele>
      <time>2019-06-06T11:46:25Z</time>
      <extensions>
        <dbm>-94</dbm>
        <cellinfo>mcc=450 mnc=5 ci=32247559 pci=60 tac=9552 rssi=-57 rsrp=-94 rsrq=-6 rssnr=198 cqi=NA</cellinfo>
      </extensions>
    </trkpt>
    <trkpt lat="33.362186" lon="126.520446">
      <ele>1712.488861</ele>
      <time>2019-06-06T11:46:34Z</time>
      <extensions>
        <dbm>-97</dbm>
        <cellinfo>mcc=450 mnc=5 ci=32247559 pci=60 tac=9552 rssi=-59 rsrp=-97 rsrq=-5 rssnr=198 cqi=NA</cellinfo>
      </extensions>
    </trkpt>
    <trkpt lat="33.362232" lon="126.520832">
      <ele>1713.179535</ele>
      <time>2019-06-06T11:46:36Z</time>
      <extensions>
        <dbm>-96</dbm>
        <cellinfo>mcc=450 mnc=5 ci=32247559 pci=60 tac=9552 rssi=-58 rsrp=-96 rsrq=-5 rssnr=74 cqi=NA</cellinfo>
      </extensions>
    </trkpt>
    <trkpt lat="33.362245" lon="126.520930">
      <ele>1713.946136</ele>
      <time>2019-06-06T11:46:39Z</time>
      <extensions>
        <dbm>-94</dbm>
        <cellinfo>mcc=450 mnc=5 ci=32247559 pci=60 tac=9552 rssi=-58 rsrp=-94 rsrq=-7 rssnr=158 cqi=NA</cellinfo>
      </extensions>
    </trkpt>
    <trkpt lat="33.362250" lon="126.521020">
      <ele>1714.394562</ele>
      <time>2019-06-06T11:46:45Z</time>
      <extensions>
        <dbm>-103</dbm>
        <cellinfo>mcc=450 mnc=5 ci=32247555 pci=60 tac=9552 rssi=-61 rsrp=-103 rsrq=-6 rssnr=200 cqi=NA</cellinfo>
      </extensions>
    </trkpt>
    <trkpt lat="33.362247" lon="126.521118">
      <ele>1714.851227</ele>
      <time>2019-06-06T11:47:00Z</time>
      <extensions>
        <dbm>-93</dbm>
        <cellinfo>mcc=450 mnc=5 ci=32247559 pci=60 tac=9552 rssi=-58 rsrp=-93 rsrq=-7 rssnr=104 cqi=NA</cellinfo>
      </extensions>
    </trkpt>
    <trkpt lat="33.362243" lon="126.521221">
      <ele>1715.615723</ele>
      <time>2019-06-06T11:47:13Z</time>
      <extensions>
        <dbm>-101</dbm>
        <cellinfo>mcc=450 mnc=5 ci=32247835 pci=197 tac=9552 rssi=-60 rsrp=-101 rsrq=-7 rssnr=78 cqi=NA</cellinfo>
      </extensions>
    </trkpt>
    <trkpt lat="33.362262" lon="126.521322">
      <ele>1716.509399</ele>
      <time>2019-06-06T11:47:29Z</time>
      <extensions>
        <dbm>-97</dbm>
        <cellinfo>mcc=450 mnc=5 ci=32247555 pci=60 tac=9552 rssi=-59 rsrp=-97 rsrq=-6 rssnr=168 cqi=NA</cellinfo>
      </extensions>
    </trkpt>
    <trkpt lat="33.362267" lon="126.521423">
      <ele>1716.863953</ele>
      <time>2019-06-06T11:47:39Z</time>
      <extensions>
        <dbm>-94</dbm>
        <cellinfo>mcc=450 mnc=5 ci=32247831 pci=197 tac=9552 rssi=-58 rsrp=-94 rsrq=-6 rssnr=102 cqi=NA</cellinfo>
      </extensions>
    </trkpt>
    <trkpt lat="33.362283" lon="126.521522">
      <ele>1717.163601</ele>
      <time>2019-06-06T11:47:51Z</time>
      <extensions>
        <dbm>-104</dbm>
        <cellinfo>mcc=450 mnc=5 ci=32247831 pci=197 tac=9552 rssi=-61 rsrp=-104 rsrq=-6 rssnr=162 cqi=NA</cellinfo>
      </extensions>
    </trkpt>
    <trkpt lat="33.362309" lon="126.521612">
      <ele>1718.296577</ele>
      <time>2019-06-06T11:48:10Z</time>
      <extensions>
        <dbm>-100</dbm>
        <cellinfo>mcc=450 mnc=5 ci=32247831 pci=197 tac=9552 rssi=-60 rsrp=-100 rsrq=-6 rssnr=184 cqi=NA</cellinfo>
      </extensions>
    </trkpt>
    <trkpt lat="33.362371" lon="126.521684">
      <ele>1718.586534</ele>
      <time>2019-06-06T11:48:23Z</time>
      <extensions>
        <dbm>-98</dbm>
        <cellinfo>mcc=450 mnc=5 ci=32247831 pci=197 tac=9552 rssi=-59 rsrp=-98 rsrq=-6 rssnr=174 cqi=NA</cellinfo>
      </extensions>
    </trkpt>
    <trkpt lat="33.362450" lon="126.521732">
      <ele>1718.565857</ele>
      <time>2019-06-06T11:48:39Z</time>
      <extensions>
        <dbm>-103</dbm>
        <cellinfo>mcc=450 mnc=5 ci=32247835 pci=197 tac=9552 rssi=-60 rsrp=-103 rsrq=-7 rssnr=182 cqi=NA</cellinfo>
      </extensions>
    </trkpt>
    <trkpt lat="33.362515" lon="126.521791">
      <ele>1718.977509</ele>
      <time>2019-06-06T11:48:59Z</time>
      <extensions>
        <dbm>-101</dbm>
        <cellinfo>mcc=450 mnc=5 ci=32247559 pci=60 tac=9552 rssi=-59 rsrp=-101 rsrq=-7 rssnr=10 cqi=NA</cellinfo>
      </extensions>
    </trkpt>
    <trkpt lat="33.362547" lon="126.521871">
      <ele>1718.809326</ele>
      <time>2019-06-06T11:49:29Z</time>
      <extensions>
        <dbm>-107</dbm>
        <cellinfo>mcc=450 mnc=5 ci=32247555 pci=60 tac=9552 rssi=-62 rsrp=-107 rsrq=-9 rssnr=114 cqi=NA</cellinfo>
      </extensions>
    </trkpt>
    <trkpt lat="33.362557" lon="126.521901">
      <ele>1718.931369</ele>
      <time>2019-06-06T11:50:09Z</time>
      <extensions>
        <dbm>-84</dbm>
        <cellinfo>mcc=450 mnc=5 ci=32247559 pci=60 tac=9552 rssi=-55 rsrp=-84 rsrq=-7 rssnr=18 cqi=NA</cellinfo>
      </extensions>
    </trkpt>
    <trkpt lat="33.362527" lon="126.521884">
      <ele>1718.530717</ele>
      <time>2019-06-06T11:50:24Z</time>
      <extensions>
        <dbm>-92</dbm>
        <cellinfo>mcc=450 mnc=5 ci=32247555 pci=60 tac=9552 rssi=-58 rsrp=-92 rsrq=-6 rssnr=126 cqi=NA</cellinfo>
      </extensions>
    </trkpt>
    <trkpt lat="33.362483" lon="126.521807">
      <ele>1718.586692</ele>
      <time>2019-06-06T11:50:40Z</time>
      <extensions>
        <dbm>-92</dbm>
        <cellinfo>mcc=450 mnc=5 ci=32247835 pci=197 tac=9552 rssi=-58 rsrp=-92 rsrq=-9 rssnr=36 cqi=NA</cellinfo>
      </extensions>
    </trkpt>
    <trkpt lat="33.362490" lon="126.522049">
      <ele>1719.577908</ele>
      <time>2019-06-06T11:51:04Z</time>
      <extensions>
        <dbm>-84</dbm>
        <cellinfo>mcc=450 mnc=5 ci=32247555 pci=60 tac=9552 rssi=-55 rsrp=-84 rsrq=-6 rssnr=160 cqi=NA</cellinfo>
      </extensions>
    </trkpt>
    <trkpt lat="33.362505" lon="126.522330">
      <ele>1719.888086</ele>
      <time>2019-06-06T11:51:54Z</time>
      <extensions>
        <dbm>-93</dbm>
        <cellinfo>mcc=450 mnc=5 ci=32247555 pci=60 tac=9552 rssi=-59 rsrp=-93 rsrq=-6 rssnr=142 cqi=NA</cellinfo>
      </extensions>
    </trkpt>
    <trkpt lat="33.362530" lon="126.522663">
      <ele>1720.286577</ele>
      <time>2019-06-06T11:53:30Z</time>
      <extensions>
        <dbm>-89</dbm>
        <cellinfo>mcc=450 mnc=5 ci=32247831 pci=197 tac=9552 rssi=-57 rsrp=-89 rsrq=-7 rssnr=122 cqi=NA</cellinfo>
      </extensions>
    </trkpt>
    <trkpt lat="33.362484" lon="126.522751">
      <ele>1720.342065</ele>
      <time>2019-06-06T11:53:39Z</time>
      <extensions>
        <dbm>-95</dbm>
        <cellinfo>mcc=450 mnc=5 ci=32247555 pci=60 tac=9552 rssi=-58 rsrp=-95 rsrq=-7 rssnr=128 cqi=NA</cellinfo>
      </extensions>
    </trkpt>
    <trkpt lat="33.362451" lon="126.522848">
      <ele>1720.532422</ele>
      <time>2019-06-06T11:53:49Z</time>
      <extensions>
        <dbm>-102</dbm>
        <cellinfo>mcc=450 mnc=5 ci=32247831 pci=197 tac=9552 rssi=-60 rsrp=-102 rsrq=-6 rssnr=76 cqi=NA</cellinfo>
      </extensions>
    </trkpt>
    <trkpt lat="33.362433" lon="126.522955">
      <ele>1720.257813</ele>
      <time>2019-06-06T11:53:58Z</time>
      <extensions>
        <dbm>-100</dbm>
        <cellinfo>mcc=450 mnc=5 ci=32247831 pci=197 tac=9552 rssi=-60 rsrp=-100 rsrq=-6 rssnr=76 cqi=NA</cellinfo>
      </extensions>
    </trkpt>
    <trkpt lat="33.362417" lon="126.523063">
      <ele>1720.639014</ele>
      <time>2019-06-06T11:54:23Z</time>
      <extensions>
        <dbm>-94</dbm>
        <cellinfo>mcc=450 mnc=5 ci=32247831 pci=197 tac=9552 rssi=-58 rsrp=-94 rsrq=-6 rssnr=168 cqi=NA</cellinfo>
      </extensions>
    </trkpt>
    <trkpt lat="33.362379" lon="126.523140">
      <ele>1721.121094</ele>
      <time>2019-06-06T11:54:34Z</time>
      <extensions>
        <dbm>-89</dbm>
        <cellinfo>mcc=450 mnc=5 ci=32247831 pci=197 tac=9552 rssi=-57 rsrp=-89 rsrq=-5 rssnr=220 cqi=NA</cellinfo>
      </extensions>
    </trkpt>
    <trkpt lat="33.362317" lon="126.523198">
      <ele>1721.804346</ele>
      <time>2019-06-06T11:55:09Z</time>
      <extensions>
        <dbm>-98</dbm>
        <cellinfo>mcc=450 mnc=5 ci=32247831 pci=197 tac=9552 rssi=-59 rsrp=-98 rsrq=-6 rssnr=138 cqi=NA</cellinfo>
      </extensions>
    </trkpt>
    <trkpt lat="33.362237" lon="126.523238">
      <ele>1722.596606</ele>
      <time>2019-06-06T11:55:27Z</time>
      <extensions>
        <dbm>-95</dbm>
        <cellinfo>mcc=450 mnc=5 ci=32247831 pci=197 tac=9552 rssi=-59 rsrp=-95 rsrq=-5 rssnr=258 cqi=NA</cellinfo>
      </extensions>
    </trkpt>
    <trkpt lat="33.362085" lon="126.523287">
      <ele>1726.239838</ele>
      <time>2019-06-06T11:55:43Z</time>
      <extensions>
        <dbm>-88</dbm>
        <cellinfo>mcc=450 mnc=5 ci=32247831 pci=197 tac=9552 rssi=-57 rsrp=-88 rsrq=-5 rssnr=300 cqi=NA</cellinfo>
      </extensions>
    </trkpt>
    <trkpt lat="33.361912" lon="126.523346">
      <ele>1727.372772</ele>
      <time>2019-06-06T11:58:31Z</time>
      <extensions>
        <dbm>-78</dbm>
        <cellinfo>mcc=450 mnc=5 ci=32247831 pci=197 tac=9552 rssi=-54 rsrp=-78 rsrq=-5 rssnr=270 cqi=NA</cellinfo>
      </extensions>
    </trkpt>
    <trkpt lat="33.361666" lon="126.523384">
      <ele>1727.964417</ele>
      <time>2019-06-06T11:59:37Z</time>
      <extensions>
        <dbm>-79</dbm>
        <cellinfo>mcc=450 mnc=5 ci=32247831 pci=197 tac=9552 rssi=-53 rsrp=-79 rsrq=-4 rssnr=220 cqi=NA</cellinfo>
      </extensions>
    </trkpt>
    <trkpt lat="33.361491" lon="126.523408">
      <ele>1728.501221</ele>
      <time>2019-06-06T12:01:00Z</time>
      <extensions>
        <dbm>-89</dbm>
        <cellinfo>mcc=450 mnc=5 ci=32247831 pci=197 tac=9552 rssi=-57 rsrp=-89 rsrq=-6 rssnr=220 cqi=NA</cellinfo>
      </extensions>
    </trkpt>
    <trkpt lat="33.361332" lon="126.523404">
      <ele>1728.244358</ele>
      <time>2019-06-06T12:01:42Z</time>
      <extensions>
        <dbm>-90</dbm>
        <cellinfo>mcc=450 mnc=5 ci=32247831 pci=197 tac=9552 rssi=-58 rsrp=-90 rsrq=-7 rssnr=300 cqi=NA</cellinfo>
      </extensions>
    </trkpt>
    <trkpt lat="33.361238" lon="126.523417">
      <ele>1727.957001</ele>
      <time>2019-06-06T12:01:56Z</time>
      <extensions>
        <dbm>-82</dbm>
        <cellinfo>mcc=450 mnc=5 ci=32247831 pci=197 tac=9552 rssi=-55 rsrp=-82 rsrq=-5 rssnr=300 cqi=NA</cellinfo>
      </extensions>
    </trkpt>
    <trkpt lat="33.361140" lon="126.523436">
      <ele>1727.964233</ele>
      <time>2019-06-06T12:02:08Z</time>
      <extensions>
        <dbm>-92</dbm>
        <cellinfo>mcc=450 mnc=5 ci=32247831 pci=197 tac=9552 rssi=-58 rsrp=-92 rsrq=-6 rssnr=300 cqi=NA</cellinfo>
      </extensions>
    </trkpt>
    <trkpt lat="33.361040" lon="126.523459">
      <ele>1727.515533</ele>
      <time>2019-06-06T12:02:19Z</time>
      <extensions>
        <dbm>-81</dbm>
        <cellinfo>mcc=450 mnc=5 ci=32247831 pci=197 tac=9552 rssi=-55 rsrp=-81 rsrq=-6 rssnr=300 cqi=NA</cellinfo>
      </extensions>
    </trkpt>
    <trkpt lat="33.360941" lon="126.523478">
      <ele>1727.080353</ele>
      <time>2019-06-06T12:02:44Z</time>
      <extensions>
        <dbm>-81</dbm>
        <cellinfo>mcc=450 mnc=5 ci=32247831 pci=197 tac=9552 rssi=-56 rsrp=-81 rsrq=-5 rssnr=258 cqi=NA</cellinfo>
      </extensions>
    </trkpt>
    <trkpt lat="33.360853" lon="126.523505">
      <ele>1726.717834</ele>
      <time>2019-06-06T12:02:55Z</time>
      <extensions>
        <dbm>-79</dbm>
        <cellinfo>mcc=450 mnc=5 ci=32247831 pci=197 tac=9552 rssi=-54 rsrp=-79 rsrq=-6 rssnr=300 cqi=NA</cellinfo>
      </extensions>
    </trkpt>
    <trkpt lat="33.360761" lon="126.523523">
      <ele>1726.705933</ele>
      <time>2019-06-06T12:03:05Z</time>
      <extensions>
        <dbm>-80</dbm>
        <cellinfo>mcc=450 mnc=5 ci=32247831 pci=197 tac=9552 rssi=-54 rsrp=-80 rsrq=-5 rssnr=300 cqi=NA</cellinfo>
      </extensions>
    </trkpt>
    <trkpt lat="33.360670" lon="126.523531">
      <ele>1726.817763</ele>
      <time>2019-06-06T12:03:18Z</time>
      <extensions>
        <dbm>-88</dbm>
        <cellinfo>mcc=450 mnc=5 ci=32247831 pci=197 tac=9552 rssi=-56 rsrp=-88 rsrq=-5 rssnr=300 cqi=NA</cellinfo>
      </extensions>
    </trkpt>
    <trkpt lat="33.360574" lon="126.523541">
      <ele>1726.039063</ele>
      <time>2019-06-06T12:03:30Z</time>
      <extensions>
        <dbm>-86</dbm>
        <cellinfo>mcc=450 mnc=5 ci=32247831 pci=197 tac=9552 rssi=-56 rsrp=-86 rsrq=-7 rssnr=300 cqi=NA</cellinfo>
      </extensions>
    </trkpt>
    <trkpt lat="33.360481" lon="126.523549">
      <ele>1725.612549</ele>
      <time>2019-06-06T12:03:58Z</time>
      <extensions>
        <dbm>-80</dbm>
        <cellinfo>mcc=450 mnc=5 ci=32247831 pci=197 tac=9552 rssi=-55 rsrp=-80 rsrq=-8 rssnr=300 cqi=NA</cellinfo>
      </extensions>
    </trkpt>
    <trkpt lat="33.360385" lon="126.523560">
      <ele>1724.160828</ele>
      <time>2019-06-06T12:04:08Z</time>
      <extensions>
        <dbm>-83</dbm>
        <cellinfo>mcc=450 mnc=5 ci=32247831 pci=197 tac=9552 rssi=-55 rsrp=-83 rsrq=-5 rssnr=300 cqi=NA</cellinfo>
      </extensions>
    </trkpt>
    <trkpt lat="33.360293" lon="126.523561">
      <ele>1723.445638</ele>
      <time>2019-06-06T12:04:23Z</time>
      <extensions>
        <dbm>-84</dbm>
        <cellinfo>mcc=450 mnc=5 ci=32247831 pci=197 tac=9552 rssi=-56 rsrp=-84 rsrq=-6 rssnr=300 cqi=NA</cellinfo>
      </extensions>
    </trkpt>
    <trkpt lat="33.360198" lon="126.523580">
      <ele>1722.147624</ele>
      <time>2019-06-06T12:04:38Z</time>
      <extensions>
        <dbm>-88</dbm>
        <cellinfo>mcc=450 mnc=5 ci=32247831 pci=197 tac=9552 rssi=-56 rsrp=-88 rsrq=-5 rssnr=276 cqi=NA</cellinfo>
      </extensions>
    </trkpt>
    <trkpt lat="33.360167" lon="126.523588">
      <ele>1721.615723</ele>
      <time>2019-06-06T12:04:49Z</time>
      <extensions>
        <dbm>-79</dbm>
        <cellinfo>mcc=450 mnc=5 ci=32247831 pci=197 tac=9552 rssi=-54 rsrp=-79 rsrq=-4 rssnr=246 cqi=NA</cellinfo>
      </extensions>
    </trkpt>
    <trkpt lat="33.360190" lon="126.523587">
      <ele>1720.976474</ele>
      <time>2019-06-06T12:06:53Z</time>
      <extensions>
        <dbm>-83</dbm>
        <cellinfo>mcc=450 mnc=5 ci=32247831 pci=197 tac=9552 rssi=-55 rsrp=-83 rsrq=-5 rssnr=300 cqi=NA</cellinfo>
      </extensions>
    </trkpt>
    <trkpt lat="33.360278" lon="126.523567">
      <ele>1720.455176</ele>
      <time>2019-06-06T12:07:13Z</time>
      <extensions>
        <dbm>-85</dbm>
        <cellinfo>mcc=450 mnc=5 ci=32247831 pci=197 tac=9552 rssi=-55 rsrp=-85 rsrq=-5 rssnr=300 cqi=NA</cellinfo>
      </extensions>
    </trkpt>
    <trkpt lat="33.360367" lon="126.523562">
      <ele>1719.327881</ele>
      <time>2019-06-06T12:07:33Z</time>
      <extensions>
        <dbm>-81</dbm>
        <cellinfo>mcc=450 mnc=5 ci=32247831 pci=197 tac=9552 rssi=-55 rsrp=-81 rsrq=-6 rssnr=300 cqi=NA</cellinfo>
      </extensions>
    </trkpt>
    <trkpt lat="33.360461" lon="126.523553">
      <ele>1719.022905</ele>
      <time>2019-06-06T12:07:46Z</time>
      <extensions>
        <dbm>-78</dbm>
        <cellinfo>mcc=450 mnc=5 ci=32247831 pci=197 tac=9552 rssi=-54 rsrp=-78 rsrq=-5 rssnr=300 cqi=NA</cellinfo>
      </extensions>
    </trkpt>
    <trkpt lat="33.360533" lon="126.523543">
      <ele>1718.878988</ele>
      <time>2019-06-06T12:08:03Z</time>
      <extensions>
        <dbm>-80</dbm>
        <cellinfo>mcc=450 mnc=5 ci=32247831 pci=197 tac=9552 rssi=-54 rsrp=-80 rsrq=-5 rssnr=300 cqi=NA</cellinfo>
      </extensions>
    </trkpt>
    <trkpt lat="33.360579" lon="126.523531">
      <ele>1717.295898</ele>
      <time>2019-06-06T12:08:05Z</time>
      <extensions>
        <pause>start</pause>
        <type>unknown</type>
        <dbm>-80</dbm>
        <cellinfo>mcc=450 mnc=5 ci=32247831 pci=197 tac=9552 rssi=-55 rsrp=-80 rsrq=-6 rssnr=300 cqi=NA</cellinfo>
      </extensions>
    </trkpt>
    <trkpt lat="33.360853" lon="126.523494">
      <ele>1719.186279</ele>
      <time>2019-06-06T12:08:51Z</time>
      <extensions>
        <pause>end</pause>
        <type>auto</type>
        <dbm>-74</dbm>
        <cellinfo>mcc=450 mnc=5 ci=32247831 pci=197 tac=9552 rssi=-52 rsrp=-74 rsrq=-6 rssnr=278 cqi=NA</cellinfo>
      </extensions>
    </trkpt>
    <trkpt lat="33.360942" lon="126.523492">
      <ele>1717.480713</ele>
      <time>2019-06-06T12:09:06Z</time>
      <extensions>
        <dbm>-88</dbm>
        <cellinfo>mcc=450 mnc=5 ci=32247831 pci=197 tac=9552 rssi=-57 rsrp=-88 rsrq=-6 rssnr=300 cqi=NA</cellinfo>
      </extensions>
    </trkpt>
    <trkpt lat="33.360992" lon="126.523482">
      <ele>1717.487393</ele>
      <time>2019-06-06T12:09:22Z</time>
      <extensions>
        <dbm>-74</dbm>
        <cellinfo>mcc=450 mnc=5 ci=32247831 pci=197 tac=9552 rssi=-52 rsrp=-74 rsrq=-5 rssnr=170 cqi=NA</cellinfo>
      </extensions>
    </trkpt>
    <trkpt lat="33.361003" lon="126.523464">
      <ele>1725.414551</ele>
      <time>2019-06-06T12:13:52Z</time>
      <extensions>
        <pause>start</pause>
        <type>unknown</type>
        <dbm>-75</dbm>
        <cellinfo>mcc=450 mnc=5 ci=32247831 pci=197 tac=9552 rssi=-52 rsrp=-75 rsrq=-6 rssnr=242 cqi=NA</cellinfo>
      </extensions>
    </trkpt>
    <trkpt lat="33.361263" lon="126.523370">
      <ele>1727.037842</ele>
      <time>2019-06-06T12:22:00Z</time>
      <extensions>
        <pause>end</pause>
        <type>auto</type>
        <dbm>-80</dbm>
        <cellinfo>mcc=450 mnc=5 ci=32247831 pci=197 tac=9552 rssi=-54 rsrp=-80 rsrq=-5 rssnr=300 cqi=NA</cellinfo>
      </extensions>
    </trkpt>
    <trkpt lat="33.361358" lon="126.523382">
      <ele>1717.304077</ele>
      <time>2019-06-06T12:22:20Z</time>
      <extensions>
        <dbm>-80</dbm>
        <cellinfo>mcc=450 mnc=5 ci=32247831 pci=197 tac=9552 rssi=-55 rsrp=-80 rsrq=-6 rssnr=300 cqi=NA</cellinfo>
      </extensions>
    </trkpt>
    <trkpt lat="33.361453" lon="126.523390">
      <ele>1718.019798</ele>
      <time>2019-06-06T12:23:21Z</time>
      <extensions>
        <dbm>-77</dbm>
        <cellinfo>mcc=450 mnc=5 ci=32247831 pci=197 tac=9552 rssi=-54 rsrp=-77 rsrq=-7 rssnr=300 cqi=NA</cellinfo>
      </extensions>
    </trkpt>
    <trkpt lat="33.361551" lon="126.523385">
      <ele>1718.947909</ele>
      <time>2019-06-06T12:23:37Z</time>
      <extensions>
        <dbm>-75</dbm>
        <cellinfo>mcc=450 mnc=5 ci=32247831 pci=197 tac=9552 rssi=-53 rsrp=-75 rsrq=-5 rssnr=300 cqi=NA</cellinfo>
      </extensions>
    </trkpt>
    <trkpt lat="33.361646" lon="126.523387">
      <ele>1719.799050</ele>
      <time>2019-06-06T12:23:50Z</time>
      <extensions>
        <dbm>-80</dbm>
        <cellinfo>mcc=450 mnc=5 ci=32247831 pci=197 tac=9552 rssi=-55 rsrp=-80 rsrq=-6 rssnr=300 cqi=NA</cellinfo>
      </extensions>
    </trkpt>
    <trkpt lat="33.361937" lon="126.523193">
      <ele>1726.284703</ele>
      <time>2019-06-06T12:24:02Z</time>
      <extensions>
        <dbm>-81</dbm>
        <cellinfo>mcc=450 mnc=5 ci=32247831 pci=197 tac=9552 rssi=-55 rsrp=-81 rsrq=-5 rssnr=300 cqi=NA</cellinfo>
      </extensions>
    </trkpt>
    <trkpt lat="33.362209" lon="126.522967">
      <ele>1727.105225</ele>
      <time>2019-06-06T12:27:23Z</time>
      <extensions>
        <dbm>-89</dbm>
        <cellinfo>mcc=450 mnc=5 ci=32247831 pci=197 tac=9552 rssi=-58 rsrp=-89 rsrq=-8 rssnr=122 cqi=NA</cellinfo>
      </extensions>
    </trkpt>
    <trkpt lat="33.362436" lon="126.522687">
      <ele>1728.463175</ele>
      <time>2019-06-06T12:27:28Z</time>
      <extensions>
        <dbm>-80</dbm>
        <cellinfo>mcc=450 mnc=5 ci=32247555 pci=60 tac=9552 rssi=-55 rsrp=-80 rsrq=-6 rssnr=122 cqi=NA</cellinfo>
      </extensions>
    </trkpt>
    <trkpt lat="33.362432" lon="126.522630">
      <ele>1728.837751</ele>
      <time>2019-06-06T12:28:49Z</time>
      <extensions>
        <dbm>-90</dbm>
        <cellinfo>mcc=450 mnc=5 ci=32247555 pci=60 tac=9552 rssi=-57 rsrp=-90 rsrq=-6 rssnr=144 cqi=NA</cellinfo>
      </extensions>
    </trkpt>
    <trkpt lat="33.362408" lon="126.522643">
      <ele>1728.463175</ele>
      <time>2019-06-06T12:29:00Z</time>
      <extensions>
        <dbm>-91</dbm>
        <cellinfo>mcc=450 mnc=5 ci=32247555 pci=60 tac=9552 rssi=-57 rsrp=-91 rsrq=-6 rssnr=138 cqi=NA</cellinfo>
      </extensions>
    </trkpt>
    <trkpt lat="33.362379" lon="126.522723">
      <ele>1728.259556</ele>
      <time>2019-06-06T12:29:11Z</time>
      <extensions>
        <dbm>-79</dbm>
        <cellinfo>mcc=450 mnc=5 ci=32247559 pci=60 tac=9552 rssi=-54 rsrp=-79 rsrq=-7 rssnr=130 cqi=NA</cellinfo>
      </extensions>
    </trkpt>
    <trkpt lat="33.362344" lon="126.522799">
      <ele>1727.903931</ele>
      <time>2019-06-06T12:29:25Z</time>
      <extensions>
        <dbm>-103</dbm>
        <cellinfo>mcc=450 mnc=5 ci=32247831 pci=197 tac=9552 rssi=-61 rsrp=-103 rsrq=-8 rssnr=120 cqi=NA</cellinfo>
      </extensions>
    </trkpt>
    <trkpt lat="33.362340" lon="126.522858">
      <ele>1727.575806</ele>
      <time>2019-06-06T12:29:57Z</time>
      <extensions>
        <dbm>-101</dbm>
        <cellinfo>mcc=450 mnc=5 ci=32247559 pci=60 tac=9552 rssi=-60 rsrp=-101 rsrq=-8 rssnr=58 cqi=NA</cellinfo>
      </extensions>
    </trkpt>
    <trkpt lat="33.362403" lon="126.522626">
      <ele>1725.497280</ele>
      <time>2019-06-06T12:30:05Z</time>
      <extensions>
        <dbm>-101</dbm>
        <cellinfo>mcc=450 mnc=5 ci=32247559 pci=60 tac=9552 rssi=-60 rsrp=-101 rsrq=-9 rssnr=58 cqi=NA</cellinfo>
      </extensions>
    </trkpt>
    <trkpt lat="33.362449" lon="126.522266">
      <ele>1722.188511</ele>
      <time>2019-06-06T12:30:10Z</time>
      <extensions>
        <dbm>-100</dbm>
        <cellinfo>mcc=450 mnc=5 ci=32247559 pci=60 tac=9552 rssi=-60 rsrp=-100 rsrq=-10 rssnr=58 cqi=NA</cellinfo>
      </extensions>
    </trkpt>
    <trkpt lat="33.362456" lon="126.521868">
      <ele>1720.749715</ele>
      <time>2019-06-06T12:30:11Z</time>
      <extensions>
        <dbm>-100</dbm>
        <cellinfo>mcc=450 mnc=5 ci=32247835 pci=197 tac=9552 rssi=-60 rsrp=-100 rsrq=-6 rssnr=4 cqi=NA</cellinfo>
      </extensions>
    </trkpt>
    <trkpt lat="33.362396" lon="126.521737">
      <ele>1719.717111</ele>
      <time>2019-06-06T12:30:20Z</time>
      <extensions>
        <dbm>-95</dbm>
        <cellinfo>mcc=450 mnc=5 ci=32247835 pci=197 tac=9552 rssi=-58 rsrp=-95 rsrq=-6 rssnr=52 cqi=NA</cellinfo>
      </extensions>
    </trkpt>
    <trkpt lat="33.362337" lon="126.521678">
      <ele>1719.129303</ele>
      <time>2019-06-06T12:30:39Z</time>
      <extensions>
        <dbm>-100</dbm>
        <cellinfo>mcc=450 mnc=5 ci=32247831 pci=197 tac=9552 rssi=-60 rsrp=-100 rsrq=-6 rssnr=188 cqi=NA</cellinfo>
      </extensions>
    </trkpt>
    <trkpt lat="33.362295" lon="126.521602">
      <ele>1717.774139</ele>
      <time>2019-06-06T12:30:59Z</time>
      <extensions>
        <dbm>-104</dbm>
        <cellinfo>mcc=450 mnc=5 ci=32247831 pci=197 tac=9552 rssi=-61 rsrp=-104 rsrq=-6 rssnr=188 cqi=NA</cellinfo>
      </extensions>
    </trkpt>
    <trkpt lat="33.362271" lon="126.521505">
      <ele>1718.052083</ele>
      <time>2019-06-06T12:31:11Z</time>
      <extensions>
        <dbm>-105</dbm>
        <cellinfo>mcc=450 mnc=5 ci=32247831 pci=197 tac=9552 rssi=-60 rsrp=-105 rsrq=-6 rssnr=188 cqi=NA</cellinfo>
      </extensions>
    </trkpt>
    <trkpt lat="33.362261" lon="126.521397">
      <ele>1718.496521</ele>
      <time>2019-06-06T12:31:55Z</time>
      <extensions>
        <dbm>-103</dbm>
        <cellinfo>mcc=450 mnc=5 ci=32247831 pci=197 tac=9552 rssi=-61 rsrp=-103 rsrq=-7 rssnr=202 cqi=NA</cellinfo>
      </extensions>
    </trkpt>
    <trkpt lat="33.362247" lon="126.521288">
      <ele>1718.879829</ele>
      <time>2019-06-06T12:32:08Z</time>
      <extensions>
        <dbm>-106</dbm>
        <cellinfo>mcc=450 mnc=5 ci=32247831 pci=197 tac=9552 rssi=-62 rsrp=-106 rsrq=-9 rssnr=130 cqi=NA</cellinfo>
      </extensions>
    </trkpt>
    <trkpt lat="33.362246" lon="126.521180">
      <ele>1718.072418</ele>
      <time>2019-06-06T12:32:21Z</time>
      <extensions>
        <dbm>-90</dbm>
        <cellinfo>mcc=450 mnc=5 ci=32247559 pci=60 tac=9552 rssi=-57 rsrp=-90 rsrq=-7 rssnr=218 cqi=NA</cellinfo>
      </extensions>
    </trkpt>
    <trkpt lat="33.362271" lon="126.521076">
      <ele>1717.804596</ele>
      <time>2019-06-06T12:32:32Z</time>
      <extensions>
        <dbm>-98</dbm>
        <cellinfo>mcc=450 mnc=5 ci=32247555 pci=60 tac=9552 rssi=-59 rsrp=-98 rsrq=-5 rssnr=120 cqi=NA</cellinfo>
      </extensions>
    </trkpt>
    <trkpt lat="33.362293" lon="126.520974">
      <ele>1716.626600</ele>
      <time>2019-06-06T12:32:48Z</time>
      <extensions>
        <dbm>-98</dbm>
        <cellinfo>mcc=450 mnc=5 ci=32247555 pci=60 tac=9552 rssi=-59 rsrp=-98 rsrq=-6 rssnr=222 cqi=NA</cellinfo>
      </extensions>
    </trkpt>
    <trkpt lat="33.362304" lon="126.520871">
      <ele>1717.508491</ele>
      <time>2019-06-06T12:33:01Z</time>
      <extensions>
        <dbm>-100</dbm>
        <cellinfo>mcc=450 mnc=5 ci=32247555 pci=60 tac=9552 rssi=-60 rsrp=-100 rsrq=-6 rssnr=156 cqi=NA</cellinfo>
      </extensions>
    </trkpt>
    <trkpt lat="33.362290" lon="126.520761">
      <ele>1718.591797</ele>
      <time>2019-06-06T12:33:12Z</time>
      <extensions>
        <dbm>-95</dbm>
        <cellinfo>mcc=450 mnc=5 ci=32247555 pci=60 tac=9552 rssi=-58 rsrp=-95 rsrq=-5 rssnr=192 cqi=NA</cellinfo>
      </extensions>
    </trkpt>
    <trkpt lat="33.362271" lon="126.520650">
      <ele>1719.285156</ele>
      <time>2019-06-06T12:33:22Z</time>
      <extensions>
        <dbm>-86</dbm>
        <cellinfo>mcc=450 mnc=5 ci=32247559 pci=60 tac=9552 rssi=-56 rsrp=-86 rsrq=-6 rssnr=212 cqi=NA</cellinfo>
      </extensions>
    </trkpt>
    <trkpt lat="33.362249" lon="126.520539">
      <ele>1719.206163</ele>
      <time>2019-06-06T12:33:36Z</time>
      <extensions>
        <dbm>-82</dbm>
        <cellinfo>mcc=450 mnc=5 ci=32247555 pci=60 tac=9552 rssi=-55 rsrp=-82 rsrq=-4 rssnr=278 cqi=NA</cellinfo>
      </extensions>
    </trkpt>
    <trkpt lat="33.362247" lon="126.520427">
      <ele>1719.128320</ele>
      <time>2019-06-06T12:33:50Z</time>
      <extensions>
        <dbm>-81</dbm>
        <cellinfo>mcc=450 mnc=5 ci=32247559 pci=60 tac=9552 rssi=-55 rsrp=-81 rsrq=-6 rssnr=258 cqi=NA</cellinfo>
      </extensions>
    </trkpt>
    <trkpt lat="33.362259" lon="126.520318">
      <ele>1719.400342</ele>
      <time>2019-06-06T12:34:07Z</time>
      <extensions>
        <dbm>-79</dbm>
        <cellinfo>mcc=450 mnc=5 ci=32247559 pci=60 tac=9552 rssi=-54 rsrp=-79 rsrq=-6 rssnr=258 cqi=NA</cellinfo>
      </extensions>
    </trkpt>
    <trkpt lat="33.362286" lon="126.520210">
      <ele>1719.109730</ele>
      <time>2019-06-06T12:34:18Z</time>
      <extensions>
        <dbm>-77</dbm>
        <cellinfo>mcc=450 mnc=5 ci=32247559 pci=60 tac=9552 rssi=-53 rsrp=-77 rsrq=-6 rssnr=258 cqi=NA</cellinfo>
      </extensions>
    </trkpt>
    <trkpt lat="33.362306" lon="126.520100">
      <ele>1718.952393</ele>
      <time>2019-06-06T12:34:31Z</time>
      <extensions>
        <dbm>-85</dbm>
        <cellinfo>mcc=450 mnc=5 ci=32247555 pci=60 tac=9552 rssi=-56 rsrp=-85 rsrq=-5 rssnr=258 cqi=NA</cellinfo>
      </extensions>
    </trkpt>
    <trkpt lat="33.362307" lon="126.519993">
      <ele>1718.649858</ele>
      <time>2019-06-06T12:34:47Z</time>
      <extensions>
        <dbm>-87</dbm>
        <cellinfo>mcc=450 mnc=5 ci=32247555 pci=60 tac=9552 rssi=-57 rsrp=-87 rsrq=-6 rssnr=258 cqi=NA</cellinfo>
      </extensions>
    </trkpt>
    <trkpt lat="33.362289" lon="126.519883">
      <ele>1718.165039</ele>
      <time>2019-06-06T12:35:00Z</time>
      <extensions>
        <dbm>-85</dbm>
        <cellinfo>mcc=450 mnc=5 ci=32247555 pci=60 tac=9552 rssi=-55 rsrp=-85 rsrq=-6 rssnr=258 cqi=NA</cellinfo>
      </extensions>
    </trkpt>
    <trkpt lat="33.362257" lon="126.519778">
      <ele>1718.165039</ele>
      <time>2019-06-06T12:35:15Z</time>
      <extensions>
        <dbm>-84</dbm>
        <cellinfo>mcc=450 mnc=5 ci=32247555 pci=60 tac=9552 rssi=-56 rsrp=-84 rsrq=-5 rssnr=258 cqi=NA</cellinfo>
      </extensions>
    </trkpt>
    <trkpt lat="33.362237" lon="126.519669">
      <ele>1718.165039</ele>
      <time>2019-06-06T12:35:28Z</time>
      <extensions>
        <dbm>-72</dbm>
        <cellinfo>mcc=450 mnc=5 ci=32247555 pci=60 tac=9552 rssi=-51 rsrp=-72 rsrq=-5 rssnr=258 cqi=NA</cellinfo>
      </extensions>
    </trkpt>
    <trkpt lat="33.362231" lon="126.519559">
      <ele>1718.165039</ele>
      <time>2019-06-06T12:35:39Z</time>
      <extensions>
        <dbm>-72</dbm>
        <cellinfo>mcc=450 mnc=5 ci=32247555 pci=60 tac=9552 rssi=-51 rsrp=-72 rsrq=-6 rssnr=258 cqi=NA</cellinfo>
      </extensions>
    </trkpt>
    <trkpt lat="33.362241" lon="126.519449">
      <ele>1718.141535</ele>
      <time>2019-06-06T12:35:52Z</time>
      <extensions>
        <dbm>-62</dbm>
        <cellinfo>mcc=450 mnc=5 ci=32247555 pci=60 tac=9552 rssi=-46 rsrp=-62 rsrq=-4 rssnr=300 cqi=NA</cellinfo>
      </extensions>
    </trkpt>
    <trkpt lat="33.362255" lon="126.519335">
      <ele>1717.667281</ele>
      <time>2019-06-06T12:36:07Z</time>
      <extensions>
        <dbm>-72</dbm>
        <cellinfo>mcc=450 mnc=5 ci=32247555 pci=60 tac=9552 rssi=-51 rsrp=-72 rsrq=-7 rssnr=300 cqi=NA</cellinfo>
      </extensions>
    </trkpt>
    <trkpt lat="33.362276" lon="126.519224">
      <ele>1716.745044</ele>
      <time>2019-06-06T12:36:18Z</time>
      <extensions>
        <dbm>-70</dbm>
        <cellinfo>mcc=450 mnc=5 ci=32247555 pci=60 tac=9552 rssi=-50 rsrp=-70 rsrq=-4 rssnr=300 cqi=NA</cellinfo>
      </extensions>
    </trkpt>
    <trkpt lat="33.362293" lon="126.519111">
      <ele>1716.097095</ele>
      <time>2019-06-06T12:36:28Z</time>
      <extensions>
        <dbm>-73</dbm>
        <cellinfo>mcc=450 mnc=5 ci=32247555 pci=60 tac=9552 rssi=-52 rsrp=-73 rsrq=-5 rssnr=300 cqi=NA</cellinfo>
      </extensions>
    </trkpt>
    <trkpt lat="33.362305" lon="126.519002">
      <ele>1715.333276</ele>
      <time>2019-06-06T12:36:47Z</time>
      <extensions>
        <dbm>-53</dbm>
        <cellinfo>mcc=450 mnc=5 ci=32247555 pci=60 tac=9552 rssi=-42 rsrp=-53 rsrq=-6 rssnr=300 cqi=NA</cellinfo>
      </extensions>
    </trkpt>
    <trkpt lat="33.362319" lon="126.518892">
      <ele>1714.362402</ele>
      <time>2019-06-06T12:37:09Z</time>
      <extensions>
        <dbm>-61</dbm>
        <cellinfo>mcc=450 mnc=5 ci=32247555 pci=60 tac=9552 rssi=-46 rsrp=-61 rsrq=-5 rssnr=300 cqi=NA</cellinfo>
      </extensions>
    </trkpt>
    <trkpt lat="33.362340" lon="126.518782">
      <ele>1713.253442</ele>
      <time>2019-06-06T12:37:21Z</time>
      <extensions>
        <dbm>-60</dbm>
        <cellinfo>mcc=450 mnc=5 ci=32247555 pci=60 tac=9552 rssi=-45 rsrp=-60 rsrq=-5 rssnr=300 cqi=NA</cellinfo>
      </extensions>
    </trkpt>
    <trkpt lat="33.362354" lon="126.518667">
      <ele>1712.050000</ele>
      <time>2019-06-06T12:37:36Z</time>
      <extensions>
        <dbm>-67</dbm>
        <cellinfo>mcc=450 mnc=5 ci=32247555 pci=60 tac=9552 rssi=-49 rsrp=-67 rsrq=-6 rssnr=300 cqi=NA</cellinfo>
      </extensions>
    </trkpt>
    <trkpt lat="33.362342" lon="126.518558">
      <ele>1710.909814</ele>
      <time>2019-06-06T12:37:47Z</time>
      <extensions>
        <dbm>-62</dbm>
        <cellinfo>mcc=450 mnc=5 ci=32247555 pci=60 tac=9552 rssi=-46 rsrp=-62 rsrq=-4 rssnr=300 cqi=NA</cellinfo>
      </extensions>
    </trkpt>
    <trkpt lat="33.362316" lon="126.518448">
      <ele>1709.539478</ele>
      <time>2019-06-06T12:37:56Z</time>
      <extensions>
        <dbm>-57</dbm>
        <cellinfo>mcc=450 mnc=5 ci=32247555 pci=60 tac=9552 rssi=-44 rsrp=-57 rsrq=-5 rssnr=300 cqi=NA</cellinfo>
      </extensions>
    </trkpt>
    <trkpt lat="33.362284" lon="126.518345">
      <ele>1708.202710</ele>
      <time>2019-06-06T12:38:05Z</time>
      <extensions>
        <dbm>-53</dbm>
        <cellinfo>mcc=450 mnc=5 ci=32247555 pci=60 tac=9552 rssi=-42 rsrp=-53 rsrq=-3 rssnr=300 cqi=NA</cellinfo>
      </extensions>
    </trkpt>
    <trkpt lat="33.362256" lon="126.518237">
      <ele>1706.827734</ele>
      <time>2019-06-06T12:38:15Z</time>
      <extensions>
        <dbm>-60</dbm>
        <cellinfo>mcc=450 mnc=5 ci=32247555 pci=60 tac=9552 rssi=-45 rsrp=-60 rsrq=-5 rssnr=300 cqi=NA</cellinfo>
      </extensions>
    </trkpt>
    <trkpt lat="33.362214" lon="126.518134">
      <ele>1705.446362</ele>
      <time>2019-06-06T12:38:27Z</time>
      <extensions>
        <dbm>-65</dbm>
        <cellinfo>mcc=450 mnc=5 ci=32247555 pci=60 tac=9552 rssi=-48 rsrp=-65 rsrq=-5 rssnr=300 cqi=NA</cellinfo>
      </extensions>
    </trkpt>
    <trkpt lat="33.362171" lon="126.518025">
      <ele>1703.883618</ele>
      <time>2019-06-06T12:38:35Z</time>
      <extensions>
        <dbm>-59</dbm>
        <cellinfo>mcc=450 mnc=5 ci=32247555 pci=60 tac=9552 rssi=-45 rsrp=-59 rsrq=-6 rssnr=300 cqi=NA</cellinfo>
      </extensions>
    </trkpt>
    <trkpt lat="33.362131" lon="126.517918">
      <ele>1702.279517</ele>
      <time>2019-06-06T12:38:45Z</time>
      <extensions>
        <dbm>-60</dbm>
        <cellinfo>mcc=450 mnc=5 ci=32247555 pci=60 tac=9552 rssi=-45 rsrp=-60 rsrq=-5 rssnr=300 cqi=NA</cellinfo>
      </extensions>
    </trkpt>
    <trkpt lat="33.362128" lon="126.517873">
      <ele>1700.769629</ele>
      <time>2019-06-06T12:38:55Z</time>
      <extensions>
        <dbm>-58</dbm>
        <cellinfo>mcc=450 mnc=5 ci=32247555 pci=60 tac=9552 rssi=-44 rsrp=-58 rsrq=-5 rssnr=300 cqi=NA</cellinfo>
      </extensions>
    </trkpt>
    <trkpt lat="33.362140" lon="126.517827">
      <ele>1700.120872</ele>
      <time>2019-06-06T12:39:57Z</time>
      <extensions>
        <dbm>-56</dbm>
        <cellinfo>mcc=450 mnc=5 ci=32247555 pci=60 tac=9552 rssi=-43 rsrp=-56 rsrq=-5 rssnr=300 cqi=NA</cellinfo>
      </extensions>
    </trkpt>
    <trkpt lat="33.362164" lon="126.517780">
      <ele>1699.556986</ele>
      <time>2019-06-06T12:40:19Z</time>
      <extensions>
        <dbm>-52</dbm>
        <cellinfo>mcc=450 mnc=5 ci=32247555 pci=60 tac=9552 rssi=-41 rsrp=-52 rsrq=-6 rssnr=300 cqi=NA</cellinfo>
      </extensions>
    </trkpt>
    <trkpt lat="33.362143" lon="126.517680">
      <ele>1698.389038</ele>
      <time>2019-06-06T12:40:30Z</time>
      <extensions>
        <dbm>-62</dbm>
        <cellinfo>mcc=450 mnc=5 ci=32247555 pci=60 tac=9552 rssi=-46 rsrp=-62 rsrq=-6 rssnr=300 cqi=NA</cellinfo>
      </extensions>
    </trkpt>
    <trkpt lat="33.362091" lon="126.517600">
      <ele>1697.303121</ele>
      <time>2019-06-06T12:40:43Z</time>
      <extensions>
        <dbm>-56</dbm>
        <cellinfo>mcc=450 mnc=5 ci=32247555 pci=60 tac=9552 rssi=-43 rsrp=-56 rsrq=-6 rssnr=300 cqi=NA</cellinfo>
      </extensions>
    </trkpt>
    <trkpt lat="33.362006" lon="126.517538">
      <ele>1696.280863</ele>
      <time>2019-06-06T12:40:56Z</time>
      <extensions>
        <dbm>-58</dbm>
        <cellinfo>mcc=450 mnc=5 ci=32247555 pci=60 tac=9552 rssi=-44 rsrp=-58 rsrq=-5 rssnr=300 cqi=NA</cellinfo>
      </extensions>
    </trkpt>
    <trkpt lat="33.361944" lon="126.517462">
      <ele>1695.456116</ele>
      <time>2019-06-06T12:41:06Z</time>
      <extensions>
        <dbm>-64</dbm>
        <cellinfo>mcc=450 mnc=5 ci=32247555 pci=60 tac=9552 rssi=-47 rsrp=-64 rsrq=-5 rssnr=300 cqi=NA</cellinfo>
      </extensions>
    </trkpt>
    <trkpt lat="33.361958" lon="126.517410">
      <ele>1694.636434</ele>
      <time>2019-06-06T12:41:15Z</time>
      <extensions>
        <dbm>-54</dbm>
        <cellinfo>mcc=450 mnc=5 ci=32247555 pci=60 tac=9552 rssi=-42 rsrp=-54 rsrq=-6 rssnr=300 cqi=NA</cellinfo>
      </extensions>
    </trkpt>
    <trkpt lat="33.361971" lon="126.517382">
      <ele>1693.915141</ele>
      <time>2019-06-06T12:42:12Z</time>
      <extensions>
        <dbm>-58</dbm>
        <cellinfo>mcc=450 mnc=5 ci=32247555 pci=60 tac=9552 rssi=-44 rsrp=-58 rsrq=-5 rssnr=300 cqi=NA</cellinfo>
      </extensions>
    </trkpt>
    <trkpt lat="33.362005" lon="126.517422">
      <ele>1693.915141</ele>
      <time>2019-06-06T12:42:15Z</time>
      <extensions>
        <dbm>-56</dbm>
        <cellinfo>mcc=450 mnc=5 ci=32247555 pci=60 tac=9552 rssi=-43 rsrp=-56 rsrq=-5 rssnr=300 cqi=NA</cellinfo>
      </extensions>
    </trkpt>
    <trkpt lat="33.361986" lon="126.517461">
      <ele>1693.915141</ele>
      <time>2019-06-06T12:42:44Z</time>
      <extensions>
        <dbm>-58</dbm>
        <cellinfo>mcc=450 mnc=5 ci=32247555 pci=60 tac=9552 rssi=-44 rsrp=-58 rsrq=-5 rssnr=300 cqi=NA</cellinfo>
      </extensions>
    </trkpt>
    <trkpt lat="33.361993" lon="126.517500">
      <ele>1686.309814</ele>
      <time>2019-06-06T12:45:30Z</time>
      <extensions>
        <pause>start</pause>
        <type>unknown</type>
        <dbm>-58</dbm>
        <cellinfo>mcc=450 mnc=5 ci=32247555 pci=60 tac=9552 rssi=-44 rsrp=-58 rsrq=-5 rssnr=300 cqi=NA</cellinfo>
      </extensions>
    </trkpt>
    <trkpt lat="33.362065" lon="126.517802">
      <ele>1695.035889</ele>
      <time>2019-06-06T12:54:30Z</time>
      <extensions>
        <pause>end</pause>
        <type>auto</type>
        <dbm>-72</dbm>
        <cellinfo>mcc=450 mnc=5 ci=32247555 pci=60 tac=9552 rssi=-51 rsrp=-72 rsrq=-5 rssnr=300 cqi=NA</cellinfo>
      </extensions>
    </trkpt>
    <trkpt lat="33.362119" lon="126.517869">
      <ele>1691.789908</ele>
      <time>2019-06-06T12:55:56Z</time>
      <extensions>
        <dbm>-69</dbm>
        <cellinfo>mcc=450 mnc=5 ci=32247555 pci=60 tac=9552 rssi=-50 rsrp=-69 rsrq=-5 rssnr=300 cqi=NA</cellinfo>
      </extensions>
    </trkpt>
    <trkpt lat="33.362191" lon="126.517935">
      <ele>1691.453332</ele>
      <time>2019-06-06T12:56:07Z</time>
      <extensions>
        <dbm>-77</dbm>
        <cellinfo>mcc=450 mnc=5 ci=32247555 pci=60 tac=9552 rssi=-54 rsrp=-77 rsrq=-5 rssnr=300 cqi=NA</cellinfo>
      </extensions>
    </trkpt>
    <trkpt lat="33.362275" lon="126.518013">
      <ele>1691.022104</ele>
      <time>2019-06-06T12:56:18Z</time>
      <extensions>
        <dbm>-82</dbm>
        <cellinfo>mcc=450 mnc=5 ci=32247555 pci=60 tac=9552 rssi=-55 rsrp=-82 rsrq=-5 rssnr=300 cqi=NA</cellinfo>
      </extensions>
    </trkpt>
    <trkpt lat="33.362344" lon="126.518100">
      <ele>1690.611704</ele>
      <time>2019-06-06T12:56:29Z</time>
      <extensions>
        <dbm>-74</dbm>
        <cellinfo>mcc=450 mnc=5 ci=32247555 pci=60 tac=9552 rssi=-52 rsrp=-74 rsrq=-5 rssnr=300 cqi=NA</cellinfo>
      </extensions>
    </trkpt>
    <trkpt lat="33.362408" lon="126.518188">
      <ele>1690.202167</ele>
      <time>2019-06-06T12:56:37Z</time>
      <extensions>
        <dbm>-62</dbm>
        <cellinfo>mcc=450 mnc=5 ci=32247555 pci=60 tac=9552 rssi=-46 rsrp=-62 rsrq=-4 rssnr=300 cqi=NA</cellinfo>
      </extensions>
    </trkpt>
    <trkpt lat="33.361894" lon="126.517773">
      <ele>1692.603027</ele>
      <time>2019-06-06T12:56:48Z</time>
      <extensions>
        <dbm>-61</dbm>
        <cellinfo>mcc=450 mnc=5 ci=32247555 pci=60 tac=9552 rssi=-46 rsrp=-61 rsrq=-5 rssnr=300 cqi=NA</cellinfo>
      </extensions>
    </trkpt>
    <trkpt lat="33.361352" lon="126.517292">
      <ele>1689.667969</ele>
      <time>2019-06-06T12:56:54Z</time>
      <extensions>
        <dbm>-66</dbm>
        <cellinfo>mcc=450 mnc=5 ci=32247555 pci=60 tac=9552 rssi=-48 rsrp=-66 rsrq=-5 rssnr=274 cqi=NA</cellinfo>
      </extensions>
    </trkpt>
    <trkpt lat="33.360764" lon="126.516762">
      <ele>1689.612793</ele>
      <time>2019-06-06T12:57:03Z</time>
      <extensions>
        <dbm>-66</dbm>
        <cellinfo>mcc=450 mnc=5 ci=32247555 pci=60 tac=9552 rssi=-48 rsrp=-66 rsrq=-5 rssnr=278 cqi=NA</cellinfo>
      </extensions>
    </trkpt>
    <trkpt lat="33.360710" lon="126.516672">
      <ele>1689.626099</ele>
      <time>2019-06-06T12:57:13Z</time>
      <extensions>
        <dbm>-63</dbm>
        <cellinfo>mcc=450 mnc=5 ci=32247555 pci=60 tac=9552 rssi=-47 rsrp=-63 rsrq=-5 rssnr=300 cqi=NA</cellinfo>
      </extensions>
    </trkpt>
    <trkpt lat="33.360650" lon="126.516587">
      <ele>1689.549512</ele>
      <time>2019-06-06T12:57:23Z</time>
      <extensions>
        <dbm>-64</dbm>
        <cellinfo>mcc=450 mnc=5 ci=32247555 pci=60 tac=9552 rssi=-47 rsrp=-64 rsrq=-5 rssnr=300 cqi=NA</cellinfo>
      </extensions>
    </trkpt>
    <trkpt lat="33.360587" lon="126.516501">
      <ele>1689.392822</ele>
      <time>2019-06-06T12:57:32Z</time>
      <extensions>
        <dbm>-62</dbm>
        <cellinfo>mcc=450 mnc=5 ci=32247555 pci=60 tac=9552 rssi=-46 rsrp=-62 rsrq=-5 rssnr=300 cqi=NA</cellinfo>
      </extensions>
    </trkpt>
    <trkpt lat="33.360519" lon="126.516415">
      <ele>1689.392822</ele>
      <time>2019-06-06T12:57:42Z</time>
      <extensions>
        <dbm>-59</dbm>
        <cellinfo>mcc=450 mnc=5 ci=32247555 pci=60 tac=9552 rssi=-45 rsrp=-59 rsrq=-5 rssnr=300 cqi=NA</cellinfo>
      </extensions>
    </trkpt>
    <trkpt lat="33.360447" lon="126.516338">
      <ele>1689.637109</ele>
      <time>2019-06-06T12:57:52Z</time>
      <extensions>
        <dbm>-60</dbm>
        <cellinfo>mcc=450 mnc=5 ci=32247555 pci=60 tac=9552 rssi=-45 rsrp=-60 rsrq=-3 rssnr=300 cqi=NA</cellinfo>
      </extensions>
    </trkpt>
    <trkpt lat="33.360374" lon="126.516258">
      <ele>1689.917074</ele>
      <time>2019-06-06T12:58:01Z</time>
      <extensions>
        <dbm>-76</dbm>
        <cellinfo>mcc=450 mnc=5 ci=32247555 pci=60 tac=9552 rssi=-53 rsrp=-76 rsrq=-6 rssnr=300 cqi=NA</cellinfo>
      </extensions>
    </trkpt>
    <trkpt lat="33.360296" lon="126.516187">
      <ele>1690.156843</ele>
      <time>2019-06-06T12:58:12Z</time>
      <extensions>
        <dbm>-75</dbm>
        <cellinfo>mcc=450 mnc=5 ci=32247555 pci=60 tac=9552 rssi=-53 rsrp=-75 rsrq=-5 rssnr=300 cqi=NA</cellinfo>
      </extensions>
    </trkpt>
    <trkpt lat="33.360221" lon="126.516112">
      <ele>1690.323039</ele>
      <time>2019-06-06T12:58:21Z</time>
      <extensions>
        <dbm>-81</dbm>
        <cellinfo>mcc=450 mnc=5 ci=32247555 pci=60 tac=9552 rssi=-55 rsrp=-81 rsrq=-4 rssnr=300 cqi=NA</cellinfo>
      </extensions>
    </trkpt>
    <trkpt lat="33.360147" lon="126.516043">
      <ele>1690.304443</ele>
      <time>2019-06-06T12:58:30Z</time>
      <extensions>
        <dbm>-73</dbm>
        <cellinfo>mcc=450 mnc=5 ci=32247555 pci=60 tac=9552 rssi=-52 rsrp=-73 rsrq=-5 rssnr=300 cqi=NA</cellinfo>
      </extensions>
    </trkpt>
    <trkpt lat="33.360077" lon="126.515970">
      <ele>1690.256195</ele>
      <time>2019-06-06T12:58:40Z</time>
      <extensions>
        <dbm>-74</dbm>
        <cellinfo>mcc=450 mnc=5 ci=32247555 pci=60 tac=9552 rssi=-52 rsrp=-74 rsrq=-4 rssnr=300 cqi=NA</cellinfo>
      </extensions>
    </trkpt>
    <trkpt lat="33.360010" lon="126.515894">
      <ele>1690.339935</ele>
      <time>2019-06-06T12:58:53Z</time>
      <extensions>
        <dbm>-75</dbm>
        <cellinfo>mcc=450 mnc=5 ci=32247555 pci=60 tac=9552 rssi=-53 rsrp=-75 rsrq=-4 rssnr=300 cqi=NA</cellinfo>
      </extensions>
    </trkpt>
    <trkpt lat="33.359942" lon="126.515819">
      <ele>1690.469021</ele>
      <time>2019-06-06T12:59:02Z</time>
      <extensions>
        <dbm>-75</dbm>
        <cellinfo>mcc=450 mnc=5 ci=32247555 pci=60 tac=9552 rssi=-53 rsrp=-75 rsrq=-6 rssnr=300 cqi=NA</cellinfo>
      </extensions>
    </trkpt>
    <trkpt lat="33.359874" lon="126.515742">
      <ele>1690.487640</ele>
      <time>2019-06-06T12:59:11Z</time>
      <extensions>
        <dbm>-77</dbm>
        <cellinfo>mcc=450 mnc=5 ci=32247555 pci=60 tac=9552 rssi=-53 rsrp=-77 rsrq=-5 rssnr=300 cqi=NA</cellinfo>
      </extensions>
    </trkpt>
    <trkpt lat="33.359799" lon="126.515671">
      <ele>1690.378174</ele>
      <time>2019-06-06T12:59:21Z</time>
      <extensions>
        <dbm>-78</dbm>
        <cellinfo>mcc=450 mnc=5 ci=32247555 pci=60 tac=9552 rssi=-54 rsrp=-78 rsrq=-6 rssnr=300 cqi=NA</cellinfo>
      </extensions>
    </trkpt>
    <trkpt lat="33.359720" lon="126.515602">
      <ele>1690.267969</ele>
      <time>2019-06-06T12:59:31Z</time>
      <extensions>
        <dbm>-81</dbm>
        <cellinfo>mcc=450 mnc=5 ci=32247555 pci=60 tac=9552 rssi=-55 rsrp=-81 rsrq=-4 rssnr=300 cqi=NA</cellinfo>
      </extensions>
    </trkpt>
    <trkpt lat="33.359649" lon="126.515530">
      <ele>1690.174805</ele>
      <time>2019-06-06T12:59:40Z</time>
      <extensions>
        <dbm>-85</dbm>
        <cellinfo>mcc=450 mnc=5 ci=32247555 pci=60 tac=9552 rssi=-56 rsrp=-85 rsrq=-6 rssnr=300 cqi=NA</cellinfo>
      </extensions>
    </trkpt>
    <trkpt lat="33.359582" lon="126.515451">
      <ele>1690.042114</ele>
      <time>2019-06-06T12:59:48Z</time>
      <extensions>
        <dbm>-83</dbm>
        <cellinfo>mcc=450 mnc=5 ci=32247555 pci=60 tac=9552 rssi=-55 rsrp=-83 rsrq=-5 rssnr=300 cqi=NA</cellinfo>
      </extensions>
    </trkpt>
    <trkpt lat="33.359524" lon="126.515364">
      <ele>1689.826392</ele>
      <time>2019-06-06T12:59:59Z</time>
      <extensions>
        <dbm>-92</dbm>
        <cellinfo>mcc=450 mnc=5 ci=32247555 pci=60 tac=9552 rssi=-58 rsrp=-92 rsrq=-6 rssnr=300 cqi=NA</cellinfo>
      </extensions>
    </trkpt>
    <trkpt lat="33.359495" lon="126.515293">
      <ele>1689.744518</ele>
      <time>2019-06-06T13:00:10Z</time>
      <extensions>
        <dbm>-98</dbm>
        <cellinfo>mcc=450 mnc=5 ci=32248067 pci=338 tac=9552 rssi=-60 rsrp=-98 rsrq=-6 rssnr=300 cqi=NA</cellinfo>
      </extensions>
    </trkpt>
    <trkpt lat="33.359493" lon="126.515211">
      <ele>1689.482932</ele>
      <time>2019-06-06T13:01:38Z</time>
      <extensions>
        <dbm>-90</dbm>
        <cellinfo>mcc=450 mnc=5 ci=32248071 pci=338 tac=9552 rssi=-59 rsrp=-90 rsrq=-6 rssnr=184 cqi=NA</cellinfo>
      </extensions>
    </trkpt>
    <trkpt lat="33.359516" lon="126.515123">
      <ele>1689.209229</ele>
      <time>2019-06-06T13:01:51Z</time>
      <extensions>
        <dbm>-103</dbm>
        <cellinfo>mcc=450 mnc=5 ci=32248067 pci=338 tac=9552 rssi=-61 rsrp=-103 rsrq=-6 rssnr=248 cqi=NA</cellinfo>
      </extensions>
    </trkpt>
    <trkpt lat="33.359517" lon="126.515010">
      <ele>1688.768754</ele>
      <time>2019-06-06T13:02:03Z</time>
      <extensions>
        <dbm>-97</dbm>
        <cellinfo>mcc=450 mnc=5 ci=32247555 pci=60 tac=9552 rssi=-59 rsrp=-97 rsrq=-6 rssnr=168 cqi=NA</cellinfo>
      </extensions>
    </trkpt>
    <trkpt lat="33.359518" lon="126.514902">
      <ele>1688.249756</ele>
      <time>2019-06-06T13:02:15Z</time>
      <extensions>
        <dbm>-97</dbm>
        <cellinfo>mcc=450 mnc=5 ci=32248071 pci=338 tac=9552 rssi=-59 rsrp=-97 rsrq=-6 rssnr=168 cqi=NA</cellinfo>
      </extensions>
    </trkpt>
    <trkpt lat="33.359499" lon="126.514798">
      <ele>1687.723699</ele>
      <time>2019-06-06T13:02:27Z</time>
      <extensions>
        <dbm>-93</dbm>
        <cellinfo>mcc=450 mnc=5 ci=32248071 pci=338 tac=9552 rssi=-56 rsrp=-93 rsrq=-6 rssnr=168 cqi=NA</cellinfo>
      </extensions>
    </trkpt>
    <trkpt lat="33.359491" lon="126.514690">
      <ele>1687.272039</ele>
      <time>2019-06-06T13:02:37Z</time>
      <extensions>
        <dbm>-83</dbm>
        <cellinfo>mcc=450 mnc=5 ci=32248071 pci=338 tac=9552 rssi=-55 rsrp=-83 rsrq=-6 rssnr=234 cqi=NA</cellinfo>
      </extensions>
    </trkpt>
    <trkpt lat="33.359463" lon="126.514576">
      <ele>1686.778809</ele>
      <time>2019-06-06T13:02:55Z</time>
      <extensions>
        <dbm>-96</dbm>
        <cellinfo>mcc=450 mnc=5 ci=32248067 pci=338 tac=9552 rssi=-59 rsrp=-96 rsrq=-6 rssnr=140 cqi=NA</cellinfo>
      </extensions>
    </trkpt>
    <trkpt lat="33.359446" lon="126.514456">
      <ele>1686.359442</ele>
      <time>2019-06-06T13:03:04Z</time>
      <extensions>
        <dbm>-93</dbm>
        <cellinfo>mcc=450 mnc=5 ci=32248067 pci=338 tac=9552 rssi=-58 rsrp=-93 rsrq=-5 rssnr=140 cqi=NA</cellinfo>
      </extensions>
    </trkpt>
    <trkpt lat="33.359423" lon="126.514333">
      <ele>1685.939941</ele>
      <time>2019-06-06T13:03:12Z</time>
      <extensions>
        <dbm>-99</dbm>
        <cellinfo>mcc=450 mnc=5 ci=32248067 pci=338 tac=9552 rssi=-59 rsrp=-99 rsrq=-5 rssnr=140 cqi=NA</cellinfo>
      </extensions>
    </trkpt>
    <trkpt lat="33.359405" lon="126.514218">
      <ele>1685.724698</ele>
      <time>2019-06-06T13:03:21Z</time>
      <extensions>
        <dbm>-103</dbm>
        <cellinfo>mcc=450 mnc=5 ci=32248067 pci=338 tac=9552 rssi=-61 rsrp=-103 rsrq=-6 rssnr=140 cqi=NA</cellinfo>
      </extensions>
    </trkpt>
    <trkpt lat="33.359378" lon="126.514113">
      <ele>1685.724698</ele>
      <time>2019-06-06T13:03:29Z</time>
      <extensions>
        <dbm>-94</dbm>
        <cellinfo>mcc=450 mnc=5 ci=32248067 pci=338 tac=9552 rssi=-58 rsrp=-94 rsrq=-6 rssnr=140 cqi=NA</cellinfo>
      </extensions>
    </trkpt>
    <trkpt lat="33.359354" lon="126.514023">
      <ele>1685.724698</ele>
      <time>2019-06-06T13:03:50Z</time>
      <extensions>
        <dbm>-81</dbm>
        <cellinfo>mcc=450 mnc=5 ci=32248067 pci=338 tac=9552 rssi=-54 rsrp=-81 rsrq=-5 rssnr=248 cqi=NA</cellinfo>
      </extensions>
    </trkpt>
    <trkpt lat="33.359339" lon="126.513937">
      <ele>1685.724698</ele>
      <time>2019-06-06T13:03:57Z</time>
      <extensions>
        <dbm>-84</dbm>
        <cellinfo>mcc=450 mnc=5 ci=32248067 pci=338 tac=9552 rssi=-56 rsrp=-84 rsrq=-6 rssnr=248 cqi=NA</cellinfo>
      </extensions>
    </trkpt>
    <trkpt lat="33.359333" lon="126.513851">
      <ele>1685.724698</ele>
      <time>2019-06-06T13:04:04Z</time>
      <extensions>
        <dbm>-78</dbm>
        <cellinfo>mcc=450 mnc=5 ci=32248067 pci=338 tac=9552 rssi=-54 rsrp=-78 rsrq=-5 rssnr=248 cqi=NA</cellinfo>
      </extensions>
    </trkpt>
    <trkpt lat="33.359315" lon="126.513816">
      <ele>1686.145793</ele>
      <time>2019-06-06T13:04:11Z</time>
      <extensions>
        <dbm>-79</dbm>
        <cellinfo>mcc=450 mnc=5 ci=32248067 pci=338 tac=9552 rssi=-55 rsrp=-79 rsrq=-5 rssnr=248 cqi=NA</cellinfo>
      </extensions>
    </trkpt>
    <trkpt lat="33.359297" lon="126.513782">
      <ele>1686.954552</ele>
      <time>2019-06-06T13:04:24Z</time>
      <extensions>
        <dbm>-77</dbm>
        <cellinfo>mcc=450 mnc=5 ci=32248067 pci=338 tac=9552 rssi=-54 rsrp=-77 rsrq=-6 rssnr=248 cqi=NA</cellinfo>
      </extensions>
    </trkpt>
    <trkpt lat="33.359282" lon="126.513725">
      <ele>1690.175931</ele>
      <time>2019-06-06T13:04:32Z</time>
      <extensions>
        <dbm>-81</dbm>
        <cellinfo>mcc=450 mnc=5 ci=32248067 pci=338 tac=9552 rssi=-55 rsrp=-81 rsrq=-6 rssnr=248 cqi=NA</cellinfo>
      </extensions>
    </trkpt>
    <trkpt lat="33.359285" lon="126.513674">
      <ele>1698.788255</ele>
      <time>2019-06-06T13:04:45Z</time>
      <extensions>
        <dbm>-78</dbm>
        <cellinfo>mcc=450 mnc=5 ci=32248067 pci=338 tac=9552 rssi=-54 rsrp=-78 rsrq=-5 rssnr=248 cqi=NA</cellinfo>
      </extensions>
    </trkpt>
    <trkpt lat="33.359280" lon="126.513687">
      <ele>1699.242338</ele>
      <time>2019-06-06T13:04:59Z</time>
      <extensions>
        <dbm>-83</dbm>
        <cellinfo>mcc=450 mnc=5 ci=32248067 pci=338 tac=9552 rssi=-56 rsrp=-83 rsrq=-6 rssnr=300 cqi=NA</cellinfo>
      </extensions>
    </trkpt>
    <trkpt lat="33.359259" lon="126.513788">
      <ele>1716.108785</ele>
      <time>2019-06-06T13:05:09Z</time>
      <extensions>
        <dbm>-83</dbm>
        <cellinfo>mcc=450 mnc=5 ci=32248067 pci=338 tac=9552 rssi=-56 rsrp=-83 rsrq=-6 rssnr=300 cqi=NA</cellinfo>
      </extensions>
    </trkpt>
    <trkpt lat="33.359230" lon="126.513898">
      <ele>1748.228455</ele>
      <time>2019-06-06T13:05:19Z</time>
      <extensions>
        <dbm>-86</dbm>
        <cellinfo>mcc=450 mnc=5 ci=32248067 pci=338 tac=9552 rssi=-57 rsrp=-86 rsrq=-5 rssnr=300 cqi=NA</cellinfo>
      </extensions>
    </trkpt>
    <trkpt lat="33.359261" lon="126.513865">
      <ele>1836.208718</ele>
      <time>2019-06-06T13:05:30Z</time>
      <extensions>
        <dbm>-79</dbm>
        <cellinfo>mcc=450 mnc=5 ci=32248067 pci=338 tac=9552 rssi=-55 rsrp=-79 rsrq=-6 rssnr=300 cqi=NA</cellinfo>
      </extensions>
    </trkpt>
    <trkpt lat="33.359383" lon="126.513431">
      <ele>2064.677531</ele>
      <time>2019-06-06T13:05:38Z</time>
      <extensions>
        <dbm>-80</dbm>
        <cellinfo>mcc=450 mnc=5 ci=32248067 pci=338 tac=9552 rssi=-55 rsrp=-80 rsrq=-5 rssnr=300 cqi=NA</cellinfo>
      </extensions>
    </trkpt>
    <trkpt lat="33.359526" lon="126.512933">
      <ele>1910.589233</ele>
      <time>2019-06-06T13:05:42Z</time>
      <extensions>
        <dbm>-76</dbm>
        <cellinfo>mcc=450 mnc=5 ci=32248067 pci=338 tac=9552 rssi=-53 rsrp=-76 rsrq=-4 rssnr=300 cqi=NA</cellinfo>
      </extensions>
    </trkpt>
    <trkpt lat="33.359633" lon="126.512504">
      <ele>1804.973633</ele>
      <time>2019-06-06T13:05:46Z</time>
      <extensions>
        <dbm>-82</dbm>
        <cellinfo>mcc=450 mnc=5 ci=32248067 pci=338 tac=9552 rssi=-56 rsrp=-82 rsrq=-5 rssnr=276 cqi=NA</cellinfo>
      </extensions>
    </trkpt>
    <trkpt lat="33.359675" lon="126.512403">
      <ele>1700.138245</ele>
      <time>2019-06-06T13:05:53Z</time>
      <extensions>
        <dbm>-88</dbm>
        <cellinfo>mcc=450 mnc=5 ci=32248067 pci=338 tac=9552 rssi=-57 rsrp=-88 rsrq=-8 rssnr=300 cqi=NA</cellinfo>
      </extensions>
    </trkpt>
    <trkpt lat="33.359713" lon="126.512293">
      <ele>1697.721094</ele>
      <time>2019-06-06T13:06:02Z</time>
      <extensions>
        <dbm>-81</dbm>
        <cellinfo>mcc=450 mnc=5 ci=32248067 pci=338 tac=9552 rssi=-54 rsrp=-81 rsrq=-5 rssnr=300 cqi=NA</cellinfo>
      </extensions>
    </trkpt>
    <trkpt lat="33.359739" lon="126.512165">
      <ele>1688.155518</ele>
      <time>2019-06-06T13:06:07Z</time>
      <extensions>
        <dbm>-77</dbm>
        <cellinfo>mcc=450 mnc=5 ci=32248067 pci=338 tac=9552 rssi=-53 rsrp=-77 rsrq=-5 rssnr=300 cqi=NA</cellinfo>
      </extensions>
    </trkpt>
    <trkpt lat="33.359755" lon="126.512029">
      <ele>1688.198242</ele>
      <time>2019-06-06T13:06:12Z</time>
      <extensions>
        <dbm>-81</dbm>
        <cellinfo>mcc=450 mnc=5 ci=32248067 pci=338 tac=9552 rssi=-54 rsrp=-81 rsrq=-5 rssnr=300 cqi=NA</cellinfo>
      </extensions>
    </trkpt>
    <trkpt lat="33.359762" lon="126.511873">
      <ele>1687.582129</ele>
      <time>2019-06-06T13:06:16Z</time>
      <extensions>
        <dbm>-76</dbm>
        <cellinfo>mcc=450 mnc=5 ci=32248067 pci=338 tac=9552 rssi=-53 rsrp=-76 rsrq=-5 rssnr=300 cqi=NA</cellinfo>
      </extensions>
    </trkpt>
    <trkpt lat="33.359765" lon="126.511733">
      <ele>1687.485107</ele>
      <time>2019-06-06T13:06:21Z</time>
      <extensions>
        <dbm>-74</dbm>
        <cellinfo>mcc=450 mnc=5 ci=32248067 pci=338 tac=9552 rssi=-52 rsrp=-74 rsrq=-5 rssnr=300 cqi=NA</cellinfo>
      </extensions>
    </trkpt>
    <trkpt lat="33.359777" lon="126.511604">
      <ele>1687.644845</ele>
      <time>2019-06-06T13:06:25Z</time>
      <extensions>
        <dbm>-80</dbm>
        <cellinfo>mcc=450 mnc=5 ci=32248067 pci=338 tac=9552 rssi=-55 rsrp=-80 rsrq=-5 rssnr=300 cqi=NA</cellinfo>
      </extensions>
    </trkpt>
    <trkpt lat="33.359823" lon="126.511522">
      <ele>1687.908529</ele>
      <time>2019-06-06T13:06:32Z</time>
      <extensions>
        <dbm>-78</dbm>
        <cellinfo>mcc=450 mnc=5 ci=32248067 pci=338 tac=9552 rssi=-54 rsrp=-78 rsrq=-6 rssnr=300 cqi=NA</cellinfo>
      </extensions>
    </trkpt>
    <trkpt lat="33.359904" lon="126.511484">
      <ele>1688.106166</ele>
      <time>2019-06-06T13:06:39Z</time>
      <extensions>
        <dbm>-75</dbm>
        <cellinfo>mcc=450 mnc=5 ci=32248067 pci=338 tac=9552 rssi=-53 rsrp=-75 rsrq=-4 rssnr=300 cqi=NA</cellinfo>
      </extensions>
    </trkpt>
    <trkpt lat="33.360012" lon="126.511471">
      <ele>1688.319336</ele>
      <time>2019-06-06T13:06:45Z</time>
      <extensions>
        <dbm>-71</dbm>
        <cellinfo>mcc=450 mnc=5 ci=32248067 pci=338 tac=9552 rssi=-51 rsrp=-71 rsrq=-5 rssnr=300 cqi=NA</cellinfo>
      </extensions>
    </trkpt>
    <trkpt lat="33.360115" lon="126.511456">
      <ele>1688.319336</ele>
      <time>2019-06-06T13:06:51Z</time>
      <extensions>
        <dbm>-84</dbm>
        <cellinfo>mcc=450 mnc=5 ci=32248067 pci=338 tac=9552 rssi=-55 rsrp=-84 rsrq=-5 rssnr=300 cqi=NA</cellinfo>
      </extensions>
    </trkpt>
    <trkpt lat="33.360215" lon="126.511432">
      <ele>1688.544759</ele>
      <time>2019-06-06T13:06:55Z</time>
      <extensions>
        <dbm>-74</dbm>
        <cellinfo>mcc=450 mnc=5 ci=32248067 pci=338 tac=9552 rssi=-52 rsrp=-74 rsrq=-6 rssnr=300 cqi=NA</cellinfo>
      </extensions>
    </trkpt>
    <trkpt lat="33.360301" lon="126.511404">
      <ele>1688.771484</ele>
      <time>2019-06-06T13:07:06Z</time>
      <extensions>
        <dbm>-78</dbm>
        <cellinfo>mcc=450 mnc=5 ci=32248067 pci=338 tac=9552 rssi=-54 rsrp=-78 rsrq=-5 rssnr=300 cqi=NA</cellinfo>
      </extensions>
    </trkpt>
    <trkpt lat="33.360391" lon="126.511379">
      <ele>1689.306261</ele>
      <time>2019-06-06T13:07:16Z</time>
      <extensions>
        <dbm>-79</dbm>
        <cellinfo>mcc=450 mnc=5 ci=32248067 pci=338 tac=9552 rssi=-54 rsrp=-79 rsrq=-5 rssnr=300 cqi=NA</cellinfo>
      </extensions>
    </trkpt>
    <trkpt lat="33.360470" lon="126.511333">
      <ele>1689.970898</ele>
      <time>2019-06-06T13:07:28Z</time>
      <extensions>
        <dbm>-84</dbm>
        <cellinfo>mcc=450 mnc=5 ci=32248067 pci=338 tac=9552 rssi=-55 rsrp=-84 rsrq=-5 rssnr=300 cqi=NA</cellinfo>
      </extensions>
    </trkpt>
    <trkpt lat="33.360541" lon="126.511270">
      <ele>1691.045605</ele>
      <time>2019-06-06T13:07:38Z</time>
      <extensions>
        <dbm>-82</dbm>
        <cellinfo>mcc=450 mnc=5 ci=32248067 pci=338 tac=9552 rssi=-55 rsrp=-82 rsrq=-4 rssnr=300 cqi=NA</cellinfo>
      </extensions>
    </trkpt>
    <trkpt lat="33.360606" lon="126.511206">
      <ele>1692.066761</ele>
      <time>2019-06-06T13:07:48Z</time>
      <extensions>
        <dbm>-99</dbm>
        <cellinfo>mcc=450 mnc=5 ci=32248067 pci=338 tac=9552 rssi=-60 rsrp=-99 rsrq=-7 rssnr=300 cqi=NA</cellinfo>
      </extensions>
    </trkpt>
    <trkpt lat="33.360680" lon="126.511152">
      <ele>1693.522528</ele>
      <time>2019-06-06T13:08:00Z</time>
      <extensions>
        <dbm>-98</dbm>
        <cellinfo>mcc=450 mnc=5 ci=32248067 pci=338 tac=9552 rssi=-60 rsrp=-98 rsrq=-8 rssnr=300 cqi=NA</cellinfo>
      </extensions>
    </trkpt>
    <trkpt lat="33.360759" lon="126.511099">
      <ele>1695.122048</ele>
      <time>2019-06-06T13:08:09Z</time>
      <extensions>
        <dbm>-91</dbm>
        <cellinfo>mcc=450 mnc=5 ci=32248067 pci=338 tac=9552 rssi=-57 rsrp=-91 rsrq=-5 rssnr=300 cqi=NA</cellinfo>
      </extensions>
    </trkpt>
    <trkpt lat="33.360827" lon="126.511028">
      <ele>1696.786355</ele>
      <time>2019-06-06T13:08:19Z</time>
      <extensions>
        <dbm>-84</dbm>
        <cellinfo>mcc=450 mnc=5 ci=32248067 pci=338 tac=9552 rssi=-57 rsrp=-84 rsrq=-6 rssnr=300 cqi=NA</cellinfo>
      </extensions>
    </trkpt>
    <trkpt lat="33.360888" lon="126.510945">
      <ele>1697.604663</ele>
      <time>2019-06-06T13:08:31Z</time>
      <extensions>
        <dbm>-84</dbm>
        <cellinfo>mcc=450 mnc=5 ci=32248067 pci=338 tac=9552 rssi=-55 rsrp=-84 rsrq=-5 rssnr=300 cqi=NA</cellinfo>
      </extensions>
    </trkpt>
    <trkpt lat="33.360953" lon="126.510861">
      <ele>1699.860132</ele>
      <time>2019-06-06T13:08:47Z</time>
      <extensions>
        <dbm>-86</dbm>
        <cellinfo>mcc=450 mnc=5 ci=32248067 pci=338 tac=9552 rssi=-55 rsrp=-86 rsrq=-5 rssnr=300 cqi=NA</cellinfo>
      </extensions>
    </trkpt>
    <trkpt lat="33.360969" lon="126.510820">
      <ele>1702.208569</ele>
      <time>2019-06-06T13:08:59Z</time>
      <extensions>
        <dbm>-86</dbm>
        <cellinfo>mcc=450 mnc=5 ci=32248067 pci=338 tac=9552 rssi=-56 rsrp=-86 rsrq=-6 rssnr=300 cqi=NA</cellinfo>
      </extensions>
    </trkpt>
    <trkpt lat="33.360932" lon="126.510816">
      <ele>1703.428999</ele>
      <time>2019-06-06T13:10:44Z</time>
      <extensions>
        <dbm>-82</dbm>
        <cellinfo>mcc=450 mnc=5 ci=32248067 pci=338 tac=9552 rssi=-55 rsrp=-82 rsrq=-6 rssnr=178 cqi=NA</cellinfo>
      </extensions>
    </trkpt>
    <trkpt lat="33.360840" lon="126.510853">
      <ele>1706.115678</ele>
      <time>2019-06-06T13:10:49Z</time>
      <extensions>
        <dbm>-81</dbm>
        <cellinfo>mcc=450 mnc=5 ci=32248067 pci=338 tac=9552 rssi=-55 rsrp=-81 rsrq=-5 rssnr=178 cqi=NA</cellinfo>
      </extensions>
    </trkpt>
    <trkpt lat="33.360754" lon="126.510895">
      <ele>1707.379110</ele>
      <time>2019-06-06T13:10:55Z</time>
      <extensions>
        <dbm>-86</dbm>
        <cellinfo>mcc=450 mnc=5 ci=32248067 pci=338 tac=9552 rssi=-56 rsrp=-86 rsrq=-5 rssnr=178 cqi=NA</cellinfo>
      </extensions>
    </trkpt>
    <trkpt lat="33.360670" lon="126.510938">
      <ele>1711.259455</ele>
      <time>2019-06-06T13:11:03Z</time>
      <extensions>
        <dbm>-82</dbm>
        <cellinfo>mcc=450 mnc=5 ci=32248067 pci=338 tac=9552 rssi=-56 rsrp=-82 rsrq=-5 rssnr=210 cqi=NA</cellinfo>
      </extensions>
    </trkpt>
    <trkpt lat="33.360592" lon="126.510993">
      <ele>1713.853649</ele>
      <time>2019-06-06T13:11:11Z</time>
      <extensions>
        <dbm>-95</dbm>
        <cellinfo>mcc=450 mnc=5 ci=32248067 pci=338 tac=9552 rssi=-58 rsrp=-95 rsrq=-7 rssnr=210 cqi=NA</cellinfo>
      </extensions>
    </trkpt>
    <trkpt lat="33.360572" lon="126.511021">
      <ele>1716.156960</ele>
      <time>2019-06-06T13:11:17Z</time>
      <extensions>
        <dbm>-82</dbm>
        <cellinfo>mcc=450 mnc=5 ci=32248067 pci=338 tac=9552 rssi=-54 rsrp=-82 rsrq=-6 rssnr=214 cqi=NA</cellinfo>
      </extensions>
    </trkpt>
    <trkpt lat="33.360613" lon="126.511031">
      <ele>1715.977013</ele>
      <time>2019-06-06T13:11:36Z</time>
      <extensions>
        <dbm>-73</dbm>
        <cellinfo>mcc=450 mnc=5 ci=32248067 pci=338 tac=9552 rssi=-52 rsrp=-73 rsrq=-5 rssnr=176 cqi=NA</cellinfo>
      </extensions>
    </trkpt>
    <trkpt lat="33.360702" lon="126.511120">
      <ele>1720.345614</ele>
      <time>2019-06-06T13:11:41Z</time>
      <extensions>
        <dbm>-75</dbm>
        <cellinfo>mcc=450 mnc=5 ci=32248067 pci=338 tac=9552 rssi=-53 rsrp=-75 rsrq=-6 rssnr=176 cqi=NA</cellinfo>
      </extensions>
    </trkpt>
    <trkpt lat="33.360753" lon="126.511304">
      <ele>1723.166528</ele>
      <time>2019-06-06T13:11:46Z</time>
      <extensions>
        <dbm>-71</dbm>
        <cellinfo>mcc=450 mnc=5 ci=32248067 pci=338 tac=9552 rssi=-51 rsrp=-71 rsrq=-5 rssnr=176 cqi=NA</cellinfo>
      </extensions>
    </trkpt>
    <trkpt lat="33.360684" lon="126.511522">
      <ele>1724.897017</ele>
      <time>2019-06-06T13:11:47Z</time>
      <extensions>
        <dbm>-71</dbm>
        <cellinfo>mcc=450 mnc=5 ci=32248067 pci=338 tac=9552 rssi=-51 rsrp=-71 rsrq=-5 rssnr=176 cqi=NA</cellinfo>
      </extensions>
    </trkpt>
    <trkpt lat="33.360560" lon="126.511647">
      <ele>1725.511830</ele>
      <time>2019-06-06T13:11:49Z</time>
      <extensions>
        <dbm>-71</dbm>
        <cellinfo>mcc=450 mnc=5 ci=32248067 pci=338 tac=9552 rssi=-51 rsrp=-71 rsrq=-5 rssnr=176 cqi=NA</cellinfo>
      </extensions>
    </trkpt>
    <trkpt lat="33.360414" lon="126.511703">
      <ele>1725.511830</ele>
      <time>2019-06-06T13:11:51Z</time>
      <extensions>
        <dbm>-72</dbm>
        <cellinfo>mcc=450 mnc=5 ci=32248067 pci=338 tac=9552 rssi=-51 rsrp=-72 rsrq=-5 rssnr=176 cqi=NA</cellinfo>
      </extensions>
    </trkpt>
    <trkpt lat="33.360319" lon="126.511735">
      <ele>1725.511830</ele>
      <time>2019-06-06T13:11:55Z</time>
      <extensions>
        <dbm>-71</dbm>
        <cellinfo>mcc=450 mnc=5 ci=32248067 pci=338 tac=9552 rssi=-51 rsrp=-71 rsrq=-6 rssnr=176 cqi=NA</cellinfo>
      </extensions>
    </trkpt>
    <trkpt lat="33.360197" lon="126.511749">
      <ele>1726.072852</ele>
      <time>2019-06-06T13:11:58Z</time>
      <extensions>
        <dbm>-73</dbm>
        <cellinfo>mcc=450 mnc=5 ci=32248067 pci=338 tac=9552 rssi=-52 rsrp=-73 rsrq=-6 rssnr=176 cqi=NA</cellinfo>
      </extensions>
    </trkpt>
    <trkpt lat="33.360073" lon="126.511743">
      <ele>1726.072852</ele>
      <time>2019-06-06T13:12:02Z</time>
      <extensions>
        <dbm>-75</dbm>
        <cellinfo>mcc=450 mnc=5 ci=32248067 pci=338 tac=9552 rssi=-53 rsrp=-75 rsrq=-7 rssnr=176 cqi=NA</cellinfo>
      </extensions>
    </trkpt>
    <trkpt lat="33.359950" lon="126.511738">
      <ele>1726.016981</ele>
      <time>2019-06-06T13:12:05Z</time>
      <extensions>
        <dbm>-67</dbm>
        <cellinfo>mcc=450 mnc=5 ci=32248067 pci=338 tac=9552 rssi=-49 rsrp=-67 rsrq=-8 rssnr=176 cqi=NA</cellinfo>
      </extensions>
    </trkpt>
    <trkpt lat="33.359846" lon="126.511748">
      <ele>1725.129557</ele>
      <time>2019-06-06T13:12:10Z</time>
      <extensions>
        <dbm>-74</dbm>
        <cellinfo>mcc=450 mnc=5 ci=32248067 pci=338 tac=9552 rssi=-52 rsrp=-74 rsrq=-6 rssnr=300 cqi=NA</cellinfo>
      </extensions>
    </trkpt>
    <trkpt lat="33.359748" lon="126.511742">
      <ele>1724.077257</ele>
      <time>2019-06-06T13:12:16Z</time>
      <extensions>
        <dbm>-74</dbm>
        <cellinfo>mcc=450 mnc=5 ci=32248067 pci=338 tac=9552 rssi=-52 rsrp=-74 rsrq=-5 rssnr=300 cqi=NA</cellinfo>
      </extensions>
    </trkpt>
    <trkpt lat="33.359674" lon="126.511698">
      <ele>1722.856988</ele>
      <time>2019-06-06T13:12:21Z</time>
      <extensions>
        <dbm>-77</dbm>
        <cellinfo>mcc=450 mnc=5 ci=32248067 pci=338 tac=9552 rssi=-54 rsrp=-77 rsrq=-5 rssnr=300 cqi=NA</cellinfo>
      </extensions>
    </trkpt>
    <trkpt lat="33.359636" lon="126.511598">
      <ele>1720.061686</ele>
      <time>2019-06-06T13:12:27Z</time>
      <extensions>
        <dbm>-75</dbm>
        <cellinfo>mcc=450 mnc=5 ci=32248067 pci=338 tac=9552 rssi=-52 rsrp=-75 rsrq=-5 rssnr=300 cqi=NA</cellinfo>
      </extensions>
    </trkpt>
    <trkpt lat="33.359621" lon="126.511475">
      <ele>1718.461372</ele>
      <time>2019-06-06T13:12:29Z</time>
      <extensions>
        <dbm>-76</dbm>
        <cellinfo>mcc=450 mnc=5 ci=32248067 pci=338 tac=9552 rssi=-52 rsrp=-76 rsrq=-5 rssnr=300 cqi=NA</cellinfo>
      </extensions>
    </trkpt>
    <trkpt lat="33.359616" lon="126.511337">
      <ele>1717.467621</ele>
      <time>2019-06-06T13:12:32Z</time>
      <extensions>
        <dbm>-77</dbm>
        <cellinfo>mcc=450 mnc=5 ci=32248067 pci=338 tac=9552 rssi=-53 rsrp=-77 rsrq=-5 rssnr=300 cqi=NA</cellinfo>
      </extensions>
    </trkpt>
    <trkpt lat="33.359603" lon="126.511200">
      <ele>1716.165527</ele>
      <time>2019-06-06T13:12:36Z</time>
      <extensions>
        <dbm>-77</dbm>
        <cellinfo>mcc=450 mnc=5 ci=32248067 pci=338 tac=9552 rssi=-53 rsrp=-77 rsrq=-5 rssnr=300 cqi=NA</cellinfo>
      </extensions>
    </trkpt>
    <trkpt lat="33.359583" lon="126.511056">
      <ele>1714.084418</ele>
      <time>2019-06-06T13:12:40Z</time>
      <extensions>
        <dbm>-84</dbm>
        <cellinfo>mcc=450 mnc=5 ci=32248067 pci=338 tac=9552 rssi=-56 rsrp=-84 rsrq=-5 rssnr=300 cqi=NA</cellinfo>
      </extensions>
    </trkpt>
    <trkpt lat="33.359559" lon="126.510925">
      <ele>1710.550944</ele>
      <time>2019-06-06T13:12:46Z</time>
      <extensions>
        <dbm>-75</dbm>
        <cellinfo>mcc=450 mnc=5 ci=32248067 pci=338 tac=9552 rssi=-53 rsrp=-75 rsrq=-5 rssnr=300 cqi=NA</cellinfo>
      </extensions>
    </trkpt>
    <trkpt lat="33.359530" lon="126.510788">
      <ele>1706.958930</ele>
      <time>2019-06-06T13:12:50Z</time>
      <extensions>
        <dbm>-61</dbm>
        <cellinfo>mcc=450 mnc=5 ci=32248067 pci=338 tac=9552 rssi=-46 rsrp=-61 rsrq=-4 rssnr=300 cqi=NA</cellinfo>
      </extensions>
    </trkpt>
    <trkpt lat="33.359503" lon="126.510661">
      <ele>1703.287815</ele>
      <time>2019-06-06T13:12:56Z</time>
      <extensions>
        <dbm>-70</dbm>
        <cellinfo>mcc=450 mnc=5 ci=32248067 pci=338 tac=9552 rssi=-50 rsrp=-70 rsrq=-5 rssnr=278 cqi=NA</cellinfo>
      </extensions>
    </trkpt>
    <trkpt lat="33.359463" lon="126.510529">
      <ele>1699.773465</ele>
      <time>2019-06-06T13:13:02Z</time>
      <extensions>
        <dbm>-73</dbm>
        <cellinfo>mcc=450 mnc=5 ci=32248067 pci=338 tac=9552 rssi=-52 rsrp=-73 rsrq=-5 rssnr=278 cqi=NA</cellinfo>
      </extensions>
    </trkpt>
    <trkpt lat="33.359413" lon="126.510418">
      <ele>1696.284153</ele>
      <time>2019-06-06T13:13:08Z</time>
      <extensions>
        <dbm>-77</dbm>
        <cellinfo>mcc=450 mnc=5 ci=32248067 pci=338 tac=9552 rssi=-54 rsrp=-77 rsrq=-5 rssnr=278 cqi=NA</cellinfo>
      </extensions>
    </trkpt>
    <trkpt lat="33.359355" lon="126.510304">
      <ele>1692.688395</ele>
      <time>2019-06-06T13:13:13Z</time>
      <extensions>
        <dbm>-82</dbm>
        <cellinfo>mcc=450 mnc=5 ci=32248067 pci=338 tac=9552 rssi=-55 rsrp=-82 rsrq=-5 rssnr=278 cqi=NA</cellinfo>
      </extensions>
    </trkpt>
    <trkpt lat="33.359308" lon="126.510194">
      <ele>1691.769409</ele>
      <time>2019-06-06T13:13:21Z</time>
      <extensions>
        <dbm>-78</dbm>
        <cellinfo>mcc=450 mnc=5 ci=32248067 pci=338 tac=9552 rssi=-53 rsrp=-78 rsrq=-4 rssnr=278 cqi=NA</cellinfo>
      </extensions>
    </trkpt>
    <trkpt lat="33.359271" lon="126.510079">
      <ele>1688.726782</ele>
      <time>2019-06-06T13:13:27Z</time>
      <extensions>
        <dbm>-72</dbm>
        <cellinfo>mcc=450 mnc=5 ci=32248067 pci=338 tac=9552 rssi=-51 rsrp=-72 rsrq=-5 rssnr=278 cqi=NA</cellinfo>
      </extensions>
    </trkpt>
    <trkpt lat="33.359235" lon="126.509973">
      <ele>1685.704028</ele>
      <time>2019-06-06T13:13:31Z</time>
      <extensions>
        <dbm>-80</dbm>
        <cellinfo>mcc=450 mnc=5 ci=32248067 pci=338 tac=9552 rssi=-55 rsrp=-80 rsrq=-6 rssnr=278 cqi=NA</cellinfo>
      </extensions>
    </trkpt>
    <trkpt lat="33.359210" lon="126.509866">
      <ele>1684.134644</ele>
      <time>2019-06-06T13:13:39Z</time>
      <extensions>
        <dbm>-82</dbm>
        <cellinfo>mcc=450 mnc=5 ci=32248067 pci=338 tac=9552 rssi=-56 rsrp=-82 rsrq=-6 rssnr=300 cqi=NA</cellinfo>
      </extensions>
    </trkpt>
    <trkpt lat="33.359183" lon="126.509756">
      <ele>1683.523267</ele>
      <time>2019-06-06T13:13:54Z</time>
      <extensions>
        <dbm>-87</dbm>
        <cellinfo>mcc=450 mnc=5 ci=32248067 pci=338 tac=9552 rssi=-56 rsrp=-87 rsrq=-4 rssnr=300 cqi=NA</cellinfo>
      </extensions>
    </trkpt>
    <trkpt lat="33.359175" lon="126.509631">
      <ele>1683.058130</ele>
      <time>2019-06-06T13:14:02Z</time>
      <extensions>
        <dbm>-82</dbm>
        <cellinfo>mcc=450 mnc=5 ci=32248067 pci=338 tac=9552 rssi=-55 rsrp=-82 rsrq=-3 rssnr=300 cqi=NA</cellinfo>
      </extensions>
    </trkpt>
    <trkpt lat="33.359173" lon="126.509503">
      <ele>1682.667944</ele>
      <time>2019-06-06T13:14:09Z</time>
      <extensions>
        <dbm>-76</dbm>
        <cellinfo>mcc=450 mnc=5 ci=32248067 pci=338 tac=9552 rssi=-53 rsrp=-76 rsrq=-6 rssnr=300 cqi=NA</cellinfo>
      </extensions>
    </trkpt>
    <trkpt lat="33.359175" lon="126.509362">
      <ele>1682.244409</ele>
      <time>2019-06-06T13:14:13Z</time>
      <extensions>
        <dbm>-75</dbm>
        <cellinfo>mcc=450 mnc=5 ci=32248067 pci=338 tac=9552 rssi=-53 rsrp=-75 rsrq=-5 rssnr=300 cqi=NA</cellinfo>
      </extensions>
    </trkpt>
    <trkpt lat="33.359171" lon="126.509226">
      <ele>1681.662915</ele>
      <time>2019-06-06T13:14:18Z</time>
      <extensions>
        <dbm>-77</dbm>
        <cellinfo>mcc=450 mnc=5 ci=32248067 pci=338 tac=9552 rssi=-54 rsrp=-77 rsrq=-6 rssnr=300 cqi=NA</cellinfo>
      </extensions>
    </trkpt>
    <trkpt lat="33.359144" lon="126.509098">
      <ele>1681.148535</ele>
      <time>2019-06-06T13:14:23Z</time>
      <extensions>
        <dbm>-94</dbm>
        <cellinfo>mcc=450 mnc=5 ci=32248067 pci=338 tac=9552 rssi=-59 rsrp=-94 rsrq=-7 rssnr=300 cqi=NA</cellinfo>
      </extensions>
    </trkpt>
    <trkpt lat="33.359101" lon="126.508995">
      <ele>1680.727930</ele>
      <time>2019-06-06T13:14:29Z</time>
      <extensions>
        <dbm>-87</dbm>
        <cellinfo>mcc=450 mnc=5 ci=32248067 pci=338 tac=9552 rssi=-57 rsrp=-87 rsrq=-6 rssnr=300 cqi=NA</cellinfo>
      </extensions>
    </trkpt>
    <trkpt lat="33.359045" lon="126.508897">
      <ele>1680.390479</ele>
      <time>2019-06-06T13:14:35Z</time>
      <extensions>
        <dbm>-84</dbm>
        <cellinfo>mcc=450 mnc=5 ci=32248067 pci=338 tac=9552 rssi=-56 rsrp=-84 rsrq=-6 rssnr=300 cqi=NA</cellinfo>
      </extensions>
    </trkpt>
    <trkpt lat="33.358995" lon="126.508794">
      <ele>1679.989453</ele>
      <time>2019-06-06T13:14:44Z</time>
      <extensions>
        <dbm>-90</dbm>
        <cellinfo>mcc=450 mnc=5 ci=32248067 pci=338 tac=9552 rssi=-57 rsrp=-90 rsrq=-6 rssnr=300 cqi=NA</cellinfo>
      </extensions>
    </trkpt>
    <trkpt lat="33.358956" lon="126.508683">
      <ele>1679.836737</ele>
      <time>2019-06-06T13:14:53Z</time>
      <extensions>
        <dbm>-88</dbm>
        <cellinfo>mcc=450 mnc=5 ci=32248067 pci=338 tac=9552 rssi=-57 rsrp=-88 rsrq=-6 rssnr=300 cqi=NA</cellinfo>
      </extensions>
    </trkpt>
    <trkpt lat="33.358901" lon="126.508593">
      <ele>1679.617143</ele>
      <time>2019-06-06T13:15:00Z</time>
      <extensions>
        <dbm>-93</dbm>
        <cellinfo>mcc=450 mnc=5 ci=32248067 pci=338 tac=9552 rssi=-58 rsrp=-93 rsrq=-7 rssnr=300 cqi=NA</cellinfo>
      </extensions>
    </trkpt>
    <trkpt lat="33.358875" lon="126.508507">
      <ele>1679.351962</ele>
      <time>2019-06-06T13:15:06Z</time>
      <extensions>
        <dbm>-88</dbm>
        <cellinfo>mcc=450 mnc=5 ci=32248067 pci=338 tac=9552 rssi=-56 rsrp=-88 rsrq=-5 rssnr=300 cqi=NA</cellinfo>
      </extensions>
    </trkpt>
    <trkpt lat="33.358852" lon="126.508416">
      <ele>1679.351962</ele>
      <time>2019-06-06T13:15:17Z</time>
      <extensions>
        <dbm>-87</dbm>
        <cellinfo>mcc=450 mnc=5 ci=32248067 pci=338 tac=9552 rssi=-58 rsrp=-87 rsrq=-5 rssnr=300 cqi=NA</cellinfo>
      </extensions>
    </trkpt>
    <trkpt lat="33.358842" lon="126.508309">
      <ele>1679.380615</ele>
      <time>2019-06-06T13:15:26Z</time>
      <extensions>
        <dbm>-80</dbm>
        <cellinfo>mcc=450 mnc=5 ci=32248067 pci=338 tac=9552 rssi=-55 rsrp=-80 rsrq=-6 rssnr=300 cqi=NA</cellinfo>
      </extensions>
    </trkpt>
    <trkpt lat="33.358797" lon="126.508203">
      <ele>1679.183716</ele>
      <time>2019-06-06T13:15:34Z</time>
      <extensions>
        <dbm>-67</dbm>
        <cellinfo>mcc=450 mnc=5 ci=32248067 pci=338 tac=9552 rssi=-49 rsrp=-67 rsrq=-5 rssnr=300 cqi=NA</cellinfo>
      </extensions>
    </trkpt>
    <trkpt lat="33.358748" lon="126.508100">
      <ele>1678.877124</ele>
      <time>2019-06-06T13:15:43Z</time>
      <extensions>
        <dbm>-67</dbm>
        <cellinfo>mcc=450 mnc=5 ci=32248067 pci=338 tac=9552 rssi=-49 rsrp=-67 rsrq=-5 rssnr=300 cqi=NA</cellinfo>
      </extensions>
    </trkpt>
    <trkpt lat="33.358696" lon="126.508005">
      <ele>1678.762524</ele>
      <time>2019-06-06T13:15:51Z</time>
      <extensions>
        <dbm>-77</dbm>
        <cellinfo>mcc=450 mnc=5 ci=32248067 pci=338 tac=9552 rssi=-54 rsrp=-77 rsrq=-6 rssnr=300 cqi=NA</cellinfo>
      </extensions>
    </trkpt>
    <trkpt lat="33.358642" lon="126.507911">
      <ele>1678.735571</ele>
      <time>2019-06-06T13:15:59Z</time>
      <extensions>
        <dbm>-73</dbm>
        <cellinfo>mcc=450 mnc=5 ci=32248067 pci=338 tac=9552 rssi=-51 rsrp=-73 rsrq=-5 rssnr=300 cqi=NA</cellinfo>
      </extensions>
    </trkpt>
    <trkpt lat="33.358581" lon="126.507823">
      <ele>1678.735571</ele>
      <time>2019-06-06T13:16:08Z</time>
      <extensions>
        <dbm>-83</dbm>
        <cellinfo>mcc=450 mnc=5 ci=32248067 pci=338 tac=9552 rssi=-56 rsrp=-83 rsrq=-6 rssnr=300 cqi=NA</cellinfo>
      </extensions>
    </trkpt>
    <trkpt lat="33.358527" lon="126.507722">
      <ele>1678.659277</ele>
      <time>2019-06-06T13:16:16Z</time>
      <extensions>
        <dbm>-82</dbm>
        <cellinfo>mcc=450 mnc=5 ci=32248067 pci=338 tac=9552 rssi=-56 rsrp=-82 rsrq=-6 rssnr=300 cqi=NA</cellinfo>
      </extensions>
    </trkpt>
    <trkpt lat="33.358483" lon="126.507619">
      <ele>1678.659277</ele>
      <time>2019-06-06T13:16:24Z</time>
      <extensions>
        <dbm>-79</dbm>
        <cellinfo>mcc=450 mnc=5 ci=32248067 pci=338 tac=9552 rssi=-54 rsrp=-79 rsrq=-4 rssnr=300 cqi=NA</cellinfo>
      </extensions>
    </trkpt>
    <trkpt lat="33.358464" lon="126.507509">
      <ele>1678.535889</ele>
      <time>2019-06-06T13:16:31Z</time>
      <extensions>
        <dbm>-81</dbm>
        <cellinfo>mcc=450 mnc=5 ci=32248067 pci=338 tac=9552 rssi=-56 rsrp=-81 rsrq=-6 rssnr=300 cqi=NA</cellinfo>
      </extensions>
    </trkpt>
    <trkpt lat="33.358463" lon="126.507394">
      <ele>1678.535889</ele>
      <time>2019-06-06T13:16:38Z</time>
      <extensions>
        <dbm>-73</dbm>
        <cellinfo>mcc=450 mnc=5 ci=32248067 pci=338 tac=9552 rssi=-52 rsrp=-73 rsrq=-6 rssnr=300 cqi=NA</cellinfo>
      </extensions>
    </trkpt>
    <trkpt lat="33.358447" lon="126.507283">
      <ele>1678.369531</ele>
      <time>2019-06-06T13:16:46Z</time>
      <extensions>
        <dbm>-85</dbm>
        <cellinfo>mcc=450 mnc=5 ci=32248067 pci=338 tac=9552 rssi=-55 rsrp=-85 rsrq=-5 rssnr=300 cqi=NA</cellinfo>
      </extensions>
    </trkpt>
    <trkpt lat="33.358405" lon="126.507173">
      <ele>1678.157007</ele>
      <time>2019-06-06T13:16:58Z</time>
      <extensions>
        <dbm>-88</dbm>
        <cellinfo>mcc=450 mnc=5 ci=32248067 pci=338 tac=9552 rssi=-57 rsrp=-88 rsrq=-6 rssnr=300 cqi=NA</cellinfo>
      </extensions>
    </trkpt>
    <trkpt lat="33.358363" lon="126.507069">
      <ele>1678.009326</ele>
      <time>2019-06-06T13:17:06Z</time>
      <extensions>
        <dbm>-89</dbm>
        <cellinfo>mcc=450 mnc=5 ci=32248067 pci=338 tac=9552 rssi=-57 rsrp=-89 rsrq=-7 rssnr=300 cqi=NA</cellinfo>
      </extensions>
    </trkpt>
    <trkpt lat="33.358335" lon="126.506965">
      <ele>1677.633350</ele>
      <time>2019-06-06T13:17:14Z</time>
      <extensions>
        <dbm>-86</dbm>
        <cellinfo>mcc=450 mnc=5 ci=32248067 pci=338 tac=9552 rssi=-57 rsrp=-86 rsrq=-5 rssnr=300 cqi=NA</cellinfo>
      </extensions>
    </trkpt>
    <trkpt lat="33.358318" lon="126.506862">
      <ele>1677.398127</ele>
      <time>2019-06-06T13:17:21Z</time>
      <extensions>
        <dbm>-84</dbm>
        <cellinfo>mcc=450 mnc=5 ci=32248067 pci=338 tac=9552 rssi=-56 rsrp=-84 rsrq=-6 rssnr=250 cqi=NA</cellinfo>
      </extensions>
    </trkpt>
    <trkpt lat="33.358274" lon="126.506763">
      <ele>1677.416681</ele>
      <time>2019-06-06T13:17:27Z</time>
      <extensions>
        <dbm>-85</dbm>
        <cellinfo>mcc=450 mnc=5 ci=32248067 pci=338 tac=9552 rssi=-56 rsrp=-85 rsrq=-6 rssnr=250 cqi=NA</cellinfo>
      </extensions>
    </trkpt>
    <trkpt lat="33.358227" lon="126.506663">
      <ele>1677.274463</ele>
      <time>2019-06-06T13:17:36Z</time>
      <extensions>
        <dbm>-91</dbm>
        <cellinfo>mcc=450 mnc=5 ci=32248067 pci=338 tac=9552 rssi=-58 rsrp=-91 rsrq=-5 rssnr=250 cqi=NA</cellinfo>
      </extensions>
    </trkpt>
    <trkpt lat="33.358176" lon="126.506561">
      <ele>1676.955225</ele>
      <time>2019-06-06T13:17:43Z</time>
      <extensions>
        <dbm>-95</dbm>
        <cellinfo>mcc=450 mnc=5 ci=32248067 pci=338 tac=9552 rssi=-59 rsrp=-95 rsrq=-6 rssnr=250 cqi=NA</cellinfo>
      </extensions>
    </trkpt>
    <trkpt lat="33.358158" lon="126.506448">
      <ele>1676.669702</ele>
      <time>2019-06-06T13:17:49Z</time>
      <extensions>
        <dbm>-92</dbm>
        <cellinfo>mcc=450 mnc=5 ci=32248067 pci=338 tac=9552 rssi=-58 rsrp=-92 rsrq=-5 rssnr=250 cqi=NA</cellinfo>
      </extensions>
    </trkpt>
    <trkpt lat="33.358154" lon="126.506330">
      <ele>1676.387134</ele>
      <time>2019-06-06T13:17:58Z</time>
      <extensions>
        <dbm>-95</dbm>
        <cellinfo>mcc=450 mnc=5 ci=32248067 pci=338 tac=9552 rssi=-59 rsrp=-95 rsrq=-6 rssnr=250 cqi=NA</cellinfo>
      </extensions>
    </trkpt>
    <trkpt lat="33.358161" lon="126.506208">
      <ele>1676.270752</ele>
      <time>2019-06-06T13:18:05Z</time>
      <extensions>
        <dbm>-93</dbm>
        <cellinfo>mcc=450 mnc=5 ci=32248071 pci=338 tac=9552 rssi=-57 rsrp=-93 rsrq=-6 rssnr=250 cqi=NA</cellinfo>
      </extensions>
    </trkpt>
    <trkpt lat="33.358155" lon="126.506096">
      <ele>1676.251758</ele>
      <time>2019-06-06T13:18:12Z</time>
      <extensions>
        <dbm>-99</dbm>
        <cellinfo>mcc=450 mnc=5 ci=32248071 pci=338 tac=9552 rssi=-59 rsrp=-99 rsrq=-6 rssnr=250 cqi=NA</cellinfo>
      </extensions>
    </trkpt>
    <trkpt lat="33.358116" lon="126.506012">
      <ele>1676.251758</ele>
      <time>2019-06-06T13:18:23Z</time>
      <extensions>
        <dbm>-100</dbm>
        <cellinfo>mcc=450 mnc=5 ci=32248071 pci=338 tac=9552 rssi=-60 rsrp=-100 rsrq=-8 rssnr=250 cqi=NA</cellinfo>
      </extensions>
    </trkpt>
    <trkpt lat="33.358057" lon="126.505938">
      <ele>1676.251758</ele>
      <time>2019-06-06T13:18:36Z</time>
      <extensions>
        <dbm>-104</dbm>
        <cellinfo>mcc=450 mnc=5 ci=32248071 pci=338 tac=9552 rssi=-61 rsrp=-104 rsrq=-10 rssnr=250 cqi=NA</cellinfo>
      </extensions>
    </trkpt>
    <trkpt lat="33.357986" lon="126.505870">
      <ele>1676.291371</ele>
      <time>2019-06-06T13:18:46Z</time>
      <extensions>
        <dbm>-105</dbm>
        <cellinfo>mcc=450 mnc=5 ci=32248071 pci=338 tac=9552 rssi=-60 rsrp=-105 rsrq=-7 rssnr=250 cqi=NA</cellinfo>
      </extensions>
    </trkpt>
    <trkpt lat="33.357939" lon="126.505771">
      <ele>1676.084029</ele>
      <time>2019-06-06T13:18:57Z</time>
      <extensions>
        <dbm>-102</dbm>
        <cellinfo>mcc=450 mnc=5 ci=32248071 pci=338 tac=9552 rssi=-59 rsrp=-102 rsrq=-7 rssnr=250 cqi=NA</cellinfo>
      </extensions>
    </trkpt>
    <trkpt lat="33.357895" lon="126.505672">
      <ele>1675.887828</ele>
      <time>2019-06-06T13:19:11Z</time>
      <extensions>
        <dbm>-105</dbm>
        <cellinfo>mcc=450 mnc=5 ci=32248071 pci=338 tac=9552 rssi=-61 rsrp=-105 rsrq=-10 rssnr=250 cqi=NA</cellinfo>
      </extensions>
    </trkpt>
    <trkpt lat="33.357852" lon="126.505569">
      <ele>1675.680620</ele>
      <time>2019-06-06T13:19:17Z</time>
      <extensions>
        <dbm>-112</dbm>
        <cellinfo>mcc=450 mnc=5 ci=32248071 pci=338 tac=9552 rssi=-63 rsrp=-112 rsrq=-11 rssnr=250 cqi=NA</cellinfo>
      </extensions>
    </trkpt>
    <trkpt lat="33.357792" lon="126.505486">
      <ele>1675.483887</ele>
      <time>2019-06-06T13:19:26Z</time>
      <extensions>
        <dbm>-111</dbm>
        <cellinfo>mcc=450 mnc=5 ci=32194567 pci=282 tac=9554 rssi=-63 rsrp=-111 rsrq=-8 rssnr=250 cqi=NA</cellinfo>
      </extensions>
    </trkpt>
    <trkpt lat="33.357735" lon="126.505399">
      <ele>1675.483887</ele>
      <time>2019-06-06T13:19:33Z</time>
      <extensions>
        <dbm>-109</dbm>
        <cellinfo>mcc=450 mnc=5 ci=32194567 pci=282 tac=9554 rssi=-63 rsrp=-109 rsrq=-12 rssnr=250 cqi=NA</cellinfo>
      </extensions>
    </trkpt>
    <trkpt lat="33.357685" lon="126.505311">
      <ele>1675.286088</ele>
      <time>2019-06-06T13:19:42Z</time>
      <extensions>
        <dbm>-101</dbm>
        <cellinfo>mcc=450 mnc=5 ci=32194567 pci=282 tac=9554 rssi=-59 rsrp=-101 rsrq=-6 rssnr=250 cqi=NA</cellinfo>
      </extensions>
    </trkpt>
    <trkpt lat="33.357686" lon="126.505218">
      <ele>1674.974254</ele>
      <time>2019-06-06T13:19:55Z</time>
      <extensions>
        <dbm>-89</dbm>
        <cellinfo>mcc=450 mnc=5 ci=32194567 pci=282 tac=9554 rssi=-56 rsrp=-89 rsrq=-6 rssnr=250 cqi=NA</cellinfo>
      </extensions>
    </trkpt>
    <trkpt lat="33.357730" lon="126.505142">
      <ele>1674.917569</ele>
      <time>2019-06-06T13:20:06Z</time>
      <extensions>
        <dbm>-103</dbm>
        <cellinfo>mcc=450 mnc=5 ci=32194563 pci=282 tac=9554 rssi=-61 rsrp=-103 rsrq=-6 rssnr=250 cqi=NA</cellinfo>
      </extensions>
    </trkpt>
    <trkpt lat="33.357801" lon="126.505068">
      <ele>1674.782471</ele>
      <time>2019-06-06T13:20:15Z</time>
      <extensions>
        <dbm>-101</dbm>
        <cellinfo>mcc=450 mnc=5 ci=32194567 pci=282 tac=9554 rssi=-60 rsrp=-101 rsrq=-9 rssnr=250 cqi=NA</cellinfo>
      </extensions>
    </trkpt>
    <trkpt lat="33.357865" lon="126.504984">
      <ele>1674.273926</ele>
      <time>2019-06-06T13:20:34Z</time>
      <extensions>
        <dbm>-112</dbm>
        <cellinfo>mcc=450 mnc=5 ci=32194563 pci=282 tac=9554 rssi=-65 rsrp=-112 rsrq=-11 rssnr=250 cqi=NA</cellinfo>
      </extensions>
    </trkpt>
    <trkpt lat="33.357924" lon="126.504899">
      <ele>1673.772061</ele>
      <time>2019-06-06T13:20:43Z</time>
      <extensions>
        <dbm>-98</dbm>
        <cellinfo>mcc=450 mnc=5 ci=32194567 pci=282 tac=9554 rssi=-59 rsrp=-98 rsrq=-7 rssnr=250 cqi=NA</cellinfo>
      </extensions>
    </trkpt>
    <trkpt lat="33.357990" lon="126.504809">
      <ele>1673.076705</ele>
      <time>2019-06-06T13:20:52Z</time>
      <extensions>
        <dbm>-101</dbm>
        <cellinfo>mcc=450 mnc=5 ci=32194567 pci=282 tac=9554 rssi=-61 rsrp=-101 rsrq=-7 rssnr=250 cqi=NA</cellinfo>
      </extensions>
    </trkpt>
    <trkpt lat="33.358047" lon="126.504719">
      <ele>1672.391979</ele>
      <time>2019-06-06T13:21:03Z</time>
      <extensions>
        <dbm>-97</dbm>
        <cellinfo>mcc=450 mnc=5 ci=32194567 pci=282 tac=9554 rssi=-59 rsrp=-97 rsrq=-8 rssnr=250 cqi=NA</cellinfo>
      </extensions>
    </trkpt>
    <trkpt lat="33.358096" lon="126.504612">
      <ele>1671.701327</ele>
      <time>2019-06-06T13:21:12Z</time>
      <extensions>
        <dbm>-97</dbm>
        <cellinfo>mcc=450 mnc=5 ci=32194567 pci=282 tac=9554 rssi=-59 rsrp=-97 rsrq=-8 rssnr=250 cqi=NA</cellinfo>
      </extensions>
    </trkpt>
    <trkpt lat="33.358117" lon="126.504507">
      <ele>1670.876509</ele>
      <time>2019-06-06T13:21:23Z</time>
      <extensions>
        <dbm>-95</dbm>
        <cellinfo>mcc=450 mnc=5 ci=32194567 pci=282 tac=9554 rssi=-59 rsrp=-95 rsrq=-10 rssnr=250 cqi=NA</cellinfo>
      </extensions>
    </trkpt>
    <trkpt lat="33.358141" lon="126.504402">
      <ele>1669.902122</ele>
      <time>2019-06-06T13:21:35Z</time>
      <extensions>
        <dbm>-102</dbm>
        <cellinfo>mcc=450 mnc=5 ci=32194563 pci=282 tac=9554 rssi=-61 rsrp=-102 rsrq=-8 rssnr=250 cqi=NA</cellinfo>
      </extensions>
    </trkpt>
    <trkpt lat="33.358168" lon="126.504306">
      <ele>1668.941695</ele>
      <time>2019-06-06T13:21:44Z</time>
      <extensions>
        <dbm>-92</dbm>
        <cellinfo>mcc=450 mnc=5 ci=32194567 pci=282 tac=9554 rssi=-57 rsrp=-92 rsrq=-7 rssnr=250 cqi=NA</cellinfo>
      </extensions>
    </trkpt>
    <trkpt lat="33.358215" lon="126.504212">
      <ele>1667.936679</ele>
      <time>2019-06-06T13:21:56Z</time>
      <extensions>
        <dbm>-90</dbm>
        <cellinfo>mcc=450 mnc=5 ci=32194563 pci=282 tac=9554 rssi=-58 rsrp=-90 rsrq=-7 rssnr=250 cqi=NA</cellinfo>
      </extensions>
    </trkpt>
    <trkpt lat="33.358277" lon="126.504134">
      <ele>1667.177535</ele>
      <time>2019-06-06T13:22:09Z</time>
      <extensions>
        <dbm>-86</dbm>
        <cellinfo>mcc=450 mnc=5 ci=32194563 pci=282 tac=9554 rssi=-56 rsrp=-86 rsrq=-7 rssnr=250 cqi=NA</cellinfo>
      </extensions>
    </trkpt>
    <trkpt lat="33.358346" lon="126.504079">
      <ele>1666.462447</ele>
      <time>2019-06-06T13:22:28Z</time>
      <extensions>
        <dbm>-93</dbm>
        <cellinfo>mcc=450 mnc=5 ci=32194563 pci=282 tac=9554 rssi=-58 rsrp=-93 rsrq=-7 rssnr=250 cqi=NA</cellinfo>
      </extensions>
    </trkpt>
    <trkpt lat="33.358427" lon="126.504031">
      <ele>1665.740967</ele>
      <time>2019-06-06T13:22:43Z</time>
      <extensions>
        <dbm>-103</dbm>
        <cellinfo>mcc=450 mnc=5 ci=32194563 pci=282 tac=9554 rssi=-60 rsrp=-103 rsrq=-7 rssnr=250 cqi=NA</cellinfo>
      </extensions>
    </trkpt>
    <trkpt lat="33.358506" lon="126.503982">
      <ele>1665.016491</ele>
      <time>2019-06-06T13:22:58Z</time>
      <extensions>
        <dbm>-98</dbm>
        <cellinfo>mcc=450 mnc=5 ci=32194567 pci=282 tac=9554 rssi=-59 rsrp=-98 rsrq=-9 rssnr=250 cqi=NA</cellinfo>
      </extensions>
    </trkpt>
    <trkpt lat="33.358554" lon="126.503902">
      <ele>1664.148193</ele>
      <time>2019-06-06T13:23:12Z</time>
      <extensions>
        <dbm>-99</dbm>
        <cellinfo>mcc=450 mnc=5 ci=32194563 pci=282 tac=9554 rssi=-60 rsrp=-99 rsrq=-7 rssnr=250 cqi=NA</cellinfo>
      </extensions>
    </trkpt>
    <trkpt lat="33.358575" lon="126.503806">
      <ele>1663.261563</ele>
      <time>2019-06-06T13:23:25Z</time>
      <extensions>
        <dbm>-86</dbm>
        <cellinfo>mcc=450 mnc=5 ci=32194563 pci=282 tac=9554 rssi=-56 rsrp=-86 rsrq=-5 rssnr=250 cqi=NA</cellinfo>
      </extensions>
    </trkpt>
    <trkpt lat="33.358588" lon="126.503705">
      <ele>1662.036710</ele>
      <time>2019-06-06T13:24:08Z</time>
      <extensions>
        <dbm>-94</dbm>
        <cellinfo>mcc=450 mnc=5 ci=32194563 pci=282 tac=9554 rssi=-59 rsrp=-94 rsrq=-8 rssnr=136 cqi=NA</cellinfo>
      </extensions>
    </trkpt>
    <trkpt lat="33.358619" lon="126.503607">
      <ele>1660.902477</ele>
      <time>2019-06-06T13:24:26Z</time>
      <extensions>
        <dbm>-87</dbm>
        <cellinfo>mcc=450 mnc=5 ci=32194563 pci=282 tac=9554 rssi=-56 rsrp=-87 rsrq=-5 rssnr=142 cqi=NA</cellinfo>
      </extensions>
    </trkpt>
    <trkpt lat="33.358675" lon="126.503521">
      <ele>1659.874290</ele>
      <time>2019-06-06T13:24:39Z</time>
      <extensions>
        <dbm>-87</dbm>
        <cellinfo>mcc=450 mnc=5 ci=32194563 pci=282 tac=9554 rssi=-56 rsrp=-87 rsrq=-5 rssnr=142 cqi=NA</cellinfo>
      </extensions>
    </trkpt>
    <trkpt lat="33.358733" lon="126.503430">
      <ele>1658.786399</ele>
      <time>2019-06-06T13:24:49Z</time>
      <extensions>
        <dbm>-79</dbm>
        <cellinfo>mcc=450 mnc=5 ci=32194563 pci=282 tac=9554 rssi=-54 rsrp=-79 rsrq=-4 rssnr=142 cqi=NA</cellinfo>
      </extensions>
    </trkpt>
    <trkpt lat="33.358777" lon="126.503331">
      <ele>1657.613614</ele>
      <time>2019-06-06T13:24:58Z</time>
      <extensions>
        <dbm>-85</dbm>
        <cellinfo>mcc=450 mnc=5 ci=32194563 pci=282 tac=9554 rssi=-57 rsrp=-85 rsrq=-6 rssnr=142 cqi=NA</cellinfo>
      </extensions>
    </trkpt>
    <trkpt lat="33.358803" lon="126.503224">
      <ele>1656.346280</ele>
      <time>2019-06-06T13:25:15Z</time>
      <extensions>
        <dbm>-90</dbm>
        <cellinfo>mcc=450 mnc=5 ci=32194563 pci=282 tac=9554 rssi=-58 rsrp=-90 rsrq=-7 rssnr=142 cqi=NA</cellinfo>
      </extensions>
    </trkpt>
    <trkpt lat="33.358806" lon="126.503103">
      <ele>1655.151855</ele>
      <time>2019-06-06T13:25:26Z</time>
      <extensions>
        <dbm>-88</dbm>
        <cellinfo>mcc=450 mnc=5 ci=32194563 pci=282 tac=9554 rssi=-57 rsrp=-88 rsrq=-5 rssnr=142 cqi=NA</cellinfo>
      </extensions>
    </trkpt>
    <trkpt lat="33.358834" lon="126.503033">
      <ele>1654.034757</ele>
      <time>2019-06-06T13:25:39Z</time>
      <extensions>
        <dbm>-94</dbm>
        <cellinfo>mcc=450 mnc=5 ci=32194563 pci=282 tac=9554 rssi=-58 rsrp=-94 rsrq=-7 rssnr=90 cqi=NA</cellinfo>
      </extensions>
    </trkpt>
    <trkpt lat="33.358883" lon="126.503020">
      <ele>1653.572428</ele>
      <time>2019-06-06T13:26:22Z</time>
      <extensions>
        <dbm>-96</dbm>
        <cellinfo>mcc=450 mnc=5 ci=32194563 pci=282 tac=9554 rssi=-60 rsrp=-96 rsrq=-9 rssnr=116 cqi=NA</cellinfo>
      </extensions>
    </trkpt>
    <trkpt lat="33.358964" lon="126.503040">
      <ele>1652.196452</ele>
      <time>2019-06-06T13:26:31Z</time>
      <extensions>
        <dbm>-93</dbm>
        <cellinfo>mcc=450 mnc=5 ci=32194563 pci=282 tac=9554 rssi=-59 rsrp=-93 rsrq=-8 rssnr=116 cqi=NA</cellinfo>
      </extensions>
    </trkpt>
    <trkpt lat="33.359017" lon="126.503012">
      <ele>1650.663249</ele>
      <time>2019-06-06T13:26:38Z</time>
      <extensions>
        <dbm>-91</dbm>
        <cellinfo>mcc=450 mnc=5 ci=32194563 pci=282 tac=9554 rssi=-58 rsrp=-91 rsrq=-8 rssnr=70 cqi=NA</cellinfo>
      </extensions>
    </trkpt>
    <trkpt lat="33.359021" lon="126.503000">
      <ele>1649.123332</ele>
      <time>2019-06-06T13:26:50Z</time>
      <extensions>
        <dbm>-82</dbm>
        <cellinfo>mcc=450 mnc=5 ci=32194563 pci=282 tac=9554 rssi=-55 rsrp=-82 rsrq=-5 rssnr=84 cqi=NA</cellinfo>
      </extensions>
    </trkpt>
    <trkpt lat="33.358968" lon="126.503008">
      <ele>1648.362793</ele>
      <time>2019-06-06T13:27:04Z</time>
      <extensions>
        <dbm>-84</dbm>
        <cellinfo>mcc=450 mnc=5 ci=32194563 pci=282 tac=9554 rssi=-56 rsrp=-84 rsrq=-6 rssnr=98 cqi=NA</cellinfo>
      </extensions>
    </trkpt>
    <trkpt lat="33.358885" lon="126.503042">
      <ele>1646.924880</ele>
      <time>2019-06-06T13:27:10Z</time>
      <extensions>
        <dbm>-82</dbm>
        <cellinfo>mcc=450 mnc=5 ci=32194563 pci=282 tac=9554 rssi=-56 rsrp=-82 rsrq=-6 rssnr=90 cqi=NA</cellinfo>
      </extensions>
    </trkpt>
    <trkpt lat="33.358826" lon="126.503001">
      <ele>1645.163424</ele>
      <time>2019-06-06T13:27:16Z</time>
      <extensions>
        <dbm>-85</dbm>
        <cellinfo>mcc=450 mnc=5 ci=32194563 pci=282 tac=9554 rssi=-56 rsrp=-85 rsrq=-7 rssnr=90 cqi=NA</cellinfo>
      </extensions>
    </trkpt>
    <trkpt lat="33.358801" lon="126.502925">
      <ele>1644.427612</ele>
      <time>2019-06-06T13:27:20Z</time>
      <extensions>
        <dbm>-89</dbm>
        <cellinfo>mcc=450 mnc=5 ci=32194563 pci=282 tac=9554 rssi=-58 rsrp=-89 rsrq=-9 rssnr=90 cqi=NA</cellinfo>
      </extensions>
    </trkpt>
    <trkpt lat="33.358814" lon="126.502825">
      <ele>1642.572042</ele>
      <time>2019-06-06T13:27:24Z</time>
      <extensions>
        <dbm>-98</dbm>
        <cellinfo>mcc=450 mnc=5 ci=32194563 pci=282 tac=9554 rssi=-61 rsrp=-98 rsrq=-13 rssnr=90 cqi=NA</cellinfo>
      </extensions>
    </trkpt>
    <trkpt lat="33.358848" lon="126.502746">
      <ele>1640.635966</ele>
      <time>2019-06-06T13:27:32Z</time>
      <extensions>
        <dbm>-91</dbm>
        <cellinfo>mcc=450 mnc=5 ci=32194563 pci=282 tac=9554 rssi=-58 rsrp=-91 rsrq=-8 rssnr=90 cqi=NA</cellinfo>
      </extensions>
    </trkpt>
    <trkpt lat="33.358909" lon="126.502696">
      <ele>1638.604655</ele>
      <time>2019-06-06T13:27:45Z</time>
      <extensions>
        <dbm>-80</dbm>
        <cellinfo>mcc=450 mnc=5 ci=32194563 pci=282 tac=9554 rssi=-55 rsrp=-80 rsrq=-7 rssnr=90 cqi=NA</cellinfo>
      </extensions>
    </trkpt>
    <trkpt lat="33.358905" lon="126.502516">
      <ele>1625.170630</ele>
      <time>2019-06-06T13:27:50Z</time>
      <extensions>
        <dbm>-88</dbm>
        <cellinfo>mcc=450 mnc=5 ci=32194563 pci=282 tac=9554 rssi=-58 rsrp=-88 rsrq=-9 rssnr=90 cqi=NA</cellinfo>
      </extensions>
    </trkpt>
    <trkpt lat="33.358960" lon="126.502283">
      <ele>1618.891724</ele>
      <time>2019-06-06T13:27:58Z</time>
      <extensions>
        <dbm>-88</dbm>
        <cellinfo>mcc=450 mnc=5 ci=32194563 pci=282 tac=9554 rssi=-57 rsrp=-88 rsrq=-6 rssnr=110 cqi=NA</cellinfo>
      </extensions>
    </trkpt>
    <trkpt lat="33.359002" lon="126.502015">
      <ele>1624.172656</ele>
      <time>2019-06-06T13:28:00Z</time>
      <extensions>
        <dbm>-92</dbm>
        <cellinfo>mcc=450 mnc=5 ci=32194563 pci=282 tac=9554 rssi=-58 rsrp=-92 rsrq=-8 rssnr=110 cqi=NA</cellinfo>
      </extensions>
    </trkpt>
    <trkpt lat="33.359119" lon="126.501881">
      <ele>1619.321777</ele>
      <time>2019-06-06T13:28:05Z</time>
      <extensions>
        <dbm>-90</dbm>
        <cellinfo>mcc=450 mnc=5 ci=32194563 pci=282 tac=9554 rssi=-58 rsrp=-90 rsrq=-8 rssnr=196 cqi=NA</cellinfo>
      </extensions>
    </trkpt>
    <trkpt lat="33.359157" lon="126.501779">
      <ele>1617.425848</ele>
      <time>2019-06-06T13:28:14Z</time>
      <extensions>
        <dbm>-89</dbm>
        <cellinfo>mcc=450 mnc=5 ci=32194563 pci=282 tac=9554 rssi=-57 rsrp=-89 rsrq=-9 rssnr=206 cqi=NA</cellinfo>
      </extensions>
    </trkpt>
    <trkpt lat="33.359176" lon="126.501674">
      <ele>1616.048540</ele>
      <time>2019-06-06T13:28:35Z</time>
      <extensions>
        <dbm>-95</dbm>
        <cellinfo>mcc=450 mnc=5 ci=32194563 pci=282 tac=9554 rssi=-60 rsrp=-95 rsrq=-10 rssnr=206 cqi=NA</cellinfo>
      </extensions>
    </trkpt>
    <trkpt lat="33.359197" lon="126.501578">
      <ele>1614.346613</ele>
      <time>2019-06-06T13:28:50Z</time>
      <extensions>
        <dbm>-91</dbm>
        <cellinfo>mcc=450 mnc=5 ci=32194563 pci=282 tac=9554 rssi=-59 rsrp=-91 rsrq=-11 rssnr=206 cqi=NA</cellinfo>
      </extensions>
    </trkpt>
    <trkpt lat="33.359212" lon="126.501482">
      <ele>1612.839733</ele>
      <time>2019-06-06T13:29:02Z</time>
      <extensions>
        <dbm>-92</dbm>
        <cellinfo>mcc=450 mnc=5 ci=32195859 pci=13 tac=9554 rssi=-59 rsrp=-92 rsrq=-10 rssnr=206 cqi=NA</cellinfo>
      </extensions>
    </trkpt>
    <trkpt lat="33.359228" lon="126.501384">
      <ele>1610.444797</ele>
      <time>2019-06-06T13:29:10Z</time>
      <extensions>
        <dbm>-95</dbm>
        <cellinfo>mcc=450 mnc=5 ci=32195859 pci=13 tac=9554 rssi=-60 rsrp=-95 rsrq=-10 rssnr=206 cqi=NA</cellinfo>
      </extensions>
    </trkpt>
    <trkpt lat="33.359241" lon="126.501279">
      <ele>1609.821832</ele>
      <time>2019-06-06T13:29:20Z</time>
      <extensions>
        <dbm>-75</dbm>
        <cellinfo>mcc=450 mnc=5 ci=32194563 pci=282 tac=9554 rssi=-53 rsrp=-75 rsrq=-5 rssnr=206 cqi=NA</cellinfo>
      </extensions>
    </trkpt>
    <trkpt lat="33.359237" lon="126.501180">
      <ele>1608.856391</ele>
      <time>2019-06-06T13:29:34Z</time>
      <extensions>
        <dbm>-89</dbm>
        <cellinfo>mcc=450 mnc=5 ci=32194563 pci=282 tac=9554 rssi=-57 rsrp=-89 rsrq=-6 rssnr=206 cqi=NA</cellinfo>
      </extensions>
    </trkpt>
    <trkpt lat="33.359236" lon="126.501084">
      <ele>1608.107069</ele>
      <time>2019-06-06T13:29:46Z</time>
      <extensions>
        <dbm>-88</dbm>
        <cellinfo>mcc=450 mnc=5 ci=32194563 pci=282 tac=9554 rssi=-56 rsrp=-88 rsrq=-6 rssnr=206 cqi=NA</cellinfo>
      </extensions>
    </trkpt>
    <trkpt lat="33.359221" lon="126.500980">
      <ele>1608.037625</ele>
      <time>2019-06-06T13:29:55Z</time>
      <extensions>
        <dbm>-93</dbm>
        <cellinfo>mcc=450 mnc=5 ci=32194563 pci=282 tac=9554 rssi=-59 rsrp=-93 rsrq=-9 rssnr=206 cqi=NA</cellinfo>
      </extensions>
    </trkpt>
    <trkpt lat="33.359212" lon="126.500878">
      <ele>1608.228977</ele>
      <time>2019-06-06T13:30:09Z</time>
      <extensions>
        <dbm>-95</dbm>
        <cellinfo>mcc=450 mnc=5 ci=32194563 pci=282 tac=9554 rssi=-59 rsrp=-95 rsrq=-8 rssnr=206 cqi=NA</cellinfo>
      </extensions>
    </trkpt>
    <trkpt lat="33.359203" lon="126.500772">
      <ele>1608.228977</ele>
      <time>2019-06-06T13:30:19Z</time>
      <extensions>
        <dbm>-90</dbm>
        <cellinfo>mcc=450 mnc=5 ci=32194563 pci=282 tac=9554 rssi=-58 rsrp=-90 rsrq=-10 rssnr=206 cqi=NA</cellinfo>
      </extensions>
    </trkpt>
    <trkpt lat="33.359186" lon="126.500667">
      <ele>1607.412476</ele>
      <time>2019-06-06T13:31:00Z</time>
      <extensions>
        <dbm>-93</dbm>
        <cellinfo>mcc=450 mnc=5 ci=32194563 pci=282 tac=9554 rssi=-59 rsrp=-93 rsrq=-8 rssnr=84 cqi=NA</cellinfo>
      </extensions>
    </trkpt>
    <trkpt lat="33.359191" lon="126.500559">
      <ele>1607.412476</ele>
      <time>2019-06-06T13:31:10Z</time>
      <extensions>
        <dbm>-99</dbm>
        <cellinfo>mcc=450 mnc=5 ci=32194563 pci=282 tac=9554 rssi=-61 rsrp=-99 rsrq=-11 rssnr=16 cqi=NA</cellinfo>
      </extensions>
    </trkpt>
    <trkpt lat="33.359186" lon="126.500452">
      <ele>1606.712247</ele>
      <time>2019-06-06T13:31:22Z</time>
      <extensions>
        <dbm>-87</dbm>
        <cellinfo>mcc=450 mnc=5 ci=32194563 pci=282 tac=9554 rssi=-57 rsrp=-87 rsrq=-6 rssnr=102 cqi=NA</cellinfo>
      </extensions>
    </trkpt>
    <trkpt lat="33.359185" lon="126.500349">
      <ele>1606.712247</ele>
      <time>2019-06-06T13:31:35Z</time>
      <extensions>
        <dbm>-88</dbm>
        <cellinfo>mcc=450 mnc=5 ci=32194563 pci=282 tac=9554 rssi=-57 rsrp=-88 rsrq=-7 rssnr=102 cqi=NA</cellinfo>
      </extensions>
    </trkpt>
    <trkpt lat="33.359164" lon="126.500245">
      <ele>1606.168872</ele>
      <time>2019-06-06T13:31:50Z</time>
      <extensions>
        <dbm>-83</dbm>
        <cellinfo>mcc=450 mnc=5 ci=32194563 pci=282 tac=9554 rssi=-56 rsrp=-83 rsrq=-6 rssnr=180 cqi=NA</cellinfo>
      </extensions>
    </trkpt>
    <trkpt lat="33.359183" lon="126.499940">
      <ele>1601.699788</ele>
      <time>2019-06-06T13:32:09Z</time>
      <extensions>
        <dbm>-81</dbm>
        <cellinfo>mcc=450 mnc=5 ci=32194563 pci=282 tac=9554 rssi=-55 rsrp=-81 rsrq=-6 rssnr=186 cqi=NA</cellinfo>
      </extensions>
    </trkpt>
    <trkpt lat="33.359220" lon="126.499635">
      <ele>1598.441193</ele>
      <time>2019-06-06T13:35:14Z</time>
      <extensions>
        <dbm>-87</dbm>
        <cellinfo>mcc=450 mnc=5 ci=32194563 pci=282 tac=9554 rssi=-56 rsrp=-87 rsrq=-6 rssnr=122 cqi=NA</cellinfo>
      </extensions>
    </trkpt>
    <trkpt lat="33.359272" lon="126.499320">
      <ele>1596.955377</ele>
      <time>2019-06-06T13:35:23Z</time>
      <extensions>
        <dbm>-82</dbm>
        <cellinfo>mcc=450 mnc=5 ci=32194563 pci=282 tac=9554 rssi=-55 rsrp=-82 rsrq=-6 rssnr=122 cqi=NA</cellinfo>
      </extensions>
    </trkpt>
    <trkpt lat="33.359295" lon="126.499207">
      <ele>1591.829454</ele>
      <time>2019-06-06T13:35:41Z</time>
      <extensions>
        <dbm>-81</dbm>
        <cellinfo>mcc=450 mnc=5 ci=32194563 pci=282 tac=9554 rssi=-55 rsrp=-81 rsrq=-5 rssnr=122 cqi=NA</cellinfo>
      </extensions>
    </trkpt>
    <trkpt lat="33.359296" lon="126.499087">
      <ele>1586.621446</ele>
      <time>2019-06-06T13:35:49Z</time>
      <extensions>
        <dbm>-88</dbm>
        <cellinfo>mcc=450 mnc=5 ci=32194563 pci=282 tac=9554 rssi=-57 rsrp=-88 rsrq=-5 rssnr=122 cqi=NA</cellinfo>
      </extensions>
    </trkpt>
    <trkpt lat="33.359295" lon="126.498968">
      <ele>1581.664307</ele>
      <time>2019-06-06T13:35:58Z</time>
      <extensions>
        <dbm>-76</dbm>
        <cellinfo>mcc=450 mnc=5 ci=32194563 pci=282 tac=9554 rssi=-53 rsrp=-76 rsrq=-6 rssnr=122 cqi=NA</cellinfo>
      </extensions>
    </trkpt>
    <trkpt lat="33.359259" lon="126.498880">
      <ele>1573.462372</ele>
      <time>2019-06-06T13:36:11Z</time>
      <extensions>
        <dbm>-84</dbm>
        <cellinfo>mcc=450 mnc=5 ci=32194563 pci=282 tac=9554 rssi=-56 rsrp=-84 rsrq=-7 rssnr=122 cqi=NA</cellinfo>
      </extensions>
    </trkpt>
    <trkpt lat="33.359214" lon="126.498799">
      <ele>1571.085748</ele>
      <time>2019-06-06T13:36:21Z</time>
      <extensions>
        <dbm>-87</dbm>
        <cellinfo>mcc=450 mnc=5 ci=32194563 pci=282 tac=9554 rssi=-57 rsrp=-87 rsrq=-8 rssnr=122 cqi=NA</cellinfo>
      </extensions>
    </trkpt>
    <trkpt lat="33.359139" lon="126.498745">
      <ele>1566.258382</ele>
      <time>2019-06-06T13:36:31Z</time>
      <extensions>
        <dbm>-84</dbm>
        <cellinfo>mcc=450 mnc=5 ci=32194563 pci=282 tac=9554 rssi=-56 rsrp=-84 rsrq=-7 rssnr=122 cqi=NA</cellinfo>
      </extensions>
    </trkpt>
    <trkpt lat="33.359079" lon="126.498674">
      <ele>1557.762131</ele>
      <time>2019-06-06T13:36:50Z</time>
      <extensions>
        <dbm>-88</dbm>
        <cellinfo>mcc=450 mnc=5 ci=32195859 pci=13 tac=9554 rssi=-57 rsrp=-88 rsrq=-7 rssnr=122 cqi=NA</cellinfo>
      </extensions>
    </trkpt>
    <trkpt lat="33.359002" lon="126.498617">
      <ele>1552.904953</ele>
      <time>2019-06-06T13:37:02Z</time>
      <extensions>
        <dbm>-106</dbm>
        <cellinfo>mcc=450 mnc=5 ci=32194563 pci=282 tac=9554 rssi=-64 rsrp=-106 rsrq=-16 rssnr=122 cqi=NA</cellinfo>
      </extensions>
    </trkpt>
    <trkpt lat="33.358945" lon="126.498542">
      <ele>1550.979813</ele>
      <time>2019-06-06T13:37:19Z</time>
      <extensions>
        <dbm>-85</dbm>
        <cellinfo>mcc=450 mnc=5 ci=32195855 pci=2 tac=9554 rssi=-55 rsrp=-85 rsrq=-7 rssnr=122 cqi=NA</cellinfo>
      </extensions>
    </trkpt>
    <trkpt lat="33.358888" lon="126.498459">
      <ele>1549.577243</ele>
      <time>2019-06-06T13:37:34Z</time>
      <extensions>
        <dbm>-89</dbm>
        <cellinfo>mcc=450 mnc=5 ci=32194563 pci=282 tac=9554 rssi=-57 rsrp=-89 rsrq=-8 rssnr=122 cqi=NA</cellinfo>
      </extensions>
    </trkpt>
    <trkpt lat="33.358845" lon="126.498361">
      <ele>1548.399521</ele>
      <time>2019-06-06T13:37:50Z</time>
      <extensions>
        <dbm>-83</dbm>
        <cellinfo>mcc=450 mnc=5 ci=32194563 pci=282 tac=9554 rssi=-56 rsrp=-83 rsrq=-6 rssnr=122 cqi=NA</cellinfo>
      </extensions>
    </trkpt>
    <trkpt lat="33.358784" lon="126.498274">
      <ele>1545.852219</ele>
      <time>2019-06-06T13:38:00Z</time>
      <extensions>
        <dbm>-92</dbm>
        <cellinfo>mcc=450 mnc=5 ci=32195859 pci=13 tac=9554 rssi=-59 rsrp=-92 rsrq=-9 rssnr=122 cqi=NA</cellinfo>
      </extensions>
    </trkpt>
    <trkpt lat="33.358777" lon="126.498203">
      <ele>1544.093696</ele>
      <time>2019-06-06T13:38:11Z</time>
      <extensions>
        <dbm>-85</dbm>
        <cellinfo>mcc=450 mnc=5 ci=32194563 pci=282 tac=9554 rssi=-56 rsrp=-85 rsrq=-7 rssnr=122 cqi=NA</cellinfo>
      </extensions>
    </trkpt>
    <trkpt lat="33.358809" lon="126.498129">
      <ele>1542.290063</ele>
      <time>2019-06-06T13:38:48Z</time>
      <extensions>
        <dbm>-98</dbm>
        <cellinfo>mcc=450 mnc=5 ci=32195867 pci=31 tac=9554 rssi=-61 rsrp=-98 rsrq=-12 rssnr=-14 cqi=NA</cellinfo>
      </extensions>
    </trkpt>
    <trkpt lat="33.357948" lon="126.497713">
      <ele>1526.784668</ele>
      <time>2019-06-06T13:38:59Z</time>
      <extensions>
        <dbm>-93</dbm>
        <cellinfo>mcc=450 mnc=5 ci=32195851 pci=2 tac=9554 rssi=-59 rsrp=-93 rsrq=-9 rssnr=-26 cqi=NA</cellinfo>
      </extensions>
    </trkpt>
    <trkpt lat="33.357138" lon="126.497369">
      <ele>1526.784668</ele>
      <time>2019-06-06T13:42:53Z</time>
      <extensions>
        <dbm>-94</dbm>
        <cellinfo>mcc=450 mnc=5 ci=32195859 pci=13 tac=9554 rssi=-59 rsrp=-94 rsrq=-9 rssnr=18 cqi=NA</cellinfo>
      </extensions>
    </trkpt>
    <trkpt lat="33.356389" lon="126.497068">
      <ele>1523.976929</ele>
      <time>2019-06-06T13:42:55Z</time>
      <extensions>
        <dbm>-97</dbm>
        <cellinfo>mcc=450 mnc=5 ci=32195859 pci=13 tac=9554 rssi=-60 rsrp=-97 rsrq=-11 rssnr=18 cqi=NA</cellinfo>
      </extensions>
    </trkpt>
    <trkpt lat="33.356642" lon="126.497015">
      <ele>1522.273682</ele>
      <time>2019-06-06T13:43:05Z</time>
      <extensions>
        <dbm>-98</dbm>
        <cellinfo>mcc=450 mnc=5 ci=32195859 pci=13 tac=9554 rssi=-61 rsrp=-98 rsrq=-13 rssnr=16 cqi=NA</cellinfo>
      </extensions>
    </trkpt>
    <trkpt lat="33.356823" lon="126.496940">
      <ele>1519.481323</ele>
      <time>2019-06-06T13:43:06Z</time>
      <extensions>
        <dbm>-98</dbm>
        <cellinfo>mcc=450 mnc=5 ci=32195859 pci=13 tac=9554 rssi=-61 rsrp=-98 rsrq=-13 rssnr=16 cqi=NA</cellinfo>
      </extensions>
    </trkpt>
    <trkpt lat="33.356899" lon="126.496850">
      <ele>1514.060522</ele>
      <time>2019-06-06T13:43:08Z</time>
      <extensions>
        <dbm>-89</dbm>
        <cellinfo>mcc=450 mnc=5 ci=32195851 pci=2 tac=9554 rssi=-57 rsrp=-89 rsrq=-8 rssnr=16 cqi=NA</cellinfo>
      </extensions>
    </trkpt>
    <trkpt lat="33.356868" lon="126.496898">
      <ele>1510.879486</ele>
      <time>2019-06-06T13:43:27Z</time>
      <extensions>
        <dbm>-85</dbm>
        <cellinfo>mcc=450 mnc=5 ci=32195851 pci=2 tac=9554 rssi=-56 rsrp=-85 rsrq=-8 rssnr=48 cqi=NA</cellinfo>
      </extensions>
    </trkpt>
    <trkpt lat="33.356799" lon="126.496909">
      <ele>1498.540845</ele>
      <time>2019-06-06T13:44:10Z</time>
      <extensions>
        <dbm>-86</dbm>
        <cellinfo>mcc=450 mnc=5 ci=32195851 pci=2 tac=9554 rssi=-57 rsrp=-86 rsrq=-8 rssnr=96 cqi=NA</cellinfo>
      </extensions>
    </trkpt>
    <trkpt lat="33.356723" lon="126.496916">
      <ele>1489.444438</ele>
      <time>2019-06-06T13:44:22Z</time>
      <extensions>
        <dbm>-98</dbm>
        <cellinfo>mcc=450 mnc=5 ci=32195851 pci=2 tac=9554 rssi=-61 rsrp=-98 rsrq=-14 rssnr=96 cqi=NA</cellinfo>
      </extensions>
    </trkpt>
    <trkpt lat="33.356648" lon="126.496883">
      <ele>1475.763835</ele>
      <time>2019-06-06T13:44:32Z</time>
      <extensions>
        <dbm>-97</dbm>
        <cellinfo>mcc=450 mnc=5 ci=32195851 pci=2 tac=9554 rssi=-60 rsrp=-97 rsrq=-11 rssnr=96 cqi=NA</cellinfo>
      </extensions>
    </trkpt>
    <trkpt lat="33.356562" lon="126.496848">
      <ele>1469.650391</ele>
      <time>2019-06-06T13:44:52Z</time>
      <extensions>
        <dbm>-87</dbm>
        <cellinfo>mcc=450 mnc=5 ci=32195851 pci=2 tac=9554 rssi=-57 rsrp=-87 rsrq=-8 rssnr=96 cqi=NA</cellinfo>
      </extensions>
    </trkpt>
    <trkpt lat="33.356479" lon="126.496807">
      <ele>1461.063924</ele>
      <time>2019-06-06T13:45:06Z</time>
      <extensions>
        <dbm>-88</dbm>
        <cellinfo>mcc=450 mnc=5 ci=32195851 pci=2 tac=9554 rssi=-57 rsrp=-88 rsrq=-8 rssnr=96 cqi=NA</cellinfo>
      </extensions>
    </trkpt>
    <trkpt lat="33.356408" lon="126.496743">
      <ele>1456.302699</ele>
      <time>2019-06-06T13:46:11Z</time>
      <extensions>
        <dbm>-102</dbm>
        <cellinfo>mcc=450 mnc=5 ci=32195851 pci=2 tac=9554 rssi=-61 rsrp=-102 rsrq=-11 rssnr=72 cqi=NA</cellinfo>
      </extensions>
    </trkpt>
    <trkpt lat="33.356397" lon="126.496681">
      <ele>1454.507996</ele>
      <time>2019-06-06T13:46:53Z</time>
      <extensions>
        <dbm>-88</dbm>
        <cellinfo>mcc=450 mnc=5 ci=32195851 pci=2 tac=9554 rssi=-57 rsrp=-88 rsrq=-6 rssnr=212 cqi=NA</cellinfo>
      </extensions>
    </trkpt>
    <trkpt lat="33.356431" lon="126.496649">
      <ele>1457.768840</ele>
      <time>2019-06-06T13:47:11Z</time>
      <extensions>
        <dbm>-98</dbm>
        <cellinfo>mcc=450 mnc=5 ci=32195851 pci=2 tac=9554 rssi=-59 rsrp=-98 rsrq=-8 rssnr=108 cqi=NA</cellinfo>
      </extensions>
    </trkpt>
    <trkpt lat="33.356379" lon="126.496738">
      <ele>1448.419447</ele>
      <time>2019-06-06T13:47:19Z</time>
      <extensions>
        <dbm>-97</dbm>
        <cellinfo>mcc=450 mnc=5 ci=32195851 pci=2 tac=9554 rssi=-59 rsrp=-97 rsrq=-6 rssnr=166 cqi=NA</cellinfo>
      </extensions>
    </trkpt>
    <trkpt lat="33.356281" lon="126.496857">
      <ele>1442.924713</ele>
      <time>2019-06-06T13:47:27Z</time>
      <extensions>
        <dbm>-105</dbm>
        <cellinfo>mcc=450 mnc=5 ci=32195851 pci=2 tac=9554 rssi=-62 rsrp=-105 rsrq=-9 rssnr=166 cqi=NA</cellinfo>
      </extensions>
    </trkpt>
    <trkpt lat="33.356171" lon="126.497000">
      <ele>1441.016941</ele>
      <time>2019-06-06T13:47:32Z</time>
      <extensions>
        <dbm>-101</dbm>
        <cellinfo>mcc=450 mnc=5 ci=32195851 pci=2 tac=9554 rssi=-60 rsrp=-101 rsrq=-7 rssnr=166 cqi=NA</cellinfo>
      </extensions>
    </trkpt>
    <trkpt lat="33.356164" lon="126.497057">
      <ele>1441.016941</ele>
      <time>2019-06-06T13:47:44Z</time>
      <extensions>
        <dbm>-96</dbm>
        <cellinfo>mcc=450 mnc=5 ci=32195855 pci=2 tac=9554 rssi=-59 rsrp=-96 rsrq=-9 rssnr=166 cqi=NA</cellinfo>
      </extensions>
    </trkpt>
    <trkpt lat="33.356183" lon="126.497083">
      <ele>1405.103149</ele>
      <time>2019-06-06T13:47:55Z</time>
      <extensions>
        <pause>start</pause>
        <type>unknown</type>
        <dbm>-94</dbm>
        <cellinfo>mcc=450 mnc=5 ci=32195871 pci=31 tac=9554 rssi=-58 rsrp=-94 rsrq=-7 rssnr=166 cqi=NA</cellinfo>
      </extensions>
    </trkpt>
    <trkpt lat="33.356150" lon="126.497393">
      <ele>1396.078735</ele>
      <time>2019-06-06T13:48:57Z</time>
      <extensions>
        <pause>end</pause>
        <type>auto</type>
        <dbm>-92</dbm>
        <cellinfo>mcc=450 mnc=5 ci=32195871 pci=31 tac=9554 rssi=-58 rsrp=-92 rsrq=-9 rssnr=72 cqi=NA</cellinfo>
      </extensions>
    </trkpt>
    <trkpt lat="33.356117" lon="126.497493">
      <ele>1423.441223</ele>
      <time>2019-06-06T13:49:25Z</time>
      <extensions>
        <dbm>-102</dbm>
        <cellinfo>mcc=450 mnc=5 ci=32195867 pci=31 tac=9554 rssi=-62 rsrp=-102 rsrq=-12 rssnr=126 cqi=NA</cellinfo>
      </extensions>
    </trkpt>
    <trkpt lat="33.356066" lon="126.497576">
      <ele>1419.318823</ele>
      <time>2019-06-06T13:49:50Z</time>
      <extensions>
        <dbm>-82</dbm>
        <cellinfo>mcc=450 mnc=5 ci=32195871 pci=31 tac=9554 rssi=-54 rsrp=-82 rsrq=-6 rssnr=242 cqi=NA</cellinfo>
      </extensions>
    </trkpt>
    <trkpt lat="33.355996" lon="126.497624">
      <ele>1415.248340</ele>
      <time>2019-06-06T13:50:02Z</time>
      <extensions>
        <dbm>-91</dbm>
        <cellinfo>mcc=450 mnc=5 ci=32195871 pci=31 tac=9554 rssi=-56 rsrp=-91 rsrq=-6 rssnr=168 cqi=NA</cellinfo>
      </extensions>
    </trkpt>
    <trkpt lat="33.355916" lon="126.497671">
      <ele>1411.181079</ele>
      <time>2019-06-06T13:50:28Z</time>
      <extensions>
        <dbm>-96</dbm>
        <cellinfo>mcc=450 mnc=5 ci=32195867 pci=31 tac=9554 rssi=-59 rsrp=-96 rsrq=-5 rssnr=248 cqi=NA</cellinfo>
      </extensions>
    </trkpt>
    <trkpt lat="33.355837" lon="126.497695">
      <ele>1406.947070</ele>
      <time>2019-06-06T13:50:41Z</time>
      <extensions>
        <dbm>-76</dbm>
        <cellinfo>mcc=450 mnc=5 ci=32195871 pci=31 tac=9554 rssi=-53 rsrp=-76 rsrq=-5 rssnr=240 cqi=NA</cellinfo>
      </extensions>
    </trkpt>
    <trkpt lat="33.355759" lon="126.497732">
      <ele>1402.758936</ele>
      <time>2019-06-06T13:51:00Z</time>
      <extensions>
        <dbm>-77</dbm>
        <cellinfo>mcc=450 mnc=5 ci=32195871 pci=31 tac=9554 rssi=-53 rsrp=-77 rsrq=-6 rssnr=240 cqi=NA</cellinfo>
      </extensions>
    </trkpt>
    <trkpt lat="33.355687" lon="126.497775">
      <ele>1398.002881</ele>
      <time>2019-06-06T13:51:16Z</time>
      <extensions>
        <dbm>-81</dbm>
        <cellinfo>mcc=450 mnc=5 ci=32195871 pci=31 tac=9554 rssi=-54 rsrp=-81 rsrq=-5 rssnr=166 cqi=NA</cellinfo>
      </extensions>
    </trkpt>
    <trkpt lat="33.355606" lon="126.497824">
      <ele>1393.223315</ele>
      <time>2019-06-06T13:51:36Z</time>
      <extensions>
        <dbm>-93</dbm>
        <cellinfo>mcc=450 mnc=5 ci=32195867 pci=31 tac=9554 rssi=-58 rsrp=-93 rsrq=-6 rssnr=166 cqi=NA</cellinfo>
      </extensions>
    </trkpt>
    <trkpt lat="33.355522" lon="126.497846">
      <ele>1387.608548</ele>
      <time>2019-06-06T13:51:49Z</time>
      <extensions>
        <dbm>-77</dbm>
        <cellinfo>mcc=450 mnc=5 ci=32195871 pci=31 tac=9554 rssi=-52 rsrp=-77 rsrq=-4 rssnr=166 cqi=NA</cellinfo>
      </extensions>
    </trkpt>
    <trkpt lat="33.355428" lon="126.497848">
      <ele>1385.403650</ele>
      <time>2019-06-06T13:52:03Z</time>
      <extensions>
        <dbm>-86</dbm>
        <cellinfo>mcc=450 mnc=5 ci=32195867 pci=31 tac=9554 rssi=-58 rsrp=-86 rsrq=-5 rssnr=248 cqi=NA</cellinfo>
      </extensions>
    </trkpt>
    <trkpt lat="33.355340" lon="126.497853">
      <ele>1381.189185</ele>
      <time>2019-06-06T13:52:28Z</time>
      <extensions>
        <dbm>-78</dbm>
        <cellinfo>mcc=450 mnc=5 ci=32195867 pci=31 tac=9554 rssi=-54 rsrp=-78 rsrq=-5 rssnr=248 cqi=NA</cellinfo>
      </extensions>
    </trkpt>
    <trkpt lat="33.355254" lon="126.497891">
      <ele>1377.101233</ele>
      <time>2019-06-06T13:52:38Z</time>
      <extensions>
        <dbm>-87</dbm>
        <cellinfo>mcc=450 mnc=5 ci=32195867 pci=31 tac=9554 rssi=-56 rsrp=-87 rsrq=-5 rssnr=248 cqi=NA</cellinfo>
      </extensions>
    </trkpt>
    <trkpt lat="33.355174" lon="126.497945">
      <ele>1375.265436</ele>
      <time>2019-06-06T13:52:53Z</time>
      <extensions>
        <dbm>-82</dbm>
        <cellinfo>mcc=450 mnc=5 ci=32195867 pci=31 tac=9554 rssi=-54 rsrp=-82 rsrq=-3 rssnr=248 cqi=NA</cellinfo>
      </extensions>
    </trkpt>
    <trkpt lat="33.355094" lon="126.498001">
      <ele>1369.634692</ele>
      <time>2019-06-06T13:53:07Z</time>
      <extensions>
        <dbm>-66</dbm>
        <cellinfo>mcc=450 mnc=5 ci=32195867 pci=31 tac=9554 rssi=-48 rsrp=-66 rsrq=-3 rssnr=248 cqi=NA</cellinfo>
      </extensions>
    </trkpt>
    <trkpt lat="33.355011" lon="126.498054">
      <ele>1366.712231</ele>
      <time>2019-06-06T13:53:16Z</time>
      <extensions>
        <dbm>-74</dbm>
        <cellinfo>mcc=450 mnc=5 ci=32195867 pci=31 tac=9554 rssi=-52 rsrp=-74 rsrq=-5 rssnr=248 cqi=NA</cellinfo>
      </extensions>
    </trkpt>
    <trkpt lat="33.354928" lon="126.498114">
      <ele>1365.703014</ele>
      <time>2019-06-06T13:53:31Z</time>
      <extensions>
        <dbm>-83</dbm>
        <cellinfo>mcc=450 mnc=5 ci=32195867 pci=31 tac=9554 rssi=-56 rsrp=-83 rsrq=-5 rssnr=248 cqi=NA</cellinfo>
      </extensions>
    </trkpt>
    <trkpt lat="33.354848" lon="126.498181">
      <ele>1363.844275</ele>
      <time>2019-06-06T13:53:47Z</time>
      <extensions>
        <dbm>-94</dbm>
        <cellinfo>mcc=450 mnc=5 ci=32195867 pci=31 tac=9554 rssi=-58 rsrp=-94 rsrq=-6 rssnr=248 cqi=NA</cellinfo>
      </extensions>
    </trkpt>
    <trkpt lat="33.354779" lon="126.498261">
      <ele>1361.743140</ele>
      <time>2019-06-06T13:54:00Z</time>
      <extensions>
        <dbm>-95</dbm>
        <cellinfo>mcc=450 mnc=5 ci=32195867 pci=31 tac=9554 rssi=-58 rsrp=-95 rsrq=-5 rssnr=248 cqi=NA</cellinfo>
      </extensions>
    </trkpt>
    <trkpt lat="33.354714" lon="126.498342">
      <ele>1359.824561</ele>
      <time>2019-06-06T13:54:09Z</time>
      <extensions>
        <dbm>-100</dbm>
        <cellinfo>mcc=450 mnc=5 ci=32195867 pci=31 tac=9554 rssi=-60 rsrp=-100 rsrq=-7 rssnr=248 cqi=NA</cellinfo>
      </extensions>
    </trkpt>
    <trkpt lat="33.354665" lon="126.498439">
      <ele>1358.465234</ele>
      <time>2019-06-06T13:54:23Z</time>
      <extensions>
        <dbm>-79</dbm>
        <cellinfo>mcc=450 mnc=5 ci=32195871 pci=31 tac=9554 rssi=-54 rsrp=-79 rsrq=-5 rssnr=248 cqi=NA</cellinfo>
      </extensions>
    </trkpt>
    <trkpt lat="33.354605" lon="126.498522">
      <ele>1357.567249</ele>
      <time>2019-06-06T13:54:35Z</time>
      <extensions>
        <dbm>-91</dbm>
        <cellinfo>mcc=450 mnc=5 ci=32195867 pci=31 tac=9554 rssi=-57 rsrp=-91 rsrq=-6 rssnr=248 cqi=NA</cellinfo>
      </extensions>
    </trkpt>
    <trkpt lat="33.354554" lon="126.498612">
      <ele>1357.035608</ele>
      <time>2019-06-06T13:54:47Z</time>
      <extensions>
        <dbm>-94</dbm>
        <cellinfo>mcc=450 mnc=5 ci=32195867 pci=31 tac=9554 rssi=-58 rsrp=-94 rsrq=-7 rssnr=248 cqi=NA</cellinfo>
      </extensions>
    </trkpt>
    <trkpt lat="33.354516" lon="126.498704">
      <ele>1356.831885</ele>
      <time>2019-06-06T13:55:00Z</time>
      <extensions>
        <dbm>-88</dbm>
        <cellinfo>mcc=450 mnc=5 ci=32195867 pci=31 tac=9554 rssi=-57 rsrp=-88 rsrq=-6 rssnr=248 cqi=NA</cellinfo>
      </extensions>
    </trkpt>
    <trkpt lat="33.354520" lon="126.498813">
      <ele>1356.831885</ele>
      <time>2019-06-06T13:55:11Z</time>
      <extensions>
        <dbm>-76</dbm>
        <cellinfo>mcc=450 mnc=5 ci=32195867 pci=31 tac=9554 rssi=-53 rsrp=-76 rsrq=-5 rssnr=248 cqi=NA</cellinfo>
      </extensions>
    </trkpt>
    <trkpt lat="33.354559" lon="126.498903">
      <ele>1356.612537</ele>
      <time>2019-06-06T13:55:20Z</time>
      <extensions>
        <dbm>-65</dbm>
        <cellinfo>mcc=450 mnc=5 ci=32195867 pci=31 tac=9554 rssi=-48 rsrp=-65 rsrq=-5 rssnr=248 cqi=NA</cellinfo>
      </extensions>
    </trkpt>
    <trkpt lat="33.354583" lon="126.498991">
      <ele>1356.385913</ele>
      <time>2019-06-06T13:55:33Z</time>
      <extensions>
        <dbm>-72</dbm>
        <cellinfo>mcc=450 mnc=5 ci=32195867 pci=31 tac=9554 rssi=-51 rsrp=-72 rsrq=-5 rssnr=248 cqi=NA</cellinfo>
      </extensions>
    </trkpt>
    <trkpt lat="33.354572" lon="126.499070">
      <ele>1356.194924</ele>
      <time>2019-06-06T13:55:44Z</time>
      <extensions>
        <dbm>-64</dbm>
        <cellinfo>mcc=450 mnc=5 ci=32195867 pci=31 tac=9554 rssi=-47 rsrp=-64 rsrq=-5 rssnr=248 cqi=NA</cellinfo>
      </extensions>
    </trkpt>
    <trkpt lat="33.354515" lon="126.499106">
      <ele>1355.849598</ele>
      <time>2019-06-06T13:55:51Z</time>
      <extensions>
        <dbm>-64</dbm>
        <cellinfo>mcc=450 mnc=5 ci=32195867 pci=31 tac=9554 rssi=-47 rsrp=-64 rsrq=-6 rssnr=248 cqi=NA</cellinfo>
      </extensions>
    </trkpt>
    <trkpt lat="33.354448" lon="126.499087">
      <ele>1355.492387</ele>
      <time>2019-06-06T13:56:03Z</time>
      <extensions>
        <dbm>-71</dbm>
        <cellinfo>mcc=450 mnc=5 ci=32195867 pci=31 tac=9554 rssi=-51 rsrp=-71 rsrq=-5 rssnr=248 cqi=NA</cellinfo>
      </extensions>
    </trkpt>
    <trkpt lat="33.354369" lon="126.499053">
      <ele>1355.188909</ele>
      <time>2019-06-06T13:56:18Z</time>
      <extensions>
        <dbm>-83</dbm>
        <cellinfo>mcc=450 mnc=5 ci=32195867 pci=31 tac=9554 rssi=-53 rsrp=-83 rsrq=-5 rssnr=248 cqi=NA</cellinfo>
      </extensions>
    </trkpt>
    <trkpt lat="33.354295" lon="126.499018">
      <ele>1354.983032</ele>
      <time>2019-06-06T13:56:28Z</time>
      <extensions>
        <dbm>-82</dbm>
        <cellinfo>mcc=450 mnc=5 ci=32195867 pci=31 tac=9554 rssi=-55 rsrp=-82 rsrq=-5 rssnr=300 cqi=NA</cellinfo>
      </extensions>
    </trkpt>
    <trkpt lat="33.354211" lon="126.499013">
      <ele>1354.983032</ele>
      <time>2019-06-06T13:56:43Z</time>
      <extensions>
        <dbm>-86</dbm>
        <cellinfo>mcc=450 mnc=5 ci=32195867 pci=31 tac=9554 rssi=-56 rsrp=-86 rsrq=-5 rssnr=300 cqi=NA</cellinfo>
      </extensions>
    </trkpt>
    <trkpt lat="33.354131" lon="126.499006">
      <ele>1354.904277</ele>
      <time>2019-06-06T13:56:54Z</time>
      <extensions>
        <dbm>-84</dbm>
        <cellinfo>mcc=450 mnc=5 ci=32195867 pci=31 tac=9554 rssi=-56 rsrp=-84 rsrq=-6 rssnr=300 cqi=NA</cellinfo>
      </extensions>
    </trkpt>
    <trkpt lat="33.354055" lon="126.498987">
      <ele>1354.676717</ele>
      <time>2019-06-06T13:57:01Z</time>
      <extensions>
        <dbm>-77</dbm>
        <cellinfo>mcc=450 mnc=5 ci=32195867 pci=31 tac=9554 rssi=-54 rsrp=-77 rsrq=-5 rssnr=300 cqi=NA</cellinfo>
      </extensions>
    </trkpt>
    <trkpt lat="33.354018" lon="126.498922">
      <ele>1353.962382</ele>
      <time>2019-06-06T13:57:09Z</time>
      <extensions>
        <dbm>-80</dbm>
        <cellinfo>mcc=450 mnc=5 ci=32195867 pci=31 tac=9554 rssi=-55 rsrp=-80 rsrq=-5 rssnr=300 cqi=NA</cellinfo>
      </extensions>
    </trkpt>
    <trkpt lat="33.353991" lon="126.498819">
      <ele>1353.532527</ele>
      <time>2019-06-06T13:57:18Z</time>
      <extensions>
        <dbm>-70</dbm>
        <cellinfo>mcc=450 mnc=5 ci=32195867 pci=31 tac=9554 rssi=-50 rsrp=-70 rsrq=-4 rssnr=300 cqi=NA</cellinfo>
      </extensions>
    </trkpt>
    <trkpt lat="33.353960" lon="126.498726">
      <ele>1352.838848</ele>
      <time>2019-06-06T13:57:26Z</time>
      <extensions>
        <dbm>-74</dbm>
        <cellinfo>mcc=450 mnc=5 ci=32195867 pci=31 tac=9554 rssi=-52 rsrp=-74 rsrq=-5 rssnr=300 cqi=NA</cellinfo>
      </extensions>
    </trkpt>
    <trkpt lat="33.353901" lon="126.498644">
      <ele>1352.270282</ele>
      <time>2019-06-06T13:57:39Z</time>
      <extensions>
        <dbm>-68</dbm>
        <cellinfo>mcc=450 mnc=5 ci=32195867 pci=31 tac=9554 rssi=-49 rsrp=-68 rsrq=-6 rssnr=300 cqi=NA</cellinfo>
      </extensions>
    </trkpt>
    <trkpt lat="33.353838" lon="126.498567">
      <ele>1351.522076</ele>
      <time>2019-06-06T13:57:48Z</time>
      <extensions>
        <dbm>-67</dbm>
        <cellinfo>mcc=450 mnc=5 ci=32195867 pci=31 tac=9554 rssi=-49 rsrp=-67 rsrq=-4 rssnr=300 cqi=NA</cellinfo>
      </extensions>
    </trkpt>
    <trkpt lat="33.353796" lon="126.498475">
      <ele>1350.703153</ele>
      <time>2019-06-06T13:57:57Z</time>
      <extensions>
        <dbm>-62</dbm>
        <cellinfo>mcc=450 mnc=5 ci=32195867 pci=31 tac=9554 rssi=-46 rsrp=-62 rsrq=-5 rssnr=300 cqi=NA</cellinfo>
      </extensions>
    </trkpt>
    <trkpt lat="33.353754" lon="126.498379">
      <ele>1349.856671</ele>
      <time>2019-06-06T13:58:07Z</time>
      <extensions>
        <dbm>-58</dbm>
        <cellinfo>mcc=450 mnc=5 ci=32195867 pci=31 tac=9554 rssi=-44 rsrp=-58 rsrq=-4 rssnr=300 cqi=NA</cellinfo>
      </extensions>
    </trkpt>
    <trkpt lat="33.353726" lon="126.498273">
      <ele>1349.026921</ele>
      <time>2019-06-06T13:58:21Z</time>
      <extensions>
        <dbm>-70</dbm>
        <cellinfo>mcc=450 mnc=5 ci=32195867 pci=31 tac=9554 rssi=-50 rsrp=-70 rsrq=-6 rssnr=300 cqi=NA</cellinfo>
      </extensions>
    </trkpt>
    <trkpt lat="33.353672" lon="126.498177">
      <ele>1348.322707</ele>
      <time>2019-06-06T13:58:32Z</time>
      <extensions>
        <dbm>-74</dbm>
        <cellinfo>mcc=450 mnc=5 ci=32195867 pci=31 tac=9554 rssi=-52 rsrp=-74 rsrq=-5 rssnr=300 cqi=NA</cellinfo>
      </extensions>
    </trkpt>
    <trkpt lat="33.353630" lon="126.498077">
      <ele>1347.677650</ele>
      <time>2019-06-06T13:58:42Z</time>
      <extensions>
        <dbm>-71</dbm>
        <cellinfo>mcc=450 mnc=5 ci=32195867 pci=31 tac=9554 rssi=-51 rsrp=-71 rsrq=-5 rssnr=300 cqi=NA</cellinfo>
      </extensions>
    </trkpt>
    <trkpt lat="33.353600" lon="126.497975">
      <ele>1347.049607</ele>
      <time>2019-06-06T13:58:54Z</time>
      <extensions>
        <dbm>-84</dbm>
        <cellinfo>mcc=450 mnc=5 ci=32195867 pci=31 tac=9554 rssi=-56 rsrp=-84 rsrq=-6 rssnr=300 cqi=NA</cellinfo>
      </extensions>
    </trkpt>
    <trkpt lat="33.353580" lon="126.497867">
      <ele>1346.155070</ele>
      <time>2019-06-06T13:59:09Z</time>
      <extensions>
        <dbm>-81</dbm>
        <cellinfo>mcc=450 mnc=5 ci=32195867 pci=31 tac=9554 rssi=-54 rsrp=-81 rsrq=-4 rssnr=300 cqi=NA</cellinfo>
      </extensions>
    </trkpt>
    <trkpt lat="33.353545" lon="126.497758">
      <ele>1345.756378</ele>
      <time>2019-06-06T13:59:19Z</time>
      <extensions>
        <dbm>-82</dbm>
        <cellinfo>mcc=450 mnc=5 ci=32195867 pci=31 tac=9554 rssi=-55 rsrp=-82 rsrq=-5 rssnr=300 cqi=NA</cellinfo>
      </extensions>
    </trkpt>
    <trkpt lat="33.353490" lon="126.497660">
      <ele>1345.295858</ele>
      <time>2019-06-06T13:59:28Z</time>
      <extensions>
        <dbm>-85</dbm>
        <cellinfo>mcc=450 mnc=5 ci=32195867 pci=31 tac=9554 rssi=-56 rsrp=-85 rsrq=-6 rssnr=300 cqi=NA</cellinfo>
      </extensions>
    </trkpt>
    <trkpt lat="33.353440" lon="126.497558">
      <ele>1344.289695</ele>
      <time>2019-06-06T13:59:37Z</time>
      <extensions>
        <dbm>-81</dbm>
        <cellinfo>mcc=450 mnc=5 ci=32195867 pci=31 tac=9554 rssi=-56 rsrp=-81 rsrq=-6 rssnr=300 cqi=NA</cellinfo>
      </extensions>
    </trkpt>
    <trkpt lat="33.353395" lon="126.497462">
      <ele>1343.576438</ele>
      <time>2019-06-06T13:59:53Z</time>
      <extensions>
        <dbm>-85</dbm>
        <cellinfo>mcc=450 mnc=5 ci=32195867 pci=31 tac=9554 rssi=-55 rsrp=-85 rsrq=-4 rssnr=300 cqi=NA</cellinfo>
      </extensions>
    </trkpt>
    <trkpt lat="33.353348" lon="126.497369">
      <ele>1342.816606</ele>
      <time>2019-06-06T14:00:05Z</time>
      <extensions>
        <dbm>-81</dbm>
        <cellinfo>mcc=450 mnc=5 ci=32195867 pci=31 tac=9554 rssi=-53 rsrp=-81 rsrq=-4 rssnr=300 cqi=NA</cellinfo>
      </extensions>
    </trkpt>
    <trkpt lat="33.353280" lon="126.497301">
      <ele>1342.068348</ele>
      <time>2019-06-06T14:00:17Z</time>
      <extensions>
        <dbm>-87</dbm>
        <cellinfo>mcc=450 mnc=5 ci=32195867 pci=31 tac=9554 rssi=-56 rsrp=-87 rsrq=-5 rssnr=300 cqi=NA</cellinfo>
      </extensions>
    </trkpt>
    <trkpt lat="33.353217" lon="126.497223">
      <ele>1340.720264</ele>
      <time>2019-06-06T14:00:29Z</time>
      <extensions>
        <dbm>-92</dbm>
        <cellinfo>mcc=450 mnc=5 ci=32195867 pci=31 tac=9554 rssi=-58 rsrp=-92 rsrq=-5 rssnr=300 cqi=NA</cellinfo>
      </extensions>
    </trkpt>
    <trkpt lat="33.353151" lon="126.497143">
      <ele>1339.536121</ele>
      <time>2019-06-06T14:00:42Z</time>
      <extensions>
        <dbm>-86</dbm>
        <cellinfo>mcc=450 mnc=5 ci=32195867 pci=31 tac=9554 rssi=-56 rsrp=-86 rsrq=-6 rssnr=300 cqi=NA</cellinfo>
      </extensions>
    </trkpt>
    <trkpt lat="33.353092" lon="126.497048">
      <ele>1338.431775</ele>
      <time>2019-06-06T14:00:55Z</time>
      <extensions>
        <dbm>-85</dbm>
        <cellinfo>mcc=450 mnc=5 ci=32195867 pci=31 tac=9554 rssi=-56 rsrp=-85 rsrq=-5 rssnr=300 cqi=NA</cellinfo>
      </extensions>
    </trkpt>
    <trkpt lat="33.353021" lon="126.496966">
      <ele>1337.787431</ele>
      <time>2019-06-06T14:01:06Z</time>
      <extensions>
        <dbm>-100</dbm>
        <cellinfo>mcc=450 mnc=5 ci=32195867 pci=31 tac=9554 rssi=-60 rsrp=-100 rsrq=-7 rssnr=300 cqi=NA</cellinfo>
      </extensions>
    </trkpt>
    <trkpt lat="33.352941" lon="126.496907">
      <ele>1335.923621</ele>
      <time>2019-06-06T14:01:23Z</time>
      <extensions>
        <dbm>-96</dbm>
        <cellinfo>mcc=450 mnc=5 ci=32195871 pci=31 tac=9554 rssi=-58 rsrp=-96 rsrq=-7 rssnr=300 cqi=NA</cellinfo>
      </extensions>
    </trkpt>
    <trkpt lat="33.352859" lon="126.496855">
      <ele>1334.763220</ele>
      <time>2019-06-06T14:01:36Z</time>
      <extensions>
        <dbm>-104</dbm>
        <cellinfo>mcc=450 mnc=5 ci=32195871 pci=31 tac=9554 rssi=-62 rsrp=-104 rsrq=-13 rssnr=300 cqi=NA</cellinfo>
      </extensions>
    </trkpt>
    <trkpt lat="33.352791" lon="126.496793">
      <ele>1333.971570</ele>
      <time>2019-06-06T14:02:05Z</time>
      <extensions>
        <dbm>-101</dbm>
        <cellinfo>mcc=450 mnc=5 ci=32195871 pci=31 tac=9554 rssi=-61 rsrp=-101 rsrq=-12 rssnr=100 cqi=NA</cellinfo>
      </extensions>
    </trkpt>
    <trkpt lat="33.352739" lon="126.496706">
      <ele>1333.187524</ele>
      <time>2019-06-06T14:02:15Z</time>
      <extensions>
        <dbm>-104</dbm>
        <cellinfo>mcc=450 mnc=5 ci=32195855 pci=2 tac=9554 rssi=-60 rsrp=-104 rsrq=-8 rssnr=100 cqi=NA</cellinfo>
      </extensions>
    </trkpt>
    <trkpt lat="33.352680" lon="126.496635">
      <ele>1332.424329</ele>
      <time>2019-06-06T14:02:27Z</time>
      <extensions>
        <dbm>-98</dbm>
        <cellinfo>mcc=450 mnc=5 ci=32195855 pci=2 tac=9554 rssi=-59 rsrp=-98 rsrq=-7 rssnr=100 cqi=NA</cellinfo>
      </extensions>
    </trkpt>
    <trkpt lat="33.352605" lon="126.496602">
      <ele>1332.049882</ele>
      <time>2019-06-06T14:02:38Z</time>
      <extensions>
        <dbm>-96</dbm>
        <cellinfo>mcc=450 mnc=5 ci=32195855 pci=2 tac=9554 rssi=-58 rsrp=-96 rsrq=-6 rssnr=100 cqi=NA</cellinfo>
      </extensions>
    </trkpt>
    <trkpt lat="33.352514" lon="126.496590">
      <ele>1331.190119</ele>
      <time>2019-06-06T14:02:49Z</time>
      <extensions>
        <dbm>-100</dbm>
        <cellinfo>mcc=450 mnc=5 ci=32195855 pci=2 tac=9554 rssi=-60 rsrp=-100 rsrq=-8 rssnr=100 cqi=NA</cellinfo>
      </extensions>
    </trkpt>
    <trkpt lat="33.352421" lon="126.496584">
      <ele>1329.950244</ele>
      <time>2019-06-06T14:02:59Z</time>
      <extensions>
        <dbm>-98</dbm>
        <cellinfo>mcc=450 mnc=5 ci=32195855 pci=2 tac=9554 rssi=-60 rsrp=-98 rsrq=-11 rssnr=100 cqi=NA</cellinfo>
      </extensions>
    </trkpt>
    <trkpt lat="33.352320" lon="126.496579">
      <ele>1328.967212</ele>
      <time>2019-06-06T14:03:08Z</time>
      <extensions>
        <dbm>-90</dbm>
        <cellinfo>mcc=450 mnc=5 ci=32195855 pci=2 tac=9554 rssi=-56 rsrp=-90 rsrq=-5 rssnr=100 cqi=NA</cellinfo>
      </extensions>
    </trkpt>
    <trkpt lat="33.352219" lon="126.496587">
      <ele>1328.057532</ele>
      <time>2019-06-06T14:03:17Z</time>
      <extensions>
        <dbm>-90</dbm>
        <cellinfo>mcc=450 mnc=5 ci=32195855 pci=2 tac=9554 rssi=-57 rsrp=-90 rsrq=-7 rssnr=100 cqi=NA</cellinfo>
      </extensions>
    </trkpt>
    <trkpt lat="33.352119" lon="126.496596">
      <ele>1326.755347</ele>
      <time>2019-06-06T14:03:27Z</time>
      <extensions>
        <dbm>-102</dbm>
        <cellinfo>mcc=450 mnc=5 ci=32195851 pci=2 tac=9554 rssi=-61 rsrp=-102 rsrq=-8 rssnr=100 cqi=NA</cellinfo>
      </extensions>
    </trkpt>
    <trkpt lat="33.352025" lon="126.496598">
      <ele>1325.963279</ele>
      <time>2019-06-06T14:03:37Z</time>
      <extensions>
        <dbm>-98</dbm>
        <cellinfo>mcc=450 mnc=5 ci=32195851 pci=2 tac=9554 rssi=-59 rsrp=-98 rsrq=-6 rssnr=100 cqi=NA</cellinfo>
      </extensions>
    </trkpt>
    <trkpt lat="33.351927" lon="126.496600">
      <ele>1324.136621</ele>
      <time>2019-06-06T14:03:46Z</time>
      <extensions>
        <dbm>-101</dbm>
        <cellinfo>mcc=450 mnc=5 ci=32195851 pci=2 tac=9554 rssi=-60 rsrp=-101 rsrq=-7 rssnr=100 cqi=NA</cellinfo>
      </extensions>
    </trkpt>
    <trkpt lat="33.351829" lon="126.496604">
      <ele>1322.915894</ele>
      <time>2019-06-06T14:03:56Z</time>
      <extensions>
        <dbm>-94</dbm>
        <cellinfo>mcc=450 mnc=5 ci=32195851 pci=2 tac=9554 rssi=-58 rsrp=-94 rsrq=-5 rssnr=100 cqi=NA</cellinfo>
      </extensions>
    </trkpt>
    <trkpt lat="33.351728" lon="126.496610">
      <ele>1321.814001</ele>
      <time>2019-06-06T14:04:04Z</time>
      <extensions>
        <dbm>-93</dbm>
        <cellinfo>mcc=450 mnc=5 ci=32195851 pci=2 tac=9554 rssi=-58 rsrp=-93 rsrq=-7 rssnr=178 cqi=NA</cellinfo>
      </extensions>
    </trkpt>
    <trkpt lat="33.351632" lon="126.496614">
      <ele>1320.546155</ele>
      <time>2019-06-06T14:04:14Z</time>
      <extensions>
        <dbm>-94</dbm>
        <cellinfo>mcc=450 mnc=5 ci=32195851 pci=2 tac=9554 rssi=-58 rsrp=-94 rsrq=-5 rssnr=216 cqi=NA</cellinfo>
      </extensions>
    </trkpt>
    <trkpt lat="33.351542" lon="126.496596">
      <ele>1319.350439</ele>
      <time>2019-06-06T14:04:27Z</time>
      <extensions>
        <dbm>-97</dbm>
        <cellinfo>mcc=450 mnc=5 ci=32195851 pci=2 tac=9554 rssi=-60 rsrp=-97 rsrq=-6 rssnr=188 cqi=NA</cellinfo>
      </extensions>
    </trkpt>
    <trkpt lat="33.351457" lon="126.496577">
      <ele>1318.403992</ele>
      <time>2019-06-06T14:04:42Z</time>
      <extensions>
        <dbm>-93</dbm>
        <cellinfo>mcc=450 mnc=5 ci=32195851 pci=2 tac=9554 rssi=-58 rsrp=-93 rsrq=-6 rssnr=188 cqi=NA</cellinfo>
      </extensions>
    </trkpt>
    <trkpt lat="33.351376" lon="126.496573">
      <ele>1317.905806</ele>
      <time>2019-06-06T14:04:52Z</time>
      <extensions>
        <dbm>-93</dbm>
        <cellinfo>mcc=450 mnc=5 ci=32195851 pci=2 tac=9554 rssi=-58 rsrp=-93 rsrq=-5 rssnr=188 cqi=NA</cellinfo>
      </extensions>
    </trkpt>
    <trkpt lat="33.351294" lon="126.496615">
      <ele>1316.257019</ele>
      <time>2019-06-06T14:05:03Z</time>
      <extensions>
        <dbm>-94</dbm>
        <cellinfo>mcc=450 mnc=5 ci=32195851 pci=2 tac=9554 rssi=-59 rsrp=-94 rsrq=-6 rssnr=188 cqi=NA</cellinfo>
      </extensions>
    </trkpt>
    <trkpt lat="33.351208" lon="126.496663">
      <ele>1315.564636</ele>
      <time>2019-06-06T14:05:11Z</time>
      <extensions>
        <dbm>-94</dbm>
        <cellinfo>mcc=450 mnc=5 ci=32195851 pci=2 tac=9554 rssi=-58 rsrp=-94 rsrq=-6 rssnr=188 cqi=NA</cellinfo>
      </extensions>
    </trkpt>
    <trkpt lat="33.351122" lon="126.496680">
      <ele>1314.829517</ele>
      <time>2019-06-06T14:05:20Z</time>
      <extensions>
        <dbm>-92</dbm>
        <cellinfo>mcc=450 mnc=5 ci=32195851 pci=2 tac=9554 rssi=-57 rsrp=-92 rsrq=-5 rssnr=188 cqi=NA</cellinfo>
      </extensions>
    </trkpt>
    <trkpt lat="33.351033" lon="126.496658">
      <ele>1313.608655</ele>
      <time>2019-06-06T14:05:28Z</time>
      <extensions>
        <dbm>-90</dbm>
        <cellinfo>mcc=450 mnc=5 ci=32195851 pci=2 tac=9554 rssi=-58 rsrp=-90 rsrq=-6 rssnr=188 cqi=NA</cellinfo>
      </extensions>
    </trkpt>
    <trkpt lat="33.350945" lon="126.496624">
      <ele>1312.300818</ele>
      <time>2019-06-06T14:05:39Z</time>
      <extensions>
        <dbm>-91</dbm>
        <cellinfo>mcc=450 mnc=5 ci=32195851 pci=2 tac=9554 rssi=-57 rsrp=-91 rsrq=-5 rssnr=188 cqi=NA</cellinfo>
      </extensions>
    </trkpt>
    <trkpt lat="33.350849" lon="126.496610">
      <ele>1310.799438</ele>
      <time>2019-06-06T14:05:53Z</time>
      <extensions>
        <dbm>-94</dbm>
        <cellinfo>mcc=450 mnc=5 ci=32195851 pci=2 tac=9554 rssi=-58 rsrp=-94 rsrq=-5 rssnr=188 cqi=NA</cellinfo>
      </extensions>
    </trkpt>
    <trkpt lat="33.350757" lon="126.496597">
      <ele>1309.223743</ele>
      <time>2019-06-06T14:06:03Z</time>
      <extensions>
        <dbm>-92</dbm>
        <cellinfo>mcc=450 mnc=5 ci=32195851 pci=2 tac=9554 rssi=-57 rsrp=-92 rsrq=-5 rssnr=188 cqi=NA</cellinfo>
      </extensions>
    </trkpt>
    <trkpt lat="33.350669" lon="126.496610">
      <ele>1307.734070</ele>
      <time>2019-06-06T14:06:33Z</time>
      <extensions>
        <dbm>-93</dbm>
        <cellinfo>mcc=450 mnc=5 ci=32195851 pci=2 tac=9554 rssi=-58 rsrp=-93 rsrq=-6 rssnr=258 cqi=NA</cellinfo>
      </extensions>
    </trkpt>
    <trkpt lat="33.350582" lon="126.496628">
      <ele>1306.108667</ele>
      <time>2019-06-06T14:06:42Z</time>
      <extensions>
        <dbm>-90</dbm>
        <cellinfo>mcc=450 mnc=5 ci=32195851 pci=2 tac=9554 rssi=-57 rsrp=-90 rsrq=-4 rssnr=258 cqi=NA</cellinfo>
      </extensions>
    </trkpt>
    <trkpt lat="33.350492" lon="126.496670">
      <ele>1304.410596</ele>
      <time>2019-06-06T14:06:51Z</time>
      <extensions>
        <dbm>-95</dbm>
        <cellinfo>mcc=450 mnc=5 ci=32195851 pci=2 tac=9554 rssi=-58 rsrp=-95 rsrq=-6 rssnr=262 cqi=NA</cellinfo>
      </extensions>
    </trkpt>
    <trkpt lat="33.350397" lon="126.496689">
      <ele>1302.796497</ele>
      <time>2019-06-06T14:07:04Z</time>
      <extensions>
        <dbm>-96</dbm>
        <cellinfo>mcc=450 mnc=5 ci=32195851 pci=2 tac=9554 rssi=-59 rsrp=-96 rsrq=-5 rssnr=262 cqi=NA</cellinfo>
      </extensions>
    </trkpt>
    <trkpt lat="33.350308" lon="126.496690">
      <ele>1302.077470</ele>
      <time>2019-06-06T14:07:17Z</time>
      <extensions>
        <dbm>-97</dbm>
        <cellinfo>mcc=450 mnc=5 ci=32195851 pci=2 tac=9554 rssi=-59 rsrp=-97 rsrq=-6 rssnr=262 cqi=NA</cellinfo>
      </extensions>
    </trkpt>
    <trkpt lat="33.350216" lon="126.496690">
      <ele>1300.516923</ele>
      <time>2019-06-06T14:07:28Z</time>
      <extensions>
        <dbm>-92</dbm>
        <cellinfo>mcc=450 mnc=5 ci=32195851 pci=2 tac=9554 rssi=-57 rsrp=-92 rsrq=-5 rssnr=262 cqi=NA</cellinfo>
      </extensions>
    </trkpt>
    <trkpt lat="33.350123" lon="126.496696">
      <ele>1298.666104</ele>
      <time>2019-06-06T14:07:45Z</time>
      <extensions>
        <dbm>-96</dbm>
        <cellinfo>mcc=450 mnc=5 ci=32195851 pci=2 tac=9554 rssi=-59 rsrp=-96 rsrq=-5 rssnr=238 cqi=NA</cellinfo>
      </extensions>
    </trkpt>
    <trkpt lat="33.350029" lon="126.496718">
      <ele>1297.226096</ele>
      <time>2019-06-06T14:07:56Z</time>
      <extensions>
        <dbm>-97</dbm>
        <cellinfo>mcc=450 mnc=5 ci=32195851 pci=2 tac=9554 rssi=-58 rsrp=-97 rsrq=-6 rssnr=238 cqi=NA</cellinfo>
      </extensions>
    </trkpt>
    <trkpt lat="33.349939" lon="126.496741">
      <ele>1296.009755</ele>
      <time>2019-06-06T14:08:09Z</time>
      <extensions>
        <dbm>-98</dbm>
        <cellinfo>mcc=450 mnc=5 ci=32195851 pci=2 tac=9554 rssi=-59 rsrp=-98 rsrq=-6 rssnr=238 cqi=NA</cellinfo>
      </extensions>
    </trkpt>
    <trkpt lat="33.349851" lon="126.496763">
      <ele>1295.239291</ele>
      <time>2019-06-06T14:08:20Z</time>
      <extensions>
        <dbm>-95</dbm>
        <cellinfo>mcc=450 mnc=5 ci=32195851 pci=2 tac=9554 rssi=-60 rsrp=-95 rsrq=-6 rssnr=238 cqi=NA</cellinfo>
      </extensions>
    </trkpt>
    <trkpt lat="33.349762" lon="126.496756">
      <ele>1294.345204</ele>
      <time>2019-06-06T14:08:28Z</time>
      <extensions>
        <dbm>-97</dbm>
        <cellinfo>mcc=450 mnc=5 ci=32195851 pci=2 tac=9554 rssi=-59 rsrp=-97 rsrq=-6 rssnr=234 cqi=NA</cellinfo>
      </extensions>
    </trkpt>
    <trkpt lat="33.349665" lon="126.496741">
      <ele>1293.568504</ele>
      <time>2019-06-06T14:08:38Z</time>
      <extensions>
        <dbm>-96</dbm>
        <cellinfo>mcc=450 mnc=5 ci=32195851 pci=2 tac=9554 rssi=-59 rsrp=-96 rsrq=-6 rssnr=234 cqi=NA</cellinfo>
      </extensions>
    </trkpt>
    <trkpt lat="33.349562" lon="126.496717">
      <ele>1292.846691</ele>
      <time>2019-06-06T14:08:47Z</time>
      <extensions>
        <dbm>-89</dbm>
        <cellinfo>mcc=450 mnc=5 ci=32195851 pci=2 tac=9554 rssi=-57 rsrp=-89 rsrq=-7 rssnr=300 cqi=NA</cellinfo>
      </extensions>
    </trkpt>
    <trkpt lat="33.349456" lon="126.496719">
      <ele>1292.075745</ele>
      <time>2019-06-06T14:09:00Z</time>
      <extensions>
        <dbm>-86</dbm>
        <cellinfo>mcc=450 mnc=5 ci=32195851 pci=2 tac=9554 rssi=-56 rsrp=-86 rsrq=-5 rssnr=258 cqi=NA</cellinfo>
      </extensions>
    </trkpt>
    <trkpt lat="33.349352" lon="126.496718">
      <ele>1291.536450</ele>
      <time>2019-06-06T14:09:07Z</time>
      <extensions>
        <dbm>-78</dbm>
        <cellinfo>mcc=450 mnc=5 ci=32195851 pci=2 tac=9554 rssi=-54 rsrp=-78 rsrq=-6 rssnr=258 cqi=NA</cellinfo>
      </extensions>
    </trkpt>
    <trkpt lat="33.349255" lon="126.496723">
      <ele>1291.113965</ele>
      <time>2019-06-06T14:09:20Z</time>
      <extensions>
        <dbm>-77</dbm>
        <cellinfo>mcc=450 mnc=5 ci=32195851 pci=2 tac=9554 rssi=-53 rsrp=-77 rsrq=-5 rssnr=258 cqi=NA</cellinfo>
      </extensions>
    </trkpt>
    <trkpt lat="33.349162" lon="126.496728">
      <ele>1290.953882</ele>
      <time>2019-06-06T14:09:38Z</time>
      <extensions>
        <dbm>-81</dbm>
        <cellinfo>mcc=450 mnc=5 ci=32195851 pci=2 tac=9554 rssi=-54 rsrp=-81 rsrq=-5 rssnr=258 cqi=NA</cellinfo>
      </extensions>
    </trkpt>
    <trkpt lat="33.349071" lon="126.496719">
      <ele>1290.619678</ele>
      <time>2019-06-06T14:09:51Z</time>
      <extensions>
        <dbm>-81</dbm>
        <cellinfo>mcc=450 mnc=5 ci=32195851 pci=2 tac=9554 rssi=-55 rsrp=-81 rsrq=-6 rssnr=258 cqi=NA</cellinfo>
      </extensions>
    </trkpt>
    <trkpt lat="33.348978" lon="126.496707">
      <ele>1290.306543</ele>
      <time>2019-06-06T14:10:03Z</time>
      <extensions>
        <dbm>-78</dbm>
        <cellinfo>mcc=450 mnc=5 ci=32195851 pci=2 tac=9554 rssi=-53 rsrp=-78 rsrq=-5 rssnr=258 cqi=NA</cellinfo>
      </extensions>
    </trkpt>
    <trkpt lat="33.348885" lon="126.496705">
      <ele>1290.180542</ele>
      <time>2019-06-06T14:10:16Z</time>
      <extensions>
        <dbm>-76</dbm>
        <cellinfo>mcc=450 mnc=5 ci=32195851 pci=2 tac=9554 rssi=-53 rsrp=-76 rsrq=-6 rssnr=300 cqi=NA</cellinfo>
      </extensions>
    </trkpt>
    <trkpt lat="33.348808" lon="126.496686">
      <ele>1290.090002</ele>
      <time>2019-06-06T14:10:26Z</time>
      <extensions>
        <dbm>-74</dbm>
        <cellinfo>mcc=450 mnc=5 ci=32195851 pci=2 tac=9554 rssi=-52 rsrp=-74 rsrq=-5 rssnr=300 cqi=NA</cellinfo>
      </extensions>
    </trkpt>
    <trkpt lat="33.348751" lon="126.496631">
      <ele>1290.054456</ele>
      <time>2019-06-06T14:10:44Z</time>
      <extensions>
        <dbm>-74</dbm>
        <cellinfo>mcc=450 mnc=5 ci=32195851 pci=2 tac=9554 rssi=-52 rsrp=-74 rsrq=-4 rssnr=300 cqi=NA</cellinfo>
      </extensions>
    </trkpt>
    <trkpt lat="33.348687" lon="126.496540">
      <ele>1289.765417</ele>
      <time>2019-06-06T14:10:51Z</time>
      <extensions>
        <dbm>-72</dbm>
        <cellinfo>mcc=450 mnc=5 ci=32195851 pci=2 tac=9554 rssi=-51 rsrp=-72 rsrq=-5 rssnr=300 cqi=NA</cellinfo>
      </extensions>
    </trkpt>
    <trkpt lat="33.348609" lon="126.496488">
      <ele>1289.292078</ele>
      <time>2019-06-06T14:10:58Z</time>
      <extensions>
        <dbm>-72</dbm>
        <cellinfo>mcc=450 mnc=5 ci=32195851 pci=2 tac=9554 rssi=-51 rsrp=-72 rsrq=-5 rssnr=280 cqi=NA</cellinfo>
      </extensions>
    </trkpt>
    <trkpt lat="33.348516" lon="126.496485">
      <ele>1288.845781</ele>
      <time>2019-06-06T14:11:18Z</time>
      <extensions>
        <dbm>-64</dbm>
        <cellinfo>mcc=450 mnc=5 ci=32195851 pci=2 tac=9554 rssi=-47 rsrp=-64 rsrq=-5 rssnr=300 cqi=NA</cellinfo>
      </extensions>
    </trkpt>
    <trkpt lat="33.348482" lon="126.496479">
      <ele>1287.742859</ele>
      <time>2019-06-06T14:11:28Z</time>
      <extensions>
        <dbm>-69</dbm>
        <cellinfo>mcc=450 mnc=5 ci=32195851 pci=2 tac=9554 rssi=-50 rsrp=-69 rsrq=-6 rssnr=300 cqi=NA</cellinfo>
      </extensions>
    </trkpt>
    <trkpt lat="33.348447" lon="126.496462">
      <ele>1287.425201</ele>
      <time>2019-06-06T14:14:34Z</time>
      <extensions>
        <dbm>-71</dbm>
        <cellinfo>mcc=450 mnc=5 ci=32195851 pci=2 tac=9554 rssi=-50 rsrp=-71 rsrq=-4 rssnr=300 cqi=NA</cellinfo>
      </extensions>
    </trkpt>
</trkseg>
  </trk>
  
  
  <extensions>


   <badge tag="candidates" msg="nearby L(33.37089, 126.50575)" gpsTime="2019-06-06T10:14:33Z" >
      <item id="2500106" dist="100.7344"/>
   </badge>
   <badge tag="candidates" msg="nearby L(33.37089, 126.50575)" gpsTime="2019-06-06T10:14:35Z" >
      <item id="2500106" dist="100.12939"/>
   </badge>
   <badge tag="candidates" msg="nearby L(33.37088, 126.50576)" gpsTime="2019-06-06T10:14:36Z" >
      <item id="2500106" dist="99.71525"/>
   </badge>
   <badge tag="candidates" msg="nearby L(33.37087, 126.50577)" gpsTime="2019-06-06T10:14:38Z" >
      <item id="2500106" dist="98.95584"/>
   </badge>
   <badge tag="candidates" msg="nearby L(33.37085, 126.50577)" gpsTime="2019-06-06T10:14:40Z" >
      <item id="2500106" dist="98.41978"/>
   </badge>
   <badge tag="candidates" msg="nearby L(33.37084, 126.50578)" gpsTime="2019-06-06T10:14:43Z" >
      <item id="2500106" dist="97.74112"/>
   </badge>
   <badge tag="candidates" msg="nearby L(33.37082, 126.50579)" gpsTime="2019-06-06T10:14:45Z" >
      <item id="2500106" dist="97.51308"/>
   </badge>
   <badge tag="candidates" msg="nearby L(33.37081, 126.50580)" gpsTime="2019-06-06T10:14:47Z" >
      <item id="2500106" dist="96.91436"/>
   </badge>
   <badge tag="candidates" msg="nearby L(33.37080, 126.50580)" gpsTime="2019-06-06T10:14:49Z" >
      <item id="2500106" dist="96.34236"/>
   </badge>
   <badge tag="candidates" msg="nearby L(33.37079, 126.50581)" gpsTime="2019-06-06T10:14:51Z" >
      <item id="2500106" dist="95.649666"/>
   </badge>
   <badge tag="candidates" msg="nearby L(33.37066, 126.50611)" gpsTime="2019-06-06T10:16:28Z" >
      <item id="2500106" dist="73.12436"/>
   </badge>
   <badge tag="candidates" msg="nearby L(33.37038, 126.50618)" gpsTime="2019-06-06T10:17:55Z" >
      <item id="2500106" dist="86.07543"/>
   </badge>
   <badge tag="candidates" msg="nearby L(33.37064, 126.50610)" gpsTime="2019-06-06T10:18:02Z" >
      <item id="2500106" dist="74.631836"/>
   </badge>
   <badge tag="candidates" msg="nearby L(33.37049, 126.50639)" gpsTime="2019-06-06T10:18:02Z" >
      <item id="2500106" dist="63.175873"/>
   </badge>
   <badge tag="candidates" msg="nearby L(33.37068, 126.50612)" gpsTime="2019-06-06T10:18:05Z" >
      <item id="2500106" dist="71.38398"/>
   </badge>
   <badge tag="candidates" msg="nearby L(33.37056, 126.50643)" gpsTime="2019-06-06T10:18:05Z" >
      <item id="2500106" dist="54.879494"/>
   </badge>
   <badge tag="candidates" msg="nearby L(33.37070, 126.50614)" gpsTime="2019-06-06T10:18:07Z" >
      <item id="2500106" dist="68.66442"/>
   </badge>
   <badge tag="candidates" msg="nearby L(33.37060, 126.50647)" gpsTime="2019-06-06T10:18:07Z" >
      <item id="2500106" dist="48.94973"/>
   </badge>
   <badge tag="registration (offline)" msg="code -1" badgeId="2500106" badgeUser="F291188211BF24A4" badgeTime="2019-06-06T10:18:07Z" />
   <badge tag="candidates" msg="nearby L(33.36247, 126.51670)" gpsTime="2019-06-06T11:04:04Z" >
      <item id="2500105" dist="93.60424"/>
   </badge>
   <badge tag="candidates" msg="nearby L(33.36243, 126.51670)" gpsTime="2019-06-06T11:05:31Z" >
      <item id="2500105" dist="91.85997"/>
   </badge>
   <badge tag="candidates" msg="nearby L(33.36243, 126.51662)" gpsTime="2019-06-06T11:05:43Z" >
      <item id="2500105" dist="98.21852"/>
   </badge>
   <badge tag="candidates" msg="nearby L(33.36239, 126.51694)" gpsTime="2019-06-06T11:06:22Z" >
      <item id="2500105" dist="69.41409"/>
   </badge>
   <badge tag="registration (offline)" msg="code -1" badgeId="2500105" badgeUser="F291188211BF24A4" badgeTime="2019-06-06T11:06:29Z" />
     <badge tag="registration (online)" msg="code 0" badgeId="2500106" badgeUser="F291188211BF24A4" badgeTime="2019-06-06T10:18:07Z" />
   <badge tag="registration (online)" msg="code 0" badgeId="2500105" badgeUser="F291188211BF24A4" badgeTime="2019-06-06T11:06:29Z" />

   <badge tag="error" msg="code -911" />
  </extensions>


</gpx>
